identity_number,Datasets,AP_position,normal_prediction,predicted_cell_type,actual_cell_type,prediction_changed,normal_correct,weighted_correct,normal_probability,model_probability_for_weighted_class,training_frequency_prior,weighted_probability,prior_source,fold
2656143800003100123,20240328,1,astrocyte_2,astrocyte_2,pericyte,False,False,False,0.5085984708171266,0.5085984708171266,0.0523490124036969,0.5085984708171266,dataset_AP,4
2656143800005200064,20240328,1,oligodendrocyte_2,oligodendrocyte_2,oligodendrocyte_2,False,True,True,0.9075498328203314,0.9075498328203314,0.09299327956361532,0.9075498328203312,dataset_AP,2
2656143800027100344,20240328,1,oligodendrocyte_1,oligodendrocyte_1,oligodendrocyte_1,False,True,True,0.3914928154550418,0.3914928154550418,0.07044237813468583,0.3914928154550418,dataset_AP,3
2656143800028100190,20240328,1,microglia,microglia,microglia,False,True,True,0.9890580456047872,0.9890580456047872,0.02475478968818032,0.9890580456047873,dataset_AP,1
2656143800029100074,20240328,1,microglia,microglia,oligodendrocyte_2,False,False,False,0.5851985225939578,0.5851985225939578,0.018956394222012583,0.5851985225939578,dataset_AP,2
2656143800029100143,20240328,1,oligodendrocyte_progenitor_2,oligodendrocyte_progenitor_2,astrocyte_1,False,False,False,0.7397184557426174,0.7397184557426174,0.20191553271401183,0.7397184557426174,dataset_AP,5
2656143800029200138,20240328,1,endothelial,endothelial,endothelial,False,True,True,0.9162672327580297,0.9162672327580297,0.11702152501132526,0.9162672327580297,dataset_AP,2
2656143800030100127,20240328,1,oligodendrocyte_2,oligodendrocyte_2,oligodendrocyte_2,False,True,True,0.884334911399902,0.884334911399902,0.08828442619651411,0.884334911399902,dataset_AP,3
2656143800031100019,20240328,1,Schwann_cell,Schwann_cell,Schwann_cell,False,True,True,0.8030935254305028,0.8030935254305028,0.0075167447534688105,0.8030935254305028,dataset_AP,4
2656143800052100087,20240328,1,astrocyte_1,astrocyte_1,astrocyte_1,False,True,True,0.9686150782686855,0.9686150782686855,0.23391906761051584,0.9686150782686853,dataset_AP,1
2656143800052100097,20240328,1,astrocyte_1,astrocyte_1,astrocyte_1,False,True,True,0.8062904745637486,0.8062904745637486,0.28105808343802396,0.8062904745637486,dataset_AP,2
2656143800052100158,20240328,1,oligodendrocyte_1,oligodendrocyte_1,oligodendrocyte_progenitor_2,False,False,False,0.688542613349384,0.688542613349384,0.07643270456700121,0.688542613349384,dataset_AP,2
2656143800052100183,20240328,1,astrocyte_1,astrocyte_1,astrocyte_1,False,True,True,0.5821586414573462,0.5821586414573462,0.2858332977314479,0.5821586414573462,dataset_AP,4
2656143800052100222,20240328,1,oligodendrocyte_1,oligodendrocyte_1,endothelial,False,False,False,0.41366710668819173,0.41366710668819173,0.06611351690853196,0.41366710668819173,dataset_AP,1
2656143800052100227,20240328,1,astrocyte_1,astrocyte_1,astrocyte_1,False,True,True,0.32245380962217335,0.32245380962217335,0.26856223624284464,0.3224538096221734,dataset_AP,5
2656143800053100117,20240328,1,oligodendrocyte_2,oligodendrocyte_2,oligodendrocyte_2,False,True,True,0.8342288025512893,0.8342288025512893,0.10900569645816795,0.8342288025512891,dataset_AP,5
2656143800054100097,20240328,1,oligodendrocyte_progenitor_2,oligodendrocyte_progenitor_2,oligodendrocyte_1,False,False,False,0.4411259626737446,0.4411259626737446,0.17274509524691095,0.4411259626737446,dataset_AP,4
2656143800054100105,20240328,1,oligodendrocyte_progenitor_2,oligodendrocyte_progenitor_2,oligodendrocyte_progenitor_2,False,True,True,0.8516360459497123,0.8516360459497123,0.1920391550650794,0.8516360459497124,dataset_AP,2
2656143800054100170,20240328,1,endothelial,endothelial,endothelial,False,True,True,0.610112265615848,0.610112265615848,0.11637348709592056,0.610112265615848,dataset_AP,5
2656143800054100176,20240328,1,meninges_3,meninges_3,oligodendrocyte_progenitor_2,False,False,False,0.8038360426253037,0.8038360426253037,0.011947992765696872,0.8038360426253038,dataset_AP,4
2656143800055100014,20240328,1,pericyte,pericyte,astrocyte_1,False,False,False,0.515329403229157,0.515329403229157,0.025419635309745198,0.515329403229157,dataset_AP,3
2656143800055100071,20240328,1,oligodendrocyte_2,oligodendrocyte_2,oligodendrocyte_2,False,True,True,0.9373722683147164,0.9373722683147164,0.09299327956361532,0.9373722683147164,dataset_AP,2
2656143800055100113,20240328,1,oligodendrocyte_progenitor_2,oligodendrocyte_progenitor_2,oligodendrocyte_progenitor_2,False,True,True,0.4612341355911467,0.4612341355911467,0.16523266111178198,0.4612341355911468,dataset_AP,3
2656143800079100123,20240328,1,endothelial,endothelial,endothelial,False,True,True,0.9996481008503537,0.9996481008503537,0.11637348709592056,0.9996481008503538,dataset_AP,5
2656143800079100222,20240328,1,endothelial,endothelial,endothelial,False,True,True,0.7457841070647135,0.7457841070647135,0.13027204587421617,0.7457841070647135,dataset_AP,4
2656143800080100045,20240328,1,astrocyte_1,astrocyte_1,oligodendrocyte_2,False,False,False,0.5898512915693468,0.5898512915693468,0.26856223624284464,0.5898512915693468,dataset_AP,5
2656143800080100143,20240328,1,astrocyte_1,astrocyte_1,astrocyte_1,False,True,True,0.9259930426411596,0.9259930426411596,0.28105808343802396,0.9259930426411597,dataset_AP,2
2656143800080100205,20240328,1,astrocyte_1,astrocyte_1,oligodendrocyte_1,False,False,False,0.750611807864307,0.750611807864307,0.26856223624284464,0.750611807864307,dataset_AP,5
2656143800081100092,20240328,1,oligodendrocyte_2,oligodendrocyte_2,oligodendrocyte_2,False,True,True,0.33177011983195326,0.33177011983195326,0.08828442619651411,0.33177011983195326,dataset_AP,3
2656143800103100072,20240328,1,oligodendrocyte_2,oligodendrocyte_2,oligodendrocyte_2,False,True,True,0.7046960997462413,0.7046960997462413,0.09299327956361532,0.7046960997462413,dataset_AP,2
2656143800103100093,20240328,1,astrocyte_1,astrocyte_1,astrocyte_1,False,True,True,0.8488850005201343,0.8488850005201343,0.23391906761051584,0.8488850005201344,dataset_AP,1
2656143800103100207,20240328,1,astrocyte_2,astrocyte_2,astrocyte_1,False,False,False,0.2890310334257451,0.2890310334257451,0.04652030393328202,0.2890310334257451,dataset_AP,1
2656143800104100148,20240328,1,oligodendrocyte_1,oligodendrocyte_1,oligodendrocyte_progenitor_2,False,False,False,0.5914015449120222,0.5914015449120222,0.0539840387749133,0.5914015449120222,dataset_AP,5
2656143800104100188,20240328,1,astrocyte_1,astrocyte_1,astrocyte_1,False,True,True,0.9958201990287029,0.9958201990287029,0.2789971017992996,0.9958201990287029,dataset_AP,3
2656143800104200042,20240328,1,ependymal,ependymal,ependymal,False,True,True,0.41658674731130396,0.41658674731130396,0.005997730973165673,0.41658674731130396,dataset_AP,4
2656143800105100155,20240328,1,oligodendrocyte_2,oligodendrocyte_2,oligodendrocyte_2,False,True,True,0.8027682487543256,0.8027682487543256,0.09299327956361532,0.8027682487543257,dataset_AP,2
2656143800105100194,20240328,1,astrocyte_1,astrocyte_1,astrocyte_1,False,True,True,0.4022210566048889,0.4022210566048889,0.26856223624284464,0.40222105660488877,dataset_AP,5
2656143800106100113,20240328,1,oligodendrocyte_1,oligodendrocyte_1,astrocyte_2,False,False,False,0.3118104249171248,0.3118104249171248,0.07643270456700121,0.3118104249171248,dataset_AP,2
2656143800129100064,20240328,1,oligodendrocyte_progenitor_2,oligodendrocyte_progenitor_2,oligodendrocyte_1,False,False,False,0.6294327111091644,0.6294327111091644,0.20191553271401183,0.6294327111091644,dataset_AP,5
2656143800129100068,20240328,1,astrocyte_1,astrocyte_1,astrocyte_1,False,True,True,0.8767283918612238,0.8767283918612238,0.2789971017992996,0.8767283918612238,dataset_AP,3
2656143800129100095,20240328,1,oligodendrocyte_1,oligodendrocyte_1,astrocyte_1,False,False,False,0.31543264104197377,0.31543264104197377,0.0539840387749133,0.3154326410419738,dataset_AP,5
2656143800129100146,20240328,1,astrocyte_1,astrocyte_1,astrocyte_1,False,True,True,0.96522179921492,0.96522179921492,0.2789971017992996,0.96522179921492,dataset_AP,3
2656143800130100125,20240328,1,oligodendrocyte_2,oligodendrocyte_2,oligodendrocyte_progenitor_2,False,False,False,0.4559889651086515,0.4559889651086515,0.11702577101816646,0.4559889651086514,dataset_AP,4
2656143800130100202,20240328,1,astrocyte_1,astrocyte_1,astrocyte_1,False,True,True,0.691939286544319,0.691939286544319,0.26856223624284464,0.691939286544319,dataset_AP,5
2656143800153100075,20240328,1,astrocyte_1,astrocyte_1,astrocyte_1,False,True,True,0.9138191485774572,0.9138191485774572,0.23391906761051584,0.9138191485774572,dataset_AP,1
2656143800153100155,20240328,1,oligodendrocyte_1,oligodendrocyte_1,oligodendrocyte_progenitor_2,False,False,False,0.4454912891545603,0.4454912891545603,0.07044237813468583,0.4454912891545603,dataset_AP,3
2656143800154100107,20240328,1,oligodendrocyte_progenitor_2,oligodendrocyte_progenitor_2,oligodendrocyte_progenitor_2,False,True,True,0.6510431838087908,0.6510431838087908,0.20191553271401183,0.6510431838087909,dataset_AP,5
2656143800154100152,20240328,1,oligodendrocyte_1,oligodendrocyte_1,oligodendrocyte_1,False,True,True,0.4147012217456293,0.4147012217456293,0.055244632422399756,0.4147012217456293,dataset_AP,4
2656143800154100245,20240328,1,endothelial,endothelial,astrocyte_1,False,False,False,0.4302462961935234,0.4302462961935234,0.13207945900253593,0.4302462961935234,dataset_AP,3
2656143800155100023,20240328,1,oligodendrocyte_2,oligodendrocyte_2,oligodendrocyte_1,False,False,False,0.5361421694205155,0.5361421694205155,0.09961890279896297,0.5361421694205155,dataset_AP,1
2656143800156100034,20240328,1,microglia,microglia,oligodendrocyte_2,False,False,False,0.8724605611101143,0.8724605611101143,0.02637563901300165,0.8724605611101143,dataset_AP,3
2656143800164100061,20240328,4,oligodendrocyte_1,oligodendrocyte_1,oligodendrocyte_progenitor_2,False,False,False,0.34520681702874767,0.34520681702874767,0.11169401573842494,0.34520681702874767,dataset_AP,3
2656143800164100063,20240328,4,microglia,microglia,microglia,False,True,True,0.7502777783336668,0.7502777783336668,0.004184521294787455,0.7502777783336668,dataset_AP,5
2656143800167100063,20240328,4,astrocyte_1,astrocyte_1,astrocyte_2,False,False,False,0.7646316240978153,0.7646316240978153,0.22547951651837456,0.7646316240978155,dataset_AP,3
2656143800189100068,20240328,4,oligodendrocyte_progenitor_2,oligodendrocyte_progenitor_2,oligodendrocyte_2,False,False,False,0.3599971694275677,0.3599971694275677,0.14955529420412364,0.35999716942756776,dataset_AP,2
2656143800190100061,20240328,4,oligodendrocyte_progenitor_2,oligodendrocyte_progenitor_2,astrocyte_1,False,False,False,0.5800074996401633,0.5800074996401633,0.14955529420412364,0.5800074996401634,dataset_AP,2
2656143800190100124,20240328,4,endothelial,endothelial,oligodendrocyte_progenitor_2,False,False,False,0.32489222510308263,0.32489222510308263,0.09473555786006223,0.32489222510308263,dataset_AP,3
2656143800190100162,20240328,4,astrocyte_1,astrocyte_1,astrocyte_1,False,True,True,0.8047541363446126,0.8047541363446126,0.22317870512532992,0.8047541363446127,dataset_AP,1
2656143800192100069,20240328,4,oligodendrocyte_progenitor_2,oligodendrocyte_progenitor_2,oligodendrocyte_progenitor_2,False,True,True,0.5079556915441723,0.5079556915441723,0.17092483654493074,0.5079556915441723,dataset_AP,1
2656143800192100146,20240328,4,oligodendrocyte_progenitor_2,oligodendrocyte_progenitor_2,oligodendrocyte_progenitor_2,False,True,True,0.982217239286047,0.982217239286047,0.18748626953950148,0.9822172392860468,dataset_AP,4
2656143800203100023,20240328,1,Schwann_cell,Schwann_cell,Schwann_cell,False,True,True,0.8944732301865143,0.8944732301865143,0.013867085295656726,0.8944732301865144,dataset_AP,3
2656143800213200032,20240328,4,astrocyte_2,astrocyte_2,astrocyte_2,False,True,True,0.5224069425708155,0.5224069425708155,0.08584674643358228,0.5224069425708155,dataset_AP,3
2656143800214100131,20240328,4,oligodendrocyte_1,oligodendrocyte_1,oligodendrocyte_2,False,False,False,0.46421011653343364,0.46421011653343364,0.12863390789812196,0.46421011653343364,dataset_AP,2
2656143800214100151,20240328,4,astrocyte_2,astrocyte_2,astrocyte_2,False,True,True,0.6302946713321855,0.6302946713321855,0.08318124207858048,0.6302946713321855,dataset_AP,4
2656143800215100118,20240328,4,oligodendrocyte_progenitor_2,oligodendrocyte_progenitor_2,oligodendrocyte_progenitor_2,False,True,True,0.7461048590329856,0.7461048590329856,0.14955529420412364,0.7461048590329856,dataset_AP,2
2656143800215100166,20240328,4,astrocyte_1,astrocyte_1,astrocyte_1,False,True,True,0.7193529066357753,0.7193529066357753,0.22547951651837456,0.7193529066357754,dataset_AP,3
2656143800216100133,20240328,4,oligodendrocyte_precursor_cell,oligodendrocyte_precursor_cell,oligodendrocyte_precursor_cell,False,True,True,0.6832149345464482,0.6832149345464482,0.05470054519484177,0.6832149345464483,dataset_AP,5
2656143800217100148,20240328,4,oligodendrocyte_precursor_cell,oligodendrocyte_precursor_cell,oligodendrocyte_precursor_cell,False,True,True,0.750995644953126,0.750995644953126,0.05921517023816786,0.750995644953126,dataset_AP,3
2656143800217200104,20240328,4,oligodendrocyte_progenitor_2,oligodendrocyte_progenitor_2,oligodendrocyte_progenitor_2,False,True,True,0.2931701877411113,0.2931701877411113,0.14955529420412364,0.2931701877411113,dataset_AP,2
2656143800218100032,20240328,4,astrocyte_2,astrocyte_2,astrocyte_2,False,True,True,0.8915230912321832,0.8915230912321832,0.08882451163819985,0.8915230912321832,dataset_AP,5
2656143800239100078,20240328,4,oligodendrocyte_1,oligodendrocyte_1,oligodendrocyte_1,False,True,True,0.2757742544806538,0.2757742544806538,0.09833544571187156,0.2757742544806538,dataset_AP,4
2656143800241100171,20240328,4,astrocyte_1,astrocyte_1,astrocyte_1,False,True,True,0.24720614767459864,0.24720614767459864,0.22317870512532992,0.2472061476745987,dataset_AP,1
2656143800242100029,20240328,4,oligodendrocyte_1,oligodendrocyte_1,oligodendrocyte_1,False,True,True,0.34816727339298387,0.34816727339298387,0.11169401573842494,0.34816727339298387,dataset_AP,3
2656143800242100085,20240328,4,oligodendrocyte_2,oligodendrocyte_2,oligodendrocyte_2,False,True,True,0.9510972429412892,0.9510972429412892,0.1309365673572895,0.9510972429412894,dataset_AP,1
2656143800265100021,20240328,4,oligodendrocyte_1,oligodendrocyte_1,oligodendrocyte_progenitor_2,False,False,False,0.3590765973540761,0.3590765973540761,0.12863390789812196,0.3590765973540761,dataset_AP,2
2656143800265100078,20240328,4,astrocyte_2,astrocyte_2,astrocyte_2,False,True,True,0.5700728995066671,0.5700728995066671,0.08584674643358228,0.5700728995066672,dataset_AP,3
2656143800266100094,20240328,4,oligodendrocyte_2,oligodendrocyte_2,astrocyte_2,False,False,False,0.3067346984374657,0.3067346984374657,0.15084796909891968,0.3067346984374657,dataset_AP,5
2656143800366100092,20240328,2,astrocyte_2,astrocyte_2,astrocyte_2,False,True,True,0.879462914742923,0.879462914742923,0.03804695515722131,0.879462914742923,dataset_AP,5
2656143800368100034,20240328,2,endothelial,endothelial,endothelial,False,True,True,0.7670724871922175,0.7670724871922175,0.13700640019321336,0.7670724871922173,dataset_AP,2
2656143800368100049,20240328,2,endothelial,endothelial,endothelial,False,True,True,0.6705949660129124,0.6705949660129124,0.15302361493524466,0.6705949660129124,dataset_AP,4
2656143800391100195,20240328,2,endothelial,endothelial,endothelial,False,True,True,0.6962686149676759,0.6962686149676759,0.15354600806105823,0.6962686149676759,dataset_AP,3
2656143800392200061,20240328,2,astrocyte_2,astrocyte_2,pericyte,False,False,False,0.3031033043054425,0.3031033043054425,0.03804695515722131,0.3031033043054425,dataset_AP,5
2656143800393100018,20240328,2,oligodendrocyte_1,oligodendrocyte_1,oligodendrocyte_progenitor_2,False,False,False,0.372224415705533,0.372224415705533,0.1201792504073873,0.372224415705533,dataset_AP,5
2656143800393200013,20240328,2,astrocyte_1,astrocyte_1,astrocyte_1,False,True,True,0.7292848401979926,0.7292848401979926,0.23484519282998373,0.7292848401979927,dataset_AP,5
2656143800394100034,20240328,2,endothelial,endothelial,endothelial,False,True,True,0.7022685253602747,0.7022685253602747,0.16557124751041102,0.7022685253602747,dataset_AP,5
2656143800394100104,20240328,2,endothelial,endothelial,endothelial,False,True,True,0.6469816527537484,0.6469816527537484,0.15302361493524466,0.6469816527537484,dataset_AP,4
2656143800394100142,20240328,2,endothelial,endothelial,endothelial,False,True,True,0.9337831398446436,0.9337831398446436,0.16557124751041102,0.9337831398446436,dataset_AP,5
2656143800395100049,20240328,2,astrocyte_1,astrocyte_1,astrocyte_1,False,True,True,0.7809358413482055,0.7809358413482055,0.23484519282998373,0.7809358413482052,dataset_AP,5
2656143800415100109,20240328,2,meninges_1,meninges_1,meninges_2,False,False,False,0.8561800265012143,0.8561800265012143,0.017544812601846822,0.8561800265012143,dataset_AP,5
2656143800418100063,20240328,2,endothelial,endothelial,microglia,False,False,False,0.2810897901872795,0.2810897901872795,0.1785879150854601,0.2810897901872795,dataset_AP,1
2656143800418100078,20240328,2,astrocyte_1,astrocyte_1,oligodendrocyte_1,False,False,False,0.5755309321423493,0.5755309321423493,0.22765366501630238,0.5755309321423493,dataset_AP,2
2656143800418100120,20240328,2,oligodendrocyte_precursor_cell,oligodendrocyte_precursor_cell,astrocyte_1,False,False,False,0.5019009129150142,0.5019009129150142,0.02712950371813248,0.5019009129150142,dataset_AP,3
2656143800419100055,20240328,2,endothelial,endothelial,endothelial,False,True,True,0.6312225077544164,0.6312225077544164,0.15354600806105823,0.6312225077544162,dataset_AP,3
2656143800419200064,20240328,2,endothelial,endothelial,endothelial,False,True,True,0.5046141043897195,0.5046141043897195,0.15354600806105823,0.5046141043897195,dataset_AP,3
2656143800442100176,20240328,2,astrocyte_1,astrocyte_1,astrocyte_1,False,True,True,0.4797824843779496,0.4797824843779496,0.22674708273239808,0.4797824843779496,dataset_AP,4
2656143800442200162,20240328,2,oligodendrocyte_1,oligodendrocyte_1,oligodendrocyte_progenitor_2,False,False,False,0.7986867810434246,0.7986867810434246,0.11230013848671787,0.7986867810434244,dataset_AP,1
2656143800443100154,20240328,2,astrocyte_1,astrocyte_1,astrocyte_1,False,True,True,0.9593576566672724,0.9593576566672724,0.24731569576086762,0.9593576566672725,dataset_AP,1
2656143800443100175,20240328,2,oligodendrocyte_1,oligodendrocyte_1,oligodendrocyte_progenitor_2,False,False,False,0.3547332657073764,0.3547332657073764,0.11310228233305157,0.3547332657073764,dataset_AP,2
2656143800444100119,20240328,2,endothelial,endothelial,endothelial,False,True,True,0.9679416469348749,0.9679416469348749,0.13700640019321336,0.9679416469348749,dataset_AP,2
2656143800444100137,20240328,2,oligodendrocyte_2,oligodendrocyte_2,oligodendrocyte_2,False,True,True,0.7549212816867863,0.7549212816867863,0.15820133044213314,0.7549212816867863,dataset_AP,3
2656143800467100019,20240328,2,oligodendrocyte_2,oligodendrocyte_2,oligodendrocyte_2,False,True,True,0.542055371469614,0.542055371469614,0.14065094752492463,0.5420553714696141,dataset_AP,1
2656143800468100146,20240328,2,astrocyte_1,astrocyte_1,astrocyte_1,False,True,True,0.7495922857215133,0.7495922857215133,0.2237066166832053,0.7495922857215132,dataset_AP,3
2656143800468100203,20240328,2,astrocyte_2,astrocyte_2,astrocyte_2,False,True,True,0.4636651169740294,0.4636651169740294,0.0661498893904786,0.4636651169740294,dataset_AP,1
2656143800469100187,20240328,2,Schwann_cell,Schwann_cell,peripheral_glia,False,False,False,0.9881412245706499,0.9881412245706499,0.009496650371175086,0.9881412245706497,dataset_AP,5
2656144300036100030,20240328,1,meninges_1,meninges_1,meninges_3,False,False,False,0.42010205904083237,0.42010205904083237,0.05623817574367025,0.42010205904083225,dataset_AP,3
2656144300062200075,20240328,1,oligodendrocyte_progenitor_2,oligodendrocyte_progenitor_2,oligodendrocyte_progenitor_2,False,True,True,0.6835070788183502,0.6835070788183502,0.16523266111178198,0.6835070788183502,dataset_AP,3
2656144300082100094,20240328,1,meninges_2,meninges_2,meninges_1,False,False,False,0.46834529265960023,0.46834529265960023,0.013615505373747132,0.4683452926596003,dataset_AP,3
2656144300086100193,20240328,1,oligodendrocyte_2,oligodendrocyte_2,oligodendrocyte_progenitor_2,False,False,False,0.9143273654106712,0.9143273654106712,0.09961890279896297,0.9143273654106714,dataset_AP,1
2656144300102200009,20240328,4,meninges_1,meninges_1,meninges_1,False,True,True,0.5290038574167011,0.5290038574167011,0.025237252834397955,0.5290038574167011,dataset_AP,3
2656144300103100104,20240328,4,oligodendrocyte_progenitor_1,oligodendrocyte_progenitor_1,oligodendrocyte_precursor_cell,False,False,False,0.30506943593589675,0.30506943593589675,0.0033639829558196905,0.30506943593589675,dataset_AP,1
2656144300108100177,20240328,1,oligodendrocyte_2,oligodendrocyte_2,oligodendrocyte_2,False,True,True,0.7838374036588728,0.7838374036588728,0.09961890279896297,0.7838374036588729,dataset_AP,1
2656144300109100140,20240328,1,oligodendrocyte_2,oligodendrocyte_2,oligodendrocyte_2,False,True,True,0.9532530263453004,0.9532530263453004,0.08828442619651411,0.9532530263453005,dataset_AP,3
2656144300123100021,20240328,4,endothelial,endothelial,astrocyte_2,False,False,False,0.2923919114045918,0.2923919114045918,0.09188424165610477,0.2923919114045918,dataset_AP,4
2656144300123100092,20240328,4,astrocyte_1,astrocyte_1,astrocyte_1,False,True,True,0.7644625149250244,0.7644625149250244,0.21788882853521635,0.7644625149250245,dataset_AP,5
2656144300125100179,20240328,4,astrocyte_2,astrocyte_2,endothelial,False,False,False,0.4085013406005361,0.4085013406005361,0.11558300412303553,0.40850134060053617,dataset_AP,1
2656144300125100270,20240328,4,meninges_1,meninges_1,oligodendrocyte_1,False,False,False,0.36212113009592395,0.36212113009592395,0.03527006745217106,0.36212113009592395,dataset_AP,1
2656144300125200083,20240328,4,endothelial,endothelial,oligodendrocyte_1,False,False,False,0.8222054154793307,0.8222054154793307,0.09188424165610477,0.8222054154793308,dataset_AP,4
2656144300146100227,20240328,4,oligodendrocyte_progenitor_2,oligodendrocyte_progenitor_2,astrocyte_1,False,False,False,0.5093350043075313,0.5093350043075313,0.16246481512143685,0.5093350043075314,dataset_AP,3
2656144300147100030,20240328,4,oligodendrocyte_progenitor_2,oligodendrocyte_progenitor_2,oligodendrocyte_1,False,False,False,0.4998498643473049,0.4998498643473049,0.14955529420412364,0.4998498643473049,dataset_AP,2
2656144300147100136,20240328,4,astrocyte_2,astrocyte_2,astrocyte_1,False,False,False,0.9007335109886897,0.9007335109886897,0.11558300412303553,0.9007335109886899,dataset_AP,1
2656144300147100265,20240328,4,endothelial,endothelial,endothelial,False,True,True,0.9990891916658854,0.9990891916658854,0.09188424165610477,0.9990891916658854,dataset_AP,4
2656144300148100103,20240328,4,endothelial,endothelial,oligodendrocyte_1,False,False,False,0.3315784214020437,0.3315784214020437,0.088922782902716,0.33157842140204374,dataset_AP,2
2656144300148100178,20240328,4,astrocyte_1,astrocyte_1,astrocyte_1,False,True,True,0.989973429026873,0.989973429026873,0.21788882853521635,0.989973429026873,dataset_AP,5
2656144300149200031,20240328,4,oligodendrocyte_precursor_cell,oligodendrocyte_precursor_cell,oligodendrocyte_2,False,False,False,0.5832151112759115,0.5832151112759115,0.05861093380716614,0.5832151112759115,dataset_AP,1
2656144300162100014,20240328,2,oligodendrocyte_progenitor_2,oligodendrocyte_progenitor_2,oligodendrocyte_progenitor_2,False,True,True,0.4733195808705524,0.4733195808705524,0.11419628309260416,0.4733195808705524,dataset_AP,3
2656144300163100237,20240328,2,endothelial,endothelial,endothelial,False,True,True,0.9538543017667859,0.9538543017667859,0.13700640019321336,0.9538543017667857,dataset_AP,2
2656144300164100022,20240328,2,oligodendrocyte_1,oligodendrocyte_1,oligodendrocyte_progenitor_2,False,False,False,0.43006866324861803,0.43006866324861803,0.11230013848671787,0.43006866324861803,dataset_AP,1
2656144300164100132,20240328,2,pericyte,pericyte,astrocyte_1,False,False,False,0.5701260157916249,0.5701260157916249,0.015657823813061786,0.5701260157916249,dataset_AP,4
2656144300168100024,20240328,2,astrocyte_2,astrocyte_2,astrocyte_2,False,True,True,0.9506744742408597,0.9506744742408597,0.060341553652590446,0.9506744742408597,dataset_AP,3
2656144300169100083,20240328,4,oligodendrocyte_2,oligodendrocyte_2,oligodendrocyte_2,False,True,True,0.6884054708609688,0.6884054708609688,0.14259570722695228,0.6884054708609688,dataset_AP,3
2656144300170100090,20240328,4,oligodendrocyte_progenitor_2,oligodendrocyte_progenitor_2,oligodendrocyte_2,False,False,False,0.5111376230888551,0.5111376230888551,0.16246481512143685,0.5111376230888551,dataset_AP,3
2656144300174100055,20240328,4,astrocyte_1,astrocyte_1,peripheral_glia,False,False,False,0.17689314036587497,0.17689314036587497,0.21878326996197717,0.17689314036587497,dataset_AP,4
2656144300186100045,20240328,2,oligodendrocyte_precursor_cell,oligodendrocyte_precursor_cell,oligodendrocyte_progenitor_2,False,False,False,0.5283941800273396,0.5283941800273396,0.02712950371813248,0.5283941800273396,dataset_AP,3
2656144300187100123,20240328,2,meninges_3,meninges_3,oligodendrocyte_1,False,False,False,0.3552303796099125,0.3552303796099125,0.007770639395131331,0.3552303796099125,dataset_AP,4
2656144300188100135,20240328,2,astrocyte_1,astrocyte_1,astrocyte_1,False,True,True,0.4588682769119873,0.4588682769119873,0.22674708273239808,0.45886827691198734,dataset_AP,4
2656144300188100230,20240328,2,oligodendrocyte_precursor_cell,oligodendrocyte_precursor_cell,microglia,False,False,False,0.6129291175620551,0.6129291175620551,0.019460081653207676,0.6129291175620551,dataset_AP,1
2656144300188100231,20240328,2,oligodendrocyte_2,oligodendrocyte_2,oligodendrocyte_2,False,True,True,0.9830453823560015,0.9830453823560015,0.15594131143581694,0.9830453823560015,dataset_AP,2
2656144300188100239,20240328,2,pericyte,pericyte,astrocyte_1,False,False,False,0.7358092148374952,0.7358092148374952,0.01621703180638542,0.7358092148374951,dataset_AP,5
2656144300188200034,20240328,2,oligodendrocyte_1,oligodendrocyte_1,oligodendrocyte_1,False,True,True,0.36812387925991574,0.36812387925991574,0.11310228233305157,0.3681238792599158,dataset_AP,2
2656144300193100082,20240328,4,meninges_1,meninges_1,meninges_1,False,True,True,0.46579402175314133,0.46579402175314133,0.023393083469129095,0.46579402175314133,dataset_AP,5
2656144300195100043,20240328,4,astrocyte_1,astrocyte_1,astrocyte_1,False,True,True,0.9081108439951682,0.9081108439951682,0.22547951651837456,0.9081108439951684,dataset_AP,3
2656144300195100054,20240328,4,oligodendrocyte_precursor_cell,oligodendrocyte_precursor_cell,astrocyte_2,False,False,False,0.5856413095409843,0.5856413095409843,0.05156382079459002,0.5856413095409843,dataset_AP,2
2656144300211100126,20240328,2,endothelial,endothelial,endothelial,False,True,True,0.9674583153320113,0.9674583153320113,0.15302361493524466,0.9674583153320111,dataset_AP,4
2656144300211100188,20240328,2,oligodendrocyte_1,oligodendrocyte_1,oligodendrocyte_1,False,True,True,0.7037478478287051,0.7037478478287051,0.10024869222193637,0.7037478478287051,dataset_AP,3
2656144300212100035,20240328,2,oligodendrocyte_2,oligodendrocyte_2,oligodendrocyte_2,False,True,True,0.9675191399954065,0.9675191399954065,0.14065094752492463,0.9675191399954063,dataset_AP,1
2656144300212100072,20240328,2,oligodendrocyte_precursor_cell,oligodendrocyte_precursor_cell,oligodendrocyte_precursor_cell,False,True,True,0.8649659265730928,0.8649659265730928,0.019460081653207676,0.8649659265730929,dataset_AP,1
2656144900008100162,20240328,1,meninges_1,meninges_1,meninges_1,False,True,True,0.49919584496105124,0.49919584496105124,0.051957548155266785,0.49919584496105124,dataset_AP,5
2656144900033100041,20240328,1,meninges_1,meninges_1,meninges_1,False,True,True,0.9213276281222899,0.9213276281222899,0.041656238046440024,0.9213276281222896,dataset_AP,1
2656144900058100068,20240328,1,Schwann_cell,Schwann_cell,peripheral_glia,False,False,False,0.997023559796142,0.997023559796142,0.0075167447534688105,0.997023559796142,dataset_AP,4
2656144900085100067,20240328,1,astrocyte_1,astrocyte_1,astrocyte_1,False,True,True,0.8614401138800826,0.8614401138800826,0.23391906761051584,0.8614401138800826,dataset_AP,1
2656144900085100136,20240328,1,astrocyte_2,astrocyte_2,astrocyte_1,False,False,False,0.5010599744369248,0.5010599744369248,0.04652030393328202,0.501059974436925,dataset_AP,1
2656144900085100196,20240328,1,oligodendrocyte_1,oligodendrocyte_1,oligodendrocyte_progenitor_2,False,False,False,0.6254700846072914,0.6254700846072914,0.055244632422399756,0.6254700846072913,dataset_AP,4
2656144900085100215,20240328,1,oligodendrocyte_1,oligodendrocyte_1,oligodendrocyte_progenitor_2,False,False,False,0.5767764776328568,0.5767764776328568,0.07044237813468583,0.5767764776328568,dataset_AP,3
2656144900086100036,20240328,1,oligodendrocyte_progenitor_2,oligodendrocyte_progenitor_2,oligodendrocyte_progenitor_2,False,True,True,0.6110011525012903,0.6110011525012903,0.16523266111178198,0.6110011525012904,dataset_AP,3
2656144900086100045,20240328,1,astrocyte_2,astrocyte_2,oligodendrocyte_1,False,False,False,0.42905461798765665,0.42905461798765665,0.0523490124036969,0.42905461798765665,dataset_AP,4
2656144900086100214,20240328,1,oligodendrocyte_2,oligodendrocyte_2,oligodendrocyte_progenitor_2,False,False,False,0.8728979755945735,0.8728979755945735,0.10900569645816795,0.8728979755945738,dataset_AP,5
2656144900087100128,20240328,1,endothelial,endothelial,endothelial,False,True,True,0.8248595732153436,0.8248595732153436,0.13207945900253593,0.8248595732153436,dataset_AP,3
2656144900088100027,20240328,1,astrocyte_1,astrocyte_1,astrocyte_1,False,True,True,0.902613445377369,0.902613445377369,0.28105808343802396,0.9026134453773691,dataset_AP,2
2656144900110100072,20240328,1,astrocyte_2,astrocyte_2,astrocyte_1,False,False,False,0.3099397125637378,0.3099397125637378,0.04652030393328202,0.30993971256373787,dataset_AP,1
2656144900111100020,20240328,1,astrocyte_1,astrocyte_1,astrocyte_1,False,True,True,0.9693711155036695,0.9693711155036695,0.23391906761051584,0.9693711155036695,dataset_AP,1
2656144900111100264,20240328,1,astrocyte_1,astrocyte_1,astrocyte_1,False,True,True,0.8318870204627229,0.8318870204627229,0.23391906761051584,0.831887020462723,dataset_AP,1
2656144900111100294,20240328,1,endothelial,endothelial,oligodendrocyte_progenitor_2,False,False,False,0.40788837730063027,0.40788837730063027,0.13027204587421617,0.40788837730063027,dataset_AP,4
2656144900111100321,20240328,1,oligodendrocyte_2,oligodendrocyte_2,oligodendrocyte_progenitor_2,False,False,False,0.8921401089798046,0.8921401089798046,0.11702577101816646,0.8921401089798043,dataset_AP,4
2656144900112100033,20240328,1,microglia,microglia,microglia,False,True,True,0.963664427918713,0.963664427918713,0.02637563901300165,0.963664427918713,dataset_AP,3
2656144900112100046,20240328,1,astrocyte_1,astrocyte_1,astrocyte_1,False,True,True,0.8806515175994836,0.8806515175994836,0.2858332977314479,0.8806515175994833,dataset_AP,4
2656144900112100048,20240328,1,astrocyte_2,astrocyte_2,astrocyte_1,False,False,False,0.9831881551294882,0.9831881551294882,0.0523490124036969,0.983188155129488,dataset_AP,4
2656144900112100180,20240328,1,pericyte,pericyte,endothelial,False,False,False,0.2723741221463705,0.2723741221463705,0.025419635309745198,0.2723741221463705,dataset_AP,3
2656144900112100286,20240328,1,endothelial,endothelial,endothelial,False,True,True,0.9291613672506936,0.9291613672506936,0.13027204587421617,0.9291613672506936,dataset_AP,4
2656144900112200074,20240328,1,astrocyte_1,astrocyte_1,astrocyte_1,False,True,True,0.9358162822625157,0.9358162822625157,0.28105808343802396,0.935816282262516,dataset_AP,2
2656144900113100019,20240328,1,oligodendrocyte_progenitor_2,oligodendrocyte_progenitor_2,oligodendrocyte_progenitor_2,False,True,True,0.9738643347442822,0.9738643347442822,0.16523266111178198,0.9738643347442824,dataset_AP,3
2656144900113100021,20240328,1,astrocyte_1,astrocyte_1,astrocyte_1,False,True,True,0.49555991387445797,0.49555991387445797,0.28105808343802396,0.49555991387445797,dataset_AP,2
2656144900113100155,20240328,1,astrocyte_2,astrocyte_2,astrocyte_1,False,False,False,0.625743399424039,0.625743399424039,0.04652030393328202,0.6257433994240389,dataset_AP,1
2656144900113100167,20240328,1,oligodendrocyte_precursor_cell,oligodendrocyte_precursor_cell,astrocyte_1,False,False,False,0.471725267146107,0.471725267146107,0.02823733043513263,0.47172526714610713,dataset_AP,3
2656144900114100017,20240328,1,oligodendrocyte_2,oligodendrocyte_2,oligodendrocyte_2,False,True,True,0.8131793071813156,0.8131793071813156,0.09961890279896297,0.8131793071813158,dataset_AP,1
2656144900114100154,20240328,1,oligodendrocyte_2,oligodendrocyte_2,oligodendrocyte_2,False,True,True,0.9741101923940909,0.9741101923940909,0.11702577101816646,0.9741101923940905,dataset_AP,4
2656144900116100134,20240328,1,oligodendrocyte_1,oligodendrocyte_1,oligodendrocyte_2,False,False,False,0.3461335136432012,0.3461335136432012,0.07044237813468583,0.3461335136432012,dataset_AP,3
2656144900135100026,20240328,1,Schwann_cell,Schwann_cell,Schwann_cell,False,True,True,0.7200055463985664,0.7200055463985664,0.0075167447534688105,0.7200055463985664,dataset_AP,4
2656144900136100106,20240328,1,astrocyte_2,astrocyte_2,astrocyte_2,False,True,True,0.9120563181219677,0.9120563181219677,0.04652030393328202,0.9120563181219677,dataset_AP,1
2656144900137100075,20240328,1,pericyte,pericyte,pericyte,False,True,True,0.9976158903808734,0.9976158903808734,0.012754968836482914,0.9976158903808734,dataset_AP,4
2656144900138100112,20240328,1,astrocyte_1,astrocyte_1,astrocyte_1,False,True,True,0.6875430297389099,0.6875430297389099,0.26856223624284464,0.6875430297389099,dataset_AP,5
2656144900140100117,20240328,1,oligodendrocyte_progenitor_2,oligodendrocyte_progenitor_2,oligodendrocyte_progenitor_2,False,True,True,0.5337246743576896,0.5337246743576896,0.17274509524691095,0.5337246743576896,dataset_AP,4
2656144900141100098,20240328,1,oligodendrocyte_progenitor_2,oligodendrocyte_progenitor_2,oligodendrocyte_1,False,False,False,0.4773760630138624,0.4773760630138624,0.20191553271401183,0.4773760630138624,dataset_AP,5
2656144900141100122,20240328,1,astrocyte_1,astrocyte_1,astrocyte_1,False,True,True,0.6310315072713942,0.6310315072713942,0.28105808343802396,0.6310315072713942,dataset_AP,2
2656144900164100119,20240328,1,oligodendrocyte_1,oligodendrocyte_1,oligodendrocyte_progenitor_2,False,False,False,0.4568569486870457,0.4568569486870457,0.055244632422399756,0.45685694868704557,dataset_AP,4
2656144900165100125,20240328,1,oligodendrocyte_progenitor_1,oligodendrocyte_progenitor_1,oligodendrocyte_progenitor_1,False,True,True,0.9994726916806628,0.9994726916806628,0.012799621164640175,0.9994726916806628,dataset_AP,5
2656144900166100113,20240328,1,astrocyte_1,astrocyte_1,astrocyte_1,False,True,True,0.9587873398036533,0.9587873398036533,0.2789971017992996,0.958787339803653,dataset_AP,3
2656144900166100212,20240328,1,oligodendrocyte_progenitor_2,oligodendrocyte_progenitor_2,oligodendrocyte_progenitor_2,False,True,True,0.6972870336508978,0.6972870336508978,0.1920391550650794,0.697287033650898,dataset_AP,2
2656144900166100222,20240328,1,oligodendrocyte_progenitor_2,oligodendrocyte_progenitor_2,oligodendrocyte_progenitor_2,False,True,True,0.496217850736948,0.496217850736948,0.17274509524691095,0.496217850736948,dataset_AP,4
2656144900167100041,20240328,1,astrocyte_1,astrocyte_1,astrocyte_1,False,True,True,0.8095710584328891,0.8095710584328891,0.2789971017992996,0.8095710584328891,dataset_AP,3
2656144900167100066,20240328,1,oligodendrocyte_progenitor_2,oligodendrocyte_progenitor_2,oligodendrocyte_progenitor_2,False,True,True,0.8654873178401801,0.8654873178401801,0.1920391550650794,0.8654873178401801,dataset_AP,2
2656144900183100031,20240328,1,meninges_1,meninges_1,meninges_1,False,True,True,0.454856377892336,0.454856377892336,0.0362237317421664,0.454856377892336,dataset_AP,4
2656144900184100149,20240328,1,oligodendrocyte_1,oligodendrocyte_1,oligodendrocyte_progenitor_2,False,False,False,0.33928438101600245,0.33928438101600245,0.07044237813468583,0.33928438101600245,dataset_AP,3
2656144900185100079,20240328,1,astrocyte_2,astrocyte_2,endothelial,False,False,False,0.5085542180966491,0.5085542180966491,0.03495654366882586,0.5085542180966492,dataset_AP,2
2656144900185100120,20240328,1,astrocyte_1,astrocyte_1,astrocyte_1,False,True,True,0.3454471554037667,0.3454471554037667,0.23391906761051584,0.3454471554037667,dataset_AP,1
2656144900185100150,20240328,1,microglia,microglia,microglia,False,True,True,0.35209317639669924,0.35209317639669924,0.018956394222012583,0.35209317639669924,dataset_AP,2
2656144900186100123,20240328,1,oligodendrocyte_2,oligodendrocyte_2,oligodendrocyte_2,False,True,True,0.5808911518679993,0.5808911518679993,0.09961890279896297,0.5808911518679992,dataset_AP,1
2656144900186200096,20240328,1,astrocyte_2,astrocyte_2,astrocyte_1,False,False,False,0.27580812365585045,0.27580812365585045,0.03495654366882586,0.27580812365585045,dataset_AP,2
2656144900189100078,20240328,1,astrocyte_1,astrocyte_1,astrocyte_2,False,False,False,0.38072463899238057,0.38072463899238057,0.2789971017992996,0.38072463899238057,dataset_AP,3
2656144900190100207,20240328,1,astrocyte_1,astrocyte_1,astrocyte_1,False,True,True,0.9721070068295673,0.9721070068295673,0.28105808343802396,0.9721070068295671,dataset_AP,2
2656144900190100266,20240328,1,endothelial,endothelial,oligodendrocyte_progenitor_2,False,False,False,0.3786310841774731,0.3786310841774731,0.13207945900253593,0.3786310841774731,dataset_AP,3
2656144900191100019,20240328,1,astrocyte_1,astrocyte_1,astrocyte_1,False,True,True,0.8758126210773993,0.8758126210773993,0.26856223624284464,0.8758126210773994,dataset_AP,5
2656144900191100167,20240328,1,astrocyte_1,astrocyte_1,astrocyte_1,False,True,True,0.398700502968086,0.398700502968086,0.2858332977314479,0.39870050296808607,dataset_AP,4
2656144900192100014,20240328,1,pericyte,pericyte,endothelial,False,False,False,0.4687050084203604,0.4687050084203604,0.025419635309745198,0.4687050084203604,dataset_AP,3
2656144900192100181,20240328,1,oligodendrocyte_progenitor_2,oligodendrocyte_progenitor_2,oligodendrocyte_progenitor_2,False,True,True,0.4270086901991042,0.4270086901991042,0.20191553271401183,0.4270086901991043,dataset_AP,5
2656144900193100079,20240328,1,oligodendrocyte_precursor_cell,oligodendrocyte_precursor_cell,oligodendrocyte_precursor_cell,False,True,True,0.7535639573561284,0.7535639573561284,0.015074490359661461,0.7535639573561284,dataset_AP,5
2656144900194100116,20240328,1,meninges_1,meninges_1,meninges_1,False,True,True,0.7528443863164165,0.7528443863164165,0.041656238046440024,0.7528443863164165,dataset_AP,1
2656144900195200088,20240328,1,meninges_2,meninges_2,meninges_2,False,True,True,0.5554801227209828,0.5554801227209828,0.012731574398957295,0.5554801227209829,dataset_AP,1
2656144900209100104,20240328,1,oligodendrocyte_progenitor_2,oligodendrocyte_progenitor_2,oligodendrocyte_progenitor_2,False,True,True,0.7478996522315776,0.7478996522315776,0.16523266111178198,0.7478996522315776,dataset_AP,3
2656144900209100174,20240328,1,microglia,microglia,microglia,False,True,True,0.99999318970587,0.99999318970587,0.018956394222012583,0.99999318970587,dataset_AP,2
2656144900210100051,20240328,1,astrocyte_2,astrocyte_2,endothelial,False,False,False,0.42931305647114626,0.42931305647114626,0.051244910560499915,0.42931305647114626,dataset_AP,5
2656144900211100030,20240328,1,oligodendrocyte_precursor_cell,oligodendrocyte_precursor_cell,endothelial,False,False,False,0.9420670912234618,0.9420670912234618,0.015074490359661461,0.9420670912234618,dataset_AP,5
2656144900211100045,20240328,1,oligodendrocyte_precursor_cell,oligodendrocyte_precursor_cell,oligodendrocyte_precursor_cell,False,True,True,0.8109780444873834,0.8109780444873834,0.020915483313420573,0.8109780444873834,dataset_AP,1
2656144900211100080,20240328,1,astrocyte_1,astrocyte_1,oligodendrocyte_progenitor_2,False,False,False,0.2507110581288918,0.2507110581288918,0.2789971017992996,0.2507110581288918,dataset_AP,3
2656144900211100121,20240328,1,oligodendrocyte_2,oligodendrocyte_2,oligodendrocyte_1,False,False,False,0.4119327126365003,0.4119327126365003,0.11702577101816646,0.4119327126365003,dataset_AP,4
2656144900211200036,20240328,1,oligodendrocyte_2,oligodendrocyte_2,oligodendrocyte_2,False,True,True,0.9941780173999674,0.9941780173999674,0.09961890279896297,0.9941780173999674,dataset_AP,1
2656144900212100090,20240328,1,oligodendrocyte_2,oligodendrocyte_2,oligodendrocyte_progenitor_2,False,False,False,0.8844490044802428,0.8844490044802428,0.09961890279896297,0.8844490044802428,dataset_AP,1
2656144900217100114,20240328,1,astrocyte_1,astrocyte_1,astrocyte_1,False,True,True,0.5036464909768121,0.5036464909768121,0.2789971017992996,0.5036464909768121,dataset_AP,3
2656144900221100097,20240328,1,endothelial,endothelial,endothelial,False,True,True,0.8083362910600003,0.8083362910600003,0.11702152501132526,0.8083362910600004,dataset_AP,2
2656144900236100102,20240328,1,astrocyte_1,astrocyte_1,astrocyte_1,False,True,True,0.794580324522648,0.794580324522648,0.23391906761051584,0.794580324522648,dataset_AP,1
2656144900236100115,20240328,1,endothelial,endothelial,astrocyte_1,False,False,False,0.514281917521525,0.514281917521525,0.12950221244161939,0.514281917521525,dataset_AP,1
2656144900237100079,20240328,1,oligodendrocyte_progenitor_1,oligodendrocyte_progenitor_1,oligodendrocyte_progenitor_1,False,True,True,0.9999963073332315,0.9999963073332315,0.012799621164640175,0.9999963073332313,dataset_AP,5
2656144900237100124,20240328,1,astrocyte_1,astrocyte_1,astrocyte_1,False,True,True,0.8072867915549472,0.8072867915549472,0.26856223624284464,0.807286791554947,dataset_AP,5
2656144900238100021,20240328,1,oligodendrocyte_1,oligodendrocyte_1,oligodendrocyte_1,False,True,True,0.4790522296308,0.4790522296308,0.07044237813468583,0.4790522296308,dataset_AP,3
2656144900238100084,20240328,1,endothelial,endothelial,endothelial,False,True,True,0.9917824008113467,0.9917824008113467,0.11702152501132526,0.9917824008113468,dataset_AP,2
2656144900247100055,20240328,1,endothelial,endothelial,peripheral_glia,False,False,False,0.990682490506832,0.990682490506832,0.13207945900253593,0.9906824905068321,dataset_AP,3
2656144900262100025,20240328,1,oligodendrocyte_1,oligodendrocyte_1,oligodendrocyte_progenitor_2,False,False,False,0.47568369950312794,0.47568369950312794,0.07044237813468583,0.47568369950312794,dataset_AP,3
2656144900263100219,20240328,1,endothelial,endothelial,endothelial,False,True,True,0.8602562704043625,0.8602562704043625,0.11637348709592056,0.8602562704043625,dataset_AP,5
2656144900264100063,20240328,1,pericyte,pericyte,oligodendrocyte_progenitor_2,False,False,False,0.8012123978268566,0.8012123978268566,0.012754968836482914,0.8012123978268566,dataset_AP,4
2656144900264100095,20240328,1,astrocyte_1,astrocyte_1,astrocyte_1,False,True,True,0.9540061638640552,0.9540061638640552,0.23391906761051584,0.9540061638640556,dataset_AP,1
2656144900264100096,20240328,1,endothelial,endothelial,endothelial,False,True,True,0.5490069892508991,0.5490069892508991,0.11702152501132526,0.5490069892508992,dataset_AP,2
2656144900264100101,20240328,1,meninges_1,meninges_1,oligodendrocyte_progenitor_2,False,False,False,0.4386828520618999,0.4386828520618999,0.05224567188018102,0.4386828520619,dataset_AP,2
2656144900265100053,20240328,1,astrocyte_1,astrocyte_1,astrocyte_1,False,True,True,0.49637844701657957,0.49637844701657957,0.23391906761051584,0.49637844701657946,dataset_AP,1
2656144900265100057,20240328,1,astrocyte_1,astrocyte_1,astrocyte_1,False,True,True,0.4200280739487629,0.4200280739487629,0.26856223624284464,0.4200280739487629,dataset_AP,5
2656144900273100100,20240328,4,peripheral_glia,peripheral_glia,Schwann_cell,False,False,False,0.9491646162422201,0.9491646162422201,0.001520912547528517,0.9491646162422201,dataset_AP,4
2656144900289100044,20240328,1,endothelial,endothelial,endothelial,False,True,True,0.8358596211608499,0.8358596211608499,0.13207945900253593,0.8358596211608497,dataset_AP,3
2656144900289100211,20240328,1,pericyte,pericyte,endothelial,False,False,False,0.6080609778626486,0.6080609778626486,0.029444126994621192,0.6080609778626487,dataset_AP,1
2656144900297200042,20240328,4,pericyte,pericyte,meninges_1,False,False,False,0.7163686841513804,0.7163686841513804,0.013809768826491233,0.7163686841513803,dataset_AP,2
2656144900298100114,20240328,4,oligodendrocyte_2,oligodendrocyte_2,oligodendrocyte_progenitor_2,False,False,False,0.9296472578464008,0.9296472578464008,0.1309365673572895,0.929647257846401,dataset_AP,1
2656144900298100117,20240328,4,oligodendrocyte_2,oligodendrocyte_2,oligodendrocyte_2,False,True,True,0.8383223592019511,0.8383223592019511,0.12860634348928662,0.8383223592019512,dataset_AP,2
2656144900314100125,20240328,1,oligodendrocyte_precursor_cell,oligodendrocyte_precursor_cell,astrocyte_2,False,False,False,0.6082107690314532,0.6082107690314532,0.020684373000565096,0.6082107690314533,dataset_AP,2
2656144900314200074,20240328,1,oligodendrocyte_precursor_cell,oligodendrocyte_precursor_cell,oligodendrocyte_precursor_cell,False,True,True,0.922861653391924,0.922861653391924,0.015074490359661461,0.922861653391924,dataset_AP,5
2656144900315100221,20240328,1,astrocyte_2,astrocyte_2,astrocyte_1,False,False,False,0.8673048121468904,0.8673048121468904,0.051244910560499915,0.8673048121468906,dataset_AP,5
2656144900323100254,20240328,4,astrocyte_1,astrocyte_1,astrocyte_1,False,True,True,0.48531000846209765,0.48531000846209765,0.2486034032856775,0.48531000846209765,dataset_AP,2
2656144900324100039,20240328,4,oligodendrocyte_precursor_cell,oligodendrocyte_precursor_cell,oligodendrocyte_precursor_cell,False,True,True,0.5342712234586713,0.5342712234586713,0.05156382079459002,0.5342712234586713,dataset_AP,2
2656144900325100030,20240328,4,astrocyte_1,astrocyte_1,astrocyte_1,False,True,True,0.8045348111576679,0.8045348111576679,0.21788882853521635,0.8045348111576679,dataset_AP,5
2656144900325100108,20240328,4,astrocyte_1,astrocyte_1,astrocyte_1,False,True,True,0.8181255568847997,0.8181255568847997,0.2486034032856775,0.8181255568847995,dataset_AP,2
2656144900325100251,20240328,4,endothelial,endothelial,oligodendrocyte_progenitor_2,False,False,False,0.6970624530539625,0.6970624530539625,0.088922782902716,0.6970624530539625,dataset_AP,2
2656144900327200061,20240328,4,astrocyte_2,astrocyte_2,astrocyte_1,False,False,False,0.3061762526004467,0.3061762526004467,0.11558300412303553,0.3061762526004467,dataset_AP,1
2656144900342100071,20240328,4,pericyte,pericyte,astrocyte_2,False,False,False,0.3784923170614643,0.3784923170614643,0.013809768826491233,0.3784923170614643,dataset_AP,2
2656144900350100058,20240328,4,astrocyte_1,astrocyte_1,astrocyte_1,False,True,True,0.7797896243810325,0.7797896243810325,0.2486034032856775,0.7797896243810325,dataset_AP,2
2656144900351100151,20240328,4,astrocyte_1,astrocyte_1,endothelial,False,False,False,0.27230155253858795,0.27230155253858795,0.22547951651837456,0.27230155253858795,dataset_AP,3
2656144900351200123,20240328,4,oligodendrocyte_1,oligodendrocyte_1,oligodendrocyte_1,False,True,True,0.2600298161497688,0.2600298161497688,0.09833544571187156,0.2600298161497688,dataset_AP,4
2656144900352100066,20240328,4,endothelial,endothelial,pericyte,False,False,False,0.9535661327950431,0.9535661327950431,0.088922782902716,0.9535661327950432,dataset_AP,2
2656144900352100124,20240328,4,oligodendrocyte_2,oligodendrocyte_2,oligodendrocyte_progenitor_2,False,False,False,0.7614385375452984,0.7614385375452984,0.14259570722695228,0.7614385375452984,dataset_AP,3
2656144900352100214,20240328,4,astrocyte_1,astrocyte_1,astrocyte_1,False,True,True,0.9262926927456541,0.9262926927456541,0.21878326996197717,0.9262926927456541,dataset_AP,4
2656144900370100020,20240328,4,oligodendrocyte_1,oligodendrocyte_1,oligodendrocyte_1,False,True,True,0.23845068774072967,0.23845068774072967,0.12075836251660428,0.23845068774072967,dataset_AP,1
2656144900370100176,20240328,4,endothelial,endothelial,endothelial,False,True,True,0.998786969715936,0.998786969715936,0.088922782902716,0.998786969715936,dataset_AP,2
2656144900371100035,20240328,4,oligodendrocyte_progenitor_2,oligodendrocyte_progenitor_2,oligodendrocyte_progenitor_2,False,True,True,0.7633732667764815,0.7633732667764815,0.14955529420412364,0.7633732667764815,dataset_AP,2
2656144900371100142,20240328,4,oligodendrocyte_progenitor_2,oligodendrocyte_progenitor_2,oligodendrocyte_2,False,False,False,0.3157612562318825,0.3157612562318825,0.16246481512143685,0.31576125623188245,dataset_AP,3
2656144900372100081,20240328,4,astrocyte_2,astrocyte_2,astrocyte_1,False,False,False,0.5313588786860405,0.5313588786860405,0.08584674643358228,0.5313588786860405,dataset_AP,3
2656144900376200073,20240328,4,meninges_1,meninges_1,meninges_2,False,False,False,0.8247722084072528,0.8247722084072528,0.03527006745217106,0.8247722084072531,dataset_AP,1
2656144900377100070,20240328,4,astrocyte_1,astrocyte_1,oligodendrocyte_precursor_cell,False,False,False,0.4087358379371493,0.4087358379371493,0.21878326996197717,0.40873583793714935,dataset_AP,4
2656144900377100073,20240328,4,astrocyte_1,astrocyte_1,astrocyte_1,False,True,True,0.5685806632114451,0.5685806632114451,0.22317870512532992,0.5685806632114451,dataset_AP,1
2656144900377100277,20240328,4,astrocyte_1,astrocyte_1,astrocyte_1,False,True,True,0.9239602598021581,0.9239602598021581,0.21878326996197717,0.9239602598021581,dataset_AP,4
2656144900378100026,20240328,4,oligodendrocyte_2,oligodendrocyte_2,oligodendrocyte_2,False,True,True,0.6924972002565805,0.6924972002565805,0.1309365673572895,0.6924972002565806,dataset_AP,1
2656144900378100145,20240328,4,astrocyte_1,astrocyte_1,astrocyte_1,False,True,True,0.9984380774264363,0.9984380774264363,0.21788882853521635,0.9984380774264363,dataset_AP,5
2656144900394100123,20240328,4,endothelial,endothelial,endothelial,False,True,True,0.9974176500164765,0.9974176500164765,0.08742833001388135,0.9974176500164765,dataset_AP,5
2656144900396100015,20240328,4,oligodendrocyte_1,oligodendrocyte_1,oligodendrocyte_1,False,True,True,0.589861798035759,0.589861798035759,0.12214376244794495,0.589861798035759,dataset_AP,5
2656144900396100267,20240328,4,pericyte,pericyte,oligodendrocyte_1,False,False,False,0.2552576079005924,0.2552576079005924,0.022703844528939587,0.2552576079005924,dataset_AP,4
2656144900397100106,20240328,4,oligodendrocyte_precursor_cell,oligodendrocyte_precursor_cell,endothelial,False,False,False,0.4319410278291955,0.4319410278291955,0.05861093380716614,0.43194102782919563,dataset_AP,1
2656144900421100083,20240328,4,astrocyte_2,astrocyte_2,astrocyte_1,False,False,False,0.6884178342975831,0.6884178342975831,0.08318124207858048,0.6884178342975832,dataset_AP,4
2656144900421100171,20240328,4,oligodendrocyte_precursor_cell,oligodendrocyte_precursor_cell,oligodendrocyte_precursor_cell,False,True,True,0.5805482290538837,0.5805482290538837,0.05156382079459002,0.5805482290538837,dataset_AP,2
2656144900422100081,20240328,4,pericyte,pericyte,oligodendrocyte_progenitor_2,False,False,False,0.3986767480494428,0.3986767480494428,0.013809768826491233,0.3986767480494428,dataset_AP,2
2656144900423100118,20240328,4,astrocyte_1,astrocyte_1,astrocyte_1,False,True,True,0.908043663748253,0.908043663748253,0.21878326996197717,0.9080436637482532,dataset_AP,4
2656144900446100057,20240328,4,meninges_2,meninges_2,meninges_2,False,True,True,0.9645058398351313,0.9645058398351313,0.013993531552059981,0.964505839835131,dataset_AP,2
2656144900473100055,20240328,4,astrocyte_2,astrocyte_2,endothelial,False,False,False,0.5241478591554939,0.5241478591554939,0.11558300412303553,0.5241478591554939,dataset_AP,1
2656144900475100049,20240328,4,oligodendrocyte_2,oligodendrocyte_2,oligodendrocyte_2,False,True,True,0.9274528706090976,0.9274528706090976,0.15084796909891968,0.9274528706090974,dataset_AP,5
2656144900476200071,20240328,2,meninges_2,meninges_2,meninges_1,False,False,False,0.6024500021842206,0.6024500021842206,0.015774368835860905,0.6024500021842206,dataset_AP,4
2656144900477100034,20240328,2,microglia,microglia,oligodendrocyte_2,False,False,False,0.9156151318037606,0.9156151318037606,0.0610949808274223,0.9156151318037608,dataset_AP,3
2656144900477100087,20240328,2,oligodendrocyte_1,oligodendrocyte_1,oligodendrocyte_1,False,True,True,0.49755675940049077,0.49755675940049077,0.10024869222193637,0.4975567594004908,dataset_AP,3
2656144900478100116,20240328,2,astrocyte_2,astrocyte_2,astrocyte_1,False,False,False,0.5698624347426043,0.5698624347426043,0.03804695515722131,0.5698624347426045,dataset_AP,5
2656144900479100024,20240328,2,oligodendrocyte_progenitor_2,oligodendrocyte_progenitor_2,oligodendrocyte_2,False,False,False,0.6326773444788223,0.6326773444788223,0.10461442540002278,0.6326773444788223,dataset_AP,1
2656144900479100069,20240328,2,oligodendrocyte_1,oligodendrocyte_1,oligodendrocyte_2,False,False,False,0.39136466284360355,0.39136466284360355,0.11310228233305157,0.39136466284360355,dataset_AP,2
2656144900480100101,20240328,2,oligodendrocyte_2,oligodendrocyte_2,oligodendrocyte_2,False,True,True,0.36612122113148254,0.36612122113148254,0.14885026253847547,0.3661212211314825,dataset_AP,5
2656144900480100148,20240328,2,oligodendrocyte_1,oligodendrocyte_1,oligodendrocyte_1,False,True,True,0.4021632801846192,0.4021632801846192,0.10024869222193637,0.4021632801846192,dataset_AP,3
2656144900483200003,20240328,2,meninges_2,meninges_2,meninges_2,False,True,True,0.9514151866419788,0.9514151866419788,0.009195749305639416,0.9514151866419788,dataset_AP,2
2656144900489100179,20240328,3,meninges_1,meninges_1,oligodendrocyte_progenitor_2,False,False,False,0.4065392286171656,0.4065392286171656,0.013425488538610711,0.4065392286171657,dataset_AP,1
2656144900503100032,20240328,2,astrocyte_2,astrocyte_2,astrocyte_1,False,False,False,0.9229837768412438,0.9229837768412438,0.060341553652590446,0.922983776841244,dataset_AP,3
2656144900503100045,20240328,2,astrocyte_1,astrocyte_1,astrocyte_2,False,False,False,0.8482462791517024,0.8482462791517024,0.23484519282998373,0.8482462791517024,dataset_AP,5
2656144900503100082,20240328,2,astrocyte_2,astrocyte_2,astrocyte_2,False,True,True,0.6096323867245538,0.6096323867245538,0.03804695515722131,0.6096323867245538,dataset_AP,5
2656144900503100201,20240328,2,microglia,microglia,microglia,False,True,True,0.9998616445354166,0.9998616445354166,0.05307933824417341,0.9998616445354164,dataset_AP,2
2656144900503100206,20240328,2,oligodendrocyte_precursor_cell,oligodendrocyte_precursor_cell,astrocyte_1,False,False,False,0.6386042351512862,0.6386042351512862,0.03388479652215916,0.6386042351512861,dataset_AP,2
2656144900503100238,20240328,2,endothelial,endothelial,endothelial,False,True,True,0.8169289863694812,0.8169289863694812,0.15302361493524466,0.8169289863694814,dataset_AP,4
2656144900504100144,20240328,2,astrocyte_2,astrocyte_2,astrocyte_1,False,False,False,0.532047863436163,0.532047863436163,0.07115947729557275,0.5320478634361631,dataset_AP,4
2656144900504100163,20240328,2,pericyte,pericyte,astrocyte_1,False,False,False,0.4835852121742717,0.4835852121742717,0.016217848085979952,0.48358521217427175,dataset_AP,2
2656144900504100170,20240328,2,astrocyte_1,astrocyte_1,astrocyte_1,False,True,True,0.6733281465537253,0.6733281465537253,0.22765366501630238,0.6733281465537253,dataset_AP,2
2656144900504100190,20240328,2,oligodendrocyte_1,oligodendrocyte_1,oligodendrocyte_1,False,True,True,0.5841094916741632,0.5841094916741632,0.11310228233305157,0.5841094916741632,dataset_AP,2
2656144900504100204,20240328,2,endothelial,endothelial,endothelial,False,True,True,0.996454394443206,0.996454394443206,0.15302361493524466,0.9964543944432058,dataset_AP,4
2656144900505100087,20240328,2,oligodendrocyte_progenitor_1,oligodendrocyte_progenitor_1,oligodendrocyte_progenitor_1,False,True,True,0.9807016257507589,0.9807016257507589,0.023020555628396194,0.980701625750759,dataset_AP,4
2656144900505100116,20240328,2,oligodendrocyte_precursor_cell,oligodendrocyte_precursor_cell,microglia,False,False,False,0.5852729436537683,0.5852729436537683,0.03388255175327418,0.5852729436537684,dataset_AP,5
2656144900505100237,20240328,2,endothelial,endothelial,oligodendrocyte_1,False,False,False,0.6869680638571203,0.6869680638571203,0.15302361493524466,0.6869680638571204,dataset_AP,4
2656144900506100049,20240328,2,endothelial,endothelial,endothelial,False,True,True,0.5675524839690038,0.5675524839690038,0.15354600806105823,0.5675524839690038,dataset_AP,3
2656144900509200029,20240328,2,endothelial,endothelial,endothelial,False,True,True,0.7485277664972824,0.7485277664972824,0.1785879150854601,0.7485277664972825,dataset_AP,1
2656144900510100004,20240328,2,oligodendrocyte_precursor_cell,oligodendrocyte_precursor_cell,oligodendrocyte_progenitor_1,False,False,False,0.713875276987564,0.713875276987564,0.02712950371813248,0.713875276987564,dataset_AP,3
2656144900510100035,20240328,2,oligodendrocyte_2,oligodendrocyte_2,oligodendrocyte_2,False,True,True,0.983079273007213,0.983079273007213,0.1505557740774733,0.983079273007213,dataset_AP,4
2656144900515100080,20240328,3,astrocyte_1,astrocyte_1,astrocyte_1,False,True,True,0.9848620498001769,0.9848620498001769,0.20210332653771568,0.9848620498001769,dataset_AP,1
2656144900516100033,20240328,3,Schwann_cell,Schwann_cell,peripheral_glia,False,False,False,0.9780510371371508,0.9780510371371508,0.00999000999000999,0.9780510371371509,dataset_AP,3
2656144900516100236,20240328,3,oligodendrocyte_progenitor_2,oligodendrocyte_progenitor_2,oligodendrocyte_progenitor_2,False,True,True,0.8335727708187228,0.8335727708187228,0.3071036272557185,0.8335727708187226,dataset_AP,4
2656144900529100118,20240328,2,oligodendrocyte_progenitor_1,oligodendrocyte_progenitor_1,oligodendrocyte_progenitor_1,False,True,True,0.9997171354705106,0.9997171354705106,0.023614683189151275,0.9997171354705108,dataset_AP,1
2656144900529100229,20240328,2,endothelial,endothelial,endothelial,False,True,True,0.5760356721152167,0.5760356721152167,0.13700640019321336,0.5760356721152167,dataset_AP,2
2656144900530100054,20240328,2,oligodendrocyte_1,oligodendrocyte_1,oligodendrocyte_progenitor_2,False,False,False,0.33315492274859904,0.33315492274859904,0.1201792504073873,0.3331549227485991,dataset_AP,5
2656144900530100093,20240328,2,oligodendrocyte_1,oligodendrocyte_1,oligodendrocyte_progenitor_2,False,False,False,0.6599612828418835,0.6599612828418835,0.10024869222193637,0.6599612828418835,dataset_AP,3
2656144900530100130,20240328,2,oligodendrocyte_1,oligodendrocyte_1,endothelial,False,False,False,0.4185203719883155,0.4185203719883155,0.11310228233305157,0.4185203719883155,dataset_AP,2
2656144900530100190,20240328,2,oligodendrocyte_1,oligodendrocyte_1,oligodendrocyte_1,False,True,True,0.47916322242154086,0.47916322242154086,0.1201792504073873,0.47916322242154086,dataset_AP,5
2656144900530100252,20240328,2,oligodendrocyte_1,oligodendrocyte_1,oligodendrocyte_progenitor_2,False,False,False,0.6913378224785895,0.6913378224785895,0.11230013848671787,0.6913378224785897,dataset_AP,1
2656144900531100064,20240328,2,endothelial,endothelial,endothelial,False,True,True,0.66588299042048,0.66588299042048,0.13700640019321336,0.66588299042048,dataset_AP,2
2656144900532100019,20240328,2,microglia,microglia,oligodendrocyte_2,False,False,False,0.9884790394185825,0.9884790394185825,0.0610949808274223,0.9884790394185825,dataset_AP,3
2656144900532100154,20240328,2,astrocyte_1,astrocyte_1,astrocyte_1,False,True,True,0.7346611616324532,0.7346611616324532,0.2237066166832053,0.7346611616324532,dataset_AP,3
2656144900533100092,20240328,2,endothelial,endothelial,oligodendrocyte_2,False,False,False,0.2872245924442488,0.2872245924442488,0.16557124751041102,0.2872245924442488,dataset_AP,5
2656144900535100021,20240328,2,oligodendrocyte_2,oligodendrocyte_2,oligodendrocyte_2,False,True,True,0.5328612295318776,0.5328612295318776,0.14065094752492463,0.5328612295318776,dataset_AP,1
2656144900535100107,20240328,2,astrocyte_2,astrocyte_2,astrocyte_1,False,False,False,0.8621256498343723,0.8621256498343723,0.06662238860041059,0.8621256498343721,dataset_AP,2
2656144900535100137,20240328,2,oligodendrocyte_progenitor_2,oligodendrocyte_progenitor_2,oligodendrocyte_progenitor_2,False,True,True,0.932407406819378,0.932407406819378,0.1197077647627098,0.932407406819378,dataset_AP,2
2656144900535100149,20240328,2,oligodendrocyte_1,oligodendrocyte_1,astrocyte_2,False,False,False,0.41444196900607305,0.41444196900607305,0.1201792504073873,0.4144419690060731,dataset_AP,5
2656144900535100189,20240328,2,endothelial,endothelial,pericyte,False,False,False,0.973304921606476,0.973304921606476,0.15302361493524466,0.9733049216064757,dataset_AP,4
2656144900536100103,20240328,2,oligodendrocyte_1,oligodendrocyte_1,endothelial,False,False,False,0.2819570290444067,0.2819570290444067,0.10024869222193637,0.2819570290444067,dataset_AP,3
2656144900537100063,20240328,2,astrocyte_1,astrocyte_1,astrocyte_1,False,True,True,0.7324387572672941,0.7324387572672941,0.2237066166832053,0.7324387572672941,dataset_AP,3
2656144900537100149,20240328,2,oligodendrocyte_1,oligodendrocyte_1,oligodendrocyte_1,False,True,True,0.45204770636899033,0.45204770636899033,0.11230013848671787,0.4520477063689904,dataset_AP,1
2656144900537100175,20240328,2,astrocyte_1,astrocyte_1,astrocyte_1,False,True,True,0.6552868781999279,0.6552868781999279,0.24731569576086762,0.655286878199928,dataset_AP,1
2656144900537200040,20240328,2,oligodendrocyte_progenitor_1,oligodendrocyte_progenitor_1,oligodendrocyte_progenitor_1,False,True,True,0.997860879284348,0.997860879284348,0.0168816690555821,0.9978608792843481,dataset_AP,3
2656144900537200153,20240328,2,endothelial,endothelial,oligodendrocyte_progenitor_2,False,False,False,0.3557655573071289,0.3557655573071289,0.1785879150854601,0.3557655573071289,dataset_AP,1
2656144900540100204,20240328,3,oligodendrocyte_1,oligodendrocyte_1,oligodendrocyte_progenitor_2,False,False,False,0.4716210172863467,0.4716210172863467,0.08095841631963306,0.4716210172863467,dataset_AP,4
2656144900540200062,20240328,3,oligodendrocyte_2,oligodendrocyte_2,oligodendrocyte_2,False,True,True,0.5573315069537976,0.5573315069537976,0.07866065558373252,0.5573315069537976,dataset_AP,2
2656144900541100067,20240328,3,oligodendrocyte_progenitor_2,oligodendrocyte_progenitor_2,oligodendrocyte_progenitor_2,False,True,True,0.47770312850167984,0.47770312850167984,0.3260329414175568,0.47770312850167984,dataset_AP,3
2656144900541100114,20240328,3,endothelial,endothelial,oligodendrocyte_progenitor_2,False,False,False,0.7313150410007617,0.7313150410007617,0.09355576550146685,0.7313150410007616,dataset_AP,1
2656144900541100117,20240328,3,astrocyte_1,astrocyte_1,astrocyte_1,False,True,True,0.9632771785030297,0.9632771785030297,0.20230373518228584,0.9632771785030297,dataset_AP,5
2656144900541100148,20240328,3,astrocyte_1,astrocyte_1,astrocyte_1,False,True,True,0.6585858841752712,0.6585858841752712,0.2082276697661313,0.6585858841752713,dataset_AP,3
2656144900541100206,20240328,3,astrocyte_1,astrocyte_1,oligodendrocyte_1,False,False,False,0.4091150330846101,0.4091150330846101,0.20230373518228584,0.4091150330846101,dataset_AP,5
2656144900541100283,20240328,3,oligodendrocyte_progenitor_2,oligodendrocyte_progenitor_2,oligodendrocyte_progenitor_2,False,True,True,0.44993631682772917,0.44993631682772917,0.3260329414175568,0.44993631682772917,dataset_AP,3
2656144900542200081,20240328,3,astrocyte_1,astrocyte_1,astrocyte_2,False,False,False,0.46922204799069644,0.46922204799069644,0.2082276697661313,0.46922204799069656,dataset_AP,3
2656144900555100055,20240328,2,microglia,microglia,microglia,False,True,True,0.984992066174218,0.984992066174218,0.03142629329208707,0.9849920661742181,dataset_AP,1
2656144900555100112,20240328,2,oligodendrocyte_2,oligodendrocyte_2,oligodendrocyte_2,False,True,True,0.4940261635838996,0.4940261635838996,0.15820133044213314,0.49402616358389967,dataset_AP,3
2656144900555100187,20240328,2,astrocyte_2,astrocyte_2,astrocyte_2,False,True,True,0.41957750527159093,0.41957750527159093,0.06662238860041059,0.4195775052715908,dataset_AP,2
2656144900556100063,20240328,2,microglia,microglia,microglia,False,True,True,0.9926588607337898,0.9926588607337898,0.04435120842620515,0.9926588607337898,dataset_AP,4
2656144900557100072,20240328,2,pericyte,pericyte,endothelial,False,False,False,0.2640315090680455,0.2640315090680455,0.023195026468348888,0.2640315090680455,dataset_AP,1
2656144900557100089,20240328,2,astrocyte_1,astrocyte_1,astrocyte_1,False,True,True,0.6421545298964038,0.6421545298964038,0.23484519282998373,0.6421545298964039,dataset_AP,5
2656144900557100103,20240328,2,astrocyte_1,astrocyte_1,astrocyte_1,False,True,True,0.45179570534721664,0.45179570534721664,0.24731569576086762,0.45179570534721664,dataset_AP,1
2656144900557200081,20240328,2,astrocyte_1,astrocyte_1,astrocyte_1,False,True,True,0.33984529840335587,0.33984529840335587,0.22674708273239808,0.33984529840335587,dataset_AP,4
2656144900557200093,20240328,2,oligodendrocyte_1,oligodendrocyte_1,astrocyte_1,False,False,False,0.3115025634978118,0.3115025634978118,0.10024869222193637,0.3115025634978118,dataset_AP,3
2656144900558100030,20240328,2,astrocyte_2,astrocyte_2,astrocyte_1,False,False,False,0.5461775631199784,0.5461775631199784,0.03804695515722131,0.5461775631199783,dataset_AP,5
2656144900559100090,20240328,2,astrocyte_2,astrocyte_2,astrocyte_1,False,False,False,0.5631939993933963,0.5631939993933963,0.07115947729557275,0.5631939993933964,dataset_AP,4
2656144900562100058,20240328,2,oligodendrocyte_progenitor_2,oligodendrocyte_progenitor_2,oligodendrocyte_progenitor_2,False,True,True,0.47816396617233464,0.47816396617233464,0.10461442540002278,0.47816396617233464,dataset_AP,1
2656144900563100121,20240328,2,endothelial,endothelial,endothelial,False,True,True,0.9156597972896819,0.9156597972896819,0.16557124751041102,0.9156597972896819,dataset_AP,5
2656144900564100021,20240328,2,oligodendrocyte_2,oligodendrocyte_2,oligodendrocyte_2,False,True,True,0.9975561713261132,0.9975561713261132,0.14065094752492463,0.9975561713261133,dataset_AP,1
2656144900564100070,20240328,2,oligodendrocyte_2,oligodendrocyte_2,oligodendrocyte_2,False,True,True,0.6409669580564991,0.6409669580564991,0.15594131143581694,0.6409669580564991,dataset_AP,2
2656144900565100145,20240328,2,pericyte,pericyte,pericyte,False,True,True,0.9999954339887481,0.9999954339887481,0.016217848085979952,0.9999954339887484,dataset_AP,2
2656144900565100156,20240328,2,oligodendrocyte_1,oligodendrocyte_1,oligodendrocyte_1,False,True,True,0.6697641419787759,0.6697641419787759,0.10024869222193637,0.669764141978776,dataset_AP,3
2656144900565100164,20240328,2,endothelial,endothelial,endothelial,False,True,True,0.7601379416636969,0.7601379416636969,0.13700640019321336,0.7601379416636969,dataset_AP,2
2656144900566100073,20240328,2,oligodendrocyte_2,oligodendrocyte_2,oligodendrocyte_2,False,True,True,0.930228773545486,0.930228773545486,0.1505557740774733,0.930228773545486,dataset_AP,4
2656144900566100136,20240328,2,Schwann_cell,Schwann_cell,Schwann_cell,False,True,True,0.8201145074225832,0.8201145074225832,0.002354788069073783,0.8201145074225832,dataset_AP,2
2656144900582100146,20240328,2,astrocyte_1,astrocyte_1,astrocyte_1,False,True,True,0.9999383138769483,0.9999383138769483,0.24731569576086762,0.9999383138769483,dataset_AP,1
2656144900582100256,20240328,2,oligodendrocyte_1,oligodendrocyte_1,oligodendrocyte_1,False,True,True,0.327184931339619,0.327184931339619,0.10230030738749762,0.327184931339619,dataset_AP,4
2656144900583100130,20240328,2,oligodendrocyte_precursor_cell,oligodendrocyte_precursor_cell,oligodendrocyte_precursor_cell,False,True,True,0.9042134651840724,0.9042134651840724,0.025817636175575077,0.9042134651840722,dataset_AP,4
2656144900583100141,20240328,2,meninges_1,meninges_1,oligodendrocyte_progenitor_2,False,False,False,0.6894286215670076,0.6894286215670076,0.017544812601846822,0.6894286215670076,dataset_AP,5
2656144900583100192,20240328,2,astrocyte_1,astrocyte_1,oligodendrocyte_1,False,False,False,0.42821113647632764,0.42821113647632764,0.24731569576086762,0.42821113647632775,dataset_AP,1
2656144900584100151,20240328,2,astrocyte_2,astrocyte_2,astrocyte_1,False,False,False,0.3740042606051053,0.3740042606051053,0.03804695515722131,0.3740042606051053,dataset_AP,5
2656144900584100215,20240328,2,oligodendrocyte_1,oligodendrocyte_1,oligodendrocyte_1,False,True,True,0.29521383998994294,0.29521383998994294,0.11230013848671787,0.2952138399899429,dataset_AP,1
2656144900585100020,20240328,2,astrocyte_1,astrocyte_1,astrocyte_1,False,True,True,0.9693705320705082,0.9693705320705082,0.22765366501630238,0.9693705320705079,dataset_AP,2
2656144900585100136,20240328,2,endothelial,endothelial,endothelial,False,True,True,0.8138669369372481,0.8138669369372481,0.16557124751041102,0.8138669369372479,dataset_AP,5
2656144900588100091,20240328,2,oligodendrocyte_2,oligodendrocyte_2,oligodendrocyte_2,False,True,True,0.9779520632604053,0.9779520632604053,0.14885026253847547,0.9779520632604055,dataset_AP,5
2656144900589100058,20240328,2,astrocyte_1,astrocyte_1,astrocyte_1,False,True,True,0.9993923774095342,0.9993923774095342,0.22765366501630238,0.9993923774095342,dataset_AP,2
2656144900589100107,20240328,2,astrocyte_1,astrocyte_1,astrocyte_1,False,True,True,0.9035692390588547,0.9035692390588547,0.22765366501630238,0.9035692390588544,dataset_AP,2
2656144900589100173,20240328,2,astrocyte_1,astrocyte_1,astrocyte_1,False,True,True,0.7041989400344789,0.7041989400344789,0.2237066166832053,0.704198940034479,dataset_AP,3
2656144900590100199,20240328,2,oligodendrocyte_1,oligodendrocyte_1,oligodendrocyte_1,False,True,True,0.6321565488230961,0.6321565488230961,0.10024869222193637,0.6321565488230961,dataset_AP,3
2656144900590100237,20240328,2,oligodendrocyte_1,oligodendrocyte_1,astrocyte_1,False,False,False,0.543737212314301,0.543737212314301,0.11310228233305157,0.543737212314301,dataset_AP,2
2656144900591100033,20240328,2,oligodendrocyte_2,oligodendrocyte_2,oligodendrocyte_2,False,True,True,0.8474575418594584,0.8474575418594584,0.14065094752492463,0.8474575418594587,dataset_AP,1
2656144900591100123,20240328,2,pericyte,pericyte,endothelial,False,False,False,0.4806825990974801,0.4806825990974801,0.02369926617418256,0.48068259909748,dataset_AP,3
2656144900591100172,20240328,2,oligodendrocyte_2,oligodendrocyte_2,oligodendrocyte_2,False,True,True,0.9599739337570039,0.9599739337570039,0.14885026253847547,0.959973933757004,dataset_AP,5
2656144900591200039,20240328,2,oligodendrocyte_2,oligodendrocyte_2,oligodendrocyte_2,False,True,True,0.9621048516896843,0.9621048516896843,0.15594131143581694,0.9621048516896841,dataset_AP,2
2656144900609100037,20240328,2,oligodendrocyte_2,oligodendrocyte_2,oligodendrocyte_2,False,True,True,0.5169561131838629,0.5169561131838629,0.1505557740774733,0.5169561131838629,dataset_AP,4
2656144900609100198,20240328,2,astrocyte_2,astrocyte_2,astrocyte_1,False,False,False,0.6142876601517354,0.6142876601517354,0.0661498893904786,0.6142876601517354,dataset_AP,1
2656144900615100088,20240328,2,oligodendrocyte_progenitor_1,oligodendrocyte_progenitor_1,astrocyte_1,False,False,False,0.6428176656621466,0.6428176656621466,0.023020555628396194,0.6428176656621466,dataset_AP,4
2656144900615100103,20240328,2,astrocyte_1,astrocyte_1,astrocyte_1,False,True,True,0.9677300782176563,0.9677300782176563,0.2237066166832053,0.9677300782176561,dataset_AP,3
2656144900615100219,20240328,2,oligodendrocyte_1,oligodendrocyte_1,oligodendrocyte_1,False,True,True,0.6219083849221739,0.6219083849221739,0.1201792504073873,0.6219083849221739,dataset_AP,5
2656144900615100280,20240328,2,microglia,microglia,microglia,False,True,True,0.8469165217122491,0.8469165217122491,0.04435120842620515,0.8469165217122488,dataset_AP,4
2656144900616100026,20240328,2,oligodendrocyte_progenitor_2,oligodendrocyte_progenitor_2,oligodendrocyte_precursor_cell,False,False,False,0.3543986210451847,0.3543986210451847,0.11419628309260416,0.35439862104518477,dataset_AP,3
2656144900616200135,20240328,2,endothelial,endothelial,endothelial,False,True,True,0.8120107153525714,0.8120107153525714,0.13700640019321336,0.8120107153525714,dataset_AP,2
2656144900635100073,20240328,2,oligodendrocyte_progenitor_2,oligodendrocyte_progenitor_2,oligodendrocyte_progenitor_2,False,True,True,0.6641608894611296,0.6641608894611296,0.1197077647627098,0.6641608894611296,dataset_AP,2
2656144900635100108,20240328,2,oligodendrocyte_progenitor_2,oligodendrocyte_progenitor_2,oligodendrocyte_2,False,False,False,0.7485445042680702,0.7485445042680702,0.13619742726862172,0.7485445042680702,dataset_AP,4
2656144900635100149,20240328,2,meninges_3,meninges_3,meninges_1,False,False,False,0.38318465588335227,0.38318465588335227,0.008051413943394302,0.38318465588335227,dataset_AP,1
2656144900639100150,20240328,2,meninges_3,meninges_3,meninges_3,False,True,True,0.6935235633281095,0.6935235633281095,0.0009053050878145936,0.6935235633281094,dataset_AP,5
2656144900641100221,20240328,2,pericyte,pericyte,astrocyte_1,False,False,False,0.2230265923513208,0.2230265923513208,0.02369926617418256,0.22302659235132075,dataset_AP,3
2656144900641100255,20240328,2,oligodendrocyte_progenitor_2,oligodendrocyte_progenitor_2,oligodendrocyte_1,False,False,False,0.5305031519905877,0.5305031519905877,0.13619742726862172,0.5305031519905876,dataset_AP,4
2656144900641200126,20240328,2,microglia,microglia,microglia,False,True,True,0.7968448109408469,0.7968448109408469,0.03142629329208707,0.7968448109408469,dataset_AP,1
2656144900642100134,20240328,2,astrocyte_1,astrocyte_1,astrocyte_2,False,False,False,0.6803883560873968,0.6803883560873968,0.2237066166832053,0.6803883560873968,dataset_AP,3
2656144900642100137,20240328,2,oligodendrocyte_precursor_cell,oligodendrocyte_precursor_cell,oligodendrocyte_precursor_cell,False,True,True,0.9907074221360003,0.9907074221360003,0.019460081653207676,0.9907074221360005,dataset_AP,1
2656144900642100151,20240328,2,oligodendrocyte_2,oligodendrocyte_2,oligodendrocyte_progenitor_2,False,False,False,0.5519532098197004,0.5519532098197004,0.15820133044213314,0.5519532098197005,dataset_AP,3
2656144900643100022,20240328,2,oligodendrocyte_2,oligodendrocyte_2,oligodendrocyte_2,False,True,True,0.9174661476329136,0.9174661476329136,0.14885026253847547,0.9174661476329137,dataset_AP,5
2707604000010100086,20240415,2,oligodendrocyte_2,oligodendrocyte_2,astrocyte_2,False,False,False,0.3786673489538453,0.3786673489538453,0.16545338354235967,0.3786673489538453,dataset_AP,4
2707604000011100037,20240415,2,oligodendrocyte_1,oligodendrocyte_1,oligodendrocyte_2,False,False,False,0.43166107094383677,0.43166107094383677,0.06799113563605472,0.4316610709438368,dataset_AP,4
2707604000024100087,20240415,2,microglia,microglia,oligodendrocyte_2,False,False,False,0.8604509348008903,0.8604509348008903,0.03088317712155413,0.8604509348008906,dataset_AP,3
2707604000024100189,20240415,2,oligodendrocyte_precursor_cell,oligodendrocyte_precursor_cell,oligodendrocyte_progenitor_2,False,False,False,0.7391247759905764,0.7391247759905764,0.03935484070733437,0.7391247759905764,dataset_AP,3
2707604000025100082,20240415,2,oligodendrocyte_2,oligodendrocyte_2,oligodendrocyte_2,False,True,True,0.9983006017097283,0.9983006017097283,0.16027635229156142,0.9983006017097285,dataset_AP,5
2707604000025100103,20240415,2,endothelial,endothelial,endothelial,False,True,True,0.9120550867653773,0.9120550867653773,0.1020278833967047,0.9120550867653774,dataset_AP,5
2707604000026100018,20240415,2,oligodendrocyte_2,oligodendrocyte_2,astrocyte_2,False,False,False,0.7654734313937377,0.7654734313937377,0.16545338354235967,0.7654734313937378,dataset_AP,4
2707604000027100015,20240415,2,Schwann_cell,Schwann_cell,Schwann_cell,False,True,True,0.6613345031373371,0.6613345031373371,0.0409313377838175,0.6613345031373371,dataset_AP,4
2707604000038100061,20240415,2,pericyte,pericyte,oligodendrocyte_1,False,False,False,0.43658699947054747,0.43658699947054747,0.014931414170957898,0.43658699947054735,dataset_AP,5
2707604000039100163,20240415,2,meninges_2,meninges_2,oligodendrocyte_1,False,False,False,0.2905593113456742,0.2905593113456742,0.014960957926737394,0.2905593113456742,dataset_AP,5
2707604000040100083,20240415,2,astrocyte_1,astrocyte_1,astrocyte_1,False,True,True,0.9913304061038448,0.9913304061038448,0.14396507940865602,0.9913304061038444,dataset_AP,4
2707604000040100253,20240415,2,endothelial,endothelial,endothelial,False,True,True,0.9834839210573745,0.9834839210573745,0.11868366676058985,0.9834839210573743,dataset_AP,2
2707604000040200169,20240415,2,oligodendrocyte_progenitor_2,oligodendrocyte_progenitor_2,oligodendrocyte_progenitor_2,False,True,True,0.8919001594730486,0.8919001594730486,0.1776808356478686,0.8919001594730486,dataset_AP,1
2707604000041100054,20240415,2,astrocyte_1,astrocyte_1,astrocyte_1,False,True,True,0.9570264062422844,0.9570264062422844,0.166220531605147,0.9570264062422844,dataset_AP,2
2707604000041100057,20240415,2,endothelial,endothelial,endothelial,False,True,True,0.8969253623046449,0.8969253623046449,0.12157270737152394,0.8969253623046449,dataset_AP,3
2707604000041100135,20240415,2,oligodendrocyte_1,oligodendrocyte_1,oligodendrocyte_progenitor_2,False,False,False,0.3697603913673782,0.3697603913673782,0.07581360946745562,0.3697603913673782,dataset_AP,2
2707604000041100180,20240415,2,endothelial,endothelial,endothelial,False,True,True,0.9757582745745134,0.9757582745745134,0.11868366676058985,0.9757582745745135,dataset_AP,2
2707604000041100205,20240415,2,endothelial,endothelial,endothelial,False,True,True,0.938744773900403,0.938744773900403,0.12157270737152394,0.938744773900403,dataset_AP,3
2707604000042100187,20240415,2,oligodendrocyte_precursor_cell,oligodendrocyte_precursor_cell,oligodendrocyte_progenitor_2,False,False,False,0.47532705662727626,0.47532705662727626,0.04600562182475952,0.47532705662727615,dataset_AP,4
2707604000042100196,20240415,2,microglia,microglia,microglia,False,True,True,0.988797355149498,0.988797355149498,0.019606228237544213,0.9887973551494984,dataset_AP,4
2707604000042100205,20240415,2,astrocyte_1,astrocyte_1,astrocyte_1,False,True,True,0.5169284683777516,0.5169284683777516,0.14396507940865602,0.5169284683777516,dataset_AP,4
2707604000054100020,20240415,2,oligodendrocyte_1,oligodendrocyte_1,oligodendrocyte_progenitor_2,False,False,False,0.38132195680624387,0.38132195680624387,0.07440828402366864,0.38132195680624387,dataset_AP,1
2707604000054100060,20240415,2,oligodendrocyte_1,oligodendrocyte_1,astrocyte_1,False,False,False,0.3657758703516615,0.3657758703516615,0.07581360946745562,0.3657758703516615,dataset_AP,2
2707604000054100107,20240415,2,oligodendrocyte_1,oligodendrocyte_1,oligodendrocyte_progenitor_2,False,False,False,0.2233922907360491,0.2233922907360491,0.06232550719242735,0.22339229073604913,dataset_AP,5
2707604000054100108,20240415,2,oligodendrocyte_progenitor_2,oligodendrocyte_progenitor_2,oligodendrocyte_progenitor_2,False,True,True,0.8952482779903068,0.8952482779903068,0.20749683009298392,0.8952482779903068,dataset_AP,2
2707604000054100131,20240415,2,oligodendrocyte_precursor_cell,oligodendrocyte_precursor_cell,oligodendrocyte_progenitor_1,False,False,False,0.7909002076559367,0.7909002076559367,0.04600562182475952,0.7909002076559368,dataset_AP,4
2707604000054100161,20240415,2,astrocyte_1,astrocyte_1,astrocyte_1,False,True,True,0.905830507065809,0.905830507065809,0.14596968965100834,0.905830507065809,dataset_AP,1
2707604000054100167,20240415,2,oligodendrocyte_1,oligodendrocyte_1,oligodendrocyte_progenitor_2,False,False,False,0.5324404264399878,0.5324404264399878,0.07440828402366864,0.5324404264399878,dataset_AP,1
2707604000055100048,20240415,2,oligodendrocyte_progenitor_2,oligodendrocyte_progenitor_2,oligodendrocyte_progenitor_2,False,True,True,0.43334524038027816,0.43334524038027816,0.19325672918234202,0.43334524038027816,dataset_AP,3
2707604000055100067,20240415,2,pericyte,pericyte,endothelial,False,False,False,0.6993310677953704,0.6993310677953704,0.014931414170957898,0.6993310677953704,dataset_AP,5
2707604000055100092,20240415,2,astrocyte_1,astrocyte_1,astrocyte_1,False,True,True,0.23754137621053836,0.23754137621053836,0.17169052418418437,0.23754137621053836,dataset_AP,3
2707604000055100295,20240415,2,oligodendrocyte_1,oligodendrocyte_1,oligodendrocyte_progenitor_2,False,False,False,0.5544028562476643,0.5544028562476643,0.06232550719242735,0.5544028562476643,dataset_AP,5
2707604000056100183,20240415,2,oligodendrocyte_1,oligodendrocyte_1,oligodendrocyte_1,False,True,True,0.4573268948111083,0.4573268948111083,0.06532717775321326,0.4573268948111083,dataset_AP,3
2707604000057100130,20240415,2,oligodendrocyte_progenitor_2,oligodendrocyte_progenitor_2,oligodendrocyte_progenitor_2,False,True,True,0.7782973896917561,0.7782973896917561,0.19325672918234202,0.7782973896917561,dataset_AP,3
2707604000057100207,20240415,2,microglia,microglia,microglia,False,True,True,0.9984485672135217,0.9984485672135217,0.018858011646473185,0.9984485672135217,dataset_AP,2
2707604000057100275,20240415,2,oligodendrocyte_2,oligodendrocyte_2,oligodendrocyte_2,False,True,True,0.9967562311378911,0.9967562311378911,0.1532299765604922,0.9967562311378911,dataset_AP,3
2707604000067100058,20240415,2,oligodendrocyte_precursor_cell,oligodendrocyte_precursor_cell,oligodendrocyte_2,False,False,False,0.7179178749860037,0.7179178749860037,0.030360664976049594,0.7179178749860037,dataset_AP,2
2707604000068100023,20240415,2,oligodendrocyte_2,oligodendrocyte_2,oligodendrocyte_2,False,True,True,0.9957081449609291,0.9957081449609291,0.16261035972574434,0.9957081449609291,dataset_AP,2
2707604000069100107,20240415,2,oligodendrocyte_progenitor_2,oligodendrocyte_progenitor_2,oligodendrocyte_progenitor_2,False,True,True,0.7514369553747342,0.7514369553747342,0.19325672918234202,0.7514369553747342,dataset_AP,3
2707604000069100158,20240415,2,oligodendrocyte_progenitor_2,oligodendrocyte_progenitor_2,oligodendrocyte_progenitor_2,False,True,True,0.956815940153707,0.956815940153707,0.20847879766769006,0.9568159401537071,dataset_AP,4
2707604000070100047,20240415,2,astrocyte_1,astrocyte_1,astrocyte_1,False,True,True,0.40712587551327517,0.40712587551327517,0.16740673774894307,0.4071258755132753,dataset_AP,5
2707604000070100097,20240415,2,endothelial,endothelial,endothelial,False,True,True,0.9074021319052209,0.9074021319052209,0.12207462866803527,0.907402131905221,dataset_AP,1
2707604000070100198,20240415,2,oligodendrocyte_1,oligodendrocyte_1,oligodendrocyte_1,False,True,True,0.6237039545360422,0.6237039545360422,0.06799113563605472,0.6237039545360422,dataset_AP,4
2707604000070100247,20240415,2,oligodendrocyte_progenitor_2,oligodendrocyte_progenitor_2,oligodendrocyte_progenitor_2,False,True,True,0.9937958247048178,0.9937958247048178,0.20847879766769006,0.9937958247048175,dataset_AP,4
2707604000071100175,20240415,2,oligodendrocyte_1,oligodendrocyte_1,oligodendrocyte_progenitor_2,False,False,False,0.5095023054493947,0.5095023054493947,0.06532717775321326,0.5095023054493947,dataset_AP,3
2707604000071100197,20240415,2,oligodendrocyte_2,oligodendrocyte_2,oligodendrocyte_2,False,True,True,0.898277680347647,0.898277680347647,0.16545338354235967,0.8982776803476468,dataset_AP,4
2707604000071100243,20240415,2,astrocyte_2,astrocyte_2,astrocyte_1,False,False,False,0.5444492921979607,0.5444492921979607,0.11302997804898945,0.5444492921979607,dataset_AP,5
2707604000072100079,20240415,2,oligodendrocyte_progenitor_2,oligodendrocyte_progenitor_2,oligodendrocyte_2,False,False,False,0.6202034438356778,0.6202034438356778,0.19325672918234202,0.6202034438356778,dataset_AP,3
2707604000073100035,20240415,2,oligodendrocyte_precursor_cell,oligodendrocyte_precursor_cell,astrocyte_2,False,False,False,0.8209395361404904,0.8209395361404904,0.04600562182475952,0.8209395361404904,dataset_AP,4
2707604000083100028,20240415,2,oligodendrocyte_2,oligodendrocyte_2,oligodendrocyte_2,False,True,True,0.8877248964334051,0.8877248964334051,0.16027635229156142,0.8877248964334052,dataset_AP,5
2707604000083100070,20240415,2,astrocyte_1,astrocyte_1,astrocyte_2,False,False,False,0.6929635800311152,0.6929635800311152,0.17169052418418437,0.6929635800311154,dataset_AP,3
2707604000083100153,20240415,2,oligodendrocyte_2,oligodendrocyte_2,oligodendrocyte_2,False,True,True,0.9435507693359435,0.9435507693359435,0.16261035972574434,0.9435507693359433,dataset_AP,2
2707604000083100157,20240415,2,astrocyte_2,astrocyte_2,astrocyte_2,False,True,True,0.9923920014475266,0.9923920014475266,0.11302997804898945,0.9923920014475266,dataset_AP,5
2707604000084100100,20240415,2,oligodendrocyte_precursor_cell,oligodendrocyte_precursor_cell,oligodendrocyte_progenitor_2,False,False,False,0.23355536689824016,0.23355536689824016,0.04194239826107958,0.23355536689824016,dataset_AP,1
2707604000085100151,20240415,2,oligodendrocyte_progenitor_1,oligodendrocyte_progenitor_1,oligodendrocyte_2,False,False,False,0.4466586611531537,0.4466586611531537,0.00808913308913309,0.4466586611531537,dataset_AP,2
2707604000085100204,20240415,2,oligodendrocyte_1,oligodendrocyte_1,oligodendrocyte_progenitor_2,False,False,False,0.42449392112072376,0.42449392112072376,0.06532717775321326,0.42449392112072376,dataset_AP,3
2707604000085100209,20240415,2,oligodendrocyte_2,oligodendrocyte_2,oligodendrocyte_2,False,True,True,0.9634008378173624,0.9634008378173624,0.1636849414321942,0.9634008378173625,dataset_AP,1
2707604000086100021,20240415,2,astrocyte_1,astrocyte_1,astrocyte_1,False,True,True,0.9965411745989713,0.9965411745989713,0.14596968965100834,0.9965411745989713,dataset_AP,1
2707604000086100312,20240415,2,astrocyte_1,astrocyte_1,astrocyte_1,False,True,True,0.6828435680813797,0.6828435680813797,0.166220531605147,0.6828435680813797,dataset_AP,2
2707604000086200254,20240415,2,astrocyte_1,astrocyte_1,astrocyte_1,False,True,True,0.987811807311218,0.987811807311218,0.14596968965100834,0.9878118073112182,dataset_AP,1
2707604000095100011,20240415,4,meninges_1,meninges_1,meninges_2,False,False,False,0.6773189429885395,0.6773189429885395,0.03869834475399124,0.6773189429885396,dataset_AP,1
2707604000095100056,20240415,4,oligodendrocyte_progenitor_1,oligodendrocyte_progenitor_1,oligodendrocyte_progenitor_1,False,True,True,0.9427130287510259,0.9427130287510259,0.00886354034643008,0.942713028751026,dataset_AP,5
2707604000095100114,20240415,4,endothelial,endothelial,astrocyte_1,False,False,False,0.4750201168390639,0.4750201168390639,0.10859661763120719,0.4750201168390639,dataset_AP,2
2707604000095200011,20240415,4,astrocyte_1,astrocyte_1,astrocyte_2,False,False,False,0.5635148645843981,0.5635148645843981,0.18348590852682506,0.5635148645843981,dataset_AP,1
2707604000097200040,20240415,2,meninges_2,meninges_2,meninges_2,False,True,True,0.9450792172341422,0.9450792172341422,0.014886822579130272,0.945079217234142,dataset_AP,2
2707604000099100034,20240415,2,oligodendrocyte_progenitor_2,oligodendrocyte_progenitor_2,oligodendrocyte_2,False,False,False,0.7799091467602288,0.7799091467602288,0.20847879766769006,0.7799091467602288,dataset_AP,4
2707604000099100079,20240415,2,astrocyte_2,astrocyte_2,astrocyte_2,False,True,True,0.9072324011199566,0.9072324011199566,0.11188262287163386,0.9072324011199566,dataset_AP,1
2707604000100100053,20240415,2,oligodendrocyte_2,oligodendrocyte_2,oligodendrocyte_2,False,True,True,0.9990394073822672,0.9990394073822672,0.16545338354235967,0.9990394073822672,dataset_AP,4
2707604000100100091,20240415,2,oligodendrocyte_precursor_cell,oligodendrocyte_precursor_cell,astrocyte_2,False,False,False,0.3995168171806145,0.3995168171806145,0.03935484070733437,0.3995168171806145,dataset_AP,3
2707604000100100216,20240415,2,Schwann_cell,Schwann_cell,Schwann_cell,False,True,True,0.5596821028720127,0.5596821028720127,0.04403453689167975,0.5596821028720127,dataset_AP,1
2707604000101200039,20240415,2,meninges_1,meninges_1,oligodendrocyte_progenitor_2,False,False,False,0.4483075441597511,0.4483075441597511,0.0087730950368313,0.4483075441597512,dataset_AP,1
2707604000109100025,20240415,4,astrocyte_1,astrocyte_1,astrocyte_1,False,True,True,0.6234166475856454,0.6234166475856454,0.18348590852682506,0.6234166475856454,dataset_AP,1
2707604000109100211,20240415,4,oligodendrocyte_precursor_cell,oligodendrocyte_precursor_cell,pericyte,False,False,False,0.48629203633549345,0.48629203633549345,0.03183806384632404,0.48629203633549334,dataset_AP,2
2707604000110100065,20240415,4,endothelial,endothelial,endothelial,False,True,True,0.9837692093798557,0.9837692093798557,0.10859661763120719,0.9837692093798559,dataset_AP,2
2707604000110100203,20240415,4,endothelial,endothelial,oligodendrocyte_precursor_cell,False,False,False,0.9024459398093321,0.9024459398093321,0.12185032643297782,0.9024459398093319,dataset_AP,1
2707604000110100274,20240415,4,oligodendrocyte_2,oligodendrocyte_2,oligodendrocyte_2,False,True,True,0.729483300438088,0.729483300438088,0.13355874894336434,0.729483300438088,dataset_AP,1
2707604000110100282,20240415,4,oligodendrocyte_progenitor_2,oligodendrocyte_progenitor_2,oligodendrocyte_progenitor_2,False,True,True,0.8796081989221093,0.8796081989221093,0.23227399986810787,0.8796081989221093,dataset_AP,1
2707604000111100101,20240415,2,Schwann_cell,Schwann_cell,Schwann_cell,False,True,True,0.9324740203837011,0.9324740203837011,0.04311024843344235,0.9324740203837012,dataset_AP,5
2707604000122100133,20240415,4,oligodendrocyte_2,oligodendrocyte_2,oligodendrocyte_2,False,True,True,0.9982687712129591,0.9982687712129591,0.13355874894336434,0.9982687712129589,dataset_AP,1
2707604000122100150,20240415,4,astrocyte_1,astrocyte_1,astrocyte_2,False,False,False,0.9258118106013167,0.9258118106013167,0.18348590852682506,0.9258118106013169,dataset_AP,1
2707604000123100134,20240415,4,oligodendrocyte_2,oligodendrocyte_2,oligodendrocyte_2,False,True,True,0.5748373572505502,0.5748373572505502,0.13355874894336434,0.5748373572505501,dataset_AP,1
2707604000123200020,20240415,4,endothelial,endothelial,endothelial,False,True,True,0.962413126285718,0.962413126285718,0.12809400783398617,0.9624131262857181,dataset_AP,3
2707604000124100020,20240415,4,oligodendrocyte_progenitor_1,oligodendrocyte_progenitor_1,astrocyte_1,False,False,False,0.9097774819188024,0.9097774819188024,0.016522484607590992,0.9097774819188024,dataset_AP,1
2707604000124100144,20240415,4,endothelial,endothelial,endothelial,False,True,True,0.6712218934110974,0.6712218934110974,0.09458949443740318,0.6712218934110974,dataset_AP,4
2707604000124100158,20240415,4,endothelial,endothelial,endothelial,False,True,True,0.9621058318690351,0.9621058318690351,0.12809400783398617,0.9621058318690353,dataset_AP,3
2707604000124100196,20240415,4,astrocyte_1,astrocyte_1,oligodendrocyte_1,False,False,False,0.8113711440528295,0.8113711440528295,0.1870571349146465,0.8113711440528295,dataset_AP,2
2707604000124200185,20240415,4,oligodendrocyte_1,oligodendrocyte_1,oligodendrocyte_progenitor_2,False,False,False,0.6549684279656784,0.6549684279656784,0.04586791628608872,0.6549684279656783,dataset_AP,2
2707604000125100019,20240415,4,endothelial,endothelial,endothelial,False,True,True,0.7016643328130198,0.7016643328130198,0.09458949443740318,0.7016643328130199,dataset_AP,4
2707604000126100060,20240415,4,oligodendrocyte_2,oligodendrocyte_2,oligodendrocyte_2,False,True,True,0.5326229314256894,0.5326229314256894,0.13355874894336434,0.5326229314256894,dataset_AP,1
2707604000126100086,20240415,2,peripheral_glia,peripheral_glia,peripheral_glia,False,True,True,0.9997888521542603,0.9997888521542603,0.011287887936239584,0.9997888521542604,dataset_AP,1
2707604000126100113,20240415,2,peripheral_glia,peripheral_glia,peripheral_glia,False,True,True,0.9989726340627244,0.9989726340627244,0.011546357277549163,0.9989726340627244,dataset_AP,3
2707604000126100141,20240415,2,peripheral_glia,peripheral_glia,peripheral_glia,False,True,True,0.9999992032513174,0.9999992032513174,0.011546357277549163,0.9999992032513172,dataset_AP,3
2707604000126100220,20240415,2,Schwann_cell,Schwann_cell,Schwann_cell,False,True,True,0.9982878394161301,0.9982878394161301,0.03239468864468865,0.9982878394161302,dataset_AP,2
2707604000127100200,20240415,2,peripheral_glia,peripheral_glia,peripheral_glia,False,True,True,0.9978466462539358,0.9978466462539358,0.014417206724899033,0.9978466462539359,dataset_AP,2
2707604000136100037,20240415,4,astrocyte_1,astrocyte_1,astrocyte_2,False,False,False,0.43343444767374484,0.43343444767374484,0.1962782612836784,0.43343444767374484,dataset_AP,3
2707604000136100065,20240415,4,oligodendrocyte_1,oligodendrocyte_1,oligodendrocyte_2,False,False,False,0.5700492208555771,0.5700492208555771,0.05889029714124771,0.5700492208555772,dataset_AP,4
2707604000138100161,20240415,4,oligodendrocyte_progenitor_2,oligodendrocyte_progenitor_2,oligodendrocyte_progenitor_2,False,True,True,0.7124250662069148,0.7124250662069148,0.19548652863929136,0.7124250662069149,dataset_AP,3
2707604000139100228,20240415,4,oligodendrocyte_progenitor_2,oligodendrocyte_progenitor_2,oligodendrocyte_progenitor_2,False,True,True,0.5312938356404516,0.5312938356404516,0.218324179693001,0.5312938356404516,dataset_AP,5
2707604000140100290,20240415,4,astrocyte_1,astrocyte_1,astrocyte_1,False,True,True,0.7861807535770942,0.7861807535770942,0.17252217997465144,0.7861807535770942,dataset_AP,5
2707604000152100108,20240415,4,oligodendrocyte_progenitor_2,oligodendrocyte_progenitor_2,oligodendrocyte_progenitor_2,False,True,True,0.9460609629837479,0.9460609629837479,0.19548652863929136,0.9460609629837479,dataset_AP,3
2707604000153100083,20240415,4,endothelial,endothelial,endothelial,False,True,True,0.930527202361873,0.930527202361873,0.09458949443740318,0.930527202361873,dataset_AP,4
2707604000153100184,20240415,4,oligodendrocyte_2,oligodendrocyte_2,oligodendrocyte_2,False,True,True,0.5707124734299963,0.5707124734299963,0.1388705816082242,0.5707124734299964,dataset_AP,4
2707604000153200053,20240415,4,astrocyte_1,astrocyte_1,astrocyte_1,False,True,True,0.7996177418764217,0.7996177418764217,0.1870571349146465,0.7996177418764217,dataset_AP,2
2707604000155100034,20240415,4,oligodendrocyte_1,oligodendrocyte_1,oligodendrocyte_progenitor_2,False,False,False,0.3067111906870113,0.3067111906870113,0.06265474841579588,0.3067111906870113,dataset_AP,1
2707604000155100180,20240415,4,astrocyte_2,astrocyte_2,astrocyte_2,False,True,True,0.7553720659256253,0.7553720659256253,0.07976855214124987,0.7553720659256254,dataset_AP,3
2707604000155100192,20240415,4,astrocyte_1,astrocyte_1,astrocyte_1,False,True,True,0.7118600787855569,0.7118600787855569,0.17252217997465144,0.7118600787855568,dataset_AP,5
2707604700012100099,20240415,2,oligodendrocyte_1,oligodendrocyte_1,oligodendrocyte_1,False,True,True,0.38138760141351635,0.38138760141351635,0.06232550719242735,0.38138760141351635,dataset_AP,5
2707604700012100151,20240415,2,astrocyte_1,astrocyte_1,astrocyte_1,False,True,True,0.9599248111802928,0.9599248111802928,0.16740673774894307,0.9599248111802928,dataset_AP,5
2707604700014100024,20240415,2,oligodendrocyte_2,oligodendrocyte_2,oligodendrocyte_2,False,True,True,0.9364761250285184,0.9364761250285184,0.16027635229156142,0.9364761250285186,dataset_AP,5
2707604700034100014,20240415,2,oligodendrocyte_2,oligodendrocyte_2,oligodendrocyte_2,False,True,True,0.7337286608748843,0.7337286608748843,0.16027635229156142,0.7337286608748842,dataset_AP,5
2707604700034200011,20240415,2,oligodendrocyte_2,oligodendrocyte_2,oligodendrocyte_2,False,True,True,0.9903378571168766,0.9903378571168766,0.16261035972574434,0.9903378571168767,dataset_AP,2
2707604700035100019,20240415,2,microglia,microglia,microglia,False,True,True,0.7798638810947778,0.7798638810947778,0.019606228237544213,0.7798638810947778,dataset_AP,4
2707604700035100093,20240415,2,astrocyte_1,astrocyte_1,astrocyte_1,False,True,True,0.924248945415535,0.924248945415535,0.14596968965100834,0.924248945415535,dataset_AP,1
2707604700035100119,20240415,2,oligodendrocyte_progenitor_2,oligodendrocyte_progenitor_2,oligodendrocyte_progenitor_2,False,True,True,0.9895956482203726,0.9895956482203726,0.20847879766769006,0.9895956482203726,dataset_AP,4
2707604700035100156,20240415,2,endothelial,endothelial,endothelial,False,True,True,0.7004747260772964,0.7004747260772964,0.12157270737152394,0.7004747260772964,dataset_AP,3
2707604700036100158,20240415,2,oligodendrocyte_progenitor_2,oligodendrocyte_progenitor_2,oligodendrocyte_progenitor_2,False,True,True,0.7407048990191287,0.7407048990191287,0.19492526906975577,0.7407048990191287,dataset_AP,5
2707604700037100080,20240415,2,pericyte,pericyte,pericyte,False,True,True,0.9976682314966667,0.9976682314966667,0.018300342819573587,0.997668231496667,dataset_AP,2
2707604700037100112,20240415,2,astrocyte_2,astrocyte_2,astrocyte_1,False,False,False,0.5290892953654773,0.5290892953654773,0.09140117042548032,0.5290892953654773,dataset_AP,4
2707604700037200059,20240415,2,pericyte,pericyte,pericyte,False,True,True,0.5305038154367415,0.5305038154367415,0.0193058561613084,0.5305038154367415,dataset_AP,3
2707604700038100142,20240415,2,astrocyte_2,astrocyte_2,astrocyte_2,False,True,True,0.39139748352625076,0.39139748352625076,0.11302997804898945,0.39139748352625087,dataset_AP,5
2707604700044100041,20240415,3,oligodendrocyte_1,oligodendrocyte_1,oligodendrocyte_progenitor_2,False,False,False,0.29804114217544003,0.29804114217544003,0.0788421557652327,0.29804114217544003,dataset_AP,2
2707604700044100101,20240415,3,endothelial,endothelial,endothelial,False,True,True,0.3831881714242267,0.3831881714242267,0.1349996272273168,0.3831881714242267,dataset_AP,5
2707604700044100127,20240415,3,astrocyte_1,astrocyte_1,astrocyte_1,False,True,True,0.6805760842150363,0.6805760842150363,0.20096639327408558,0.6805760842150365,dataset_AP,2
2707604700058100151,20240415,2,astrocyte_2,astrocyte_2,oligodendrocyte_progenitor_2,False,False,False,0.4945394727213475,0.4945394727213475,0.11302997804898945,0.4945394727213476,dataset_AP,5
2707604700058100182,20240415,2,oligodendrocyte_2,oligodendrocyte_2,oligodendrocyte_2,False,True,True,0.9522618266196113,0.9522618266196113,0.1636849414321942,0.9522618266196113,dataset_AP,1
2707604700059100025,20240415,2,oligodendrocyte_precursor_cell,oligodendrocyte_precursor_cell,oligodendrocyte_precursor_cell,False,True,True,0.49393469598829404,0.49393469598829404,0.030360664976049594,0.4939346959882941,dataset_AP,2
2707604700059100078,20240415,2,oligodendrocyte_2,oligodendrocyte_2,oligodendrocyte_2,False,True,True,0.9987207677027019,0.9987207677027019,0.16545338354235967,0.998720767702702,dataset_AP,4
2707604700059100090,20240415,2,astrocyte_2,astrocyte_2,oligodendrocyte_2,False,False,False,0.44055635672886856,0.44055635672886856,0.09643638975845231,0.44055635672886856,dataset_AP,3
2707604700059100115,20240415,2,Schwann_cell,Schwann_cell,astrocyte_2,False,False,False,0.47822275554299337,0.47822275554299337,0.03239468864468865,0.47822275554299337,dataset_AP,2
2707604700059100142,20240415,2,oligodendrocyte_1,oligodendrocyte_1,oligodendrocyte_progenitor_2,False,False,False,0.529866752518577,0.529866752518577,0.06232550719242735,0.529866752518577,dataset_AP,5
2707604700060100017,20240415,2,endothelial,endothelial,endothelial,False,True,True,0.9993866678817865,0.9993866678817865,0.12157270737152394,0.9993866678817867,dataset_AP,3
2707604700060100058,20240415,2,endothelial,endothelial,endothelial,False,True,True,0.6542080122116829,0.6542080122116829,0.11868366676058985,0.6542080122116828,dataset_AP,2
2707604700060100110,20240415,2,pericyte,pericyte,astrocyte_1,False,False,False,0.3391291375400138,0.3391291375400138,0.014931414170957898,0.3391291375400138,dataset_AP,5
2707604700060100131,20240415,2,endothelial,endothelial,endothelial,False,True,True,0.5054912996205768,0.5054912996205768,0.12157270737152394,0.5054912996205768,dataset_AP,3
2707604700060100196,20240415,2,oligodendrocyte_1,oligodendrocyte_1,oligodendrocyte_1,False,True,True,0.7504221881377671,0.7504221881377671,0.06532717775321326,0.7504221881377671,dataset_AP,3
2707604700067100211,20240415,3,pericyte,pericyte,astrocyte_1,False,False,False,0.6467425873296481,0.6467425873296481,0.018960961983491918,0.6467425873296482,dataset_AP,4
2707604700067200029,20240415,3,ependymal,ependymal,ependymal,False,True,True,0.9999999952178626,0.9999999952178626,0.015700362985430857,0.9999999952178626,dataset_AP,3
2707604700068100033,20240415,3,oligodendrocyte_precursor_cell,oligodendrocyte_precursor_cell,oligodendrocyte_precursor_cell,False,True,True,0.8391607237639835,0.8391607237639835,0.025640547727329207,0.8391607237639837,dataset_AP,5
2707604700068100176,20240415,3,meninges_1,meninges_1,oligodendrocyte_progenitor_2,False,False,False,0.531493402403073,0.531493402403073,0.006812934482280062,0.531493402403073,dataset_AP,1
2707604700068100182,20240415,3,astrocyte_1,astrocyte_1,astrocyte_1,False,True,True,0.3223257167116184,0.3223257167116184,0.20703750898928855,0.3223257167116184,dataset_AP,1
2707604700068100243,20240415,3,astrocyte_1,astrocyte_1,astrocyte_1,False,True,True,0.3876790952475873,0.3876790952475873,0.20703750898928855,0.3876790952475873,dataset_AP,1
2707604700069100115,20240415,3,astrocyte_1,astrocyte_1,astrocyte_1,False,True,True,0.6965750606867122,0.6965750606867122,0.21879892641467233,0.6965750606867122,dataset_AP,5
2707604700069100124,20240415,3,endothelial,endothelial,endothelial,False,True,True,0.8594816195651147,0.8594816195651147,0.12221528605388772,0.8594816195651145,dataset_AP,4
2707604700070100021,20240415,3,oligodendrocyte_2,oligodendrocyte_2,oligodendrocyte_progenitor_2,False,False,False,0.7839621604733684,0.7839621604733684,0.10196691941812493,0.7839621604733684,dataset_AP,1
2707604700080100044,20240415,2,oligodendrocyte_2,oligodendrocyte_2,oligodendrocyte_2,False,True,True,0.962172223267246,0.962172223267246,0.1636849414321942,0.962172223267246,dataset_AP,1
2707604700081200046,20240415,2,oligodendrocyte_progenitor_2,oligodendrocyte_progenitor_2,oligodendrocyte_progenitor_2,False,True,True,0.9766860923394354,0.9766860923394354,0.20749683009298392,0.9766860923394352,dataset_AP,2
2707604700082100027,20240415,2,endothelial,endothelial,endothelial,False,True,True,0.9938594097313141,0.9938594097313141,0.11868366676058985,0.9938594097313143,dataset_AP,2
2707604700082100045,20240415,2,oligodendrocyte_progenitor_2,oligodendrocyte_progenitor_2,oligodendrocyte_progenitor_2,False,True,True,0.9043126558589658,0.9043126558589658,0.19492526906975577,0.904312655858966,dataset_AP,5
2707604700082100067,20240415,2,astrocyte_1,astrocyte_1,astrocyte_1,False,True,True,0.8916009953361583,0.8916009953361583,0.17169052418418437,0.8916009953361581,dataset_AP,3
2707604700083100181,20240415,2,oligodendrocyte_progenitor_2,oligodendrocyte_progenitor_2,oligodendrocyte_progenitor_2,False,True,True,0.9743577471780803,0.9743577471780803,0.1776808356478686,0.9743577471780803,dataset_AP,1
2707604700083100228,20240415,2,oligodendrocyte_1,oligodendrocyte_1,oligodendrocyte_progenitor_2,False,False,False,0.5948508123269609,0.5948508123269609,0.06232550719242735,0.594850812326961,dataset_AP,5
2707604700083200126,20240415,2,oligodendrocyte_1,oligodendrocyte_1,oligodendrocyte_progenitor_2,False,False,False,0.6820919646711492,0.6820919646711492,0.07581360946745562,0.6820919646711493,dataset_AP,2
2707604700084100070,20240415,2,ependymal,ependymal,ependymal,False,True,True,0.9970881797133481,0.9970881797133481,0.007384373867890351,0.9970881797133478,dataset_AP,1
2707604700084100145,20240415,2,microglia,microglia,microglia,False,True,True,0.9999980222544504,0.9999980222544504,0.019606228237544213,0.9999980222544502,dataset_AP,4
2707604700084200064,20240415,2,ependymal,ependymal,ependymal,False,True,True,0.9999981854868096,0.9999981854868096,0.007573716787579847,0.99999818548681,dataset_AP,3
2707604700085100026,20240415,2,meninges_3,meninges_3,oligodendrocyte_progenitor_2,False,False,False,0.46623694845270386,0.46623694845270386,0.004067663221278134,0.46623694845270386,dataset_AP,4
2707604700085100132,20240415,2,oligodendrocyte_2,oligodendrocyte_2,oligodendrocyte_progenitor_2,False,False,False,0.8250407689021759,0.8250407689021759,0.16027635229156142,0.825040768902176,dataset_AP,5
2707604700085100254,20240415,2,oligodendrocyte_2,oligodendrocyte_2,oligodendrocyte_2,False,True,True,0.9470819077190824,0.9470819077190824,0.1532299765604922,0.9470819077190822,dataset_AP,3
2707604700086100038,20240415,2,oligodendrocyte_precursor_cell,oligodendrocyte_precursor_cell,astrocyte_1,False,False,False,0.6392857918115924,0.6392857918115924,0.03935484070733437,0.6392857918115923,dataset_AP,3
2707604700086100238,20240415,2,astrocyte_1,astrocyte_1,oligodendrocyte_precursor_cell,False,False,False,0.47395272623958073,0.47395272623958073,0.14396507940865602,0.4739527262395808,dataset_AP,4
2707604700087100062,20240415,2,microglia,microglia,oligodendrocyte_progenitor_2,False,False,False,0.49381415432407544,0.49381415432407544,0.019606228237544213,0.49381415432407544,dataset_AP,4
2707604700091100045,20240415,3,endothelial,endothelial,endothelial,False,True,True,0.6981966667481464,0.6981966667481464,0.1351374869474417,0.6981966667481464,dataset_AP,3
2707604700091100246,20240415,3,oligodendrocyte_progenitor_2,oligodendrocyte_progenitor_2,oligodendrocyte_progenitor_2,False,True,True,0.7650542576581927,0.7650542576581927,0.3096809993126888,0.7650542576581927,dataset_AP,4
2707604700092100300,20240415,3,astrocyte_2,astrocyte_2,oligodendrocyte_precursor_cell,False,False,False,0.35159613313630345,0.35159613313630345,0.04892844711849237,0.3515961331363035,dataset_AP,3
2707604700093100214,20240415,3,oligodendrocyte_1,oligodendrocyte_1,oligodendrocyte_precursor_cell,False,False,False,0.4055044788482588,0.4055044788482588,0.05625139789756207,0.4055044788482588,dataset_AP,5
2707604700094100046,20240415,3,meninges_1,meninges_1,oligodendrocyte_progenitor_2,False,False,False,0.5880117529105081,0.5880117529105081,0.006812934482280062,0.588011752910508,dataset_AP,1
2707604700094100060,20240415,3,endothelial,endothelial,endothelial,False,True,True,0.9450834196000368,0.9450834196000368,0.1349996272273168,0.9450834196000366,dataset_AP,5
2707604700094100140,20240415,3,astrocyte_1,astrocyte_1,astrocyte_1,False,True,True,0.9189878689672643,0.9189878689672643,0.20096639327408558,0.918987868967264,dataset_AP,2
2707604700104100066,20240415,2,astrocyte_2,astrocyte_2,astrocyte_2,False,True,True,0.8033890448967727,0.8033890448967727,0.09643638975845231,0.8033890448967727,dataset_AP,3
2707604700106100095,20240415,2,oligodendrocyte_progenitor_2,oligodendrocyte_progenitor_2,oligodendrocyte_progenitor_2,False,True,True,0.3518179209568378,0.3518179209568378,0.19325672918234202,0.35181792095683784,dataset_AP,3
2707604700106100156,20240415,2,oligodendrocyte_2,oligodendrocyte_2,oligodendrocyte_2,False,True,True,0.9222793815259293,0.9222793815259293,0.16027635229156142,0.9222793815259293,dataset_AP,5
2707604700107100047,20240415,2,oligodendrocyte_1,oligodendrocyte_1,oligodendrocyte_progenitor_2,False,False,False,0.6713880110270348,0.6713880110270348,0.07440828402366864,0.6713880110270348,dataset_AP,1
2707604700107100066,20240415,2,endothelial,endothelial,endothelial,False,True,True,0.9978018415026734,0.9978018415026734,0.11868366676058985,0.9978018415026731,dataset_AP,2
2707604700107100212,20240415,2,oligodendrocyte_1,oligodendrocyte_1,oligodendrocyte_progenitor_2,False,False,False,0.46194718271057217,0.46194718271057217,0.06532717775321326,0.4619471827105722,dataset_AP,3
2707604700108100253,20240415,2,oligodendrocyte_1,oligodendrocyte_1,oligodendrocyte_progenitor_2,False,False,False,0.5425470924219864,0.5425470924219864,0.06532717775321326,0.5425470924219864,dataset_AP,3
2707604700116100020,20240415,3,oligodendrocyte_2,oligodendrocyte_2,oligodendrocyte_progenitor_2,False,False,False,0.9219134168868615,0.9219134168868615,0.09232140001370771,0.9219134168868612,dataset_AP,2
2707604700128100030,20240415,2,oligodendrocyte_1,oligodendrocyte_1,oligodendrocyte_progenitor_2,False,False,False,0.6256836572398434,0.6256836572398434,0.07440828402366864,0.6256836572398435,dataset_AP,1
2707604700129200045,20240415,2,astrocyte_2,astrocyte_2,astrocyte_2,False,True,True,0.7737339484193598,0.7737339484193598,0.09140117042548032,0.7737339484193598,dataset_AP,4
2707604700130100023,20240415,2,astrocyte_2,astrocyte_2,astrocyte_1,False,False,False,0.5362677580052987,0.5362677580052987,0.11188262287163386,0.5362677580052988,dataset_AP,1
2707604700130100181,20240415,2,oligodendrocyte_2,oligodendrocyte_2,oligodendrocyte_2,False,True,True,0.8966614599890155,0.8966614599890155,0.16027635229156142,0.8966614599890155,dataset_AP,5
2707604700131100087,20240415,2,oligodendrocyte_2,oligodendrocyte_2,oligodendrocyte_1,False,False,False,0.7928031229894151,0.7928031229894151,0.16027635229156142,0.7928031229894151,dataset_AP,5
2707604700131100178,20240415,2,oligodendrocyte_2,oligodendrocyte_2,oligodendrocyte_progenitor_2,False,False,False,0.45263354947249324,0.45263354947249324,0.1636849414321942,0.45263354947249324,dataset_AP,1
2707604700132100199,20240415,2,pericyte,pericyte,astrocyte_1,False,False,False,0.9143596351917231,0.9143596351917231,0.01902665867470743,0.9143596351917229,dataset_AP,4
2707604700132100321,20240415,2,astrocyte_1,astrocyte_1,astrocyte_2,False,False,False,0.27346375236412135,0.27346375236412135,0.166220531605147,0.2734637523641214,dataset_AP,2
2707604700132200249,20240415,2,oligodendrocyte_2,oligodendrocyte_2,oligodendrocyte_progenitor_2,False,False,False,0.9893741355365087,0.9893741355365087,0.16027635229156142,0.9893741355365087,dataset_AP,5
2707604700133100078,20240415,2,oligodendrocyte_2,oligodendrocyte_2,oligodendrocyte_1,False,False,False,0.6710664532769358,0.6710664532769358,0.1636849414321942,0.6710664532769358,dataset_AP,1
2707604700133100099,20240415,2,oligodendrocyte_1,oligodendrocyte_1,astrocyte_2,False,False,False,0.4629911405937216,0.4629911405937216,0.06799113563605472,0.4629911405937216,dataset_AP,4
2707604700133100125,20240415,2,pericyte,pericyte,meninges_1,False,False,False,0.38161969610518937,0.38161969610518937,0.01902665867470743,0.38161969610518937,dataset_AP,4
2707604700155100019,20240415,2,astrocyte_2,astrocyte_2,oligodendrocyte_precursor_cell,False,False,False,0.41270112328378883,0.41270112328378883,0.1087747722363107,0.41270112328378883,dataset_AP,2
2707604700155100038,20240415,2,pericyte,pericyte,endothelial,False,False,False,0.47828355249802823,0.47828355249802823,0.01902665867470743,0.47828355249802823,dataset_AP,4
2707604700156100056,20240415,2,oligodendrocyte_2,oligodendrocyte_2,Schwann_cell,False,False,False,0.2874151122160188,0.2874151122160188,0.1532299765604922,0.2874151122160188,dataset_AP,3
2707604700177100040,20240415,4,oligodendrocyte_1,oligodendrocyte_1,oligodendrocyte_2,False,False,False,0.4671501884146843,0.4671501884146843,0.05889029714124771,0.4671501884146843,dataset_AP,4
2707604700177100073,20240415,4,oligodendrocyte_2,oligodendrocyte_2,oligodendrocyte_2,False,True,True,0.9138963621743437,0.9138963621743437,0.15323344698667363,0.9138963621743437,dataset_AP,2
2707604700180200015,20240415,2,peripheral_glia,peripheral_glia,Schwann_cell,False,False,False,0.8232345879627033,0.8232345879627033,0.011546357277549163,0.8232345879627033,dataset_AP,3
2707604700198100018,20240415,4,oligodendrocyte_2,oligodendrocyte_2,oligodendrocyte_2,False,True,True,0.772069480400625,0.772069480400625,0.1396604478944674,0.772069480400625,dataset_AP,3
2707604700199100046,20240415,4,astrocyte_2,astrocyte_2,astrocyte_2,False,True,True,0.913023764207224,0.913023764207224,0.0821771581467399,0.9130237642072238,dataset_AP,5
2707604700200100084,20240415,4,astrocyte_1,astrocyte_1,astrocyte_2,False,False,False,0.3563452304550186,0.3563452304550186,0.18348590852682506,0.3563452304550186,dataset_AP,1
2707604700200100133,20240415,4,astrocyte_1,astrocyte_1,astrocyte_1,False,True,True,0.5752493851345668,0.5752493851345668,0.1962782612836784,0.5752493851345668,dataset_AP,3
2707604700201100012,20240415,4,astrocyte_1,astrocyte_1,astrocyte_1,False,True,True,0.855846927677968,0.855846927677968,0.18348590852682506,0.8558469276779678,dataset_AP,1
2707604700201100053,20240415,4,oligodendrocyte_2,oligodendrocyte_2,oligodendrocyte_progenitor_2,False,False,False,0.9655986679713537,0.9655986679713537,0.1589269117025771,0.9655986679713537,dataset_AP,5
2707604700221100061,20240415,4,oligodendrocyte_2,oligodendrocyte_2,oligodendrocyte_2,False,True,True,0.6944795220340526,0.6944795220340526,0.1589269117025771,0.6944795220340526,dataset_AP,5
2707604700222100065,20240415,4,oligodendrocyte_2,oligodendrocyte_2,oligodendrocyte_2,False,True,True,0.8790585952939833,0.8790585952939833,0.1396604478944674,0.8790585952939831,dataset_AP,3
2707604700224100023,20240415,4,oligodendrocyte_2,oligodendrocyte_2,oligodendrocyte_2,False,True,True,0.6313689458522133,0.6313689458522133,0.1396604478944674,0.6313689458522133,dataset_AP,3
2707604700224100044,20240415,4,astrocyte_1,astrocyte_1,oligodendrocyte_progenitor_2,False,False,False,0.7690589907251563,0.7690589907251563,0.1870571349146465,0.7690589907251563,dataset_AP,2
2707604700225100057,20240415,4,oligodendrocyte_2,oligodendrocyte_2,oligodendrocyte_progenitor_2,False,False,False,0.9575974525793284,0.9575974525793284,0.13355874894336434,0.9575974525793282,dataset_AP,1
2707604700225100237,20240415,4,ependymal,ependymal,ependymal,False,True,True,0.9995166485052065,0.9995166485052065,0.00045064075482326426,0.9995166485052066,dataset_AP,5
2707604700225200059,20240415,4,oligodendrocyte_1,oligodendrocyte_1,oligodendrocyte_progenitor_2,False,False,False,0.5397226431244648,0.5397226431244648,0.055171264272022666,0.5397226431244647,dataset_AP,3
2707604700226100041,20240415,4,oligodendrocyte_1,oligodendrocyte_1,oligodendrocyte_progenitor_2,False,False,False,0.5805840135455209,0.5805840135455209,0.055171264272022666,0.5805840135455209,dataset_AP,3
2707604700226100049,20240415,4,oligodendrocyte_1,oligodendrocyte_1,oligodendrocyte_progenitor_2,False,False,False,0.3892452216561663,0.3892452216561663,0.05889029714124771,0.3892452216561664,dataset_AP,4
2707604700226100107,20240415,4,oligodendrocyte_1,oligodendrocyte_1,endothelial,False,False,False,0.36351753044174356,0.36351753044174356,0.0588339670468948,0.36351753044174356,dataset_AP,5
2707604700226100221,20240415,4,astrocyte_1,astrocyte_1,oligodendrocyte_progenitor_2,False,False,False,0.24179480247114535,0.24179480247114535,0.1962782612836784,0.24179480247114535,dataset_AP,3
2707604700226200047,20240415,4,oligodendrocyte_precursor_cell,oligodendrocyte_precursor_cell,oligodendrocyte_progenitor_2,False,False,False,0.4784510326640956,0.4784510326640956,0.03829038163638924,0.4784510326640955,dataset_AP,4
2707604700226200053,20240415,4,oligodendrocyte_2,oligodendrocyte_2,oligodendrocyte_2,False,True,True,0.9783624588210748,0.9783624588210748,0.1396604478944674,0.9783624588210743,dataset_AP,3
2707604700227100028,20240415,4,oligodendrocyte_2,oligodendrocyte_2,oligodendrocyte_2,False,True,True,0.7201666857492829,0.7201666857492829,0.15323344698667363,0.720166685749283,dataset_AP,2
2707604700227100029,20240415,4,pericyte,pericyte,oligodendrocyte_progenitor_2,False,False,False,0.22810852858068048,0.22810852858068048,0.01598942769040277,0.22810852858068048,dataset_AP,3
2707604700227100068,20240415,4,astrocyte_2,astrocyte_2,astrocyte_2,False,True,True,0.9158003687418939,0.9158003687418939,0.07976855214124987,0.9158003687418939,dataset_AP,3
2707604700227100110,20240415,4,peripheral_glia,peripheral_glia,Schwann_cell,False,False,False,0.6043746964987491,0.6043746964987491,0.014403605126038587,0.6043746964987491,dataset_AP,5
2707604700227100146,20240415,4,endothelial,endothelial,endothelial,False,True,True,0.9556283558637035,0.9556283558637035,0.10859661763120719,0.9556283558637036,dataset_AP,2
2707604700246100039,20240415,4,astrocyte_1,astrocyte_1,astrocyte_1,False,True,True,0.6197259051402876,0.6197259051402876,0.17252217997465144,0.6197259051402877,dataset_AP,5
2707604700247100028,20240415,4,endothelial,endothelial,endothelial,False,True,True,0.5449141210975915,0.5449141210975915,0.10859661763120719,0.5449141210975915,dataset_AP,2
2707604700247100067,20240415,4,endothelial,endothelial,endothelial,False,True,True,0.745079316137189,0.745079316137189,0.09458949443740318,0.745079316137189,dataset_AP,4
2707604700247100078,20240415,4,astrocyte_1,astrocyte_1,astrocyte_1,False,True,True,0.9968940996558936,0.9968940996558936,0.1870571349146465,0.9968940996558936,dataset_AP,2
2707604700247100091,20240415,4,astrocyte_1,astrocyte_1,astrocyte_1,False,True,True,0.9696835703277542,0.9696835703277542,0.18348590852682506,0.9696835703277542,dataset_AP,1
2707604700247100101,20240415,4,oligodendrocyte_2,oligodendrocyte_2,oligodendrocyte_2,False,True,True,0.9911568439467716,0.9911568439467716,0.13355874894336434,0.9911568439467718,dataset_AP,1
2707604700248100055,20240415,4,astrocyte_1,astrocyte_1,astrocyte_1,False,True,True,0.7691631760510861,0.7691631760510861,0.17252217997465144,0.7691631760510861,dataset_AP,5
2707604700248100072,20240415,4,microglia,microglia,astrocyte_1,False,False,False,0.5647616529853612,0.5647616529853612,0.02287283481199831,0.5647616529853612,dataset_AP,4
2707604700248100186,20240415,4,oligodendrocyte_1,oligodendrocyte_1,oligodendrocyte_progenitor_2,False,False,False,0.7176783432122854,0.7176783432122854,0.055171264272022666,0.7176783432122855,dataset_AP,3
2707604700248100207,20240415,4,oligodendrocyte_2,oligodendrocyte_2,astrocyte_1,False,False,False,0.574312917591921,0.574312917591921,0.15323344698667363,0.5743129175919212,dataset_AP,2
2707604700248100266,20240415,4,oligodendrocyte_precursor_cell,oligodendrocyte_precursor_cell,oligodendrocyte_precursor_cell,False,True,True,0.7472780077300298,0.7472780077300298,0.024957048303055906,0.7472780077300298,dataset_AP,5
2707604700248200139,20240415,4,astrocyte_1,astrocyte_1,oligodendrocyte_progenitor_2,False,False,False,0.9570361708859378,0.9570361708859378,0.17252217997465144,0.957036170885938,dataset_AP,5
2707604700249100223,20240415,4,astrocyte_1,astrocyte_1,astrocyte_1,False,True,True,0.7744504262634649,0.7744504262634649,0.17252217997465144,0.7744504262634649,dataset_AP,5
2707604700250100117,20240415,4,astrocyte_1,astrocyte_1,astrocyte_1,False,True,True,0.9140462207553809,0.9140462207553809,0.1962782612836784,0.9140462207553811,dataset_AP,3
2707604700250100319,20240415,4,Schwann_cell,Schwann_cell,meninges_1,False,False,False,0.6301099246648927,0.6301099246648927,0.049192418319935094,0.6301099246648927,dataset_AP,2
2707604700251100058,20240415,4,Schwann_cell,Schwann_cell,Schwann_cell,False,True,True,0.7446740810364484,0.7446740810364484,0.04225320377411632,0.7446740810364483,dataset_AP,4
2707604700270100051,20240415,4,microglia,microglia,microglia,False,True,True,0.9999999996876863,0.9999999996876863,0.01007822080411463,0.9999999996876864,dataset_AP,3
2707604700271100168,20240415,4,oligodendrocyte_progenitor_2,oligodendrocyte_progenitor_2,oligodendrocyte_progenitor_2,False,True,True,0.3478855619011831,0.3478855619011831,0.23832417969300101,0.3478855619011831,dataset_AP,4
2707604700271100244,20240415,4,astrocyte_2,astrocyte_2,astrocyte_1,False,False,False,0.7122177960098659,0.7122177960098659,0.0821771581467399,0.7122177960098659,dataset_AP,5
2707604700271100251,20240415,4,oligodendrocyte_progenitor_2,oligodendrocyte_progenitor_2,oligodendrocyte_progenitor_2,False,True,True,0.42336127781317096,0.42336127781317096,0.19548652863929136,0.423361277813171,dataset_AP,3
2707604700271100311,20240415,4,astrocyte_2,astrocyte_2,astrocyte_2,False,True,True,0.5822163796456198,0.5822163796456198,0.0821771581467399,0.5822163796456199,dataset_AP,5
2707604700272100141,20240415,4,oligodendrocyte_progenitor_2,oligodendrocyte_progenitor_2,oligodendrocyte_progenitor_2,False,True,True,0.5704343030608254,0.5704343030608254,0.218324179693001,0.5704343030608254,dataset_AP,5
2707604700272100156,20240415,4,endothelial,endothelial,endothelial,False,True,True,0.999969331374399,0.999969331374399,0.11453316434305028,0.999969331374399,dataset_AP,5
2707604700272100172,20240415,4,astrocyte_1,astrocyte_1,astrocyte_1,False,True,True,0.9715535758279304,0.9715535758279304,0.1962782612836784,0.9715535758279302,dataset_AP,3
2707604700273100091,20240415,4,meninges_1,meninges_1,meninges_1,False,True,True,0.8918899970627514,0.8918899970627514,0.04298549500070412,0.8918899970627515,dataset_AP,4
2707604700292200071,20240415,1,oligodendrocyte_2,oligodendrocyte_2,oligodendrocyte_precursor_cell,False,False,False,0.2176308477762357,0.2176308477762357,0.12394864750633983,0.2176308477762357,dataset_AP,1
2707604700295100041,20240415,1,oligodendrocyte_2,oligodendrocyte_2,oligodendrocyte_2,False,True,True,0.8363256526772783,0.8363256526772783,0.12723369757590292,0.8363256526772783,dataset_AP,4
2707604700295100085,20240415,1,oligodendrocyte_progenitor_2,oligodendrocyte_progenitor_2,oligodendrocyte_progenitor_2,False,True,True,0.6530934647114086,0.6530934647114086,0.27172724711186247,0.6530934647114087,dataset_AP,2
2707604700295100104,20240415,1,endothelial,endothelial,endothelial,False,True,True,0.9987748023128913,0.9987748023128913,0.10120597351366581,0.9987748023128913,dataset_AP,2
2707604700315100109,20240415,1,oligodendrocyte_progenitor_1,oligodendrocyte_progenitor_1,oligodendrocyte_precursor_cell,False,False,False,0.9641371239999518,0.9641371239999518,0.002283652473766542,0.9641371239999518,dataset_AP,4
2707604700316100053,20240415,1,meninges_1,meninges_1,pericyte,False,False,False,0.5732102737908535,0.5732102737908535,0.02182287041099115,0.5732102737908534,dataset_AP,3
2707604700316100111,20240415,1,astrocyte_1,astrocyte_1,oligodendrocyte_progenitor_2,False,False,False,0.3385728846206498,0.3385728846206498,0.21437666520431858,0.3385728846206498,dataset_AP,3
2707604700318100042,20240415,1,oligodendrocyte_progenitor_2,oligodendrocyte_progenitor_2,oligodendrocyte_progenitor_2,False,True,True,0.8399661730982206,0.8399661730982206,0.25519879829132047,0.8399661730982206,dataset_AP,5
2707604700318100044,20240415,1,meninges_1,meninges_1,oligodendrocyte_progenitor_2,False,False,False,0.39896473705029406,0.39896473705029406,0.016539353041254184,0.39896473705029406,dataset_AP,4
2707604700318100078,20240415,1,oligodendrocyte_precursor_cell,oligodendrocyte_precursor_cell,oligodendrocyte_1,False,False,False,0.5572540710377786,0.5572540710377786,0.05377470309346102,0.5572540710377786,dataset_AP,5
2707604700318100119,20240415,1,astrocyte_1,astrocyte_1,astrocyte_1,False,True,True,0.7020551387229687,0.7020551387229687,0.2258100873485489,0.7020551387229688,dataset_AP,2
2707604700318100123,20240415,1,oligodendrocyte_1,oligodendrocyte_1,oligodendrocyte_1,False,True,True,0.62026224807232,0.62026224807232,0.09222879684418146,0.6202622480723201,dataset_AP,2
2707604700319100153,20240415,1,oligodendrocyte_1,oligodendrocyte_1,oligodendrocyte_progenitor_2,False,False,False,0.41421565315148673,0.41421565315148673,0.0751742712294043,0.41421565315148684,dataset_AP,5
2707604700338100110,20240415,1,oligodendrocyte_2,oligodendrocyte_2,astrocyte_1,False,False,False,0.954562415570895,0.954562415570895,0.12388219969018449,0.954562415570895,dataset_AP,5
2707604700338100114,20240415,1,meninges_1,meninges_1,oligodendrocyte_1,False,False,False,0.588244065895514,0.588244065895514,0.016539353041254184,0.588244065895514,dataset_AP,4
2707604700340100057,20240415,1,astrocyte_1,astrocyte_1,astrocyte_2,False,False,False,0.7218939162829509,0.7218939162829509,0.21437666520431858,0.7218939162829509,dataset_AP,3
2707604700340100165,20240415,1,pericyte,pericyte,microglia,False,False,False,0.7691494981321803,0.7691494981321803,0.01576655870065249,0.7691494981321804,dataset_AP,5
2707604700341100181,20240415,1,oligodendrocyte_progenitor_2,oligodendrocyte_progenitor_2,oligodendrocyte_progenitor_2,False,True,True,0.8136048765777693,0.8136048765777693,0.2685718037429064,0.8136048765777693,dataset_AP,4
2707604700342100033,20240415,1,oligodendrocyte_1,oligodendrocyte_1,oligodendrocyte_progenitor_2,False,False,False,0.6011806889089878,0.6011806889089878,0.0751742712294043,0.6011806889089879,dataset_AP,5
2707604700342100102,20240415,1,microglia,microglia,oligodendrocyte_progenitor_2,False,False,False,0.5147321574024384,0.5147321574024384,0.023181927174322613,0.5147321574024384,dataset_AP,4
2707604700342100107,20240415,1,endothelial,endothelial,endothelial,False,True,True,0.9833452220618637,0.9833452220618637,0.08911097409196268,0.9833452220618637,dataset_AP,4
2707604700342100122,20240415,1,oligodendrocyte_1,oligodendrocyte_1,oligodendrocyte_progenitor_2,False,False,False,0.2943147084127583,0.2943147084127583,0.09222879684418146,0.29431470841275836,dataset_AP,2
2707604700342200088,20240415,1,astrocyte_1,astrocyte_1,astrocyte_1,False,True,True,0.4884419524547157,0.4884419524547157,0.2304469568892646,0.48844195245471583,dataset_AP,1
2707604700343200218,20240415,1,astrocyte_1,astrocyte_1,astrocyte_1,False,True,True,0.5035887817242295,0.5035887817242295,0.21437666520431858,0.5035887817242295,dataset_AP,3
2707604700362100033,20240415,1,astrocyte_1,astrocyte_1,astrocyte_1,False,True,True,0.9990017867227613,0.9990017867227613,0.2304469568892646,0.9990017867227613,dataset_AP,1
2707604700362100104,20240415,1,pericyte,pericyte,pericyte,False,True,True,0.9999587310494998,0.9999587310494998,0.00794061707523246,0.9999587310495001,dataset_AP,1
2707604700362100146,20240415,1,meninges_1,meninges_1,microglia,False,False,False,0.5847041139644751,0.5847041139644751,0.016539353041254184,0.5847041139644751,dataset_AP,4
2707604700363100162,20240415,1,oligodendrocyte_1,oligodendrocyte_1,oligodendrocyte_progenitor_2,False,False,False,0.6998151922871918,0.6998151922871918,0.10022665250802132,0.6998151922871919,dataset_AP,4
2707604700363200032,20240415,1,oligodendrocyte_precursor_cell,oligodendrocyte_precursor_cell,oligodendrocyte_progenitor_1,False,False,False,0.9562295919638404,0.9562295919638404,0.03205106246931342,0.9562295919638405,dataset_AP,4
2707604700364100115,20240415,1,oligodendrocyte_progenitor_2,oligodendrocyte_progenitor_2,oligodendrocyte_progenitor_2,False,True,True,0.9023140212973704,0.9023140212973704,0.2609414623837701,0.9023140212973704,dataset_AP,1
2707604700364100134,20240415,1,astrocyte_1,astrocyte_1,astrocyte_1,False,True,True,0.7389581683150459,0.7389581683150459,0.2304469568892646,0.7389581683150459,dataset_AP,1
2707604700365100101,20240415,1,oligodendrocyte_1,oligodendrocyte_1,oligodendrocyte_1,False,True,True,0.36392831377120866,0.36392831377120866,0.08122987042169126,0.3639283137712087,dataset_AP,3
2707604700365100206,20240415,1,oligodendrocyte_precursor_cell,oligodendrocyte_precursor_cell,oligodendrocyte_precursor_cell,False,True,True,0.7195718386382571,0.7195718386382571,0.03205106246931342,0.7195718386382571,dataset_AP,4
2707604700366100054,20240415,1,endothelial,endothelial,endothelial,False,True,True,0.8793201696969806,0.8793201696969806,0.10120597351366581,0.8793201696969803,dataset_AP,2
2707604700366100214,20240415,1,oligodendrocyte_1,oligodendrocyte_1,oligodendrocyte_2,False,False,False,0.6727376536061013,0.6727376536061013,0.10521449704142012,0.6727376536061013,dataset_AP,1
2707604700366100244,20240415,1,oligodendrocyte_1,oligodendrocyte_1,oligodendrocyte_2,False,False,False,0.5629715118635233,0.5629715118635233,0.08122987042169126,0.5629715118635233,dataset_AP,3
2707604700367100018,20240415,1,oligodendrocyte_progenitor_2,oligodendrocyte_progenitor_2,oligodendrocyte_progenitor_2,False,True,True,0.595880513592089,0.595880513592089,0.25519879829132047,0.5958805135920892,dataset_AP,5
2707604700367100107,20240415,1,oligodendrocyte_precursor_cell,oligodendrocyte_precursor_cell,oligodendrocyte_progenitor_2,False,False,False,0.8810808888147089,0.8810808888147089,0.05377470309346102,0.8810808888147089,dataset_AP,5
2707604700387100208,20240415,1,oligodendrocyte_2,oligodendrocyte_2,oligodendrocyte_2,False,True,True,0.5273950073091109,0.5273950073091109,0.12388219969018449,0.5273950073091109,dataset_AP,5
2707604700388100039,20240415,1,microglia,microglia,oligodendrocyte_progenitor_2,False,False,False,0.37522160212456024,0.37522160212456024,0.029540715694561848,0.37522160212456035,dataset_AP,2
2707604700388100075,20240415,1,oligodendrocyte_precursor_cell,oligodendrocyte_precursor_cell,oligodendrocyte_precursor_cell,False,True,True,0.7731699199425007,0.7731699199425007,0.03205106246931342,0.7731699199425004,dataset_AP,4
2707604700389100279,20240415,1,astrocyte_1,astrocyte_1,astrocyte_1,False,True,True,0.5435954456378611,0.5435954456378611,0.2074883819180397,0.5435954456378611,dataset_AP,5
2707604700390100073,20240415,1,oligodendrocyte_2,oligodendrocyte_2,oligodendrocyte_2,False,True,True,0.9716245614989975,0.9716245614989975,0.12388219969018449,0.9716245614989975,dataset_AP,5
2707604700410100019,20240415,1,oligodendrocyte_progenitor_2,oligodendrocyte_progenitor_2,oligodendrocyte_progenitor_2,False,True,True,0.5328053335530117,0.5328053335530117,0.2609414623837701,0.5328053335530119,dataset_AP,1
2707604700410100048,20240415,1,oligodendrocyte_2,oligodendrocyte_2,oligodendrocyte_2,False,True,True,0.43635811361906274,0.43635811361906274,0.11221189067342915,0.4363581136190628,dataset_AP,2
2707604700412100039,20240415,1,oligodendrocyte_progenitor_2,oligodendrocyte_progenitor_2,oligodendrocyte_progenitor_2,False,True,True,0.6085950990279732,0.6085950990279732,0.2609414623837701,0.6085950990279732,dataset_AP,1
2707604800012100008,20240415,3,oligodendrocyte_1,oligodendrocyte_1,astrocyte_2,False,False,False,0.7851409139340823,0.7851409139340823,0.07215402278548089,0.7851409139340823,dataset_AP,1
2707604800013100163,20240415,3,astrocyte_1,astrocyte_1,astrocyte_1,False,True,True,0.45465540435545837,0.45465540435545837,0.20703750898928855,0.45465540435545837,dataset_AP,1
2707604800014100084,20240415,3,endothelial,endothelial,endothelial,False,True,True,0.8653679980050443,0.8653679980050443,0.1351374869474417,0.8653679980050443,dataset_AP,3
2707604800014100172,20240415,3,oligodendrocyte_progenitor_2,oligodendrocyte_progenitor_2,oligodendrocyte_progenitor_2,False,True,True,0.8835676223447101,0.8835676223447101,0.30528069215852016,0.8835676223447101,dataset_AP,3
2707604800014100179,20240415,3,oligodendrocyte_progenitor_2,oligodendrocyte_progenitor_2,oligodendrocyte_progenitor_2,False,True,True,0.8792406443143792,0.8792406443143792,0.30528069215852016,0.879240644314379,dataset_AP,3
2707604800014100237,20240415,3,astrocyte_1,astrocyte_1,astrocyte_1,False,True,True,0.70909772046438,0.70909772046438,0.24811048679826958,0.7090977204643801,dataset_AP,3
2707604800014100240,20240415,3,pericyte,pericyte,endothelial,False,False,False,0.3771576477427248,0.3771576477427248,0.017168901784286397,0.3771576477427248,dataset_AP,2
2707604800034100030,20240415,3,oligodendrocyte_1,oligodendrocyte_1,oligodendrocyte_progenitor_2,False,False,False,0.290195828985539,0.290195828985539,0.07214245628637547,0.29019582898553903,dataset_AP,4
2707604800034100082,20240415,3,oligodendrocyte_progenitor_2,oligodendrocyte_progenitor_2,oligodendrocyte_progenitor_2,False,True,True,0.5606197926419225,0.5606197926419225,0.32463632808064496,0.5606197926419225,dataset_AP,1
2707604800034100108,20240415,3,astrocyte_1,astrocyte_1,astrocyte_1,False,True,True,0.9006757065173614,0.9006757065173614,0.21879892641467233,0.9006757065173614,dataset_AP,5
2707604800034100236,20240415,3,astrocyte_1,astrocyte_1,astrocyte_1,False,True,True,0.5904348132652201,0.5904348132652201,0.22206458203280174,0.5904348132652201,dataset_AP,4
2707604800035100111,20240415,3,oligodendrocyte_1,oligodendrocyte_1,astrocyte_1,False,False,False,0.7075454879155771,0.7075454879155771,0.07214245628637547,0.7075454879155771,dataset_AP,4
2707604800035200013,20240415,3,oligodendrocyte_1,oligodendrocyte_1,pericyte,False,False,False,0.4766414698357556,0.4766414698357556,0.07215402278548089,0.4766414698357556,dataset_AP,1
2707604800036100022,20240415,3,oligodendrocyte_1,oligodendrocyte_1,oligodendrocyte_2,False,False,False,0.3947299668637215,0.3947299668637215,0.07214245628637547,0.3947299668637216,dataset_AP,4
2707604800037100020,20240415,2,oligodendrocyte_1,oligodendrocyte_1,oligodendrocyte_1,False,True,True,0.6480595503726069,0.6480595503726069,0.07581360946745562,0.6480595503726068,dataset_AP,2
2707604800039100009,20240415,2,oligodendrocyte_progenitor_2,oligodendrocyte_progenitor_2,oligodendrocyte_2,False,False,False,0.7373659244402421,0.7373659244402421,0.20749683009298392,0.7373659244402421,dataset_AP,2
2707604800040200008,20240415,2,Schwann_cell,Schwann_cell,Schwann_cell,False,True,True,0.7282722984855258,0.7282722984855258,0.03239468864468865,0.7282722984855257,dataset_AP,2
2707604800055100036,20240415,3,oligodendrocyte_1,oligodendrocyte_1,oligodendrocyte_1,False,True,True,0.3858031614252266,0.3858031614252266,0.07215402278548089,0.38580316142522647,dataset_AP,1
2707604800056100070,20240415,3,pericyte,pericyte,astrocyte_1,False,False,False,0.4872763913689511,0.4872763913689511,0.017168901784286397,0.4872763913689513,dataset_AP,2
2707604800058100079,20240415,2,oligodendrocyte_precursor_cell,oligodendrocyte_precursor_cell,oligodendrocyte_precursor_cell,False,True,True,0.8199666141912323,0.8199666141912323,0.03935484070733437,0.8199666141912323,dataset_AP,3
2707604800058100096,20240415,2,oligodendrocyte_2,oligodendrocyte_2,oligodendrocyte_2,False,True,True,0.9387421272350561,0.9387421272350561,0.1636849414321942,0.9387421272350561,dataset_AP,1
2707604800059100109,20240415,2,oligodendrocyte_progenitor_2,oligodendrocyte_progenitor_2,oligodendrocyte_progenitor_2,False,True,True,0.5964752226336678,0.5964752226336678,0.1776808356478686,0.5964752226336678,dataset_AP,1
2707604800059100116,20240415,2,endothelial,endothelial,endothelial,False,True,True,0.6919073823328309,0.6919073823328309,0.1020278833967047,0.691907382332831,dataset_AP,5
2707604800059100194,20240415,2,endothelial,endothelial,endothelial,False,True,True,0.6535432563063598,0.6535432563063598,0.13064413056177068,0.6535432563063597,dataset_AP,4
2707604800061100128,20240415,2,oligodendrocyte_1,oligodendrocyte_1,oligodendrocyte_2,False,False,False,0.5436808155645132,0.5436808155645132,0.06532717775321326,0.5436808155645131,dataset_AP,3
2707604800078100044,20240415,2,oligodendrocyte_2,oligodendrocyte_2,oligodendrocyte_2,False,True,True,0.500360675935753,0.500360675935753,0.1636849414321942,0.500360675935753,dataset_AP,1
2707604800078100084,20240415,2,oligodendrocyte_2,oligodendrocyte_2,oligodendrocyte_2,False,True,True,0.9961683018170566,0.9961683018170566,0.1532299765604922,0.9961683018170568,dataset_AP,3
2707604800078100099,20240415,2,astrocyte_1,astrocyte_1,astrocyte_2,False,False,False,0.504049954980314,0.504049954980314,0.166220531605147,0.504049954980314,dataset_AP,2
2707604800079100073,20240415,2,microglia,microglia,microglia,False,True,True,0.9876626682373382,0.9876626682373382,0.018858011646473185,0.9876626682373382,dataset_AP,2
2707604800079100114,20240415,2,oligodendrocyte_2,oligodendrocyte_2,oligodendrocyte_2,False,True,True,0.9488022377828752,0.9488022377828752,0.1636849414321942,0.948802237782875,dataset_AP,1
2707604800079100127,20240415,2,oligodendrocyte_precursor_cell,oligodendrocyte_precursor_cell,oligodendrocyte_precursor_cell,False,True,True,0.9946227909203273,0.9946227909203273,0.03935484070733437,0.9946227909203273,dataset_AP,3
2707604800080200033,20240415,2,oligodendrocyte_precursor_cell,oligodendrocyte_precursor_cell,oligodendrocyte_1,False,False,False,0.4949060719371566,0.4949060719371566,0.04194239826107958,0.4949060719371566,dataset_AP,1
2707604800081100138,20240415,2,astrocyte_1,astrocyte_1,astrocyte_1,False,True,True,0.7714008316807676,0.7714008316807676,0.14396507940865602,0.7714008316807677,dataset_AP,4
2707604800082100050,20240415,2,oligodendrocyte_2,oligodendrocyte_2,oligodendrocyte_2,False,True,True,0.9398681416107786,0.9398681416107786,0.1636849414321942,0.9398681416107784,dataset_AP,1
2707604800099100069,20240415,2,meninges_2,meninges_2,endothelial,False,False,False,0.7981136235447368,0.7981136235447368,0.014960957926737394,0.7981136235447369,dataset_AP,5
2707604800100100027,20240415,2,astrocyte_2,astrocyte_2,astrocyte_2,False,True,True,0.603660127574099,0.603660127574099,0.11188262287163386,0.6036601275740991,dataset_AP,1
2707604800101100059,20240415,2,endothelial,endothelial,endothelial,False,True,True,0.7143599861179931,0.7143599861179931,0.13064413056177068,0.7143599861179932,dataset_AP,4
2707604800102100063,20240415,2,microglia,microglia,microglia,False,True,True,0.9805341168657971,0.9805341168657971,0.019606228237544213,0.9805341168657972,dataset_AP,4
2707604800102100073,20240415,2,astrocyte_1,astrocyte_1,astrocyte_1,False,True,True,0.9770867887419622,0.9770867887419622,0.16740673774894307,0.9770867887419623,dataset_AP,5
2707604800102100133,20240415,2,oligodendrocyte_precursor_cell,oligodendrocyte_precursor_cell,oligodendrocyte_precursor_cell,False,True,True,0.9035410366329983,0.9035410366329983,0.04194239826107958,0.9035410366329981,dataset_AP,1
2707604800118100027,20240415,2,astrocyte_2,astrocyte_2,astrocyte_2,False,True,True,0.924434139406615,0.924434139406615,0.09140117042548032,0.924434139406615,dataset_AP,4
2707604800118100062,20240415,2,Schwann_cell,Schwann_cell,Schwann_cell,False,True,True,0.9366119566402565,0.9366119566402565,0.04403453689167975,0.9366119566402563,dataset_AP,1
2707604800119100064,20240415,2,oligodendrocyte_1,oligodendrocyte_1,oligodendrocyte_2,False,False,False,0.3004057458517581,0.3004057458517581,0.06799113563605472,0.3004057458517581,dataset_AP,4
2707604800119100170,20240415,2,oligodendrocyte_1,oligodendrocyte_1,oligodendrocyte_precursor_cell,False,False,False,0.28358747494072656,0.28358747494072656,0.07581360946745562,0.28358747494072656,dataset_AP,2
2707604800121100064,20240415,2,microglia,microglia,oligodendrocyte_progenitor_2,False,False,False,0.7784365716294016,0.7784365716294016,0.019606228237544213,0.7784365716294016,dataset_AP,4
2707604800121200057,20240415,2,endothelial,endothelial,endothelial,False,True,True,0.9879177630913208,0.9879177630913208,0.1020278833967047,0.9879177630913206,dataset_AP,5
2707604800139100019,20240415,2,oligodendrocyte_2,oligodendrocyte_2,endothelial,False,False,False,0.9471966426739544,0.9471966426739544,0.1636849414321942,0.9471966426739545,dataset_AP,1
2707604800140100064,20240415,2,oligodendrocyte_progenitor_1,oligodendrocyte_progenitor_1,oligodendrocyte_precursor_cell,False,False,False,0.7538628607772739,0.7538628607772739,0.012196594614177032,0.7538628607772739,dataset_AP,3
2707604800140100112,20240415,2,oligodendrocyte_2,oligodendrocyte_2,oligodendrocyte_2,False,True,True,0.5140347293174831,0.5140347293174831,0.16027635229156142,0.514034729317483,dataset_AP,5
2707604800141100034,20240415,2,oligodendrocyte_precursor_cell,oligodendrocyte_precursor_cell,oligodendrocyte_progenitor_1,False,False,False,0.9168232245533311,0.9168232245533311,0.030360664976049594,0.9168232245533312,dataset_AP,2
2707604800141100064,20240415,2,endothelial,endothelial,endothelial,False,True,True,0.5418734170012888,0.5418734170012888,0.12157270737152394,0.5418734170012888,dataset_AP,3
2707604800141100090,20240415,2,oligodendrocyte_2,oligodendrocyte_2,microglia,False,False,False,0.3224750133433735,0.3224750133433735,0.1532299765604922,0.3224750133433734,dataset_AP,3
2707604800141100181,20240415,2,astrocyte_1,astrocyte_1,astrocyte_1,False,True,True,0.9609201249494118,0.9609201249494118,0.14396507940865602,0.9609201249494118,dataset_AP,4
2707604800141100233,20240415,2,pericyte,pericyte,pericyte,False,True,True,0.9998948884498122,0.9998948884498122,0.014931414170957898,0.9998948884498122,dataset_AP,5
2707604800142100021,20240415,2,oligodendrocyte_1,oligodendrocyte_1,oligodendrocyte_progenitor_2,False,False,False,0.4483363803663328,0.4483363803663328,0.07581360946745562,0.4483363803663328,dataset_AP,2
2707604800142100058,20240415,2,endothelial,endothelial,endothelial,False,True,True,0.9963729305771284,0.9963729305771284,0.1020278833967047,0.9963729305771282,dataset_AP,5
2707604800142100150,20240415,2,oligodendrocyte_precursor_cell,oligodendrocyte_precursor_cell,oligodendrocyte_precursor_cell,False,True,True,0.7389157378980746,0.7389157378980746,0.04194239826107958,0.7389157378980746,dataset_AP,1
2707604800143100076,20240415,2,oligodendrocyte_progenitor_2,oligodendrocyte_progenitor_2,oligodendrocyte_progenitor_2,False,True,True,0.2511906868155397,0.2511906868155397,0.19492526906975577,0.2511906868155397,dataset_AP,5
2707604800143100139,20240415,2,astrocyte_1,astrocyte_1,astrocyte_1,False,True,True,0.9494171867283389,0.9494171867283389,0.14396507940865602,0.9494171867283389,dataset_AP,4
2707604800143100254,20240415,2,astrocyte_1,astrocyte_1,astrocyte_1,False,True,True,0.635061016839075,0.635061016839075,0.14396507940865602,0.635061016839075,dataset_AP,4
2707604800143200225,20240415,2,oligodendrocyte_progenitor_2,oligodendrocyte_progenitor_2,oligodendrocyte_progenitor_2,False,True,True,0.7778719551230483,0.7778719551230483,0.1776808356478686,0.7778719551230483,dataset_AP,1
2707604800144100017,20240415,2,astrocyte_2,astrocyte_2,astrocyte_2,False,True,True,0.7047674267637026,0.7047674267637026,0.11188262287163386,0.7047674267637026,dataset_AP,1
2707604800162100038,20240415,2,oligodendrocyte_2,oligodendrocyte_2,oligodendrocyte_2,False,True,True,0.8534520355783194,0.8534520355783194,0.1532299765604922,0.8534520355783194,dataset_AP,3
2707604800162100101,20240415,2,peripheral_glia,peripheral_glia,oligodendrocyte_progenitor_2,False,False,False,0.9256033516226334,0.9256033516226334,0.014417206724899033,0.9256033516226332,dataset_AP,2
2707604800162100105,20240415,2,astrocyte_2,astrocyte_2,oligodendrocyte_2,False,False,False,0.488590629679613,0.488590629679613,0.09643638975845231,0.488590629679613,dataset_AP,3
2707604800162100138,20240415,2,Schwann_cell,Schwann_cell,Schwann_cell,False,True,True,0.955836842466443,0.955836842466443,0.0409313377838175,0.955836842466443,dataset_AP,4
2707604800162100155,20240415,2,peripheral_glia,peripheral_glia,Schwann_cell,False,False,False,0.6568070708258252,0.6568070708258252,0.014417206724899033,0.6568070708258253,dataset_AP,2
2707604800163100143,20240415,2,Schwann_cell,Schwann_cell,Schwann_cell,False,True,True,0.7050330614307002,0.7050330614307002,0.03239468864468865,0.7050330614307001,dataset_AP,2
2707604800163100144,20240415,2,oligodendrocyte_progenitor_2,oligodendrocyte_progenitor_2,pericyte,False,False,False,0.6256588772783561,0.6256588772783561,0.20847879766769006,0.6256588772783561,dataset_AP,4
2707604800165100038,20240415,2,astrocyte_2,astrocyte_2,astrocyte_2,False,True,True,0.9099683434117296,0.9099683434117296,0.09643638975845231,0.9099683434117297,dataset_AP,3
2707604800178200010,20240415,4,meninges_2,meninges_2,meninges_1,False,False,False,0.5737099651763213,0.5737099651763213,0.015351710756976632,0.5737099651763213,dataset_AP,2
2707604800182100044,20240415,2,meninges_1,meninges_1,meninges_1,False,True,True,0.47366847834366715,0.47366847834366715,0.008967082508925282,0.4736684783436672,dataset_AP,3
2707604800199100173,20240415,4,oligodendrocyte_2,oligodendrocyte_2,oligodendrocyte_1,False,False,False,0.3848835687326501,0.3848835687326501,0.1589269117025771,0.3848835687326501,dataset_AP,5
2707604800199100180,20240415,4,oligodendrocyte_2,oligodendrocyte_2,oligodendrocyte_2,False,True,True,0.9917736709245872,0.9917736709245872,0.1396604478944674,0.991773670924587,dataset_AP,3
2707604800200100035,20240415,4,oligodendrocyte_progenitor_2,oligodendrocyte_progenitor_2,oligodendrocyte_progenitor_2,False,True,True,0.4833944818114585,0.4833944818114585,0.23328246353543203,0.4833944818114585,dataset_AP,2
2707604800219100061,20240415,4,endothelial,endothelial,endothelial,False,True,True,0.9417589439126285,0.9417589439126285,0.12185032643297782,0.9417589439126283,dataset_AP,1
2707604800219100169,20240415,4,endothelial,endothelial,endothelial,False,True,True,0.5712124376612109,0.5712124376612109,0.12185032643297782,0.5712124376612109,dataset_AP,1
2707604800219100172,20240415,4,endothelial,endothelial,endothelial,False,True,True,0.4107697721597495,0.4107697721597495,0.10859661763120719,0.4107697721597495,dataset_AP,2
2707604800220100013,20240415,4,oligodendrocyte_2,oligodendrocyte_2,oligodendrocyte_2,False,True,True,0.8520622290022127,0.8520622290022127,0.1396604478944674,0.8520622290022125,dataset_AP,3
2707604800221100052,20240415,4,oligodendrocyte_2,oligodendrocyte_2,oligodendrocyte_2,False,True,True,0.8514907929027334,0.8514907929027334,0.15323344698667363,0.8514907929027334,dataset_AP,2
2707604800221100090,20240415,4,endothelial,endothelial,endothelial,False,True,True,0.9214589291248005,0.9214589291248005,0.12185032643297782,0.9214589291248007,dataset_AP,1
2707604800221100102,20240415,4,astrocyte_2,astrocyte_2,pericyte,False,False,False,0.6648228793465819,0.6648228793465819,0.08212082805238699,0.664822879346582,dataset_AP,4
2707604800222100025,20240415,4,peripheral_glia,peripheral_glia,Schwann_cell,False,False,False,0.9724747034743112,0.9724747034743112,0.014403605126038587,0.9724747034743113,dataset_AP,5
2707604800240100022,20240415,4,astrocyte_1,astrocyte_1,astrocyte_1,False,True,True,0.9617038233096117,0.9617038233096117,0.18348590852682506,0.9617038233096119,dataset_AP,1
2707604800240100095,20240415,4,meninges_3,meninges_3,oligodendrocyte_progenitor_2,False,False,False,0.40037877438645636,0.40037877438645636,0.0008449514152936207,0.40037877438645636,dataset_AP,4
2707604800240100120,20240415,4,endothelial,endothelial,endothelial,False,True,True,0.7867522357566141,0.7867522357566141,0.09458949443740318,0.7867522357566142,dataset_AP,4
2707604800242100179,20240415,4,astrocyte_1,astrocyte_1,astrocyte_1,False,True,True,0.980381453199776,0.980381453199776,0.18585551330798478,0.9803814531997762,dataset_AP,4
2707604800242100219,20240415,4,oligodendrocyte_2,oligodendrocyte_2,oligodendrocyte_2,False,True,True,0.9094626961786572,0.9094626961786572,0.1388705816082242,0.9094626961786573,dataset_AP,4
2707604800242100223,20240415,4,oligodendrocyte_progenitor_2,oligodendrocyte_progenitor_2,oligodendrocyte_progenitor_2,False,True,True,0.5361998044832395,0.5361998044832395,0.19548652863929136,0.5361998044832395,dataset_AP,3
2707604800242100248,20240415,4,oligodendrocyte_2,oligodendrocyte_2,oligodendrocyte_2,False,True,True,0.8167745569240434,0.8167745569240434,0.13355874894336434,0.8167745569240434,dataset_AP,1
2707604800280100011,20240415,4,Schwann_cell,Schwann_cell,Schwann_cell,False,True,True,0.9868462527505835,0.9868462527505835,0.04489127893383212,0.9868462527505832,dataset_AP,1
2707604800280100016,20240415,4,Schwann_cell,Schwann_cell,Schwann_cell,False,True,True,0.9832204966941487,0.9832204966941487,0.04225320377411632,0.9832204966941488,dataset_AP,4
2707604800281100070,20240415,4,meninges_1,meninges_1,meninges_1,False,True,True,0.7996846919451167,0.7996846919451167,0.03869834475399124,0.7996846919451165,dataset_AP,1
2707604800282100069,20240415,4,astrocyte_2,astrocyte_2,astrocyte_2,False,True,True,0.9901404565654323,0.9901404565654323,0.08273244566481532,0.9901404565654324,dataset_AP,2
2707604800283200132,20240415,4,endothelial,endothelial,astrocyte_2,False,False,False,0.5699757115499887,0.5699757115499887,0.09458949443740318,0.5699757115499887,dataset_AP,4
2707604800299100021,20240415,1,meninges_3,meninges_3,meninges_3,False,True,True,0.29317414045975065,0.29317414045975065,0.0008453085376162299,0.29317414045975065,dataset_AP,2
2707604800299200029,20240415,1,meninges_1,meninges_1,meninges_1,False,True,True,0.5119914405156024,0.5119914405156024,0.016539353041254184,0.5119914405156024,dataset_AP,4
2707604800301100018,20240415,1,Schwann_cell,Schwann_cell,peripheral_glia,False,False,False,0.9056992837505139,0.9056992837505139,0.016177298971975777,0.9056992837505139,dataset_AP,5
2707604800321100160,20240415,1,oligodendrocyte_2,oligodendrocyte_2,oligodendrocyte_2,False,True,True,0.46981496914920934,0.46981496914920934,0.12394864750633983,0.4698149691492092,dataset_AP,1
2707604800322100110,20240415,1,Schwann_cell,Schwann_cell,Schwann_cell,False,True,True,0.963476390428736,0.963476390428736,0.016177298971975777,0.9634763904287358,dataset_AP,5
2707604800322100160,20240415,1,peripheral_glia,peripheral_glia,peripheral_glia,False,True,True,0.6215019821295636,0.6215019821295636,0.007681036911806142,0.6215019821295638,dataset_AP,2
2707604800322200138,20240415,1,peripheral_glia,peripheral_glia,Schwann_cell,False,False,False,0.9841817583202198,0.9841817583202198,0.013503803888419272,0.9841817583202198,dataset_AP,1
2707604800339100147,20240415,1,astrocyte_1,astrocyte_1,astrocyte_1,False,True,True,0.9564703853349897,0.9564703853349897,0.2258100873485489,0.9564703853349895,dataset_AP,2
2707604800340100075,20240415,1,meninges_1,meninges_1,oligodendrocyte_progenitor_2,False,False,False,0.8052510510018275,0.8052510510018275,0.02400190114068441,0.8052510510018273,dataset_AP,5
2707604800340100190,20240415,1,astrocyte_2,astrocyte_2,astrocyte_1,False,False,False,0.6946604221160325,0.6946604221160325,0.021057812683908106,0.6946604221160325,dataset_AP,3
2707604800341100137,20240415,1,oligodendrocyte_progenitor_2,oligodendrocyte_progenitor_2,oligodendrocyte_progenitor_2,False,True,True,0.8654584904237066,0.8654584904237066,0.2685718037429064,0.8654584904237066,dataset_AP,4
2707604800341100175,20240415,1,astrocyte_1,astrocyte_1,astrocyte_1,False,True,True,0.921380133341687,0.921380133341687,0.24917788510944405,0.921380133341687,dataset_AP,4
2707604800341100216,20240415,1,oligodendrocyte_1,oligodendrocyte_1,oligodendrocyte_progenitor_2,False,False,False,0.52055392905545,0.52055392905545,0.10521449704142012,0.52055392905545,dataset_AP,1
2707604800342100056,20240415,1,oligodendrocyte_1,oligodendrocyte_1,oligodendrocyte_progenitor_2,False,False,False,0.4118308168249457,0.4118308168249457,0.0751742712294043,0.4118308168249457,dataset_AP,5
2707604800342100193,20240415,1,astrocyte_1,astrocyte_1,astrocyte_1,False,True,True,0.9733545963080541,0.9733545963080541,0.2258100873485489,0.9733545963080542,dataset_AP,2
2707604800343100130,20240415,1,oligodendrocyte_1,oligodendrocyte_1,oligodendrocyte_1,False,True,True,0.470643416491887,0.470643416491887,0.0751742712294043,0.470643416491887,dataset_AP,5
2707604800343100161,20240415,1,Schwann_cell,Schwann_cell,Schwann_cell,False,True,True,0.7620918764447389,0.7620918764447389,0.00831043956043956,0.7620918764447389,dataset_AP,1
2707604800360100107,20240415,1,oligodendrocyte_precursor_cell,oligodendrocyte_precursor_cell,oligodendrocyte_precursor_cell,False,True,True,0.8143053881339983,0.8143053881339983,0.04214919695688926,0.8143053881339983,dataset_AP,1
2707604800361100084,20240415,1,pericyte,pericyte,endothelial,False,False,False,0.959099461441747,0.959099461441747,0.008041131215425275,0.959099461441747,dataset_AP,3
2707604800361100143,20240415,1,endothelial,endothelial,oligodendrocyte_progenitor_2,False,False,False,0.6855458345194212,0.6855458345194212,0.08911097409196268,0.6855458345194212,dataset_AP,4
2707604800361100161,20240415,1,astrocyte_2,astrocyte_2,astrocyte_1,False,False,False,0.8669128051169377,0.8669128051169377,0.035514229360383204,0.8669128051169378,dataset_AP,2
2707604800361100189,20240415,1,oligodendrocyte_1,oligodendrocyte_1,oligodendrocyte_progenitor_2,False,False,False,0.6986961838366862,0.6986961838366862,0.09222879684418146,0.6986961838366863,dataset_AP,2
2707604800362100014,20240415,1,astrocyte_1,astrocyte_1,endothelial,False,False,False,0.4430776464357909,0.4430776464357909,0.2304469568892646,0.4430776464357909,dataset_AP,1
2707604800362100074,20240415,1,ependymal,ependymal,astrocyte_1,False,False,False,0.22944444024274485,0.22944444024274485,0.0004567304947533084,0.22944444024274488,dataset_AP,4
2707604800363100213,20240415,1,oligodendrocyte_1,oligodendrocyte_1,oligodendrocyte_1,False,True,True,0.34781729349029916,0.34781729349029916,0.0751742712294043,0.3478172934902992,dataset_AP,5
2707604800364100129,20240415,1,endothelial,endothelial,endothelial,False,True,True,0.6194559142955017,0.6194559142955017,0.08911097409196268,0.6194559142955017,dataset_AP,4
2707604800381100171,20240415,1,astrocyte_1,astrocyte_1,oligodendrocyte_progenitor_2,False,False,False,0.7511959065943945,0.7511959065943945,0.2304469568892646,0.7511959065943945,dataset_AP,1
2707604800382100086,20240415,1,endothelial,endothelial,endothelial,False,True,True,0.724794982725869,0.724794982725869,0.08911097409196268,0.724794982725869,dataset_AP,4
2707604800383100031,20240415,1,astrocyte_1,astrocyte_1,astrocyte_1,False,True,True,0.9540356144421597,0.9540356144421597,0.2258100873485489,0.9540356144421599,dataset_AP,2
2707604800383100058,20240415,1,astrocyte_1,astrocyte_1,astrocyte_1,False,True,True,0.9476545918436599,0.9476545918436599,0.21437666520431858,0.9476545918436601,dataset_AP,3
2707604800383100111,20240415,1,astrocyte_1,astrocyte_1,astrocyte_1,False,True,True,0.7601107848936663,0.7601107848936663,0.24917788510944405,0.7601107848936666,dataset_AP,4
2707604800383100252,20240415,1,oligodendrocyte_1,oligodendrocyte_1,oligodendrocyte_1,False,True,True,0.6800578285167472,0.6800578285167472,0.0751742712294043,0.6800578285167472,dataset_AP,5
2707604800384100110,20240415,1,endothelial,endothelial,oligodendrocyte_progenitor_2,False,False,False,0.6993481806109393,0.6993481806109393,0.08911097409196268,0.6993481806109393,dataset_AP,4
2707604800385100203,20240415,1,astrocyte_1,astrocyte_1,astrocyte_1,False,True,True,0.4500493873674652,0.4500493873674652,0.2074883819180397,0.4500493873674652,dataset_AP,5
2707604800402100006,20240415,1,Schwann_cell,Schwann_cell,oligodendrocyte_progenitor_2,False,False,False,0.5589918469832892,0.5589918469832892,0.022197802197802197,0.5589918469832892,dataset_AP,2
2707604800402200006,20240415,1,astrocyte_2,astrocyte_2,oligodendrocyte_1,False,False,False,0.34748040221291565,0.34748040221291565,0.021057812683908106,0.3474804022129157,dataset_AP,3
2707604800403100125,20240415,1,oligodendrocyte_progenitor_2,oligodendrocyte_progenitor_2,oligodendrocyte_progenitor_2,False,True,True,0.8995904242323182,0.8995904242323182,0.2609414623837701,0.8995904242323179,dataset_AP,1
2707604800403100158,20240415,1,endothelial,endothelial,endothelial,False,True,True,0.5074903885581055,0.5074903885581055,0.11512246273687365,0.5074903885581055,dataset_AP,3
2707604800403100232,20240415,1,endothelial,endothelial,oligodendrocyte_1,False,False,False,0.41796797187641815,0.41796797187641815,0.10120597351366581,0.41796797187641815,dataset_AP,2
2707604800404100075,20240415,1,oligodendrocyte_progenitor_2,oligodendrocyte_progenitor_2,oligodendrocyte_progenitor_2,False,True,True,0.9878092816224762,0.9878092816224762,0.25519879829132047,0.9878092816224763,dataset_AP,5
2707604800404100228,20240415,1,astrocyte_1,astrocyte_1,astrocyte_1,False,True,True,0.8275138536941355,0.8275138536941355,0.24917788510944405,0.8275138536941355,dataset_AP,4
2707604800406100019,20240415,1,peripheral_glia,peripheral_glia,oligodendrocyte_progenitor_2,False,False,False,0.5338479873381996,0.5338479873381996,0.008059310895179082,0.5338479873381996,dataset_AP,5
2707604800423100115,20240415,1,oligodendrocyte_progenitor_2,oligodendrocyte_progenitor_2,oligodendrocyte_progenitor_2,False,True,True,0.8908985710207615,0.8908985710207615,0.27172724711186247,0.8908985710207615,dataset_AP,2
2707604800424100059,20240415,1,astrocyte_1,astrocyte_1,astrocyte_1,False,True,True,0.4706920620674179,0.4706920620674179,0.21437666520431858,0.470692062067418,dataset_AP,3
2707604800424100111,20240415,1,oligodendrocyte_2,oligodendrocyte_2,oligodendrocyte_1,False,False,False,0.748048808153942,0.748048808153942,0.12388219969018449,0.7480488081539419,dataset_AP,5
2707604800425100029,20240415,1,oligodendrocyte_progenitor_2,oligodendrocyte_progenitor_2,oligodendrocyte_progenitor_2,False,True,True,0.5578850971153829,0.5578850971153829,0.27172724711186247,0.5578850971153828,dataset_AP,2
2707604800425200049,20240415,1,astrocyte_1,astrocyte_1,astrocyte_1,False,True,True,0.5154533258536382,0.5154533258536382,0.2074883819180397,0.5154533258536381,dataset_AP,5
2707604800445100225,20240415,1,oligodendrocyte_progenitor_2,oligodendrocyte_progenitor_2,oligodendrocyte_progenitor_2,False,True,True,0.7407238191117483,0.7407238191117483,0.2609414623837701,0.7407238191117483,dataset_AP,1
2707737900006100046,20240415,3,endothelial,endothelial,endothelial,False,True,True,0.9301765030829335,0.9301765030829335,0.12221528605388772,0.9301765030829336,dataset_AP,4
2707737900007100130,20240415,3,oligodendrocyte_1,oligodendrocyte_1,oligodendrocyte_2,False,False,False,0.5480292720825889,0.5480292720825889,0.05625139789756207,0.5480292720825889,dataset_AP,5
2707737900007100164,20240415,3,oligodendrocyte_2,oligodendrocyte_2,oligodendrocyte_progenitor_2,False,False,False,0.5886804078516071,0.5886804078516071,0.0710556411913878,0.5886804078516072,dataset_AP,3
2707737900008100126,20240415,3,endothelial,endothelial,endothelial,False,True,True,0.9300228888424152,0.9300228888424152,0.1519536720455205,0.9300228888424152,dataset_AP,1
2707737900008100185,20240415,3,oligodendrocyte_1,oligodendrocyte_1,oligodendrocyte_progenitor_2,False,False,False,0.5074418114292613,0.5074418114292613,0.07214245628637547,0.5074418114292613,dataset_AP,4
2707737900020100052,20240415,3,astrocyte_1,astrocyte_1,astrocyte_1,False,True,True,0.5454868399649561,0.5454868399649561,0.21879892641467233,0.5454868399649561,dataset_AP,5
2707737900020100069,20240415,3,oligodendrocyte_progenitor_2,oligodendrocyte_progenitor_2,oligodendrocyte_progenitor_2,False,True,True,0.8591693846523628,0.8591693846523628,0.3096809993126888,0.8591693846523631,dataset_AP,4
2707737900021100017,20240415,3,astrocyte_1,astrocyte_1,astrocyte_1,False,True,True,0.7875771728249698,0.7875771728249698,0.20703750898928855,0.7875771728249699,dataset_AP,1
2707737900021100021,20240415,3,oligodendrocyte_1,oligodendrocyte_1,oligodendrocyte_progenitor_2,False,False,False,0.3610241021929443,0.3610241021929443,0.07214245628637547,0.3610241021929443,dataset_AP,4
2707737900021100079,20240415,3,oligodendrocyte_progenitor_1,oligodendrocyte_progenitor_1,oligodendrocyte_progenitor_2,False,False,False,0.7719075600766367,0.7719075600766367,0.004848093083387201,0.7719075600766367,dataset_AP,3
2707737900021100138,20240415,3,oligodendrocyte_precursor_cell,oligodendrocyte_precursor_cell,oligodendrocyte_progenitor_2,False,False,False,0.3297691974552345,0.3297691974552345,0.025640547727329207,0.3297691974552345,dataset_AP,5
2707737900021100149,20240415,3,pericyte,pericyte,oligodendrocyte_1,False,False,False,0.4882404532993724,0.4882404532993724,0.018960961983491918,0.48824045329937243,dataset_AP,4
2707737900021200024,20240415,3,ependymal,ependymal,ependymal,False,True,True,0.99999758186764,0.99999758186764,0.01593469676133281,0.99999758186764,dataset_AP,1
2707737900021200044,20240415,3,ependymal,ependymal,oligodendrocyte_progenitor_2,False,False,False,0.8042590120447725,0.8042590120447725,0.030405825194463082,0.8042590120447727,dataset_AP,5
2707737900033100017,20240415,3,oligodendrocyte_2,oligodendrocyte_2,oligodendrocyte_2,False,True,True,0.8654443911014265,0.8654443911014265,0.0710556411913878,0.8654443911014262,dataset_AP,3
2707737900034100121,20240415,2,astrocyte_2,astrocyte_2,astrocyte_2,False,True,True,0.9583555056809488,0.9583555056809488,0.09140117042548032,0.9583555056809488,dataset_AP,4
2707737900034100123,20240415,2,astrocyte_2,astrocyte_2,astrocyte_2,False,True,True,0.663214756964508,0.663214756964508,0.09643638975845231,0.6632147569645082,dataset_AP,3
2707737900034100153,20240415,2,astrocyte_2,astrocyte_2,astrocyte_1,False,False,False,0.9752682991582737,0.9752682991582737,0.1087747722363107,0.9752682991582735,dataset_AP,2
2707737900034100174,20240415,2,oligodendrocyte_1,oligodendrocyte_1,oligodendrocyte_2,False,False,False,0.4301789806525935,0.4301789806525935,0.06799113563605472,0.4301789806525935,dataset_AP,4
2707737900034200090,20240415,2,oligodendrocyte_2,oligodendrocyte_2,oligodendrocyte_2,False,True,True,0.8847517652189294,0.8847517652189294,0.16545338354235967,0.8847517652189294,dataset_AP,4
2707737900035100048,20240415,2,oligodendrocyte_2,oligodendrocyte_2,oligodendrocyte_2,False,True,True,0.991307209267465,0.991307209267465,0.1532299765604922,0.9913072092674647,dataset_AP,3
2707737900035100070,20240415,2,astrocyte_1,astrocyte_1,astrocyte_2,False,False,False,0.4829896456970762,0.4829896456970762,0.17169052418418437,0.4829896456970762,dataset_AP,3
2707737900036100040,20240415,2,oligodendrocyte_2,oligodendrocyte_2,oligodendrocyte_2,False,True,True,0.863004026427351,0.863004026427351,0.16261035972574434,0.863004026427351,dataset_AP,2
2707737900036100042,20240415,2,oligodendrocyte_progenitor_2,oligodendrocyte_progenitor_2,astrocyte_2,False,False,False,0.9972888963076522,0.9972888963076522,0.19325672918234202,0.9972888963076522,dataset_AP,3
2707737900045100046,20240415,2,endothelial,endothelial,endothelial,False,True,True,0.8343032552034593,0.8343032552034593,0.11868366676058985,0.8343032552034593,dataset_AP,2
2707737900046100034,20240415,2,microglia,microglia,microglia,False,True,True,0.8585605525844586,0.8585605525844586,0.018858011646473185,0.8585605525844586,dataset_AP,2
2707737900046100132,20240415,2,astrocyte_1,astrocyte_1,astrocyte_1,False,True,True,0.5338812338814969,0.5338812338814969,0.17169052418418437,0.533881233881497,dataset_AP,3
2707737900047100008,20240415,2,astrocyte_2,astrocyte_2,astrocyte_2,False,True,True,0.7370627699161111,0.7370627699161111,0.09140117042548032,0.7370627699161112,dataset_AP,4
2707737900047100034,20240415,2,endothelial,endothelial,endothelial,False,True,True,0.9802556306271412,0.9802556306271412,0.1020278833967047,0.9802556306271412,dataset_AP,5
2707737900047100154,20240415,2,astrocyte_2,astrocyte_2,astrocyte_1,False,False,False,0.3495101840372018,0.3495101840372018,0.11188262287163386,0.3495101840372018,dataset_AP,1
2707737900047100174,20240415,2,endothelial,endothelial,endothelial,False,True,True,0.3471680224997892,0.3471680224997892,0.12157270737152394,0.3471680224997892,dataset_AP,3
2707737900047200090,20240415,2,oligodendrocyte_1,oligodendrocyte_1,oligodendrocyte_1,False,True,True,0.4811979206232693,0.4811979206232693,0.06799113563605472,0.4811979206232694,dataset_AP,4
2707737900048100079,20240415,2,oligodendrocyte_progenitor_2,oligodendrocyte_progenitor_2,oligodendrocyte_progenitor_2,False,True,True,0.5894511911100628,0.5894511911100628,0.20749683009298392,0.5894511911100629,dataset_AP,2
2707737900048100136,20240415,2,oligodendrocyte_1,oligodendrocyte_1,pericyte,False,False,False,0.4352957703289846,0.4352957703289846,0.07440828402366864,0.4352957703289846,dataset_AP,1
2707737900048100169,20240415,2,meninges_3,meninges_3,oligodendrocyte_1,False,False,False,0.3416340996105429,0.3416340996105429,0.004127458903452141,0.341634099610543,dataset_AP,3
2707737900049100026,20240415,2,oligodendrocyte_1,oligodendrocyte_1,oligodendrocyte_1,False,True,True,0.516309547370319,0.516309547370319,0.06532717775321326,0.5163095473703191,dataset_AP,3
2707737900049100194,20240415,2,oligodendrocyte_2,oligodendrocyte_2,oligodendrocyte_2,False,True,True,0.5989532981178388,0.5989532981178388,0.1532299765604922,0.5989532981178389,dataset_AP,3
2707737900059100053,20240415,2,oligodendrocyte_progenitor_1,oligodendrocyte_progenitor_1,endothelial,False,False,False,0.9093687418225954,0.9093687418225954,0.004830254751326528,0.9093687418225954,dataset_AP,4
2707737900059100120,20240415,2,oligodendrocyte_progenitor_2,oligodendrocyte_progenitor_2,oligodendrocyte_1,False,False,False,0.535344624783899,0.535344624783899,0.20749683009298392,0.5353446247838991,dataset_AP,2
2707737900060100021,20240415,2,microglia,microglia,microglia,False,True,True,0.8126384353380753,0.8126384353380753,0.018858011646473185,0.8126384353380753,dataset_AP,2
2707737900060100041,20240415,2,oligodendrocyte_progenitor_2,oligodendrocyte_progenitor_2,oligodendrocyte_1,False,False,False,0.5002761834130139,0.5002761834130139,0.19325672918234202,0.5002761834130139,dataset_AP,3
2707737900060100148,20240415,2,endothelial,endothelial,pericyte,False,False,False,0.6726296604997933,0.6726296604997933,0.1020278833967047,0.6726296604997933,dataset_AP,5
2707737900060100260,20240415,2,astrocyte_1,astrocyte_1,astrocyte_1,False,True,True,0.6128315088442822,0.6128315088442822,0.16740673774894307,0.6128315088442823,dataset_AP,5
2707737900060200124,20240415,2,oligodendrocyte_progenitor_2,oligodendrocyte_progenitor_2,oligodendrocyte_progenitor_2,False,True,True,0.8274445418602073,0.8274445418602073,0.20847879766769006,0.8274445418602073,dataset_AP,4
2707737900063100016,20240415,2,oligodendrocyte_progenitor_1,oligodendrocyte_progenitor_1,oligodendrocyte_precursor_cell,False,False,False,0.8671385487110703,0.8671385487110703,0.00808913308913309,0.8671385487110701,dataset_AP,2
2707737900063100163,20240415,2,astrocyte_2,astrocyte_2,astrocyte_2,False,True,True,0.9268356751547469,0.9268356751547469,0.1087747722363107,0.9268356751547466,dataset_AP,2
2707737900074100088,20240415,2,astrocyte_1,astrocyte_1,astrocyte_1,False,True,True,0.9905522631665635,0.9905522631665635,0.14596968965100834,0.9905522631665635,dataset_AP,1
2707737900074100107,20240415,2,endothelial,endothelial,endothelial,False,True,True,0.9956541826208429,0.9956541826208429,0.12207462866803527,0.9956541826208429,dataset_AP,1
2707737900074100236,20240415,2,oligodendrocyte_precursor_cell,oligodendrocyte_precursor_cell,astrocyte_1,False,False,False,0.7664422534470784,0.7664422534470784,0.030360664976049594,0.7664422534470784,dataset_AP,2
2707737900075100138,20240415,2,astrocyte_1,astrocyte_1,astrocyte_1,False,True,True,0.8104913435706521,0.8104913435706521,0.14396507940865602,0.8104913435706519,dataset_AP,4
2707737900075100161,20240415,2,endothelial,endothelial,endothelial,False,True,True,0.6616990580408704,0.6616990580408704,0.1020278833967047,0.6616990580408704,dataset_AP,5
2707737900076100027,20240415,2,astrocyte_2,astrocyte_2,astrocyte_2,False,True,True,0.9770586329205374,0.9770586329205374,0.11302997804898945,0.9770586329205374,dataset_AP,5
2707737900077100049,20240415,2,endothelial,endothelial,endothelial,False,True,True,0.6977510587502058,0.6977510587502058,0.11868366676058985,0.6977510587502058,dataset_AP,2
2707737900077100122,20240415,2,oligodendrocyte_2,oligodendrocyte_2,oligodendrocyte_2,False,True,True,0.6646416258938586,0.6646416258938586,0.16261035972574434,0.6646416258938584,dataset_AP,2
2707737900085100037,20240415,2,oligodendrocyte_2,oligodendrocyte_2,oligodendrocyte_2,False,True,True,0.9823126042476624,0.9823126042476624,0.1532299765604922,0.9823126042476625,dataset_AP,3
2707737900086100089,20240415,2,pericyte,pericyte,astrocyte_1,False,False,False,0.6204578270506833,0.6204578270506833,0.01882320975727569,0.6204578270506833,dataset_AP,1
2707737900086100132,20240415,2,oligodendrocyte_progenitor_2,oligodendrocyte_progenitor_2,oligodendrocyte_progenitor_2,False,True,True,0.5783612685952285,0.5783612685952285,0.1776808356478686,0.5783612685952285,dataset_AP,1
2707737900086200147,20240415,2,oligodendrocyte_progenitor_2,oligodendrocyte_progenitor_2,oligodendrocyte_progenitor_2,False,True,True,0.5257549169464185,0.5257549169464185,0.20749683009298392,0.5257549169464185,dataset_AP,2
2707737900087100110,20240415,2,oligodendrocyte_progenitor_2,oligodendrocyte_progenitor_2,oligodendrocyte_progenitor_2,False,True,True,0.8626550507707655,0.8626550507707655,0.1776808356478686,0.8626550507707658,dataset_AP,1
2707737900088100010,20240415,2,astrocyte_1,astrocyte_1,oligodendrocyte_1,False,False,False,0.6508691936993788,0.6508691936993788,0.14396507940865602,0.6508691936993788,dataset_AP,4
2707737900088200103,20240415,2,astrocyte_1,astrocyte_1,oligodendrocyte_progenitor_2,False,False,False,0.4512084543742994,0.4512084543742994,0.14396507940865602,0.4512084543742993,dataset_AP,4
2707737900095100022,20240415,2,meninges_1,meninges_1,meninges_2,False,False,False,0.711048568147627,0.711048568147627,0.012084873301603339,0.7110485681476268,dataset_AP,5
2707737900095200015,20240415,2,pericyte,pericyte,meninges_2,False,False,False,0.8222610306400053,0.8222610306400053,0.018300342819573587,0.8222610306400053,dataset_AP,2
2707737900096100070,20240415,2,endothelial,endothelial,meninges_2,False,False,False,0.3944758191041764,0.3944758191041764,0.12157270737152394,0.3944758191041763,dataset_AP,3
2707737900098100063,20240415,2,astrocyte_1,astrocyte_1,astrocyte_1,False,True,True,0.7891831404330517,0.7891831404330517,0.17169052418418437,0.7891831404330515,dataset_AP,3
2707737900098100134,20240415,2,meninges_3,meninges_3,astrocyte_1,False,False,False,0.4266185156973595,0.4266185156973595,0.004127458903452141,0.4266185156973595,dataset_AP,3
2707737900099100094,20240415,2,astrocyte_1,astrocyte_1,astrocyte_1,False,True,True,0.6189171366800382,0.6189171366800382,0.14396507940865602,0.6189171366800382,dataset_AP,4
2707737900099100108,20240415,2,endothelial,endothelial,endothelial,False,True,True,0.5597671660862923,0.5597671660862923,0.12207462866803527,0.5597671660862923,dataset_AP,1
2707737900099100117,20240415,2,peripheral_glia,peripheral_glia,oligodendrocyte_precursor_cell,False,False,False,0.8779064357469083,0.8779064357469083,0.01804384884232793,0.8779064357469084,dataset_AP,5
2707737900099100232,20240415,2,astrocyte_2,astrocyte_2,astrocyte_1,False,False,False,0.375936530938487,0.375936530938487,0.09140117042548032,0.375936530938487,dataset_AP,4
2707737900100100157,20240415,2,endothelial,endothelial,endothelial,False,True,True,0.9914911763407022,0.9914911763407022,0.1020278833967047,0.9914911763407022,dataset_AP,5
2707737900100100158,20240415,2,astrocyte_1,astrocyte_1,astrocyte_1,False,True,True,0.5689726931734164,0.5689726931734164,0.14396507940865602,0.5689726931734165,dataset_AP,4
2707737900100100230,20240415,2,oligodendrocyte_progenitor_2,oligodendrocyte_progenitor_2,oligodendrocyte_progenitor_2,False,True,True,0.8213958219420728,0.8213958219420728,0.1776808356478686,0.8213958219420728,dataset_AP,1
2707737900101100037,20240415,2,oligodendrocyte_1,oligodendrocyte_1,astrocyte_1,False,False,False,0.35178690263511864,0.35178690263511864,0.07440828402366864,0.35178690263511864,dataset_AP,1
2707737900102100081,20240415,2,Schwann_cell,Schwann_cell,Schwann_cell,False,True,True,0.9422130163457351,0.9422130163457351,0.03239468864468865,0.9422130163457348,dataset_AP,2
2707737900103100028,20240415,2,oligodendrocyte_2,oligodendrocyte_2,astrocyte_2,False,False,False,0.8293129391493772,0.8293129391493772,0.16027635229156142,0.829312939149377,dataset_AP,5
2707737900106100009,20240415,4,astrocyte_2,astrocyte_2,astrocyte_2,False,True,True,0.982284806375531,0.982284806375531,0.08273244566481532,0.9822848063755311,dataset_AP,2
2707737900110100007,20240415,2,astrocyte_1,astrocyte_1,astrocyte_2,False,False,False,0.31557415907805986,0.31557415907805986,0.14396507940865602,0.3155741590780598,dataset_AP,4
2707737900112100022,20240415,2,astrocyte_2,astrocyte_2,endothelial,False,False,False,0.6773941505029211,0.6773941505029211,0.11188262287163386,0.6773941505029211,dataset_AP,1
2707737900112100028,20240415,2,oligodendrocyte_1,oligodendrocyte_1,endothelial,False,False,False,0.31736072856124375,0.31736072856124375,0.07440828402366864,0.31736072856124375,dataset_AP,1
2707737900112100126,20240415,2,oligodendrocyte_1,oligodendrocyte_1,oligodendrocyte_1,False,True,True,0.39846792020820065,0.39846792020820065,0.06799113563605472,0.39846792020820065,dataset_AP,4
2707737900113100018,20240415,2,endothelial,endothelial,oligodendrocyte_progenitor_2,False,False,False,0.3274448798955209,0.3274448798955209,0.1020278833967047,0.32744487989552096,dataset_AP,5
2707737900113100105,20240415,2,endothelial,endothelial,endothelial,False,True,True,0.6464620974907701,0.6464620974907701,0.12157270737152394,0.6464620974907702,dataset_AP,3
2707737900114100047,20240415,2,peripheral_glia,peripheral_glia,peripheral_glia,False,True,True,0.6975074456768772,0.6975074456768772,0.011287887936239584,0.6975074456768772,dataset_AP,1
2707737900114100111,20240415,2,oligodendrocyte_2,oligodendrocyte_2,oligodendrocyte_2,False,True,True,0.7747022906859505,0.7747022906859505,0.16545338354235967,0.7747022906859508,dataset_AP,4
2707737900119100055,20240415,4,oligodendrocyte_2,oligodendrocyte_2,oligodendrocyte_2,False,True,True,0.9986953288958306,0.9986953288958306,0.13355874894336434,0.9986953288958307,dataset_AP,1
2707737900120100135,20240415,4,oligodendrocyte_2,oligodendrocyte_2,oligodendrocyte_progenitor_2,False,False,False,0.5452691802472986,0.5452691802472986,0.1589269117025771,0.5452691802472986,dataset_AP,5
2707737900120100153,20240415,4,oligodendrocyte_1,oligodendrocyte_1,oligodendrocyte_1,False,True,True,0.3277601084594649,0.3277601084594649,0.04586791628608872,0.32776010845946485,dataset_AP,2
2707737900121100149,20240415,4,oligodendrocyte_2,oligodendrocyte_2,oligodendrocyte_2,False,True,True,0.8808811061606414,0.8808811061606414,0.1589269117025771,0.8808811061606414,dataset_AP,5
2707737900121200017,20240415,4,meninges_1,meninges_1,meninges_1,False,True,True,0.8958180790511382,0.8958180790511382,0.038366292429131,0.895818079051138,dataset_AP,3
2707737900126100032,20240415,2,oligodendrocyte_2,oligodendrocyte_2,oligodendrocyte_2,False,True,True,0.9940844357726072,0.9940844357726072,0.16545338354235967,0.9940844357726074,dataset_AP,4
2707737900131100132,20240415,4,oligodendrocyte_2,oligodendrocyte_2,oligodendrocyte_2,False,True,True,0.727835208387361,0.727835208387361,0.1388705816082242,0.727835208387361,dataset_AP,4
2707737900132100054,20240415,4,astrocyte_1,astrocyte_1,astrocyte_1,False,True,True,0.6924788092769726,0.6924788092769726,0.18585551330798478,0.6924788092769725,dataset_AP,4
2707737900133100117,20240415,4,astrocyte_1,astrocyte_1,astrocyte_1,False,True,True,0.9929925254779403,0.9929925254779403,0.18348590852682506,0.9929925254779405,dataset_AP,1
2707737900133100157,20240415,4,oligodendrocyte_progenitor_2,oligodendrocyte_progenitor_2,oligodendrocyte_progenitor_2,False,True,True,0.7932247363614782,0.7932247363614782,0.23328246353543203,0.7932247363614782,dataset_AP,2
2707737900133100176,20240415,4,astrocyte_1,astrocyte_1,astrocyte_1,False,True,True,0.5333189433587135,0.5333189433587135,0.18585551330798478,0.5333189433587135,dataset_AP,4
2707737900133100223,20240415,4,pericyte,pericyte,oligodendrocyte_progenitor_2,False,False,False,0.29543796785001813,0.29543796785001813,0.01598942769040277,0.29543796785001813,dataset_AP,3
2707737900134100140,20240415,4,oligodendrocyte_progenitor_2,oligodendrocyte_progenitor_2,oligodendrocyte_1,False,False,False,0.38329811295188254,0.38329811295188254,0.19548652863929136,0.38329811295188254,dataset_AP,3
2707737900134200082,20240415,4,astrocyte_2,astrocyte_2,astrocyte_2,False,True,True,0.8584140400015187,0.8584140400015187,0.07324208797203888,0.8584140400015188,dataset_AP,1
2707737900135100028,20240415,4,astrocyte_2,astrocyte_2,astrocyte_2,False,True,True,0.27996501682483166,0.27996501682483166,0.08212082805238699,0.27996501682483166,dataset_AP,4
2707737900144100133,20240415,4,oligodendrocyte_2,oligodendrocyte_2,oligodendrocyte_progenitor_2,False,False,False,0.8393802957919866,0.8393802957919866,0.13355874894336434,0.8393802957919866,dataset_AP,1
2707737900144100209,20240415,4,oligodendrocyte_1,oligodendrocyte_1,oligodendrocyte_progenitor_2,False,False,False,0.4458479473912724,0.4458479473912724,0.0588339670468948,0.4458479473912724,dataset_AP,5
2707737900147100189,20240415,4,meninges_3,meninges_3,meninges_2,False,False,False,0.8946152618604748,0.8946152618604748,0.0008449514152936207,0.8946152618604746,dataset_AP,4
2707737900147100218,20240415,4,oligodendrocyte_progenitor_2,oligodendrocyte_progenitor_2,oligodendrocyte_progenitor_2,False,True,True,0.5843447916361325,0.5843447916361325,0.23328246353543203,0.5843447916361325,dataset_AP,2
2707737900147100238,20240415,4,oligodendrocyte_precursor_cell,oligodendrocyte_precursor_cell,oligodendrocyte_progenitor_2,False,False,False,0.8003557064099944,0.8003557064099944,0.024957048303055906,0.8003557064099944,dataset_AP,5
2726542200026100134,20240422,3,oligodendrocyte_1,oligodendrocyte_1,oligodendrocyte_1,False,True,True,0.5228531271590884,0.5228531271590884,0.08295886622882821,0.5228531271590884,dataset_AP,5
2726542200027100086,20240422,3,pericyte,pericyte,oligodendrocyte_1,False,False,False,0.398279504018005,0.398279504018005,0.012290202404270844,0.398279504018005,dataset_AP,5
2726543700098100172,20240422,1,oligodendrocyte_1,oligodendrocyte_1,oligodendrocyte_precursor_cell,False,False,False,0.5064634033651145,0.5064634033651145,0.26738165680473375,0.5064634033651145,dataset_AP,2
2726543700099100012,20240422,1,endothelial,endothelial,endothelial,False,True,True,0.8523086556182968,0.8523086556182968,0.09519145830932904,0.8523086556182968,dataset_AP,4
2726543700099100088,20240422,1,oligodendrocyte_1,oligodendrocyte_1,oligodendrocyte_1,False,True,True,0.48127392527291396,0.48127392527291396,0.26738165680473375,0.48127392527291396,dataset_AP,2
2726543700099100133,20240422,1,oligodendrocyte_1,oligodendrocyte_1,oligodendrocyte_progenitor_2,False,False,False,0.4517216684831297,0.4517216684831297,0.26738165680473375,0.4517216684831297,dataset_AP,2
2726543700142100084,20240422,4,endothelial,endothelial,astrocyte_1,False,False,False,0.7961266266956578,0.7961266266956578,0.07294747218701593,0.7961266266956578,dataset_AP,4
2726543700173100052,20240422,4,oligodendrocyte_1,oligodendrocyte_1,oligodendrocyte_progenitor_2,False,False,False,0.30520451673321236,0.30520451673321236,0.1859353664087392,0.3052045167332124,dataset_AP,2
2726543700195100105,20240422,1,endothelial,endothelial,oligodendrocyte_1,False,False,False,0.42202836476228356,0.42202836476228356,0.13735324504555274,0.42202836476228356,dataset_AP,1
2726543700196100153,20240422,1,pericyte,pericyte,endothelial,False,False,False,0.3065939792387297,0.3065939792387297,0.006145101202135422,0.3065939792387297,dataset_AP,4
2726543700206100075,20240422,4,oligodendrocyte_1,oligodendrocyte_1,oligodendrocyte_1,False,True,True,0.2440288638735208,0.2440288638735208,0.13189982955290416,0.24402886387352082,dataset_AP,5
2726543700227100037,20240422,1,astrocyte_1,astrocyte_1,astrocyte_1,False,True,True,0.18982557359934366,0.18982557359934366,0.09941863474045577,0.18982557359934366,dataset_AP,3
2726543700227100078,20240422,1,oligodendrocyte_1,oligodendrocyte_1,oligodendrocyte_1,False,True,True,0.4731783499140979,0.4731783499140979,0.28233305156382077,0.473178349914098,dataset_AP,3
2726543700227100235,20240422,1,microglia,microglia,microglia,False,True,True,0.7712400697984585,0.7712400697984585,0.009580163426317272,0.7712400697984585,dataset_AP,1
2726543700227100336,20240422,1,oligodendrocyte_precursor_cell,oligodendrocyte_precursor_cell,oligodendrocyte_precursor_cell,False,True,True,0.8643517389232404,0.8643517389232404,0.10780811921496332,0.8643517389232401,dataset_AP,4
2726543700432100217,20240422,2,endothelial,endothelial,oligodendrocyte_1,False,False,False,0.42991379863979,0.42991379863979,0.06058044519582981,0.4299137986397901,dataset_AP,2
2726543700432100220,20240422,2,astrocyte_2,astrocyte_2,oligodendrocyte_progenitor_2,False,False,False,0.3878407463151277,0.3878407463151277,0.059655736461820104,0.38784074631512777,dataset_AP,5
2726543700433100081,20240422,2,astrocyte_2,astrocyte_2,oligodendrocyte_1,False,False,False,0.28831974016828177,0.28831974016828177,0.06464262233493002,0.2883197401682817,dataset_AP,2
2726543700434100081,20240422,2,oligodendrocyte_1,oligodendrocyte_1,oligodendrocyte_1,False,True,True,0.34725478812429506,0.34725478812429506,0.15353472438492682,0.3472547881242951,dataset_AP,3
2726543700434100191,20240422,2,oligodendrocyte_2,oligodendrocyte_2,oligodendrocyte_1,False,False,False,0.5078058449936798,0.5078058449936798,0.07452062107932554,0.5078058449936798,dataset_AP,3
2726543700464100188,20240422,2,pericyte,pericyte,astrocyte_1,False,False,False,0.30114946785315533,0.30114946785315533,0.0077285352010626725,0.30114946785315533,dataset_AP,1
2726543700538100148,20240422,3,oligodendrocyte_1,oligodendrocyte_1,oligodendrocyte_progenitor_2,False,False,False,0.2812051652123448,0.2812051652123448,0.16667585092118073,0.2812051652123448,dataset_AP,4
2726544200026100065,20240422,1,astrocyte_1,astrocyte_1,oligodendrocyte_progenitor_2,False,False,False,0.4189101291019463,0.4189101291019463,0.1335983408226754,0.4189101291019464,dataset_AP,4
2726544200026100175,20240422,1,astrocyte_1,astrocyte_1,endothelial,False,False,False,0.7108005834135667,0.7108005834135667,0.1335983408226754,0.7108005834135668,dataset_AP,4
2726544200036100086,20240422,1,oligodendrocyte_1,oligodendrocyte_1,oligodendrocyte_1,False,True,True,0.35256112139524315,0.35256112139524315,0.3143987402542536,0.3525611213952432,dataset_AP,4
2726544200037200045,20240422,1,oligodendrocyte_1,oligodendrocyte_1,oligodendrocyte_1,False,True,True,0.5378171103501214,0.5378171103501214,0.2565019011406844,0.5378171103501214,dataset_AP,5
2726544200046100231,20240422,1,oligodendrocyte_1,oligodendrocyte_1,oligodendrocyte_1,False,True,True,0.5041080578124085,0.5041080578124085,0.26298487836949375,0.5041080578124085,dataset_AP,1
2726544200048100036,20240422,1,oligodendrocyte_1,oligodendrocyte_1,oligodendrocyte_precursor_cell,False,False,False,0.3168587250491219,0.3168587250491219,0.28233305156382077,0.3168587250491219,dataset_AP,3
2726544200049100135,20240422,1,oligodendrocyte_1,oligodendrocyte_1,oligodendrocyte_1,False,True,True,0.580788066828388,0.580788066828388,0.2565019011406844,0.5807880668283881,dataset_AP,5
2726544200050100115,20240422,1,oligodendrocyte_1,oligodendrocyte_1,oligodendrocyte_1,False,True,True,0.580452698490428,0.580452698490428,0.2565019011406844,0.580452698490428,dataset_AP,5
2726544200070100057,20240422,1,astrocyte_2,astrocyte_2,oligodendrocyte_1,False,False,False,0.779721457338756,0.779721457338756,0.029491875645721796,0.779721457338756,dataset_AP,1
2726544600002100163,20240422,1,oligodendrocyte_precursor_cell,oligodendrocyte_precursor_cell,oligodendrocyte_precursor_cell,False,True,True,0.6613631907207924,0.6613631907207924,0.10780811921496332,0.6613631907207924,dataset_AP,4
2726544600027100237,20240422,1,oligodendrocyte_1,oligodendrocyte_1,oligodendrocyte_progenitor_2,False,False,False,0.28769129771837254,0.28769129771837254,0.2565019011406844,0.28769129771837254,dataset_AP,5
2726544600028100160,20240422,1,oligodendrocyte_precursor_cell,oligodendrocyte_precursor_cell,oligodendrocyte_precursor_cell,False,True,True,0.5850815003538546,0.5850815003538546,0.10541936695782848,0.5850815003538548,dataset_AP,1
2726544600029100174,20240422,1,oligodendrocyte_1,oligodendrocyte_1,endothelial,False,False,False,0.31857961185975175,0.31857961185975175,0.26738165680473375,0.31857961185975175,dataset_AP,2
2726544600053100085,20240422,1,astrocyte_1,astrocyte_1,astrocyte_1,False,True,True,0.5756591402095679,0.5756591402095679,0.1335983408226754,0.5756591402095678,dataset_AP,4
2726544600055100142,20240422,1,oligodendrocyte_1,oligodendrocyte_1,oligodendrocyte_1,False,True,True,0.4659082204131938,0.4659082204131938,0.26738165680473375,0.4659082204131938,dataset_AP,2
2726544600055100158,20240422,1,oligodendrocyte_1,oligodendrocyte_1,oligodendrocyte_progenitor_2,False,False,False,0.557275238558713,0.557275238558713,0.3143987402542536,0.5572752385587131,dataset_AP,4
2726544600056100123,20240422,1,oligodendrocyte_precursor_cell,oligodendrocyte_precursor_cell,oligodendrocyte_1,False,False,False,0.32731676777396634,0.32731676777396634,0.11722186761433229,0.32731676777396634,dataset_AP,3
2726544600107200114,20240422,1,microglia,microglia,oligodendrocyte_precursor_cell,False,False,False,0.9938248459287309,0.9938248459287309,0.009580163426317272,0.993824845928731,dataset_AP,1
2726544600108100122,20240422,1,oligodendrocyte_1,oligodendrocyte_1,oligodendrocyte_progenitor_2,False,False,False,0.2832390372038352,0.2832390372038352,0.26298487836949375,0.2832390372038352,dataset_AP,1
2726544600192100054,20240422,4,astrocyte_1,astrocyte_1,astrocyte_1,False,True,True,0.5029265077830157,0.5029265077830157,0.18736588854932051,0.5029265077830158,dataset_AP,2
2726544600193200110,20240422,4,astrocyte_2,astrocyte_2,oligodendrocyte_1,False,False,False,0.2974617416641963,0.2974617416641963,0.07757114680191603,0.29746174166419637,dataset_AP,3
2726544600219100117,20240422,4,oligodendrocyte_1,oligodendrocyte_1,oligodendrocyte_1,False,True,True,0.34920186975889794,0.34920186975889794,0.1859353664087392,0.34920186975889794,dataset_AP,2
2726544600219100135,20240422,4,oligodendrocyte_progenitor_2,oligodendrocyte_progenitor_2,oligodendrocyte_progenitor_2,False,True,True,0.29251383062918096,0.29251383062918096,0.2215033487222836,0.29251383062918096,dataset_AP,2
2726544600273200013,20240422,4,meninges_3,meninges_3,meninges_2,False,False,False,0.7418194823109807,0.7418194823109807,0.004663771242020579,0.7418194823109806,dataset_AP,1
2726544600378200090,20240422,2,astrocyte_1,astrocyte_1,astrocyte_1,False,True,True,0.2700629814080305,0.2700629814080305,0.22764941015891585,0.27006298140803053,dataset_AP,5
2726544600405100096,20240422,2,astrocyte_1,astrocyte_1,astrocyte_1,False,True,True,0.6766127105668922,0.6766127105668922,0.23346087111269295,0.6766127105668923,dataset_AP,3
2726544600430100022,20240422,2,oligodendrocyte_progenitor_2,oligodendrocyte_progenitor_2,microglia,False,False,False,0.3000327539506279,0.3000327539506279,0.21553019629942705,0.3000327539506279,dataset_AP,2
2726544600431100029,20240422,2,pericyte,pericyte,astrocyte_1,False,False,False,0.40936702948541864,0.40936702948541864,0.006759611322348964,0.40936702948541864,dataset_AP,4
2726544600432100029,20240422,2,oligodendrocyte_precursor_cell,oligodendrocyte_precursor_cell,oligodendrocyte_precursor_cell,False,True,True,0.8950587845542728,0.8950587845542728,0.07621865314173007,0.8950587845542728,dataset_AP,2
2726544600435100028,20240422,3,astrocyte_1,astrocyte_1,endothelial,False,False,False,0.5597080603972892,0.5597080603972892,0.168326656620971,0.5597080603972893,dataset_AP,2
2726544600456100096,20240422,2,oligodendrocyte_precursor_cell,oligodendrocyte_precursor_cell,oligodendrocyte_progenitor_1,False,False,False,0.8336467616713491,0.8336467616713491,0.0783963289457795,0.8336467616713491,dataset_AP,1
2726544600457100040,20240422,2,oligodendrocyte_precursor_cell,oligodendrocyte_precursor_cell,astrocyte_1,False,False,False,0.7581661420161819,0.7581661420161819,0.07621865314173007,0.7581661420161817,dataset_AP,2
2726562700098100027,20240422,1,oligodendrocyte_progenitor_1,oligodendrocyte_progenitor_1,oligodendrocyte_1,False,False,False,0.6365391831505206,0.6365391831505206,0.007681376502669277,0.6365391831505206,dataset_AP,4
2726562700118100166,20240422,1,astrocyte_1,astrocyte_1,endothelial,False,False,False,0.5619644276246804,0.5619644276246804,0.15270029116182962,0.5619644276246804,dataset_AP,1
2726562700119100130,20240422,1,oligodendrocyte_1,oligodendrocyte_1,oligodendrocyte_1,False,True,True,0.43992988012478795,0.43992988012478795,0.26298487836949375,0.43992988012478795,dataset_AP,1
2726562700199100135,20240422,4,oligodendrocyte_1,oligodendrocyte_1,oligodendrocyte_progenitor_2,False,False,False,0.3903056701053096,0.3903056701053096,0.20118343195266272,0.3903056701053096,dataset_AP,1
2726562700199100138,20240422,4,oligodendrocyte_precursor_cell,oligodendrocyte_precursor_cell,oligodendrocyte_1,False,False,False,0.5575429149790135,0.5575429149790135,0.025639905015806416,0.5575429149790136,dataset_AP,5
2726562700215100269,20240422,2,oligodendrocyte_precursor_cell,oligodendrocyte_precursor_cell,oligodendrocyte_precursor_cell,False,True,True,0.739790852637766,0.739790852637766,0.0783963289457795,0.7397908526377659,dataset_AP,1
2726562700216100124,20240422,2,oligodendrocyte_precursor_cell,oligodendrocyte_precursor_cell,oligodendrocyte_precursor_cell,False,True,True,0.726748090460923,0.726748090460923,0.06858893113645965,0.7267480904609231,dataset_AP,4
2726562700234100209,20240422,2,oligodendrocyte_1,oligodendrocyte_1,astrocyte_1,False,False,False,0.2714725784124447,0.2714725784124447,0.16206443129520054,0.2714725784124447,dataset_AP,2
2726562700255100233,20240422,2,oligodendrocyte_1,oligodendrocyte_1,oligodendrocyte_1,False,True,True,0.4366133959336025,0.4366133959336025,0.16669484361792053,0.43661339593360254,dataset_AP,1
2726562700257100091,20240422,2,oligodendrocyte_1,oligodendrocyte_1,oligodendrocyte_1,False,True,True,0.7660805958186535,0.7660805958186535,0.16669484361792053,0.7660805958186535,dataset_AP,1
2726562700278100055,20240422,2,astrocyte_1,astrocyte_1,astrocyte_2,False,False,False,0.4870696020527459,0.4870696020527459,0.25347180292235233,0.4870696020527459,dataset_AP,1
2726562800078100055,20240422,1,pericyte,pericyte,oligodendrocyte_1,False,False,False,0.34899503064629384,0.34899503064629384,0.005635390250774866,0.34899503064629384,dataset_AP,2
2726562800098100274,20240422,1,astrocyte_2,astrocyte_2,astrocyte_1,False,False,False,0.6205792195986445,0.6205792195986445,0.027084375593009812,0.6205792195986445,dataset_AP,3
2726562800140100045,20240422,4,astrocyte_2,astrocyte_2,astrocyte_2,False,True,True,0.29006375198960693,0.29006375198960693,0.05104363092528773,0.29006375198960693,dataset_AP,2
2726562800203100120,20240422,2,oligodendrocyte_2,oligodendrocyte_2,oligodendrocyte_2,False,True,True,0.5738898291520887,0.5738898291520887,0.07452062107932554,0.5738898291520887,dataset_AP,3
2726562800241100012,20240422,2,astrocyte_1,astrocyte_1,oligodendrocyte_progenitor_2,False,False,False,0.7283482180307115,0.7283482180307115,0.25347180292235233,0.7283482180307114,dataset_AP,1
2726562800279100145,20240422,2,astrocyte_1,astrocyte_1,oligodendrocyte_progenitor_2,False,False,False,0.6443034007189481,0.6443034007189481,0.22764941015891585,0.6443034007189481,dataset_AP,5
2787445900013100083,20240503,4,astrocyte_1,astrocyte_1,astrocyte_1,False,True,True,0.9924176211024472,0.9924176211024472,0.14831259003849515,0.9924176211024472,dataset_AP,4
2787445900050100089,20240503,4,oligodendrocyte_1,oligodendrocyte_1,oligodendrocyte_progenitor_2,False,False,False,0.6656623316715528,0.6656623316715528,0.022688281222646267,0.6656623316715528,dataset_AP,3
2787445900050100090,20240503,4,oligodendrocyte_progenitor_2,oligodendrocyte_progenitor_2,oligodendrocyte_progenitor_2,False,True,True,0.7043370433257718,0.7043370433257718,0.27516122000882526,0.704337043325772,dataset_AP,1
2787445900050100134,20240503,4,endothelial,endothelial,endothelial,False,True,True,0.9996432182276278,0.9996432182276278,0.10805594985565957,0.9996432182276278,dataset_AP,1
2787445900051100084,20240503,4,microglia,microglia,microglia,False,True,True,0.9999662136634124,0.9999662136634124,0.015289983359649543,0.9999662136634124,dataset_AP,1
2787445900051100093,20240503,4,oligodendrocyte_progenitor_2,oligodendrocyte_progenitor_2,oligodendrocyte_progenitor_2,False,True,True,0.9495691362633958,0.9495691362633958,0.26072614065109373,0.9495691362633959,dataset_AP,2
2787445900051100104,20240503,4,astrocyte_1,astrocyte_1,astrocyte_1,False,True,True,0.5811355031308195,0.5811355031308195,0.1753353899131932,0.5811355031308195,dataset_AP,5
2787445900051100136,20240503,4,endothelial,endothelial,endothelial,False,True,True,0.999818693162829,0.999818693162829,0.14402747928950607,0.9998186931628291,dataset_AP,4
2787445900052100057,20240503,4,endothelial,endothelial,endothelial,False,True,True,0.6913489644506601,0.6913489644506601,0.10171212492559785,0.6913489644506602,dataset_AP,3
2787445900053100072,20240503,4,oligodendrocyte_progenitor_1,oligodendrocyte_progenitor_1,oligodendrocyte_precursor_cell,False,False,False,0.9819327037919431,0.9819327037919431,0.027229755043801963,0.9819327037919429,dataset_AP,5
2787445900053200043,20240503,4,pericyte,pericyte,pericyte,False,True,True,0.9440805596467644,0.9440805596467644,0.013844504463641423,0.9440805596467644,dataset_AP,2
2787445900053200095,20240503,4,astrocyte_1,astrocyte_1,astrocyte_1,False,True,True,0.4695573207984902,0.4695573207984902,0.16994825062367275,0.4695573207984902,dataset_AP,2
2787445900058100024,20240503,1,endothelial,endothelial,endothelial,False,True,True,0.9941891568257312,0.9941891568257312,0.09711741574859446,0.9941891568257314,dataset_AP,4
2787445900060100046,20240503,1,oligodendrocyte_progenitor_2,oligodendrocyte_progenitor_2,oligodendrocyte_2,False,False,False,0.5958259800257317,0.5958259800257317,0.24173706377522058,0.5958259800257316,dataset_AP,5
2787445900087100060,20240503,4,astrocyte_2,astrocyte_2,astrocyte_2,False,True,True,0.7439608178848853,0.7439608178848853,0.07123631271705022,0.7439608178848854,dataset_AP,5
2787445900087100097,20240503,4,oligodendrocyte_1,oligodendrocyte_1,endothelial,False,False,False,0.5390057340964169,0.5390057340964169,0.02947755808919036,0.5390057340964168,dataset_AP,2
2787445900088100075,20240503,4,oligodendrocyte_progenitor_2,oligodendrocyte_progenitor_2,oligodendrocyte_progenitor_2,False,True,True,0.83573048613553,0.83573048613553,0.2707638287975111,0.83573048613553,dataset_AP,3
2787445900088100188,20240503,4,astrocyte_1,astrocyte_1,astrocyte_1,False,True,True,0.996308192064099,0.996308192064099,0.17529253523448007,0.996308192064099,dataset_AP,1
2787445900089100039,20240503,4,oligodendrocyte_progenitor_2,oligodendrocyte_progenitor_2,oligodendrocyte_progenitor_2,False,True,True,0.9888326055469688,0.9888326055469688,0.26072614065109373,0.9888326055469688,dataset_AP,2
2787445900089100118,20240503,4,oligodendrocyte_progenitor_2,oligodendrocyte_progenitor_2,oligodendrocyte_progenitor_2,False,True,True,0.6216114150197312,0.6216114150197312,0.26072614065109373,0.6216114150197312,dataset_AP,2
2787445900090100096,20240503,4,astrocyte_1,astrocyte_1,astrocyte_1,False,True,True,0.3746094090064824,0.3746094090064824,0.17529253523448007,0.3746094090064824,dataset_AP,1
2787445900090100195,20240503,4,astrocyte_2,astrocyte_2,astrocyte_1,False,False,False,0.3598967152105085,0.3598967152105085,0.08272126837178911,0.3598967152105085,dataset_AP,4
2787445900094100074,20240503,1,meninges_2,meninges_2,astrocyte_2,False,False,False,0.9439209360547124,0.9439209360547124,0.02480721644219743,0.9439209360547126,dataset_AP,4
2787445900094100143,20240503,1,astrocyte_1,astrocyte_1,astrocyte_1,False,True,True,0.788840054317789,0.788840054317789,0.15390365782830462,0.7888400543177891,dataset_AP,2
2787445900095100015,20240503,1,astrocyte_2,astrocyte_2,astrocyte_2,False,True,True,0.7664604872332502,0.7664604872332502,0.07120390687667617,0.7664604872332502,dataset_AP,5
2787445900095100051,20240503,1,oligodendrocyte_2,oligodendrocyte_2,oligodendrocyte_2,False,True,True,0.9740676527669726,0.9740676527669726,0.19236232109073553,0.9740676527669727,dataset_AP,2
2787445900095100103,20240503,1,oligodendrocyte_2,oligodendrocyte_2,oligodendrocyte_progenitor_2,False,False,False,0.9426668824240505,0.9426668824240505,0.19236232109073553,0.9426668824240505,dataset_AP,2
2787445900096100030,20240503,1,pericyte,pericyte,astrocyte_2,False,False,False,0.9838434624406259,0.9838434624406259,0.01381141949976643,0.9838434624406259,dataset_AP,5
2787445900097100218,20240503,1,oligodendrocyte_progenitor_2,oligodendrocyte_progenitor_2,oligodendrocyte_progenitor_2,False,True,True,0.6544792599126841,0.6544792599126841,0.23766086981298734,0.6544792599126841,dataset_AP,3
2787445900098100015,20240503,1,meninges_1,meninges_1,meninges_1,False,True,True,0.9349369094290769,0.9349369094290769,0.04185139820932599,0.934936909429077,dataset_AP,2
2787445900098100082,20240503,1,microglia,microglia,microglia,False,True,True,0.9999889776556777,0.9999889776556777,0.030456025746449608,0.9999889776556775,dataset_AP,2
2787445900098100134,20240503,1,astrocyte_1,astrocyte_1,astrocyte_1,False,True,True,0.6201761760434376,0.6201761760434376,0.1480258721399603,0.6201761760434374,dataset_AP,3
2787445900123100022,20240503,4,astrocyte_2,astrocyte_2,astrocyte_2,False,True,True,0.5060094250604311,0.5060094250604311,0.06495053084312881,0.506009425060431,dataset_AP,1
2787445900124100012,20240503,4,oligodendrocyte_progenitor_2,oligodendrocyte_progenitor_2,oligodendrocyte_progenitor_2,False,True,True,0.8970232304141441,0.8970232304141441,0.26072614065109373,0.8970232304141441,dataset_AP,2
2787445900125100020,20240503,4,oligodendrocyte_progenitor_2,oligodendrocyte_progenitor_2,oligodendrocyte_progenitor_2,False,True,True,0.9136958592221903,0.9136958592221903,0.27516122000882526,0.9136958592221903,dataset_AP,1
2787445900125100022,20240503,4,endothelial,endothelial,endothelial,False,True,True,0.49363328591003525,0.49363328591003525,0.1143394632167141,0.49363328591003525,dataset_AP,5
2787445900126100043,20240503,4,pericyte,pericyte,oligodendrocyte_progenitor_2,False,False,False,0.5287531803331271,0.5287531803331271,0.02056917441532826,0.5287531803331271,dataset_AP,1
2787445900126100072,20240503,4,endothelial,endothelial,endothelial,False,True,True,0.995320455389767,0.995320455389767,0.1143394632167141,0.995320455389767,dataset_AP,5
2787445900126100115,20240503,4,astrocyte_1,astrocyte_1,astrocyte_1,False,True,True,0.3161857111361904,0.3161857111361904,0.16994825062367275,0.3161857111361904,dataset_AP,2
2787445900126100116,20240503,4,oligodendrocyte_progenitor_2,oligodendrocyte_progenitor_2,oligodendrocyte_progenitor_2,False,True,True,0.9951995048090286,0.9951995048090286,0.26072614065109373,0.9951995048090286,dataset_AP,2
2787445900126100131,20240503,4,endothelial,endothelial,endothelial,False,True,True,0.7817708492576786,0.7817708492576786,0.10171212492559785,0.7817708492576784,dataset_AP,3
2787445900127100075,20240503,4,oligodendrocyte_progenitor_2,oligodendrocyte_progenitor_2,oligodendrocyte_progenitor_2,False,True,True,0.9397121612708381,0.9397121612708381,0.2877272135468563,0.9397121612708381,dataset_AP,5
2787445900127100087,20240503,4,oligodendrocyte_2,oligodendrocyte_2,oligodendrocyte_progenitor_2,False,False,False,0.6497608634897569,0.6497608634897569,0.16879897330431803,0.6497608634897568,dataset_AP,5
2787445900128100098,20240503,4,oligodendrocyte_2,oligodendrocyte_2,oligodendrocyte_2,False,True,True,0.8220539891147115,0.8220539891147115,0.16879897330431803,0.8220539891147115,dataset_AP,5
2787445900130100046,20240503,1,meninges_1,meninges_1,oligodendrocyte_progenitor_2,False,False,False,0.5248014368387229,0.5248014368387229,0.04505787172744175,0.5248014368387229,dataset_AP,5
2787445900130100076,20240503,1,oligodendrocyte_progenitor_2,oligodendrocyte_progenitor_2,meninges_1,False,False,False,0.3012621344778209,0.3012621344778209,0.23528137656866072,0.3012621344778209,dataset_AP,2
2787445900130100144,20240503,1,oligodendrocyte_1,oligodendrocyte_1,oligodendrocyte_2,False,False,False,0.5305501537740365,0.5305501537740365,0.07435943861799374,0.5305501537740366,dataset_AP,4
2787445900130200072,20240503,1,oligodendrocyte_1,oligodendrocyte_1,astrocyte_2,False,False,False,0.23712146561879796,0.23712146561879796,0.06991909189711387,0.23712146561879796,dataset_AP,2
2787445900131100032,20240503,1,astrocyte_1,astrocyte_1,astrocyte_1,False,True,True,0.996033517683225,0.996033517683225,0.15843880522059486,0.996033517683225,dataset_AP,1
2787445900131100077,20240503,1,oligodendrocyte_precursor_cell,oligodendrocyte_precursor_cell,astrocyte_1,False,False,False,0.33217398126437286,0.33217398126437286,0.03247479569484226,0.3321739812643729,dataset_AP,5
2787445900132100057,20240503,1,astrocyte_1,astrocyte_1,astrocyte_1,False,True,True,0.5872214875834408,0.5872214875834408,0.15390365782830462,0.5872214875834408,dataset_AP,2
2787445900133100029,20240503,1,oligodendrocyte_2,oligodendrocyte_2,oligodendrocyte_2,False,True,True,0.7522580804985332,0.7522580804985332,0.19236232109073553,0.7522580804985333,dataset_AP,2
2787445900134100111,20240503,1,oligodendrocyte_1,oligodendrocyte_1,oligodendrocyte_progenitor_2,False,False,False,0.2798864429476374,0.2798864429476374,0.06991909189711387,0.2798864429476375,dataset_AP,1
2787445900134100141,20240503,1,oligodendrocyte_1,oligodendrocyte_1,oligodendrocyte_1,False,True,True,0.5142931601359385,0.5142931601359385,0.06991909189711387,0.5142931601359386,dataset_AP,1
2787445900134100265,20240503,1,meninges_3,meninges_3,oligodendrocyte_1,False,False,False,0.28640187478364826,0.28640187478364826,0.006871962005041853,0.2864018747836483,dataset_AP,4
2787445900137100055,20240503,1,oligodendrocyte_1,oligodendrocyte_1,astrocyte_2,False,False,False,0.37992036839263327,0.37992036839263327,0.06991909189711387,0.3799203683926333,dataset_AP,1
2787445900161200017,20240503,4,pericyte,pericyte,pericyte,False,True,True,0.9516261981563502,0.9516261981563502,0.02056917441532826,0.9516261981563503,dataset_AP,1
2787445900162100126,20240503,4,endothelial,endothelial,endothelial,False,True,True,0.9997428606503999,0.9997428606503999,0.10805594985565957,0.9997428606503999,dataset_AP,1
2787445900162100133,20240503,4,microglia,microglia,oligodendrocyte_progenitor_2,False,False,False,0.4930399299550898,0.4930399299550898,0.01509891442111644,0.4930399299550898,dataset_AP,4
2787445900163100132,20240503,4,oligodendrocyte_progenitor_2,oligodendrocyte_progenitor_2,oligodendrocyte_progenitor_2,False,True,True,0.7873651143916068,0.7873651143916068,0.26072614065109373,0.7873651143916068,dataset_AP,2
2787445900163200101,20240503,4,oligodendrocyte_2,oligodendrocyte_2,oligodendrocyte_2,False,True,True,0.9939569573742233,0.9939569573742233,0.1575108756159413,0.9939569573742234,dataset_AP,2
2787445900164100094,20240503,4,meninges_1,meninges_1,oligodendrocyte_progenitor_2,False,False,False,0.4736385806337872,0.4736385806337872,0.002869646316091542,0.4736385806337872,dataset_AP,5
2787445900167100052,20240503,1,microglia,microglia,microglia,False,True,True,0.9999938029751042,0.9999938029751042,0.03499117313873986,0.999993802975104,dataset_AP,1
2787445900167100081,20240503,1,oligodendrocyte_2,oligodendrocyte_2,oligodendrocyte_2,False,True,True,0.9957285723261898,0.9957285723261898,0.19236232109073553,0.9957285723261898,dataset_AP,2
2787445900168100033,20240503,1,astrocyte_1,astrocyte_1,astrocyte_1,False,True,True,0.6789636819164138,0.6789636819164138,0.15843880522059486,0.6789636819164138,dataset_AP,1
2787445900168100168,20240503,1,oligodendrocyte_1,oligodendrocyte_1,oligodendrocyte_progenitor_2,False,False,False,0.5244007089547322,0.5244007089547322,0.07603217871152185,0.5244007089547322,dataset_AP,3
2787445900169100085,20240503,1,oligodendrocyte_progenitor_2,oligodendrocyte_progenitor_2,oligodendrocyte_progenitor_2,False,True,True,0.8638549125273537,0.8638549125273537,0.24173706377522058,0.8638549125273538,dataset_AP,5
2787445900169100259,20240503,1,astrocyte_1,astrocyte_1,astrocyte_1,False,True,True,0.7135104037877091,0.7135104037877091,0.15843880522059486,0.7135104037877091,dataset_AP,1
2787445900170100224,20240503,1,pericyte,pericyte,endothelial,False,False,False,0.39435777120343257,0.39435777120343257,0.02102153907491427,0.3943577712034326,dataset_AP,1
2787445900172100012,20240503,1,endothelial,endothelial,endothelial,False,True,True,0.5927873281418325,0.5927873281418325,0.08806595306163155,0.5927873281418327,dataset_AP,3
2787445900172100084,20240503,1,oligodendrocyte_progenitor_2,oligodendrocyte_progenitor_2,oligodendrocyte_1,False,False,False,0.3796887516469272,0.3796887516469272,0.23681016912956077,0.37968875164692734,dataset_AP,4
2787445900173100031,20240503,1,oligodendrocyte_progenitor_2,oligodendrocyte_progenitor_2,oligodendrocyte_progenitor_2,False,True,True,0.26576401180668696,0.26576401180668696,0.23528137656866072,0.265764011806687,dataset_AP,2
2787445900173100034,20240503,1,oligodendrocyte_1,oligodendrocyte_1,oligodendrocyte_progenitor_2,False,False,False,0.4975622497494633,0.4975622497494633,0.07603217871152185,0.49756224974946317,dataset_AP,3
2787445900173100041,20240503,1,oligodendrocyte_2,oligodendrocyte_2,oligodendrocyte_2,False,True,True,0.8002392992048062,0.8002392992048062,0.18424304888183216,0.8002392992048062,dataset_AP,4
2787445900173100051,20240503,1,astrocyte_1,astrocyte_1,astrocyte_1,False,True,True,0.9115776482617574,0.9115776482617574,0.15391701981541347,0.9115776482617574,dataset_AP,5
2787445900173100064,20240503,1,astrocyte_2,astrocyte_2,astrocyte_2,False,True,True,0.4148820209515234,0.4148820209515234,0.07120390687667617,0.4148820209515235,dataset_AP,5
2787445900195100041,20240503,2,oligodendrocyte_2,oligodendrocyte_2,oligodendrocyte_2,False,True,True,0.5421245775116249,0.5421245775116249,0.13361967208121053,0.5421245775116248,dataset_AP,2
2787445900195100061,20240503,2,astrocyte_2,astrocyte_2,astrocyte_1,False,False,False,0.7781991828329793,0.7781991828329793,0.058584577815347046,0.7781991828329794,dataset_AP,1
2787445900198100031,20240503,4,oligodendrocyte_progenitor_2,oligodendrocyte_progenitor_2,oligodendrocyte_progenitor_2,False,True,True,0.9627503717744891,0.9627503717744891,0.2707638287975111,0.9627503717744893,dataset_AP,3
2787445900199100016,20240503,4,oligodendrocyte_1,oligodendrocyte_1,astrocyte_1,False,False,False,0.2806575594787569,0.2806575594787569,0.022688281222646267,0.280657559478757,dataset_AP,3
2787445900199100058,20240503,4,astrocyte_1,astrocyte_1,astrocyte_1,False,True,True,0.8923971853881542,0.8923971853881542,0.1753353899131932,0.8923971853881542,dataset_AP,5
2787445900200100074,20240503,4,endothelial,endothelial,endothelial,False,True,True,0.9999999961912212,0.9999999961912212,0.10171212492559785,0.9999999961912209,dataset_AP,3
2787445900200100182,20240503,4,oligodendrocyte_2,oligodendrocyte_2,oligodendrocyte_2,False,True,True,0.9965631996827397,0.9965631996827397,0.1575108756159413,0.9965631996827398,dataset_AP,2
2787445900200100188,20240503,4,oligodendrocyte_2,oligodendrocyte_2,oligodendrocyte_progenitor_2,False,False,False,0.9318562731986162,0.9318562731986162,0.1728607903182213,0.9318562731986162,dataset_AP,4
2787445900200100196,20240503,4,oligodendrocyte_2,oligodendrocyte_2,oligodendrocyte_2,False,True,True,0.9867823257491368,0.9867823257491368,0.1575108756159413,0.9867823257491366,dataset_AP,2
2787445900200200058,20240503,4,oligodendrocyte_2,oligodendrocyte_2,oligodendrocyte_2,False,True,True,0.9988609655925138,0.9988609655925138,0.16879897330431803,0.9988609655925139,dataset_AP,5
2787445900201100040,20240503,4,oligodendrocyte_1,oligodendrocyte_1,oligodendrocyte_2,False,False,False,0.4081766140881704,0.4081766140881704,0.03034650979266805,0.40817661408817046,dataset_AP,5
2787445900201100067,20240503,4,astrocyte_1,astrocyte_1,astrocyte_2,False,False,False,0.7649133123109532,0.7649133123109532,0.17529253523448007,0.7649133123109529,dataset_AP,1
2787445900202100061,20240503,4,microglia,microglia,endothelial,False,False,False,0.999267772948499,0.999267772948499,0.014385250616475014,0.9992677729484991,dataset_AP,3
2787445900204100036,20240503,1,oligodendrocyte_progenitor_2,oligodendrocyte_progenitor_2,oligodendrocyte_progenitor_2,False,True,True,0.808807841505037,0.808807841505037,0.2284594874861751,0.8088078415050372,dataset_AP,1
2787445900204100037,20240503,1,oligodendrocyte_progenitor_2,oligodendrocyte_progenitor_2,astrocyte_2,False,False,False,0.3289790160956935,0.3289790160956935,0.23528137656866072,0.3289790160956935,dataset_AP,2
2787445900204100050,20240503,1,astrocyte_2,astrocyte_2,astrocyte_2,False,True,True,0.9996730227785798,0.9996730227785798,0.06423386486180835,0.9996730227785798,dataset_AP,1
2787445900204100101,20240503,1,oligodendrocyte_2,oligodendrocyte_2,oligodendrocyte_2,False,True,True,0.9962638705869806,0.9962638705869806,0.20636355865396486,0.9962638705869806,dataset_AP,3
2787445900205100076,20240503,1,microglia,microglia,microglia,False,True,True,0.616185884747141,0.616185884747141,0.030182263717268037,0.6161858847471409,dataset_AP,3
2787445900206100028,20240503,1,oligodendrocyte_progenitor_2,oligodendrocyte_progenitor_2,oligodendrocyte_progenitor_2,False,True,True,0.9695308471900187,0.9695308471900187,0.2284594874861751,0.9695308471900187,dataset_AP,1
2787445900206100114,20240503,1,oligodendrocyte_1,oligodendrocyte_1,oligodendrocyte_1,False,True,True,0.5715426267075288,0.5715426267075288,0.07603217871152185,0.5715426267075288,dataset_AP,3
2787445900206100245,20240503,1,astrocyte_1,astrocyte_1,oligodendrocyte_1,False,False,False,0.645688363269355,0.645688363269355,0.16236994944219277,0.645688363269355,dataset_AP,4
2787445900206100256,20240503,1,endothelial,endothelial,astrocyte_1,False,False,False,0.5535865057601489,0.5535865057601489,0.08806595306163155,0.5535865057601489,dataset_AP,3
2787445900207100059,20240503,1,meninges_1,meninges_1,oligodendrocyte_1,False,False,False,0.5557553448605469,0.5557553448605469,0.04865411929776137,0.5557553448605469,dataset_AP,1
2787445900207100232,20240503,1,oligodendrocyte_2,oligodendrocyte_2,oligodendrocyte_2,False,True,True,0.6231235731622142,0.6231235731622142,0.18424304888183216,0.6231235731622141,dataset_AP,4
2787445900208100084,20240503,1,oligodendrocyte_progenitor_2,oligodendrocyte_progenitor_2,oligodendrocyte_1,False,False,False,0.5287365228582492,0.5287365228582492,0.23528137656866072,0.5287365228582492,dataset_AP,2
2787445900209100117,20240503,1,endothelial,endothelial,endothelial,False,True,True,0.9896529227196794,0.9896529227196794,0.09511007632479634,0.9896529227196794,dataset_AP,5
2787445900210100014,20240503,1,oligodendrocyte_2,oligodendrocyte_2,astrocyte_2,False,False,False,0.6754361658659448,0.6754361658659448,0.19236232109073553,0.6754361658659449,dataset_AP,2
2787445900210100028,20240503,1,oligodendrocyte_2,oligodendrocyte_2,oligodendrocyte_2,False,True,True,0.9993944298372862,0.9993944298372862,0.20636355865396486,0.9993944298372862,dataset_AP,3
2787445900210100079,20240503,1,oligodendrocyte_1,oligodendrocyte_1,oligodendrocyte_1,False,True,True,0.7078154061053527,0.7078154061053527,0.07603217871152185,0.7078154061053528,dataset_AP,3
2787445900224100054,20240503,3,astrocyte_2,astrocyte_2,oligodendrocyte_2,False,False,False,0.6503514249472117,0.6503514249472117,0.059184152466788716,0.6503514249472118,dataset_AP,5
2787445900224100104,20240503,3,oligodendrocyte_progenitor_2,oligodendrocyte_progenitor_2,oligodendrocyte_progenitor_2,False,True,True,0.9964590761042577,0.9964590761042577,0.3380119457887843,0.9964590761042577,dataset_AP,2
2787445900224100171,20240503,3,oligodendrocyte_progenitor_2,oligodendrocyte_progenitor_2,oligodendrocyte_progenitor_2,False,True,True,0.7964669189892845,0.7964669189892845,0.37931558501999296,0.7964669189892845,dataset_AP,3
2787445900225100143,20240503,3,endothelial,endothelial,endothelial,False,True,True,0.931831628335759,0.931831628335759,0.11311082946063936,0.931831628335759,dataset_AP,5
2787445900225100147,20240503,3,astrocyte_1,astrocyte_1,astrocyte_1,False,True,True,0.32882220056007627,0.32882220056007627,0.23198141106886352,0.3288222005600763,dataset_AP,5
2787445900225100191,20240503,3,astrocyte_1,astrocyte_1,astrocyte_1,False,True,True,0.9980684934862839,0.9980684934862839,0.2293572868382674,0.998068493486284,dataset_AP,2
2787445900225100207,20240503,3,endothelial,endothelial,endothelial,False,True,True,0.9656971221787672,0.9656971221787672,0.09201515856658468,0.965697122178767,dataset_AP,3
2787445900226100033,20240503,3,endothelial,endothelial,endothelial,False,True,True,0.7005031317937563,0.7005031317937563,0.09201515856658468,0.7005031317937565,dataset_AP,3
2787445900226100204,20240503,3,endothelial,endothelial,oligodendrocyte_1,False,False,False,0.5836121913985608,0.5836121913985608,0.13385600029725134,0.5836121913985608,dataset_AP,2
2787445900228100017,20240503,2,astrocyte_2,astrocyte_2,astrocyte_2,False,True,True,0.7081393504212032,0.7081393504212032,0.04886764882578885,0.7081393504212032,dataset_AP,5
2787445900228100117,20240503,2,astrocyte_1,astrocyte_1,astrocyte_1,False,True,True,0.9060953006660902,0.9060953006660902,0.22967105215625924,0.9060953006660902,dataset_AP,3
2787445900229100050,20240503,2,oligodendrocyte_progenitor_2,oligodendrocyte_progenitor_2,oligodendrocyte_progenitor_2,False,True,True,0.9969329590221905,0.9969329590221905,0.28737034536402006,0.9969329590221905,dataset_AP,4
2787445900231100134,20240503,2,astrocyte_2,astrocyte_2,astrocyte_1,False,False,False,0.8942864325775733,0.8942864325775733,0.05904788979306587,0.8942864325775733,dataset_AP,4
2787445900232100046,20240503,2,oligodendrocyte_progenitor_2,oligodendrocyte_progenitor_2,oligodendrocyte_progenitor_2,False,True,True,0.6066661120002735,0.6066661120002735,0.2951269105115259,0.6066661120002736,dataset_AP,2
2787445900232100111,20240503,2,astrocyte_1,astrocyte_1,astrocyte_1,False,True,True,0.733533776085718,0.733533776085718,0.24659015592841943,0.733533776085718,dataset_AP,5
2787445900238100043,20240503,4,oligodendrocyte_2,oligodendrocyte_2,oligodendrocyte_2,False,True,True,0.9985835766158433,0.9985835766158433,0.16879897330431803,0.9985835766158433,dataset_AP,5
2787445900242100087,20240503,1,oligodendrocyte_progenitor_2,oligodendrocyte_progenitor_2,oligodendrocyte_1,False,False,False,0.4742519735813093,0.4742519735813093,0.23528137656866072,0.4742519735813093,dataset_AP,2
2787445900243100111,20240503,1,endothelial,endothelial,oligodendrocyte_progenitor_2,False,False,False,0.9425416467971227,0.9425416467971227,0.10018343770306094,0.9425416467971227,dataset_AP,2
2787445900243100229,20240503,1,oligodendrocyte_progenitor_2,oligodendrocyte_progenitor_2,oligodendrocyte_1,False,False,False,0.5194193684692383,0.5194193684692383,0.23528137656866072,0.5194193684692384,dataset_AP,2
2787445900244100077,20240503,1,oligodendrocyte_1,oligodendrocyte_1,oligodendrocyte_progenitor_2,False,False,False,0.36941247876271016,0.36941247876271016,0.07435943861799374,0.36941247876271016,dataset_AP,4
2787445900245100152,20240503,1,oligodendrocyte_2,oligodendrocyte_2,oligodendrocyte_2,False,True,True,0.8825022848537178,0.8825022848537178,0.18424304888183216,0.8825022848537174,dataset_AP,4
2787445900247100107,20240503,1,microglia,microglia,oligodendrocyte_precursor_cell,False,False,False,0.9998415466081062,0.9998415466081062,0.029518516970988454,0.9998415466081064,dataset_AP,4
2787445900248100047,20240503,1,meninges_1,meninges_1,meninges_1,False,True,True,0.6078021464964782,0.6078021464964782,0.042742470879353005,0.6078021464964782,dataset_AP,4
2787445900248100070,20240503,1,astrocyte_1,astrocyte_1,astrocyte_2,False,False,False,0.3032727986551901,0.3032727986551901,0.15390365782830462,0.3032727986551901,dataset_AP,2
2787445900250100025,20240503,1,meninges_1,meninges_1,meninges_1,False,True,True,0.5131336213049372,0.5131336213049372,0.04185139820932599,0.5131336213049372,dataset_AP,2
2787445900250100079,20240503,1,oligodendrocyte_2,oligodendrocyte_2,oligodendrocyte_2,False,True,True,0.9819987296859087,0.9819987296859087,0.20370018957146113,0.9819987296859085,dataset_AP,1
2787445900250100110,20240503,1,oligodendrocyte_2,oligodendrocyte_2,oligodendrocyte_2,False,True,True,0.9724156171910974,0.9724156171910974,0.20370018957146113,0.9724156171910971,dataset_AP,1
2787445900250100130,20240503,1,oligodendrocyte_progenitor_2,oligodendrocyte_progenitor_2,oligodendrocyte_progenitor_2,False,True,True,0.452244718535215,0.452244718535215,0.2284594874861751,0.452244718535215,dataset_AP,1
2787445900250100157,20240503,1,oligodendrocyte_2,oligodendrocyte_2,oligodendrocyte_2,False,True,True,0.9970022996073272,0.9970022996073272,0.20636355865396486,0.9970022996073273,dataset_AP,3
2787445900250100184,20240503,1,oligodendrocyte_2,oligodendrocyte_2,oligodendrocyte_2,False,True,True,0.9960790389307316,0.9960790389307316,0.19347805452728317,0.9960790389307317,dataset_AP,5
2787445900251100044,20240503,1,oligodendrocyte_2,oligodendrocyte_2,oligodendrocyte_2,False,True,True,0.6313430413913067,0.6313430413913067,0.19347805452728317,0.6313430413913066,dataset_AP,5
2787445900251100108,20240503,1,oligodendrocyte_2,oligodendrocyte_2,oligodendrocyte_2,False,True,True,0.9749406215407749,0.9749406215407749,0.19347805452728317,0.974940621540775,dataset_AP,5
2787445900251100127,20240503,1,astrocyte_1,astrocyte_1,astrocyte_1,False,True,True,0.7563070015210098,0.7563070015210098,0.15391701981541347,0.7563070015210098,dataset_AP,5
2787445900252100013,20240503,1,astrocyte_2,astrocyte_2,astrocyte_2,False,True,True,0.9975372856137001,0.9975372856137001,0.06650143855795347,0.9975372856137001,dataset_AP,2
2787445900253100357,20240503,1,oligodendrocyte_progenitor_2,oligodendrocyte_progenitor_2,oligodendrocyte_progenitor_2,False,True,True,0.9480934601084069,0.9480934601084069,0.23681016912956077,0.9480934601084067,dataset_AP,4
2787445900254100097,20240503,1,oligodendrocyte_2,oligodendrocyte_2,oligodendrocyte_2,False,True,True,0.8227737589368672,0.8227737589368672,0.19236232109073553,0.8227737589368672,dataset_AP,2
2787445900254100099,20240503,1,oligodendrocyte_progenitor_1,oligodendrocyte_progenitor_1,oligodendrocyte_progenitor_1,False,True,True,0.8375860515526724,0.8375860515526724,0.014352993944830679,0.8375860515526724,dataset_AP,2
2787445900255100026,20240503,1,meninges_1,meninges_1,meninges_1,False,True,True,0.8650688738623696,0.8650688738623696,0.04505787172744175,0.8650688738623699,dataset_AP,5
2787445900255100031,20240503,1,peripheral_glia,peripheral_glia,peripheral_glia,False,True,True,0.9959586427833925,0.9959586427833925,0.002532068691764509,0.9959586427833929,dataset_AP,4
2787445900260100123,20240503,3,oligodendrocyte_2,oligodendrocyte_2,oligodendrocyte_2,False,True,True,0.6004202055952496,0.6004202055952496,0.09012024082667724,0.6004202055952496,dataset_AP,1
2787445900262100029,20240503,3,astrocyte_1,astrocyte_1,astrocyte_1,False,True,True,0.7621231550922004,0.7621231550922004,0.233382786757983,0.7621231550922004,dataset_AP,1
2787445900262100075,20240503,3,astrocyte_1,astrocyte_1,astrocyte_1,False,True,True,0.984322119891916,0.984322119891916,0.2293572868382674,0.9843221198919163,dataset_AP,2
2787445900263100160,20240503,3,astrocyte_1,astrocyte_1,astrocyte_1,False,True,True,0.9997336368358088,0.9997336368358088,0.24574733822789138,0.999733636835809,dataset_AP,3
2787445900264100033,20240503,3,astrocyte_2,astrocyte_2,astrocyte_2,False,True,True,0.9267631991625274,0.9267631991625274,0.04861948768603911,0.9267631991625274,dataset_AP,3
2787445900264100145,20240503,3,astrocyte_2,astrocyte_2,astrocyte_2,False,True,True,0.907211032959005,0.907211032959005,0.06952894949513715,0.907211032959005,dataset_AP,2
2787445900265100036,20240503,2,oligodendrocyte_progenitor_2,oligodendrocyte_progenitor_2,oligodendrocyte_progenitor_2,False,True,True,0.9142484559713586,0.9142484559713586,0.28737034536402006,0.9142484559713587,dataset_AP,4
2787445900265100058,20240503,2,microglia,microglia,astrocyte_1,False,False,False,0.6462617428455928,0.6462617428455928,0.013373132914016324,0.6462617428455928,dataset_AP,4
2787445900265100059,20240503,2,astrocyte_2,astrocyte_2,astrocyte_2,False,True,True,0.9968457192550448,0.9968457192550448,0.04799220183835568,0.9968457192550446,dataset_AP,2
2787445900265100127,20240503,2,Schwann_cell,Schwann_cell,peripheral_glia,False,False,False,0.9512829864062244,0.9512829864062244,0.021371844513435892,0.9512829864062246,dataset_AP,5
2787445900265100130,20240503,2,endothelial,endothelial,endothelial,False,True,True,0.9971750775633288,0.9971750775633288,0.10418247104637637,0.9971750775633286,dataset_AP,3
2787445900265100225,20240503,2,oligodendrocyte_2,oligodendrocyte_2,oligodendrocyte_2,False,True,True,0.9921890322496538,0.9921890322496538,0.13361967208121053,0.9921890322496538,dataset_AP,2
2787445900265100296,20240503,2,astrocyte_2,astrocyte_2,astrocyte_2,False,True,True,0.99396320095134,0.99396320095134,0.05904788979306587,0.9939632009513398,dataset_AP,4
2787445900267100092,20240503,2,astrocyte_1,astrocyte_1,astrocyte_1,False,True,True,0.8968245350027241,0.8968245350027241,0.25806956576187345,0.8968245350027241,dataset_AP,1
2787445900268100092,20240503,2,endothelial,endothelial,endothelial,False,True,True,0.7431562309722076,0.7431562309722076,0.11174288671061965,0.7431562309722076,dataset_AP,5
2787445900280100070,20240503,1,oligodendrocyte_2,oligodendrocyte_2,oligodendrocyte_2,False,True,True,0.7292927732431259,0.7292927732431259,0.19236232109073553,0.729292773243126,dataset_AP,2
2787445900281100048,20240503,1,oligodendrocyte_2,oligodendrocyte_2,oligodendrocyte_2,False,True,True,0.9985462542495066,0.9985462542495066,0.19236232109073553,0.9985462542495067,dataset_AP,2
2787445900283100135,20240503,1,oligodendrocyte_2,oligodendrocyte_2,oligodendrocyte_2,False,True,True,0.9979895048729339,0.9979895048729339,0.18424304888183216,0.9979895048729341,dataset_AP,4
2787445900284100038,20240503,1,pericyte,pericyte,astrocyte_1,False,False,False,0.463974344928317,0.463974344928317,0.02102153907491427,0.463974344928317,dataset_AP,1
2787445900284100252,20240503,1,oligodendrocyte_progenitor_2,oligodendrocyte_progenitor_2,oligodendrocyte_progenitor_2,False,True,True,0.6067330599957214,0.6067330599957214,0.2284594874861751,0.6067330599957214,dataset_AP,1
2787445900285100127,20240503,1,oligodendrocyte_progenitor_2,oligodendrocyte_progenitor_2,oligodendrocyte_progenitor_2,False,True,True,0.45827755011858157,0.45827755011858157,0.23681016912956077,0.45827755011858146,dataset_AP,4
2787445900285100188,20240503,1,astrocyte_1,astrocyte_1,astrocyte_1,False,True,True,0.8991984448710665,0.8991984448710665,0.1480258721399603,0.8991984448710666,dataset_AP,3
2787445900287100091,20240503,1,oligodendrocyte_1,oligodendrocyte_1,oligodendrocyte_progenitor_2,False,False,False,0.5282778185974871,0.5282778185974871,0.06991909189711387,0.5282778185974871,dataset_AP,1
2787445900287200061,20240503,1,microglia,microglia,astrocyte_2,False,False,False,0.9952870173606723,0.9952870173606723,0.030182263717268037,0.9952870173606724,dataset_AP,3
2787445900288100031,20240503,1,oligodendrocyte_2,oligodendrocyte_2,oligodendrocyte_2,False,True,True,0.9859156718610477,0.9859156718610477,0.19347805452728317,0.9859156718610477,dataset_AP,5
2787445900288100218,20240503,1,endothelial,endothelial,oligodendrocyte_progenitor_2,False,False,False,0.468001151651566,0.468001151651566,0.09511007632479634,0.468001151651566,dataset_AP,5
2787445900288100227,20240503,1,oligodendrocyte_2,oligodendrocyte_2,oligodendrocyte_progenitor_2,False,False,False,0.6279698433513019,0.6279698433513019,0.18424304888183216,0.6279698433513019,dataset_AP,4
2787445900289100088,20240503,1,oligodendrocyte_1,oligodendrocyte_1,oligodendrocyte_progenitor_2,False,False,False,0.5052593241989238,0.5052593241989238,0.06991909189711387,0.5052593241989238,dataset_AP,2
2787445900289100231,20240503,1,astrocyte_1,astrocyte_1,astrocyte_1,False,True,True,0.9739622118403556,0.9739622118403556,0.1480258721399603,0.9739622118403556,dataset_AP,3
2787445900290100088,20240503,1,oligodendrocyte_2,oligodendrocyte_2,oligodendrocyte_progenitor_2,False,False,False,0.4556899631317732,0.4556899631317732,0.20370018957146113,0.45568996313177307,dataset_AP,1
2787445900290100090,20240503,1,oligodendrocyte_1,oligodendrocyte_1,oligodendrocyte_progenitor_2,False,False,False,0.6082996865735951,0.6082996865735951,0.06991909189711387,0.6082996865735951,dataset_AP,2
2787445900290100129,20240503,1,oligodendrocyte_2,oligodendrocyte_2,oligodendrocyte_progenitor_2,False,False,False,0.7018866685583158,0.7018866685583158,0.19347805452728317,0.7018866685583159,dataset_AP,5
2787445900290100144,20240503,1,oligodendrocyte_progenitor_2,oligodendrocyte_progenitor_2,endothelial,False,False,False,0.6228185975375161,0.6228185975375161,0.23766086981298734,0.6228185975375162,dataset_AP,3
2787445900290100178,20240503,1,oligodendrocyte_precursor_cell,oligodendrocyte_precursor_cell,oligodendrocyte_precursor_cell,False,True,True,0.7238278168738694,0.7238278168738694,0.03343281522245416,0.7238278168738693,dataset_AP,2
2787445900290100181,20240503,1,oligodendrocyte_progenitor_2,oligodendrocyte_progenitor_2,oligodendrocyte_progenitor_2,False,True,True,0.8253542406346898,0.8253542406346898,0.23681016912956077,0.8253542406346898,dataset_AP,4
2787445900290100191,20240503,1,endothelial,endothelial,pericyte,False,False,False,0.9938777601277929,0.9938777601277929,0.09511007632479634,0.993877760127793,dataset_AP,5
2787445900291100070,20240503,1,oligodendrocyte_2,oligodendrocyte_2,oligodendrocyte_2,False,True,True,0.9991298203249476,0.9991298203249476,0.19347805452728317,0.9991298203249476,dataset_AP,5
2787445900291100123,20240503,1,oligodendrocyte_2,oligodendrocyte_2,oligodendrocyte_2,False,True,True,0.9958118744758377,0.9958118744758377,0.19236232109073553,0.9958118744758375,dataset_AP,2
2787445900291100132,20240503,1,microglia,microglia,microglia,False,True,True,0.7516764773986206,0.7516764773986206,0.029518516970988454,0.7516764773986206,dataset_AP,4
2787445900292100108,20240503,1,oligodendrocyte_2,oligodendrocyte_2,peripheral_glia,False,False,False,0.7619001712696486,0.7619001712696486,0.18424304888183216,0.7619001712696487,dataset_AP,4
2787445900292100174,20240503,1,Schwann_cell,Schwann_cell,Schwann_cell,False,True,True,0.6103364836314689,0.6103364836314689,0.005282699160250181,0.610336483631469,dataset_AP,1
2787445900292200023,20240503,1,peripheral_glia,peripheral_glia,peripheral_glia,False,True,True,0.6843897137555214,0.6843897137555214,0.004880171285194833,0.6843897137555216,dataset_AP,2
2787445900297100021,20240503,3,oligodendrocyte_1,oligodendrocyte_1,oligodendrocyte_progenitor_2,False,False,False,0.42052067246901903,0.42052067246901903,0.09805661174482466,0.4205206724690191,dataset_AP,5
2787445900297100022,20240503,3,oligodendrocyte_1,oligodendrocyte_1,oligodendrocyte_progenitor_2,False,False,False,0.5075164436716988,0.5075164436716988,0.09805661174482466,0.5075164436716988,dataset_AP,5
2787445900298100111,20240503,3,endothelial,endothelial,oligodendrocyte_1,False,False,False,0.2925099973149522,0.2925099973149522,0.13385600029725134,0.29250999731495214,dataset_AP,2
2787445900301100016,20240503,3,endothelial,endothelial,endothelial,False,True,True,0.5878308402850457,0.5878308402850457,0.09201515856658468,0.5878308402850458,dataset_AP,3
2787445900301100035,20240503,3,oligodendrocyte_progenitor_2,oligodendrocyte_progenitor_2,oligodendrocyte_progenitor_2,False,True,True,0.8478166123103863,0.8478166123103863,0.34509377123858853,0.8478166123103863,dataset_AP,4
2787445900302100036,20240503,2,oligodendrocyte_1,oligodendrocyte_1,oligodendrocyte_progenitor_2,False,False,False,0.5311027707845642,0.5311027707845642,0.07057945519483981,0.5311027707845642,dataset_AP,2
2787445900303100103,20240503,2,oligodendrocyte_precursor_cell,oligodendrocyte_precursor_cell,oligodendrocyte_progenitor_1,False,False,False,0.5798770036448396,0.5798770036448396,0.016146958454650764,0.5798770036448396,dataset_AP,1
2787445900303200013,20240503,2,oligodendrocyte_1,oligodendrocyte_1,oligodendrocyte_1,False,True,True,0.5335138448617425,0.5335138448617425,0.09013848676178184,0.5335138448617426,dataset_AP,5
2787445900320100024,20240503,1,meninges_1,meninges_1,meninges_1,False,True,True,0.5168414467522452,0.5168414467522452,0.042742470879353005,0.5168414467522452,dataset_AP,4
2787445900321100057,20240503,1,oligodendrocyte_2,oligodendrocyte_2,oligodendrocyte_progenitor_2,False,False,False,0.5230370096422358,0.5230370096422358,0.20370018957146113,0.5230370096422357,dataset_AP,1
2787445900321100105,20240503,1,pericyte,pericyte,oligodendrocyte_1,False,False,False,0.9969986770403858,0.9969986770403858,0.018585390409072346,0.9969986770403858,dataset_AP,3
2787445900321100131,20240503,1,astrocyte_2,astrocyte_2,astrocyte_1,False,False,False,0.6027106884609681,0.6027106884609681,0.07264524585181456,0.6027106884609681,dataset_AP,3
2787445900322100033,20240503,1,oligodendrocyte_precursor_cell,oligodendrocyte_precursor_cell,astrocyte_1,False,False,False,0.8323082762670087,0.8323082762670087,0.028007818121886564,0.8323082762670088,dataset_AP,4
2787445900322100059,20240503,1,oligodendrocyte_progenitor_2,oligodendrocyte_progenitor_2,endothelial,False,False,False,0.7305995101012315,0.7305995101012315,0.23528137656866072,0.7305995101012315,dataset_AP,2
2787445900322100067,20240503,1,oligodendrocyte_2,oligodendrocyte_2,oligodendrocyte_2,False,True,True,0.9148970574320268,0.9148970574320268,0.19236232109073553,0.9148970574320265,dataset_AP,2
2787445900322100096,20240503,1,oligodendrocyte_progenitor_2,oligodendrocyte_progenitor_2,oligodendrocyte_progenitor_2,False,True,True,0.7371940135341625,0.7371940135341625,0.2284594874861751,0.7371940135341625,dataset_AP,1
2787445900322100108,20240503,1,oligodendrocyte_progenitor_2,oligodendrocyte_progenitor_2,oligodendrocyte_progenitor_2,False,True,True,0.9716790138725145,0.9716790138725145,0.24173706377522058,0.9716790138725145,dataset_AP,5
2787445900322100137,20240503,1,oligodendrocyte_2,oligodendrocyte_2,oligodendrocyte_2,False,True,True,0.9109384723161273,0.9109384723161273,0.19236232109073553,0.9109384723161271,dataset_AP,2
2787445900322100195,20240503,1,endothelial,endothelial,oligodendrocyte_progenitor_2,False,False,False,0.46064319036694046,0.46064319036694046,0.10018343770306094,0.46064319036694046,dataset_AP,2
2787445900323100118,20240503,1,oligodendrocyte_progenitor_2,oligodendrocyte_progenitor_2,oligodendrocyte_progenitor_2,False,True,True,0.8086980469086628,0.8086980469086628,0.24173706377522058,0.8086980469086625,dataset_AP,5
2787445900323200094,20240503,1,astrocyte_1,astrocyte_1,astrocyte_1,False,True,True,0.984417367880041,0.984417367880041,0.15843880522059486,0.984417367880041,dataset_AP,1
2787445900324100101,20240503,1,pericyte,pericyte,endothelial,False,False,False,0.5695123528264681,0.5695123528264681,0.018585390409072346,0.5695123528264681,dataset_AP,3
2787445900324100313,20240503,1,microglia,microglia,oligodendrocyte_progenitor_2,False,False,False,0.9984052108647824,0.9984052108647824,0.029518516970988454,0.9984052108647825,dataset_AP,4
2787445900325100219,20240503,1,astrocyte_1,astrocyte_1,oligodendrocyte_precursor_cell,False,False,False,0.5043740174197343,0.5043740174197343,0.15391701981541347,0.5043740174197343,dataset_AP,5
2787445900326100037,20240503,1,endothelial,endothelial,endothelial,False,True,True,0.9252806999873202,0.9252806999873202,0.10018343770306094,0.9252806999873203,dataset_AP,2
2787445900326100061,20240503,1,astrocyte_1,astrocyte_1,astrocyte_1,False,True,True,0.9572241353729247,0.9572241353729247,0.15390365782830462,0.9572241353729247,dataset_AP,2
2787445900326100073,20240503,1,oligodendrocyte_progenitor_2,oligodendrocyte_progenitor_2,oligodendrocyte_progenitor_2,False,True,True,0.9762267247296446,0.9762267247296446,0.23681016912956077,0.9762267247296447,dataset_AP,4
2787445900326100236,20240503,1,oligodendrocyte_2,oligodendrocyte_2,oligodendrocyte_2,False,True,True,0.6186967918359003,0.6186967918359003,0.19236232109073553,0.6186967918359003,dataset_AP,2
2787445900327100067,20240503,1,microglia,microglia,microglia,False,True,True,0.9540247278457005,0.9540247278457005,0.030182263717268037,0.9540247278457006,dataset_AP,3
2787445900327100093,20240503,1,oligodendrocyte_progenitor_2,oligodendrocyte_progenitor_2,oligodendrocyte_progenitor_2,False,True,True,0.9708156514252095,0.9708156514252095,0.24173706377522058,0.9708156514252096,dataset_AP,5
2787445900327100116,20240503,1,pericyte,pericyte,endothelial,False,False,False,0.9341648667508897,0.9341648667508897,0.018585390409072346,0.9341648667508899,dataset_AP,3
2787445900327100122,20240503,1,endothelial,endothelial,oligodendrocyte_progenitor_2,False,False,False,0.48509332320893356,0.48509332320893356,0.10018343770306094,0.48509332320893345,dataset_AP,2
2787445900327100153,20240503,1,astrocyte_1,astrocyte_1,astrocyte_1,False,True,True,0.8060580860754036,0.8060580860754036,0.15843880522059486,0.8060580860754034,dataset_AP,1
2787445900328100064,20240503,1,astrocyte_2,astrocyte_2,oligodendrocyte_progenitor_2,False,False,False,0.31852450438807256,0.31852450438807256,0.07120390687667617,0.3185245043880726,dataset_AP,5
2787445900328100066,20240503,1,oligodendrocyte_2,oligodendrocyte_2,oligodendrocyte_2,False,True,True,0.9743505885579631,0.9743505885579631,0.18424304888183216,0.9743505885579631,dataset_AP,4
2787445900328100068,20240503,1,oligodendrocyte_1,oligodendrocyte_1,oligodendrocyte_progenitor_2,False,False,False,0.5114600498287072,0.5114600498287072,0.07603217871152185,0.5114600498287071,dataset_AP,3
2787445900328100174,20240503,1,oligodendrocyte_2,oligodendrocyte_2,oligodendrocyte_progenitor_2,False,False,False,0.6870889526146846,0.6870889526146846,0.20370018957146113,0.6870889526146846,dataset_AP,1
2787445900329100048,20240503,1,meninges_1,meninges_1,meninges_1,False,True,True,0.9999615496913365,0.9999615496913365,0.04145621016839686,0.9999615496913368,dataset_AP,3
2787445900336100117,20240503,3,oligodendrocyte_1,oligodendrocyte_1,oligodendrocyte_progenitor_2,False,False,False,0.3874411553446649,0.3874411553446649,0.09805661174482466,0.3874411553446649,dataset_AP,5
2787445900337100027,20240503,3,astrocyte_2,astrocyte_2,astrocyte_2,False,True,True,0.7015994127395626,0.7015994127395626,0.04861948768603911,0.7015994127395627,dataset_AP,3
2787445900338100016,20240503,2,Schwann_cell,Schwann_cell,Schwann_cell,False,True,True,0.936357028589663,0.936357028589663,0.01231176231176231,0.9363570285896631,dataset_AP,1
2787445900351100038,20240503,4,meninges_1,meninges_1,meninges_1,False,True,True,0.6663025796254431,0.6663025796254431,0.002869646316091542,0.6663025796254433,dataset_AP,5
2787445900351100073,20240503,4,oligodendrocyte_2,oligodendrocyte_2,oligodendrocyte_2,False,True,True,0.9696477528484927,0.9696477528484927,0.1728607903182213,0.9696477528484928,dataset_AP,4
2787445900353100090,20240503,4,astrocyte_2,astrocyte_2,astrocyte_1,False,False,False,0.9537848699921789,0.9537848699921789,0.0934581366101066,0.9537848699921787,dataset_AP,2
2787445900353100117,20240503,4,endothelial,endothelial,endothelial,False,True,True,0.8847898091328685,0.8847898091328685,0.10171212492559785,0.8847898091328685,dataset_AP,3
2787445900356100068,20240503,1,oligodendrocyte_progenitor_2,oligodendrocyte_progenitor_2,oligodendrocyte_progenitor_2,False,True,True,0.8611774232186226,0.8611774232186226,0.23766086981298734,0.8611774232186226,dataset_AP,3
2787445900357100007,20240503,1,astrocyte_2,astrocyte_2,astrocyte_2,False,True,True,0.9090628039480316,0.9090628039480316,0.06423386486180835,0.9090628039480314,dataset_AP,1
2787445900357100069,20240503,1,oligodendrocyte_2,oligodendrocyte_2,oligodendrocyte_2,False,True,True,0.9982187691536449,0.9982187691536449,0.18424304888183216,0.9982187691536449,dataset_AP,4
2787445900357100080,20240503,1,oligodendrocyte_2,oligodendrocyte_2,oligodendrocyte_2,False,True,True,0.9977682581275774,0.9977682581275774,0.18424304888183216,0.9977682581275775,dataset_AP,4
2787445900358100017,20240503,1,astrocyte_2,astrocyte_2,oligodendrocyte_2,False,False,False,0.5211690457093929,0.5211690457093929,0.06423386486180835,0.521169045709393,dataset_AP,1
2787445900358100094,20240503,1,oligodendrocyte_progenitor_1,oligodendrocyte_progenitor_1,oligodendrocyte_progenitor_1,False,True,True,0.9725637413033642,0.9725637413033642,0.014223978268922088,0.9725637413033642,dataset_AP,3
2787445900358100121,20240503,1,astrocyte_1,astrocyte_1,astrocyte_1,False,True,True,0.4878644422048869,0.4878644422048869,0.1480258721399603,0.4878644422048868,dataset_AP,3
2787445900358100146,20240503,1,oligodendrocyte_progenitor_2,oligodendrocyte_progenitor_2,oligodendrocyte_progenitor_2,False,True,True,0.9180680778686873,0.9180680778686873,0.23766086981298734,0.9180680778686873,dataset_AP,3
2787445900359100085,20240503,1,oligodendrocyte_1,oligodendrocyte_1,oligodendrocyte_progenitor_2,False,False,False,0.3824519616222545,0.3824519616222545,0.06991909189711387,0.3824519616222545,dataset_AP,2
2787445900359100176,20240503,1,oligodendrocyte_progenitor_2,oligodendrocyte_progenitor_2,astrocyte_1,False,False,False,0.9922607529202646,0.9922607529202646,0.23681016912956077,0.9922607529202644,dataset_AP,4
2787445900360100025,20240503,1,astrocyte_1,astrocyte_1,astrocyte_1,False,True,True,0.4178504632289116,0.4178504632289116,0.16236994944219277,0.4178504632289116,dataset_AP,4
2787445900360100047,20240503,1,oligodendrocyte_progenitor_1,oligodendrocyte_progenitor_1,oligodendrocyte_precursor_cell,False,False,False,0.9207949156862819,0.9207949156862819,0.00981784655254043,0.9207949156862821,dataset_AP,1
2787445900360100061,20240503,1,oligodendrocyte_1,oligodendrocyte_1,oligodendrocyte_progenitor_2,False,False,False,0.596052747692471,0.596052747692471,0.06991909189711387,0.5960527476924711,dataset_AP,2
2787445900360100076,20240503,1,oligodendrocyte_precursor_cell,oligodendrocyte_precursor_cell,oligodendrocyte_precursor_cell,False,True,True,0.3421300334958021,0.3421300334958021,0.03247479569484226,0.3421300334958021,dataset_AP,5
2787445900360100208,20240503,1,oligodendrocyte_progenitor_2,oligodendrocyte_progenitor_2,astrocyte_1,False,False,False,0.7633354057230033,0.7633354057230033,0.2284594874861751,0.7633354057230034,dataset_AP,1
2787445900361100142,20240503,1,oligodendrocyte_progenitor_2,oligodendrocyte_progenitor_2,oligodendrocyte_progenitor_2,False,True,True,0.979327895508098,0.979327895508098,0.2284594874861751,0.9793278955080982,dataset_AP,1
2787445900361100178,20240503,1,astrocyte_1,astrocyte_1,astrocyte_1,False,True,True,0.8714708193098396,0.8714708193098396,0.1480258721399603,0.8714708193098397,dataset_AP,3
2787445900361100272,20240503,1,oligodendrocyte_2,oligodendrocyte_2,oligodendrocyte_2,False,True,True,0.569928757502309,0.569928757502309,0.19236232109073553,0.5699287575023091,dataset_AP,2
2787445900362100027,20240503,1,pericyte,pericyte,astrocyte_1,False,False,False,0.823931920362544,0.823931920362544,0.02102153907491427,0.823931920362544,dataset_AP,1
2787445900362200146,20240503,1,oligodendrocyte_1,oligodendrocyte_1,oligodendrocyte_progenitor_2,False,False,False,0.5523652533676834,0.5523652533676834,0.07603217871152185,0.5523652533676834,dataset_AP,3
2787445900363100032,20240503,1,oligodendrocyte_1,oligodendrocyte_1,oligodendrocyte_1,False,True,True,0.5822764816711877,0.5822764816711877,0.06991909189711387,0.5822764816711878,dataset_AP,2
2787445900363100042,20240503,1,pericyte,pericyte,astrocyte_1,False,False,False,0.4974107377000138,0.4974107377000138,0.01381141949976643,0.4974107377000138,dataset_AP,5
2787445900363100104,20240503,1,oligodendrocyte_progenitor_2,oligodendrocyte_progenitor_2,oligodendrocyte_progenitor_2,False,True,True,0.9963647008274624,0.9963647008274624,0.23766086981298734,0.9963647008274624,dataset_AP,3
2787445900364100033,20240503,1,oligodendrocyte_progenitor_2,oligodendrocyte_progenitor_2,oligodendrocyte_progenitor_2,False,True,True,0.7209961119057978,0.7209961119057978,0.23681016912956077,0.7209961119057979,dataset_AP,4
2787445900364100130,20240503,1,peripheral_glia,peripheral_glia,astrocyte_1,False,False,False,0.9368249386745381,0.9368249386745381,0.002532068691764509,0.9368249386745382,dataset_AP,4
2787445900364100165,20240503,1,microglia,microglia,oligodendrocyte_1,False,False,False,0.6667962955136998,0.6667962955136998,0.03499117313873986,0.6667962955136998,dataset_AP,1
2787445900364100174,20240503,1,oligodendrocyte_progenitor_2,oligodendrocyte_progenitor_2,oligodendrocyte_progenitor_2,False,True,True,0.5459107167708003,0.5459107167708003,0.23528137656866072,0.5459107167708002,dataset_AP,2
2787445900364100179,20240503,1,oligodendrocyte_progenitor_2,oligodendrocyte_progenitor_2,oligodendrocyte_2,False,False,False,0.8514974805778858,0.8514974805778858,0.23766086981298734,0.8514974805778858,dataset_AP,3
2787445900365100030,20240503,1,astrocyte_2,astrocyte_2,astrocyte_2,False,True,True,0.8755502877099763,0.8755502877099763,0.07120390687667617,0.8755502877099763,dataset_AP,5
2787445900365100102,20240503,1,oligodendrocyte_progenitor_2,oligodendrocyte_progenitor_2,oligodendrocyte_progenitor_2,False,True,True,0.6027070893638007,0.6027070893638007,0.23766086981298734,0.6027070893638007,dataset_AP,3
2787445900365100104,20240503,1,microglia,microglia,oligodendrocyte_2,False,False,False,0.4313989390995652,0.4313989390995652,0.02299421748007199,0.43139893909956534,dataset_AP,5
2787445900365100108,20240503,1,oligodendrocyte_1,oligodendrocyte_1,oligodendrocyte_1,False,True,True,0.5504077526759916,0.5504077526759916,0.0789099010066833,0.5504077526759916,dataset_AP,5
2787445900365100121,20240503,1,oligodendrocyte_progenitor_2,oligodendrocyte_progenitor_2,oligodendrocyte_progenitor_2,False,True,True,0.46725078653694424,0.46725078653694424,0.2284594874861751,0.46725078653694413,dataset_AP,1
2787445900365100131,20240503,1,pericyte,pericyte,pericyte,False,True,True,0.9340142453328169,0.9340142453328169,0.02102153907491427,0.9340142453328169,dataset_AP,1
2787445900387100008,20240503,4,astrocyte_2,astrocyte_2,astrocyte_2,False,True,True,0.7193247658857966,0.7193247658857966,0.06495053084312881,0.7193247658857965,dataset_AP,1
2787445900387100061,20240503,4,oligodendrocyte_2,oligodendrocyte_2,oligodendrocyte_2,False,True,True,0.9824808880770356,0.9824808880770356,0.1575108756159413,0.9824808880770358,dataset_AP,2
2787445900389100156,20240503,4,pericyte,pericyte,pericyte,False,True,True,0.8909868503990134,0.8909868503990134,0.013844504463641423,0.8909868503990134,dataset_AP,2
2787445900389100202,20240503,4,endothelial,endothelial,endothelial,False,True,True,0.9019367271113045,0.9019367271113045,0.1143394632167141,0.9019367271113045,dataset_AP,5
2787445900390100101,20240503,4,oligodendrocyte_progenitor_2,oligodendrocyte_progenitor_2,oligodendrocyte_progenitor_2,False,True,True,0.980880223735483,0.980880223735483,0.26072614065109373,0.9808802237354831,dataset_AP,2
2787445900390100163,20240503,4,oligodendrocyte_2,oligodendrocyte_2,oligodendrocyte_2,False,True,True,0.9991450233898826,0.9991450233898826,0.1728607903182213,0.9991450233898824,dataset_AP,4
2787445900391100109,20240503,4,Schwann_cell,Schwann_cell,peripheral_glia,False,False,False,0.9532834672755409,0.9532834672755409,0.014521618423089739,0.9532834672755407,dataset_AP,4
2787445900395100139,20240503,1,oligodendrocyte_progenitor_2,oligodendrocyte_progenitor_2,oligodendrocyte_progenitor_2,False,True,True,0.9905268308560206,0.9905268308560206,0.23528137656866072,0.9905268308560206,dataset_AP,2
2787445900395200038,20240503,1,oligodendrocyte_progenitor_2,oligodendrocyte_progenitor_2,oligodendrocyte_progenitor_2,False,True,True,0.7723636280530037,0.7723636280530037,0.23766086981298734,0.7723636280530035,dataset_AP,3
2787445900396100018,20240503,1,endothelial,endothelial,endothelial,False,True,True,0.9917441913893243,0.9917441913893243,0.08806595306163155,0.9917441913893241,dataset_AP,3
2787445900396100064,20240503,1,endothelial,endothelial,endothelial,False,True,True,0.9644455494513771,0.9644455494513771,0.09511007632479634,0.9644455494513771,dataset_AP,5
2787445900396100203,20240503,1,endothelial,endothelial,endothelial,False,True,True,0.8782381525669058,0.8782381525669058,0.09111314291848044,0.8782381525669061,dataset_AP,1
2787445900396100210,20240503,1,astrocyte_1,astrocyte_1,astrocyte_1,False,True,True,0.935778285538828,0.935778285538828,0.15843880522059486,0.9357782855388281,dataset_AP,1
2787445900396100248,20240503,1,oligodendrocyte_progenitor_1,oligodendrocyte_progenitor_1,oligodendrocyte_precursor_cell,False,False,False,0.659685155680056,0.659685155680056,0.00981784655254043,0.6596851556800561,dataset_AP,1
2787445900396100255,20240503,1,endothelial,endothelial,astrocyte_1,False,False,False,0.3740591209042729,0.3740591209042729,0.09511007632479634,0.3740591209042729,dataset_AP,5
2787445900397100094,20240503,1,oligodendrocyte_1,oligodendrocyte_1,endothelial,False,False,False,0.28451861311280713,0.28451861311280713,0.06991909189711387,0.28451861311280713,dataset_AP,1
2787445900397100099,20240503,1,endothelial,endothelial,endothelial,False,True,True,0.9758551236953403,0.9758551236953403,0.08806595306163155,0.9758551236953403,dataset_AP,3
2787445900398100083,20240503,1,microglia,microglia,microglia,False,True,True,0.9773103021680338,0.9773103021680338,0.030456025746449608,0.9773103021680336,dataset_AP,2
2787445900398100113,20240503,1,oligodendrocyte_progenitor_2,oligodendrocyte_progenitor_2,oligodendrocyte_progenitor_2,False,True,True,0.9075208231492713,0.9075208231492713,0.2284594874861751,0.9075208231492711,dataset_AP,1
2787445900398100116,20240503,1,oligodendrocyte_2,oligodendrocyte_2,oligodendrocyte_2,False,True,True,0.9972741815915953,0.9972741815915953,0.18424304888183216,0.9972741815915954,dataset_AP,4
2787445900398100118,20240503,1,astrocyte_1,astrocyte_1,pericyte,False,False,False,0.45878234735960344,0.45878234735960344,0.15390365782830462,0.45878234735960344,dataset_AP,2
2787445900399100016,20240503,1,astrocyte_1,astrocyte_1,astrocyte_1,False,True,True,0.4093744506451943,0.4093744506451943,0.16236994944219277,0.4093744506451943,dataset_AP,4
2787445900399100076,20240503,1,oligodendrocyte_progenitor_2,oligodendrocyte_progenitor_2,oligodendrocyte_progenitor_2,False,True,True,0.960723213485386,0.960723213485386,0.23681016912956077,0.9607232134853858,dataset_AP,4
2787445900399100081,20240503,1,astrocyte_1,astrocyte_1,astrocyte_1,False,True,True,0.8736503051514048,0.8736503051514048,0.15390365782830462,0.8736503051514048,dataset_AP,2
2787445900399100183,20240503,1,oligodendrocyte_2,oligodendrocyte_2,oligodendrocyte_2,False,True,True,0.9540018726846864,0.9540018726846864,0.19236232109073553,0.9540018726846864,dataset_AP,2
2787445900399200095,20240503,1,endothelial,endothelial,endothelial,False,True,True,0.7219223431013986,0.7219223431013986,0.08806595306163155,0.7219223431013986,dataset_AP,3
2787445900400100148,20240503,1,endothelial,endothelial,oligodendrocyte_1,False,False,False,0.2559208149853858,0.2559208149853858,0.08806595306163155,0.2559208149853859,dataset_AP,3
2787445900401100076,20240503,1,endothelial,endothelial,endothelial,False,True,True,0.9199758460048154,0.9199758460048154,0.09111314291848044,0.9199758460048152,dataset_AP,1
2787445900401100112,20240503,1,oligodendrocyte_progenitor_2,oligodendrocyte_progenitor_2,astrocyte_1,False,False,False,0.9439913436753734,0.9439913436753734,0.2284594874861751,0.9439913436753732,dataset_AP,1
2787445900402100022,20240503,1,microglia,microglia,oligodendrocyte_2,False,False,False,0.9818956539192172,0.9818956539192172,0.03499117313873986,0.9818956539192172,dataset_AP,1
2787445900402100032,20240503,1,oligodendrocyte_2,oligodendrocyte_2,oligodendrocyte_2,False,True,True,0.5454184459338676,0.5454184459338676,0.20370018957146113,0.5454184459338676,dataset_AP,1
2787445900402100051,20240503,1,oligodendrocyte_1,oligodendrocyte_1,astrocyte_2,False,False,False,0.5253870787101813,0.5253870787101813,0.0789099010066833,0.5253870787101813,dataset_AP,5
2787445900402100112,20240503,1,oligodendrocyte_2,oligodendrocyte_2,oligodendrocyte_2,False,True,True,0.9738026033409063,0.9738026033409063,0.18424304888183216,0.9738026033409061,dataset_AP,4
2787445900403100045,20240503,1,meninges_2,meninges_2,meninges_1,False,False,False,0.8185396158877996,0.8185396158877996,0.02480721644219743,0.8185396158877997,dataset_AP,4
2787445900425100012,20240503,4,astrocyte_1,astrocyte_1,astrocyte_1,False,True,True,0.8261875562113109,0.8261875562113109,0.1649201958714931,0.8261875562113109,dataset_AP,3
2787445900425100025,20240503,4,pericyte,pericyte,astrocyte_1,False,False,False,0.8655553527723985,0.8655553527723985,0.02056917441532826,0.8655553527723985,dataset_AP,1
2787445900425100195,20240503,4,astrocyte_1,astrocyte_1,astrocyte_1,False,True,True,0.9730896598473798,0.9730896598473798,0.16994825062367275,0.9730896598473799,dataset_AP,2
2787445900425100232,20240503,4,oligodendrocyte_progenitor_2,oligodendrocyte_progenitor_2,oligodendrocyte_progenitor_2,False,True,True,0.9049278858957263,0.9049278858957263,0.2707638287975111,0.9049278858957263,dataset_AP,3
2787445900426100039,20240503,4,endothelial,endothelial,endothelial,False,True,True,0.6708034912771208,0.6708034912771208,0.10171212492559785,0.6708034912771208,dataset_AP,3
2787445900426100052,20240503,4,astrocyte_2,astrocyte_2,astrocyte_1,False,False,False,0.7094366829973484,0.7094366829973484,0.06495053084312881,0.7094366829973483,dataset_AP,1
2787445900427100070,20240503,4,oligodendrocyte_2,oligodendrocyte_2,oligodendrocyte_2,False,True,True,0.9958564064720307,0.9958564064720307,0.1728607903182213,0.9958564064720307,dataset_AP,4
2787445900427100114,20240503,4,oligodendrocyte_2,oligodendrocyte_2,oligodendrocyte_2,False,True,True,0.9554928363745419,0.9554928363745419,0.1575108756159413,0.955492836374542,dataset_AP,2
2787445900428100033,20240503,4,oligodendrocyte_2,oligodendrocyte_2,oligodendrocyte_progenitor_2,False,False,False,0.6788412483119282,0.6788412483119282,0.20019989686172562,0.6788412483119282,dataset_AP,1
2787445900431100033,20240503,1,oligodendrocyte_2,oligodendrocyte_2,oligodendrocyte_2,False,True,True,0.9647637883411861,0.9647637883411861,0.20370018957146113,0.9647637883411861,dataset_AP,1
2787445900432100051,20240503,1,microglia,microglia,oligodendrocyte_progenitor_2,False,False,False,0.6002968155428213,0.6002968155428213,0.030456025746449608,0.6002968155428214,dataset_AP,2
2787445900432100074,20240503,1,oligodendrocyte_progenitor_2,oligodendrocyte_progenitor_2,oligodendrocyte_progenitor_2,False,True,True,0.9875942886584445,0.9875942886584445,0.24173706377522058,0.9875942886584445,dataset_AP,5
2787445900432100098,20240503,1,oligodendrocyte_2,oligodendrocyte_2,oligodendrocyte_2,False,True,True,0.8085841579543201,0.8085841579543201,0.19347805452728317,0.8085841579543199,dataset_AP,5
2787445900432100113,20240503,1,oligodendrocyte_2,oligodendrocyte_2,oligodendrocyte_2,False,True,True,0.9998225303296326,0.9998225303296326,0.20370018957146113,0.9998225303296328,dataset_AP,1
2787445900433100141,20240503,1,oligodendrocyte_2,oligodendrocyte_2,oligodendrocyte_2,False,True,True,0.999460038890412,0.999460038890412,0.20636355865396486,0.999460038890412,dataset_AP,3
2787445900434100022,20240503,1,oligodendrocyte_1,oligodendrocyte_1,astrocyte_1,False,False,False,0.3998155060056421,0.3998155060056421,0.06991909189711387,0.399815506005642,dataset_AP,2
2787445900434100066,20240503,1,oligodendrocyte_progenitor_2,oligodendrocyte_progenitor_2,oligodendrocyte_progenitor_2,False,True,True,0.39527085041346505,0.39527085041346505,0.2284594874861751,0.39527085041346505,dataset_AP,1
2787445900434100081,20240503,1,oligodendrocyte_precursor_cell,oligodendrocyte_precursor_cell,oligodendrocyte_precursor_cell,False,True,True,0.9642701081553673,0.9642701081553673,0.028007818121886564,0.9642701081553673,dataset_AP,4
2787445900434100147,20240503,1,oligodendrocyte_2,oligodendrocyte_2,oligodendrocyte_2,False,True,True,0.583241542255304,0.583241542255304,0.20636355865396486,0.5832415422553041,dataset_AP,3
2787445900437100020,20240503,1,oligodendrocyte_progenitor_2,oligodendrocyte_progenitor_2,oligodendrocyte_progenitor_2,False,True,True,0.6549808461349936,0.6549808461349936,0.2284594874861751,0.6549808461349937,dataset_AP,1
2787445900437100053,20240503,1,oligodendrocyte_progenitor_2,oligodendrocyte_progenitor_2,astrocyte_2,False,False,False,0.874649895199833,0.874649895199833,0.23528137656866072,0.8746498951998332,dataset_AP,2
2787445900437100077,20240503,1,oligodendrocyte_progenitor_2,oligodendrocyte_progenitor_2,oligodendrocyte_2,False,False,False,0.5700740062254781,0.5700740062254781,0.23681016912956077,0.5700740062254781,dataset_AP,4
2787445900437100097,20240503,1,oligodendrocyte_2,oligodendrocyte_2,oligodendrocyte_1,False,False,False,0.5168529559362961,0.5168529559362961,0.19236232109073553,0.516852955936296,dataset_AP,2
2787445900438100092,20240503,1,astrocyte_2,astrocyte_2,astrocyte_2,False,True,True,0.6431174911162998,0.6431174911162998,0.07120390687667617,0.6431174911162998,dataset_AP,5
2787445900440100096,20240503,1,meninges_2,meninges_2,meninges_1,False,False,False,0.6053479102999493,0.6053479102999493,0.0231177638264933,0.6053479102999493,dataset_AP,3
2787445900441100073,20240503,1,meninges_2,meninges_2,meninges_2,False,True,True,0.5415786253863127,0.5415786253863127,0.01823531710803281,0.5415786253863127,dataset_AP,5
2787445900462100125,20240503,4,oligodendrocyte_1,oligodendrocyte_1,oligodendrocyte_progenitor_2,False,False,False,0.6165049894708863,0.6165049894708863,0.022688281222646267,0.6165049894708863,dataset_AP,3
2787445900462100164,20240503,4,endothelial,endothelial,endothelial,False,True,True,0.8410749870537587,0.8410749870537587,0.1143394632167141,0.8410749870537588,dataset_AP,5
2787445900463100044,20240503,4,oligodendrocyte_1,oligodendrocyte_1,astrocyte_1,False,False,False,0.7219055643761771,0.7219055643761771,0.022688281222646267,0.7219055643761771,dataset_AP,3
2787445900463100100,20240503,4,oligodendrocyte_2,oligodendrocyte_2,oligodendrocyte_2,False,True,True,0.8347961519754414,0.8347961519754414,0.1575108756159413,0.8347961519754414,dataset_AP,2
2787445900463100156,20240503,4,oligodendrocyte_2,oligodendrocyte_2,oligodendrocyte_progenitor_2,False,False,False,0.39165481830637916,0.39165481830637916,0.1728607903182213,0.3916548183063792,dataset_AP,4
2787445900471100051,20240503,1,oligodendrocyte_2,oligodendrocyte_2,oligodendrocyte_2,False,True,True,0.9945618403381945,0.9945618403381945,0.19347805452728317,0.9945618403381947,dataset_AP,5
2787445900471100057,20240503,1,oligodendrocyte_precursor_cell,oligodendrocyte_precursor_cell,oligodendrocyte_precursor_cell,False,True,True,0.728341092994823,0.728341092994823,0.03343281522245416,0.7283410929948231,dataset_AP,2
2787445900500100017,20240503,4,microglia,microglia,oligodendrocyte_progenitor_2,False,False,False,0.4016775668013933,0.4016775668013933,0.014385250616475014,0.4016775668013934,dataset_AP,3
2787445900500100021,20240503,4,oligodendrocyte_progenitor_2,oligodendrocyte_progenitor_2,oligodendrocyte_progenitor_2,False,True,True,0.8697925057937581,0.8697925057937581,0.26072614065109373,0.8697925057937583,dataset_AP,2
2787445900501100104,20240503,4,astrocyte_2,astrocyte_2,astrocyte_2,False,True,True,0.7742605599129225,0.7742605599129225,0.07123631271705022,0.7742605599129226,dataset_AP,5
2787445900502100020,20240503,4,oligodendrocyte_1,oligodendrocyte_1,oligodendrocyte_progenitor_2,False,False,False,0.47074232767421165,0.47074232767421165,0.03034650979266805,0.47074232767421165,dataset_AP,5
2787445900502100121,20240503,4,astrocyte_2,astrocyte_2,astrocyte_2,False,True,True,0.8814243260600331,0.8814243260600331,0.06495053084312881,0.8814243260600331,dataset_AP,1
2787445900509100078,20240503,1,meninges_3,meninges_3,meninges_1,False,False,False,0.4380888437721722,0.4380888437721722,0.00688709848522917,0.4380888437721721,dataset_AP,5
2787445900510100019,20240503,1,meninges_1,meninges_1,meninges_1,False,True,True,0.8882825819216118,0.8882825819216118,0.04185139820932599,0.8882825819216118,dataset_AP,2
2787445900510100083,20240503,1,oligodendrocyte_2,oligodendrocyte_2,astrocyte_2,False,False,False,0.2690235508153832,0.2690235508153832,0.20636355865396486,0.26902355081538326,dataset_AP,3
2787445900511100010,20240503,1,oligodendrocyte_progenitor_2,oligodendrocyte_progenitor_2,oligodendrocyte_progenitor_2,False,True,True,0.7669242195745558,0.7669242195745558,0.2284594874861751,0.766924219574556,dataset_AP,1
2787445900512100017,20240503,1,astrocyte_2,astrocyte_2,astrocyte_2,False,True,True,0.9756032269806262,0.9756032269806262,0.07264524585181456,0.9756032269806262,dataset_AP,3
2787445900512100028,20240503,1,astrocyte_2,astrocyte_2,oligodendrocyte_progenitor_2,False,False,False,0.4554381836133041,0.4554381836133041,0.06650143855795347,0.4554381836133041,dataset_AP,2
2787445900512200012,20240503,1,meninges_1,meninges_1,meninges_1,False,True,True,0.6763858367862032,0.6763858367862032,0.042742470879353005,0.6763858367862032,dataset_AP,4
2787445900537100049,20240503,4,oligodendrocyte_2,oligodendrocyte_2,oligodendrocyte_2,False,True,True,0.9998352024551825,0.9998352024551825,0.1575108756159413,0.9998352024551825,dataset_AP,2
2787445900544100110,20240503,1,meninges_1,meninges_1,meninges_2,False,False,False,0.984230906585118,0.984230906585118,0.04185139820932599,0.984230906585118,dataset_AP,2
2787445900545100063,20240503,1,astrocyte_2,astrocyte_2,oligodendrocyte_progenitor_2,False,False,False,0.7292641923727372,0.7292641923727372,0.06423386486180835,0.7292641923727373,dataset_AP,1
2787445900545200035,20240503,1,oligodendrocyte_progenitor_2,oligodendrocyte_progenitor_2,astrocyte_2,False,False,False,0.7072287487086383,0.7072287487086383,0.23766086981298734,0.7072287487086383,dataset_AP,3
2787445900546100037,20240503,1,oligodendrocyte_2,oligodendrocyte_2,oligodendrocyte_2,False,True,True,0.899554114655786,0.899554114655786,0.18424304888183216,0.8995541146557862,dataset_AP,4
2787445900546100044,20240503,1,oligodendrocyte_2,oligodendrocyte_2,oligodendrocyte_2,False,True,True,0.5100508490431727,0.5100508490431727,0.19347805452728317,0.5100508490431727,dataset_AP,5
2787445900546100064,20240503,1,astrocyte_2,astrocyte_2,astrocyte_2,False,True,True,0.9840485186840748,0.9840485186840748,0.06423386486180835,0.9840485186840748,dataset_AP,1
2787445900546100136,20240503,1,oligodendrocyte_2,oligodendrocyte_2,oligodendrocyte_2,False,True,True,0.9560566731081672,0.9560566731081672,0.20370018957146113,0.956056673108167,dataset_AP,1
2787445900546100147,20240503,1,astrocyte_1,astrocyte_1,astrocyte_1,False,True,True,0.5001671321351185,0.5001671321351185,0.15391701981541347,0.5001671321351185,dataset_AP,5
2787445900547100043,20240503,1,oligodendrocyte_2,oligodendrocyte_2,oligodendrocyte_2,False,True,True,0.8639228058696853,0.8639228058696853,0.20370018957146113,0.8639228058696855,dataset_AP,1
2787445900548100146,20240503,1,oligodendrocyte_2,oligodendrocyte_2,oligodendrocyte_2,False,True,True,0.5819540180038609,0.5819540180038609,0.20636355865396486,0.5819540180038609,dataset_AP,3
2787445900548100167,20240503,1,astrocyte_2,astrocyte_2,astrocyte_1,False,False,False,0.9694446176905694,0.9694446176905694,0.06650143855795347,0.9694446176905692,dataset_AP,2
2787445900548100175,20240503,1,oligodendrocyte_2,oligodendrocyte_2,oligodendrocyte_2,False,True,True,0.6476565513383705,0.6476565513383705,0.19236232109073553,0.6476565513383705,dataset_AP,2
2787445900548100210,20240503,1,oligodendrocyte_progenitor_2,oligodendrocyte_progenitor_2,oligodendrocyte_progenitor_2,False,True,True,0.5498659590170655,0.5498659590170655,0.23528137656866072,0.5498659590170655,dataset_AP,2
2787445900549100198,20240503,1,microglia,microglia,microglia,False,True,True,0.9999966535468592,0.9999966535468592,0.02299421748007199,0.9999966535468592,dataset_AP,5
2787445900550100068,20240503,1,oligodendrocyte_progenitor_2,oligodendrocyte_progenitor_2,oligodendrocyte_progenitor_2,False,True,True,0.9419564965313587,0.9419564965313587,0.24173706377522058,0.9419564965313587,dataset_AP,5
2787445900550100232,20240503,1,meninges_3,meninges_3,oligodendrocyte_1,False,False,False,0.8993680163068468,0.8993680163068468,0.00688709848522917,0.8993680163068466,dataset_AP,5
2787445900550100258,20240503,1,astrocyte_1,astrocyte_1,astrocyte_1,False,True,True,0.7252457921221562,0.7252457921221562,0.15391701981541347,0.7252457921221562,dataset_AP,5
2787445900550100265,20240503,1,oligodendrocyte_2,oligodendrocyte_2,oligodendrocyte_2,False,True,True,0.9185431452843394,0.9185431452843394,0.19236232109073553,0.9185431452843392,dataset_AP,2
2787445900550100290,20240503,1,astrocyte_1,astrocyte_1,astrocyte_1,False,True,True,0.5178794829441445,0.5178794829441445,0.1480258721399603,0.5178794829441445,dataset_AP,3
2787445900580100037,20240503,1,meninges_2,meninges_2,meninges_1,False,False,False,0.7833394895960955,0.7833394895960955,0.02480721644219743,0.7833394895960952,dataset_AP,4
2787445900580100053,20240503,1,oligodendrocyte_2,oligodendrocyte_2,oligodendrocyte_2,False,True,True,0.9998055992864553,0.9998055992864553,0.19347805452728317,0.9998055992864551,dataset_AP,5
2787445900580100145,20240503,1,astrocyte_2,astrocyte_2,oligodendrocyte_progenitor_2,False,False,False,0.49551363226169537,0.49551363226169537,0.07264524585181456,0.49551363226169526,dataset_AP,3
2787445900581100044,20240503,1,endothelial,endothelial,endothelial,False,True,True,0.9465114243292744,0.9465114243292744,0.08806595306163155,0.9465114243292742,dataset_AP,3
2787445900581100113,20240503,1,endothelial,endothelial,endothelial,False,True,True,0.637920891092525,0.637920891092525,0.09111314291848044,0.637920891092525,dataset_AP,1
2787445900581100149,20240503,1,oligodendrocyte_progenitor_1,oligodendrocyte_progenitor_1,oligodendrocyte_precursor_cell,False,False,False,0.6964825131439885,0.6964825131439885,0.016127429815642743,0.6964825131439885,dataset_AP,4
2787445900581100192,20240503,1,oligodendrocyte_2,oligodendrocyte_2,oligodendrocyte_2,False,True,True,0.8085823725283494,0.8085823725283494,0.20636355865396486,0.8085823725283494,dataset_AP,3
2787445900582100058,20240503,1,oligodendrocyte_progenitor_2,oligodendrocyte_progenitor_2,oligodendrocyte_1,False,False,False,0.3980959909142681,0.3980959909142681,0.2284594874861751,0.3980959909142681,dataset_AP,1
2787445900582100108,20240503,1,oligodendrocyte_progenitor_2,oligodendrocyte_progenitor_2,oligodendrocyte_progenitor_2,False,True,True,0.8207825517621258,0.8207825517621258,0.23528137656866072,0.8207825517621259,dataset_AP,2
2787445900583100201,20240503,1,oligodendrocyte_1,oligodendrocyte_1,astrocyte_1,False,False,False,0.405699743476458,0.405699743476458,0.06991909189711387,0.405699743476458,dataset_AP,2
2787445900583100230,20240503,1,astrocyte_1,astrocyte_1,astrocyte_1,False,True,True,0.8942931843271325,0.8942931843271325,0.15391701981541347,0.8942931843271325,dataset_AP,5
2787445900584100022,20240503,1,pericyte,pericyte,astrocyte_2,False,False,False,0.47658202372394276,0.47658202372394276,0.02102153907491427,0.47658202372394276,dataset_AP,1
2787445900584100046,20240503,1,oligodendrocyte_2,oligodendrocyte_2,oligodendrocyte_progenitor_2,False,False,False,0.8981992082050022,0.8981992082050022,0.19347805452728317,0.8981992082050023,dataset_AP,5
2787445900584100048,20240503,1,oligodendrocyte_2,oligodendrocyte_2,oligodendrocyte_2,False,True,True,0.9707927356837266,0.9707927356837266,0.19347805452728317,0.9707927356837267,dataset_AP,5
2787445900584100082,20240503,1,oligodendrocyte_progenitor_2,oligodendrocyte_progenitor_2,oligodendrocyte_progenitor_2,False,True,True,0.5648250710724599,0.5648250710724599,0.23766086981298734,0.5648250710724599,dataset_AP,3
2787445900584100125,20240503,1,oligodendrocyte_progenitor_2,oligodendrocyte_progenitor_2,oligodendrocyte_progenitor_2,False,True,True,0.6894930974770835,0.6894930974770835,0.24173706377522058,0.6894930974770836,dataset_AP,5
2787445900585100050,20240503,1,astrocyte_1,astrocyte_1,oligodendrocyte_1,False,False,False,0.6133091777989166,0.6133091777989166,0.16236994944219277,0.6133091777989166,dataset_AP,4
2787445900585100071,20240503,1,astrocyte_1,astrocyte_1,astrocyte_1,False,True,True,0.8591064880018688,0.8591064880018688,0.15843880522059486,0.8591064880018688,dataset_AP,1
2787445900585100131,20240503,1,endothelial,endothelial,astrocyte_1,False,False,False,0.9754235197948455,0.9754235197948455,0.08806595306163155,0.9754235197948458,dataset_AP,3
2787445900585100216,20240503,1,oligodendrocyte_1,oligodendrocyte_1,oligodendrocyte_progenitor_2,False,False,False,0.6061776089463213,0.6061776089463213,0.06991909189711387,0.6061776089463212,dataset_AP,1
2787445900587100057,20240503,1,oligodendrocyte_1,oligodendrocyte_1,oligodendrocyte_2,False,False,False,0.36601094876372464,0.36601094876372464,0.07435943861799374,0.3660109487637246,dataset_AP,4
2787445900587100066,20240503,1,oligodendrocyte_2,oligodendrocyte_2,oligodendrocyte_2,False,True,True,0.8292464756208885,0.8292464756208885,0.20636355865396486,0.8292464756208887,dataset_AP,3
2787445900587100114,20240503,1,oligodendrocyte_2,oligodendrocyte_2,oligodendrocyte_2,False,True,True,0.9372132218862245,0.9372132218862245,0.18424304888183216,0.9372132218862246,dataset_AP,4
2787445900588100088,20240503,1,oligodendrocyte_progenitor_2,oligodendrocyte_progenitor_2,astrocyte_2,False,False,False,0.40638824458141704,0.40638824458141704,0.23528137656866072,0.40638824458141704,dataset_AP,2
2787445900597100052,20240503,3,astrocyte_1,astrocyte_1,astrocyte_1,False,True,True,0.8564217325013279,0.8564217325013279,0.2293572868382674,0.8564217325013279,dataset_AP,2
2787445900597100100,20240503,3,oligodendrocyte_1,oligodendrocyte_1,oligodendrocyte_progenitor_2,False,False,False,0.3464673707394714,0.3464673707394714,0.0851472235998604,0.3464673707394714,dataset_AP,4
2787445900597100130,20240503,3,ependymal,ependymal,oligodendrocyte_1,False,False,False,0.5731274962722278,0.5731274962722278,0.0007510679247054405,0.5731274962722278,dataset_AP,5
2787445900597100166,20240503,3,oligodendrocyte_progenitor_2,oligodendrocyte_progenitor_2,oligodendrocyte_progenitor_2,False,True,True,0.9968490353736601,0.9968490353736601,0.3416514105994461,0.9968490353736599,dataset_AP,5
2787445900616100005,20240503,1,meninges_1,meninges_1,meninges_1,False,True,True,0.4508135354838183,0.4508135354838183,0.04865411929776137,0.4508135354838183,dataset_AP,1
2787445900617100071,20240503,1,oligodendrocyte_2,oligodendrocyte_2,oligodendrocyte_2,False,True,True,0.9557088189167275,0.9557088189167275,0.19236232109073553,0.9557088189167278,dataset_AP,2
2787445900617100074,20240503,1,oligodendrocyte_2,oligodendrocyte_2,oligodendrocyte_progenitor_2,False,False,False,0.6787539120025615,0.6787539120025615,0.18424304888183216,0.6787539120025615,dataset_AP,4
2787445900617100114,20240503,1,oligodendrocyte_2,oligodendrocyte_2,oligodendrocyte_2,False,True,True,0.9987648646845889,0.9987648646845889,0.20636355865396486,0.9987648646845889,dataset_AP,3
2787445900617100165,20240503,1,astrocyte_2,astrocyte_2,oligodendrocyte_progenitor_2,False,False,False,0.4392665254797087,0.4392665254797087,0.06423386486180835,0.43926652547970857,dataset_AP,1
2787445900617200024,20240503,1,Schwann_cell,Schwann_cell,Schwann_cell,False,True,True,0.861711759766022,0.861711759766022,0.005235214223978269,0.861711759766022,dataset_AP,3
2787445900618100026,20240503,1,oligodendrocyte_2,oligodendrocyte_2,oligodendrocyte_2,False,True,True,0.7074042955613186,0.7074042955613186,0.19236232109073553,0.7074042955613187,dataset_AP,2
2787445900618100070,20240503,1,astrocyte_1,astrocyte_1,astrocyte_1,False,True,True,0.3080360656091205,0.3080360656091205,0.1480258721399603,0.3080360656091205,dataset_AP,3
2787445900618100086,20240503,1,pericyte,pericyte,endothelial,False,False,False,0.39288871986857055,0.39288871986857055,0.01381141949976643,0.39288871986857055,dataset_AP,5
2787445900618100098,20240503,1,oligodendrocyte_1,oligodendrocyte_1,oligodendrocyte_progenitor_2,False,False,False,0.42099504372618246,0.42099504372618246,0.07603217871152185,0.42099504372618246,dataset_AP,3
2787445900618100152,20240503,1,oligodendrocyte_2,oligodendrocyte_2,oligodendrocyte_2,False,True,True,0.7502729888445823,0.7502729888445823,0.18424304888183216,0.7502729888445824,dataset_AP,4
2787445900619100038,20240503,1,endothelial,endothelial,endothelial,False,True,True,0.9216496154681103,0.9216496154681103,0.09711741574859446,0.9216496154681104,dataset_AP,4
2787445900620100087,20240503,1,oligodendrocyte_1,oligodendrocyte_1,astrocyte_1,False,False,False,0.325660200862059,0.325660200862059,0.0789099010066833,0.325660200862059,dataset_AP,5
2787445900620100210,20240503,1,endothelial,endothelial,endothelial,False,True,True,0.99690265341442,0.99690265341442,0.09111314291848044,0.99690265341442,dataset_AP,1
2787445900620100226,20240503,1,oligodendrocyte_progenitor_2,oligodendrocyte_progenitor_2,oligodendrocyte_progenitor_2,False,True,True,0.7720845660361395,0.7720845660361395,0.2284594874861751,0.7720845660361396,dataset_AP,1
2787445900620100233,20240503,1,endothelial,endothelial,astrocyte_1,False,False,False,0.5586013814124409,0.5586013814124409,0.10018343770306094,0.558601381412441,dataset_AP,2
2787445900621100073,20240503,1,astrocyte_1,astrocyte_1,astrocyte_1,False,True,True,0.9716309373389562,0.9716309373389562,0.15390365782830462,0.9716309373389563,dataset_AP,2
2787445900621100235,20240503,1,endothelial,endothelial,endothelial,False,True,True,0.5347349969692444,0.5347349969692444,0.09511007632479634,0.5347349969692443,dataset_AP,5
2787445900621100323,20240503,1,astrocyte_1,astrocyte_1,astrocyte_1,False,True,True,0.7093851361078948,0.7093851361078948,0.1480258721399603,0.7093851361078948,dataset_AP,3
2787445900621100330,20240503,1,astrocyte_1,astrocyte_1,astrocyte_1,False,True,True,0.5956908674433558,0.5956908674433558,0.15391701981541347,0.5956908674433558,dataset_AP,5
2787445900622100025,20240503,1,endothelial,endothelial,endothelial,False,True,True,0.8253079231132139,0.8253079231132139,0.10018343770306094,0.8253079231132139,dataset_AP,2
2787445900622100198,20240503,1,oligodendrocyte_1,oligodendrocyte_1,oligodendrocyte_1,False,True,True,0.5888576643696696,0.5888576643696696,0.07603217871152185,0.5888576643696696,dataset_AP,3
2787445900623100048,20240503,1,pericyte,pericyte,endothelial,False,False,False,0.4913461903748058,0.4913461903748058,0.02102153907491427,0.4913461903748059,dataset_AP,1
2787445900624100123,20240503,1,oligodendrocyte_progenitor_2,oligodendrocyte_progenitor_2,oligodendrocyte_progenitor_2,False,True,True,0.7319801936461255,0.7319801936461255,0.2284594874861751,0.7319801936461255,dataset_AP,1
2787445900624100133,20240503,1,oligodendrocyte_progenitor_2,oligodendrocyte_progenitor_2,oligodendrocyte_progenitor_2,False,True,True,0.6969498687325046,0.6969498687325046,0.23681016912956077,0.6969498687325045,dataset_AP,4
2787445900624100141,20240503,1,oligodendrocyte_progenitor_2,oligodendrocyte_progenitor_2,oligodendrocyte_progenitor_2,False,True,True,0.5407182027569142,0.5407182027569142,0.23766086981298734,0.5407182027569143,dataset_AP,3
2787445900625100013,20240503,1,oligodendrocyte_progenitor_2,oligodendrocyte_progenitor_2,oligodendrocyte_progenitor_1,False,False,False,0.47352324606033586,0.47352324606033586,0.2284594874861751,0.47352324606033575,dataset_AP,1
2787445900625100100,20240503,1,oligodendrocyte_progenitor_2,oligodendrocyte_progenitor_2,oligodendrocyte_2,False,False,False,0.4358199310704204,0.4358199310704204,0.23528137656866072,0.4358199310704204,dataset_AP,2
2787445900625100109,20240503,1,astrocyte_2,astrocyte_2,astrocyte_2,False,True,True,0.8862874620442441,0.8862874620442441,0.07102884441287483,0.8862874620442439,dataset_AP,4
2787445900625100146,20240503,1,oligodendrocyte_2,oligodendrocyte_2,oligodendrocyte_2,False,True,True,0.49495946760893134,0.49495946760893134,0.20370018957146113,0.49495946760893134,dataset_AP,1
2787445900634100017,20240503,3,meninges_1,meninges_1,oligodendrocyte_progenitor_2,False,False,False,0.2695097379818609,0.2695097379818609,0.005016116596843562,0.2695097379818609,dataset_AP,2
2787445900635100076,20240503,3,oligodendrocyte_progenitor_2,oligodendrocyte_progenitor_2,oligodendrocyte_progenitor_2,False,True,True,0.912471174687612,0.912471174687612,0.3380119457887843,0.9124711746876121,dataset_AP,2
2787445900635200041,20240503,3,oligodendrocyte_progenitor_2,oligodendrocyte_progenitor_2,oligodendrocyte_progenitor_2,False,True,True,0.8310856541175219,0.8310856541175219,0.3416514105994461,0.8310856541175219,dataset_AP,5
2787445900645100103,20240503,2,meninges_2,meninges_2,meninges_1,False,False,False,0.5849236752133921,0.5849236752133921,0.011732421716026559,0.5849236752133922,dataset_AP,5
2787445900653100023,20240503,1,meninges_1,meninges_1,meninges_2,False,False,False,0.7787050767668886,0.7787050767668886,0.04185139820932599,0.7787050767668887,dataset_AP,2
2787445900654100050,20240503,1,pericyte,pericyte,oligodendrocyte_progenitor_2,False,False,False,0.6479057014180524,0.6479057014180524,0.018585390409072346,0.6479057014180525,dataset_AP,3
2787445900654100063,20240503,1,astrocyte_1,astrocyte_1,astrocyte_2,False,False,False,0.8028792246983507,0.8028792246983507,0.15843880522059486,0.8028792246983508,dataset_AP,1
2787445900654100075,20240503,1,oligodendrocyte_2,oligodendrocyte_2,oligodendrocyte_2,False,True,True,0.9846996256359979,0.9846996256359979,0.18424304888183216,0.984699625635998,dataset_AP,4
2787445900655100067,20240503,1,astrocyte_1,astrocyte_1,astrocyte_1,False,True,True,0.9572117231083492,0.9572117231083492,0.16236994944219277,0.9572117231083492,dataset_AP,4
2787445900656100136,20240503,1,microglia,microglia,microglia,False,True,True,0.9873048276509365,0.9873048276509365,0.02299421748007199,0.9873048276509365,dataset_AP,5
2787445900656200007,20240503,1,astrocyte_1,astrocyte_1,astrocyte_1,False,True,True,0.9900993420634744,0.9900993420634744,0.1480258721399603,0.9900993420634744,dataset_AP,3
2787445900656200131,20240503,1,oligodendrocyte_progenitor_2,oligodendrocyte_progenitor_2,oligodendrocyte_progenitor_2,False,True,True,0.966147586635384,0.966147586635384,0.23528137656866072,0.9661475866353838,dataset_AP,2
2787445900657100072,20240503,1,endothelial,endothelial,oligodendrocyte_1,False,False,False,0.6757475675413556,0.6757475675413556,0.09111314291848044,0.6757475675413556,dataset_AP,1
2787445900657100147,20240503,1,oligodendrocyte_2,oligodendrocyte_2,oligodendrocyte_progenitor_2,False,False,False,0.8498999670496361,0.8498999670496361,0.19236232109073553,0.8498999670496361,dataset_AP,2
2787445900657100164,20240503,1,astrocyte_1,astrocyte_1,oligodendrocyte_progenitor_2,False,False,False,0.4167037956233358,0.4167037956233358,0.1480258721399603,0.4167037956233358,dataset_AP,3
2787445900657100166,20240503,1,astrocyte_1,astrocyte_1,astrocyte_1,False,True,True,0.9670424897502194,0.9670424897502194,0.15843880522059486,0.9670424897502196,dataset_AP,1
2787445900657100203,20240503,1,oligodendrocyte_precursor_cell,oligodendrocyte_precursor_cell,oligodendrocyte_progenitor_2,False,False,False,0.33463216159391734,0.33463216159391734,0.03247479569484226,0.33463216159391734,dataset_AP,5
2787445900658100034,20240503,1,oligodendrocyte_progenitor_2,oligodendrocyte_progenitor_2,oligodendrocyte_1,False,False,False,0.4496604784903903,0.4496604784903903,0.24173706377522058,0.4496604784903903,dataset_AP,5
2787445900659100022,20240503,1,astrocyte_1,astrocyte_1,astrocyte_1,False,True,True,0.998887962913732,0.998887962913732,0.16236994944219277,0.9988879629137318,dataset_AP,4
2787445900659100089,20240503,1,oligodendrocyte_1,oligodendrocyte_1,pericyte,False,False,False,0.3114170871053236,0.3114170871053236,0.0789099010066833,0.3114170871053236,dataset_AP,5
2787445900659100165,20240503,1,endothelial,endothelial,endothelial,False,True,True,0.826538083231514,0.826538083231514,0.08806595306163155,0.8265380832315141,dataset_AP,3
2787445900659100212,20240503,1,oligodendrocyte_1,oligodendrocyte_1,endothelial,False,False,False,0.5542922852333347,0.5542922852333347,0.06991909189711387,0.5542922852333347,dataset_AP,1
2787445900659200073,20240503,1,oligodendrocyte_progenitor_2,oligodendrocyte_progenitor_2,oligodendrocyte_progenitor_2,False,True,True,0.5392013982877997,0.5392013982877997,0.23681016912956077,0.5392013982877998,dataset_AP,4
2787445900660100100,20240503,1,oligodendrocyte_1,oligodendrocyte_1,oligodendrocyte_1,False,True,True,0.4063973361247421,0.4063973361247421,0.06991909189711387,0.4063973361247421,dataset_AP,2
2787445900660100194,20240503,1,oligodendrocyte_progenitor_2,oligodendrocyte_progenitor_2,endothelial,False,False,False,0.3662547255569825,0.3662547255569825,0.24173706377522058,0.36625472555698246,dataset_AP,5
2787445900660100214,20240503,1,oligodendrocyte_1,oligodendrocyte_1,oligodendrocyte_progenitor_2,False,False,False,0.5320260052297454,0.5320260052297454,0.07603217871152185,0.5320260052297454,dataset_AP,3
2787445900661100019,20240503,1,oligodendrocyte_precursor_cell,oligodendrocyte_precursor_cell,oligodendrocyte_2,False,False,False,0.5399924954517534,0.5399924954517534,0.03247479569484226,0.5399924954517534,dataset_AP,5
2787445900662100044,20240503,1,oligodendrocyte_2,oligodendrocyte_2,oligodendrocyte_2,False,True,True,0.9992240098563001,0.9992240098563001,0.19236232109073553,0.9992240098563002,dataset_AP,2
2787445900663100025,20240503,1,meninges_2,meninges_2,meninges_2,False,True,True,0.7761631868761704,0.7761631868761704,0.021040707068964527,0.7761631868761705,dataset_AP,1
2787445900681100180,20240503,2,oligodendrocyte_1,oligodendrocyte_1,oligodendrocyte_progenitor_2,False,False,False,0.5023672111651639,0.5023672111651639,0.08405401304809589,0.5023672111651639,dataset_AP,3
2787445900682100128,20240503,2,oligodendrocyte_1,oligodendrocyte_1,oligodendrocyte_2,False,False,False,0.4314067478643049,0.4314067478643049,0.09013848676178184,0.4314067478643049,dataset_AP,5
2787445900685100042,20240503,4,microglia,microglia,microglia,False,True,True,0.8355343234381739,0.8355343234381739,0.014385250616475014,0.8355343234381739,dataset_AP,3
2787445900685100065,20240503,4,astrocyte_2,astrocyte_2,astrocyte_2,False,True,True,0.9952543495291561,0.9952543495291561,0.06495053084312881,0.9952543495291563,dataset_AP,1
2787445900685100098,20240503,4,oligodendrocyte_2,oligodendrocyte_2,oligodendrocyte_2,False,True,True,0.9165054655146292,0.9165054655146292,0.1728607903182213,0.9165054655146294,dataset_AP,4
2787445900687100090,20240503,4,oligodendrocyte_2,oligodendrocyte_2,oligodendrocyte_precursor_cell,False,False,False,0.6390915169905701,0.6390915169905701,0.20018806864505545,0.6390915169905701,dataset_AP,3
2787445900688100093,20240503,4,oligodendrocyte_2,oligodendrocyte_2,oligodendrocyte_2,False,True,True,0.8881751491784087,0.8881751491784087,0.1575108756159413,0.8881751491784087,dataset_AP,2
2787445900692100045,20240503,1,oligodendrocyte_2,oligodendrocyte_2,oligodendrocyte_2,False,True,True,0.9835162099348641,0.9835162099348641,0.19347805452728317,0.9835162099348642,dataset_AP,5
2787445900692200021,20240503,1,pericyte,pericyte,oligodendrocyte_2,False,False,False,0.9064879774997476,0.9064879774997476,0.018585390409072346,0.9064879774997476,dataset_AP,3
2787445900693100143,20240503,1,astrocyte_2,astrocyte_2,astrocyte_2,False,True,True,0.9335006851315778,0.9335006851315778,0.06423386486180835,0.9335006851315779,dataset_AP,1
2787445900693200024,20240503,1,oligodendrocyte_progenitor_2,oligodendrocyte_progenitor_2,oligodendrocyte_progenitor_2,False,True,True,0.9881253035651777,0.9881253035651777,0.24173706377522058,0.9881253035651775,dataset_AP,5
2787445900694100090,20240503,1,oligodendrocyte_1,oligodendrocyte_1,oligodendrocyte_1,False,True,True,0.2868191775782255,0.2868191775782255,0.06991909189711387,0.2868191775782255,dataset_AP,1
2787445900695100023,20240503,1,astrocyte_2,astrocyte_2,astrocyte_2,False,True,True,0.8871270475307445,0.8871270475307445,0.06650143855795347,0.8871270475307446,dataset_AP,2
2787445900695100045,20240503,1,astrocyte_2,astrocyte_2,astrocyte_2,False,True,True,0.5543005316001858,0.5543005316001858,0.07102884441287483,0.5543005316001859,dataset_AP,4
2787445900695100049,20240503,1,oligodendrocyte_2,oligodendrocyte_2,oligodendrocyte_2,False,True,True,0.4670634171731409,0.4670634171731409,0.18424304888183216,0.4670634171731409,dataset_AP,4
2787445900695100107,20240503,1,astrocyte_1,astrocyte_1,astrocyte_2,False,False,False,0.8233064329038373,0.8233064329038373,0.16236994944219277,0.8233064329038374,dataset_AP,4
2787445900695100111,20240503,1,astrocyte_2,astrocyte_2,astrocyte_2,False,True,True,0.3467738575212779,0.3467738575212779,0.06423386486180835,0.3467738575212779,dataset_AP,1
2787445900695100118,20240503,1,oligodendrocyte_2,oligodendrocyte_2,oligodendrocyte_2,False,True,True,0.638378689022198,0.638378689022198,0.19236232109073553,0.638378689022198,dataset_AP,2
2787445900696100046,20240503,1,astrocyte_2,astrocyte_2,astrocyte_1,False,False,False,0.3899288751666656,0.3899288751666656,0.06423386486180835,0.3899288751666656,dataset_AP,1
2787445900696100057,20240503,1,oligodendrocyte_2,oligodendrocyte_2,oligodendrocyte_2,False,True,True,0.9323456689653455,0.9323456689653455,0.20636355865396486,0.9323456689653455,dataset_AP,3
2787445900698100019,20240503,1,microglia,microglia,oligodendrocyte_1,False,False,False,0.2807233051979378,0.2807233051979378,0.03499117313873986,0.2807233051979378,dataset_AP,1
2787445900698100107,20240503,1,oligodendrocyte_2,oligodendrocyte_2,oligodendrocyte_2,False,True,True,0.9931218722192886,0.9931218722192886,0.18424304888183216,0.9931218722192888,dataset_AP,4
2787445900698100134,20240503,1,oligodendrocyte_1,oligodendrocyte_1,oligodendrocyte_2,False,False,False,0.5397092396977367,0.5397092396977367,0.06991909189711387,0.5397092396977367,dataset_AP,2
2787445900700100017,20240503,1,meninges_2,meninges_2,meninges_3,False,False,False,0.7634144176685163,0.7634144176685163,0.0231177638264933,0.7634144176685163,dataset_AP,3
2787445900700100024,20240503,1,meninges_1,meninges_1,meninges_1,False,True,True,0.5349426270848734,0.5349426270848734,0.04505787172744175,0.5349426270848735,dataset_AP,5
2787445900715100108,20240503,2,oligodendrocyte_2,oligodendrocyte_2,oligodendrocyte_2,False,True,True,0.9706156122620471,0.9706156122620471,0.14794941346947318,0.9706156122620472,dataset_AP,4
2787445900715100150,20240503,2,oligodendrocyte_1,oligodendrocyte_1,astrocyte_1,False,False,False,0.323393889644105,0.323393889644105,0.09190228571202949,0.323393889644105,dataset_AP,4
2787445900715100162,20240503,2,oligodendrocyte_progenitor_1,oligodendrocyte_progenitor_1,astrocyte_1,False,False,False,0.3135828266200689,0.3135828266200689,0.012197532586830385,0.3135828266200689,dataset_AP,5
2787445900716100043,20240503,2,oligodendrocyte_1,oligodendrocyte_1,oligodendrocyte_progenitor_2,False,False,False,0.6252293463068926,0.6252293463068926,0.08405401304809589,0.6252293463068926,dataset_AP,3
2787445900716100220,20240503,2,astrocyte_1,astrocyte_1,astrocyte_1,False,True,True,0.9115258420364826,0.9115258420364826,0.2510947126331742,0.9115258420364823,dataset_AP,2
2787445900717100055,20240503,2,astrocyte_2,astrocyte_2,astrocyte_1,False,False,False,0.4955978326731696,0.4955978326731696,0.05904788979306587,0.4955978326731696,dataset_AP,4
2787445900718100163,20240503,2,oligodendrocyte_progenitor_2,oligodendrocyte_progenitor_2,oligodendrocyte_progenitor_2,False,True,True,0.9977568005809021,0.9977568005809021,0.2939873516796594,0.9977568005809021,dataset_AP,1
2787445900718100196,20240503,2,pericyte,pericyte,endothelial,False,False,False,0.5058364198572384,0.5058364198572384,0.0024805913109537483,0.5058364198572384,dataset_AP,5
2787445900718100215,20240503,2,endothelial,endothelial,endothelial,False,True,True,0.9864742181012064,0.9864742181012064,0.09426755580601734,0.9864742181012064,dataset_AP,1
2787445900719100029,20240503,2,oligodendrocyte_progenitor_2,oligodendrocyte_progenitor_2,oligodendrocyte_progenitor_2,False,True,True,0.5490497907168986,0.5490497907168986,0.2939873516796594,0.5490497907168986,dataset_AP,1
2787445900719100067,20240503,2,endothelial,endothelial,endothelial,False,True,True,0.8176450388467493,0.8176450388467493,0.09426755580601734,0.8176450388467491,dataset_AP,1
2787445900720100012,20240503,2,oligodendrocyte_1,oligodendrocyte_1,oligodendrocyte_progenitor_2,False,False,False,0.5287147324383957,0.5287147324383957,0.09190228571202949,0.5287147324383957,dataset_AP,4
2787445900723100091,20240503,4,astrocyte_1,astrocyte_1,oligodendrocyte_progenitor_2,False,False,False,0.35580452082843217,0.35580452082843217,0.14831259003849515,0.3558045208284322,dataset_AP,4
2787445900726100019,20240503,4,astrocyte_2,astrocyte_2,astrocyte_2,False,True,True,0.7736031067004021,0.7736031067004021,0.07123631271705022,0.7736031067004022,dataset_AP,5
2787445900726100247,20240503,4,oligodendrocyte_progenitor_2,oligodendrocyte_progenitor_2,oligodendrocyte_progenitor_2,False,True,True,0.7503284528010484,0.7503284528010484,0.27516122000882526,0.7503284528010484,dataset_AP,1
2787445900726100287,20240503,4,astrocyte_2,astrocyte_2,astrocyte_1,False,False,False,0.6932746188907627,0.6932746188907627,0.08272126837178911,0.6932746188907626,dataset_AP,4
2787445900730100021,20240503,1,oligodendrocyte_2,oligodendrocyte_2,oligodendrocyte_2,False,True,True,0.9945884523521521,0.9945884523521521,0.19236232109073553,0.9945884523521522,dataset_AP,2
2787445900731100026,20240503,1,oligodendrocyte_progenitor_1,oligodendrocyte_progenitor_1,oligodendrocyte_progenitor_1,False,True,True,0.9604960792798102,0.9604960792798102,0.00981784655254043,0.9604960792798103,dataset_AP,1
2787445900732100051,20240503,1,oligodendrocyte_2,oligodendrocyte_2,oligodendrocyte_2,False,True,True,0.9774141760290876,0.9774141760290876,0.20636355865396486,0.9774141760290876,dataset_AP,3
2787445900734100041,20240503,1,oligodendrocyte_2,oligodendrocyte_2,oligodendrocyte_2,False,True,True,0.7777004758911586,0.7777004758911586,0.18424304888183216,0.7777004758911588,dataset_AP,4
2787445900750100094,20240503,2,oligodendrocyte_2,oligodendrocyte_2,oligodendrocyte_2,False,True,True,0.9652145267867738,0.9652145267867738,0.12696363995767493,0.9652145267867739,dataset_AP,5
2787445900752100043,20240503,2,astrocyte_1,astrocyte_1,astrocyte_1,False,True,True,0.26779102721137166,0.26779102721137166,0.20447034575885717,0.26779102721137166,dataset_AP,4
2787445900752100090,20240503,2,oligodendrocyte_precursor_cell,oligodendrocyte_precursor_cell,oligodendrocyte_1,False,False,False,0.37071764170379656,0.37071764170379656,0.016146958454650764,0.37071764170379656,dataset_AP,1
2787445900752100098,20240503,2,astrocyte_1,astrocyte_1,astrocyte_1,False,True,True,0.9894623905996256,0.9894623905996256,0.24659015592841943,0.9894623905996257,dataset_AP,5
2787445900752100150,20240503,2,astrocyte_1,astrocyte_1,astrocyte_1,False,True,True,0.9702384330755973,0.9702384330755973,0.22967105215625924,0.9702384330755971,dataset_AP,3
2787445900752100165,20240503,2,endothelial,endothelial,endothelial,False,True,True,0.5293006659838287,0.5293006659838287,0.11391050622065867,0.5293006659838287,dataset_AP,4
2787445900753100144,20240503,2,oligodendrocyte_progenitor_2,oligodendrocyte_progenitor_2,oligodendrocyte_progenitor_2,False,True,True,0.7469033872556378,0.7469033872556378,0.2939873516796594,0.7469033872556378,dataset_AP,1
2787445900753200023,20240503,2,oligodendrocyte_progenitor_2,oligodendrocyte_progenitor_2,oligodendrocyte_1,False,False,False,0.7978374970692284,0.7978374970692284,0.2714451886049519,0.7978374970692281,dataset_AP,3
2787445900754100069,20240503,2,astrocyte_1,astrocyte_1,astrocyte_1,False,True,True,0.9562946618689632,0.9562946618689632,0.22967105215625924,0.9562946618689632,dataset_AP,3
2787445900754100137,20240503,2,astrocyte_1,astrocyte_1,astrocyte_1,False,True,True,0.8979278968002874,0.8979278968002874,0.20447034575885717,0.8979278968002872,dataset_AP,4
2787445900755100112,20240503,2,meninges_1,meninges_1,oligodendrocyte_precursor_cell,False,False,False,0.4822424485294818,0.4822424485294818,0.013531067757996439,0.4822424485294818,dataset_AP,4
2787445900756100063,20240503,2,oligodendrocyte_1,oligodendrocyte_1,oligodendrocyte_progenitor_2,False,False,False,0.6240942952710188,0.6240942952710188,0.07253999561691869,0.6240942952710188,dataset_AP,1
2787445900759100119,20240503,4,oligodendrocyte_2,oligodendrocyte_2,oligodendrocyte_2,False,True,True,0.38188351477087085,0.38188351477087085,0.20018806864505545,0.38188351477087085,dataset_AP,3
2787445900760100097,20240503,4,oligodendrocyte_progenitor_1,oligodendrocyte_progenitor_1,oligodendrocyte_progenitor_1,False,True,True,0.9496603149465462,0.9496603149465462,0.027229755043801963,0.9496603149465462,dataset_AP,5
2787445900760100107,20240503,4,endothelial,endothelial,oligodendrocyte_1,False,False,False,0.4187416235261748,0.4187416235261748,0.14402747928950607,0.4187416235261748,dataset_AP,4
2787445900760100109,20240503,4,pericyte,pericyte,astrocyte_1,False,False,False,0.38667970904191046,0.38667970904191046,0.026857763854678987,0.38667970904191057,dataset_AP,5
2787445900760200114,20240503,4,oligodendrocyte_precursor_cell,oligodendrocyte_precursor_cell,oligodendrocyte_precursor_cell,False,True,True,0.9633005595828813,0.9633005595828813,0.04870359442202693,0.9633005595828809,dataset_AP,1
2787445900760200154,20240503,4,oligodendrocyte_1,oligodendrocyte_1,oligodendrocyte_progenitor_2,False,False,False,0.5337013030590517,0.5337013030590517,0.02947755808919036,0.5337013030590517,dataset_AP,2
2787445900761100024,20240503,4,astrocyte_2,astrocyte_2,astrocyte_2,False,True,True,0.8740758300328866,0.8740758300328866,0.06495053084312881,0.8740758300328866,dataset_AP,1
2787445900761100117,20240503,4,astrocyte_1,astrocyte_1,astrocyte_1,False,True,True,0.9211291402609747,0.9211291402609747,0.14831259003849515,0.9211291402609745,dataset_AP,4
2787445900761100221,20240503,4,oligodendrocyte_progenitor_2,oligodendrocyte_progenitor_2,oligodendrocyte_progenitor_2,False,True,True,0.5148708756938779,0.5148708756938779,0.27516122000882526,0.5148708756938779,dataset_AP,1
2787445900761100241,20240503,4,endothelial,endothelial,endothelial,False,True,True,0.9448949917620252,0.9448949917620252,0.10805594985565957,0.9448949917620252,dataset_AP,1
2787445900761200150,20240503,4,ependymal,ependymal,ependymal,False,True,True,0.9999999944286728,0.9999999944286728,0.00041985163492850707,0.9999999944286729,dataset_AP,4
2787445900762100145,20240503,4,oligodendrocyte_progenitor_1,oligodendrocyte_progenitor_1,astrocyte_1,False,False,False,0.8759361027031014,0.8759361027031014,0.020941322828115283,0.8759361027031012,dataset_AP,1
2787445900764100034,20240503,4,meninges_3,meninges_3,meninges_2,False,False,False,0.42770259273571903,0.42770259273571903,0.000797123976692095,0.42770259273571903,dataset_AP,5
2787445900770100020,20240503,1,meninges_1,meninges_1,meninges_1,False,True,True,0.4151729314825089,0.4151729314825089,0.04185139820932599,0.4151729314825088,dataset_AP,2
2787445900770100037,20240503,1,astrocyte_2,astrocyte_2,astrocyte_1,False,False,False,0.43278752536212983,0.43278752536212983,0.06650143855795347,0.43278752536212983,dataset_AP,2
2787445900771100033,20240503,1,meninges_1,meninges_1,meninges_1,False,True,True,0.539707083529005,0.539707083529005,0.04185139820932599,0.539707083529005,dataset_AP,2
2787445900774200005,20240503,1,meninges_3,meninges_3,meninges_1,False,False,False,0.43270884128365006,0.43270884128365006,0.0025321264733537854,0.43270884128365006,dataset_AP,3
2787445900774200023,20240503,1,meninges_3,meninges_3,meninges_2,False,False,False,0.9172251894441018,0.9172251894441018,0.006871962005041853,0.9172251894441019,dataset_AP,4
2787445900787100023,20240503,2,oligodendrocyte_2,oligodendrocyte_2,oligodendrocyte_2,False,True,True,0.9978463365955487,0.9978463365955487,0.14794941346947318,0.9978463365955487,dataset_AP,4
2787445900787100116,20240503,2,oligodendrocyte_2,oligodendrocyte_2,oligodendrocyte_2,False,True,True,0.6057158695897259,0.6057158695897259,0.14794941346947318,0.605715869589726,dataset_AP,4
2787445900788100045,20240503,2,microglia,microglia,microglia,False,True,True,0.5119969400227004,0.5119969400227004,0.004030960880299842,0.5119969400227005,dataset_AP,5
2787445900788100079,20240503,2,endothelial,endothelial,endothelial,False,True,True,0.9724118033381838,0.9724118033381838,0.10973780204549434,0.9724118033381838,dataset_AP,2
2787445900789100118,20240503,2,oligodendrocyte_1,oligodendrocyte_1,oligodendrocyte_progenitor_2,False,False,False,0.6358176313603635,0.6358176313603635,0.07253999561691869,0.6358176313603635,dataset_AP,1
2787445900789100205,20240503,2,endothelial,endothelial,endothelial,False,True,True,0.5670208902520016,0.5670208902520016,0.10418247104637637,0.5670208902520018,dataset_AP,3
2787445900790100022,20240503,2,oligodendrocyte_progenitor_2,oligodendrocyte_progenitor_2,oligodendrocyte_progenitor_2,False,True,True,0.6655613195067968,0.6655613195067968,0.28737034536402006,0.6655613195067968,dataset_AP,4
2787445900790100045,20240503,2,pericyte,pericyte,astrocyte_2,False,False,False,0.2777751877851401,0.2777751877851401,0.0024805913109537483,0.2777751877851401,dataset_AP,5
2787445900797200064,20240503,4,endothelial,endothelial,endothelial,False,True,True,0.48222698653868584,0.48222698653868584,0.10805594985565957,0.48222698653868584,dataset_AP,1
2787445900798100050,20240503,4,oligodendrocyte_1,oligodendrocyte_1,oligodendrocyte_progenitor_2,False,False,False,0.5597886832607943,0.5597886832607943,0.03034650979266805,0.5597886832607945,dataset_AP,5
2787445900798200119,20240503,4,oligodendrocyte_progenitor_2,oligodendrocyte_progenitor_2,oligodendrocyte_progenitor_2,False,True,True,0.9295737643279837,0.9295737643279837,0.28415296244689536,0.9295737643279834,dataset_AP,4
2787445900799100044,20240503,4,astrocyte_1,astrocyte_1,astrocyte_1,False,True,True,0.4017889507496518,0.4017889507496518,0.1649201958714931,0.4017889507496518,dataset_AP,3
2787445900800100075,20240503,4,oligodendrocyte_2,oligodendrocyte_2,oligodendrocyte_2,False,True,True,0.9193868791643387,0.9193868791643387,0.1575108756159413,0.9193868791643383,dataset_AP,2
2787445900803100037,20240503,1,meninges_2,meninges_2,meninges_1,False,False,False,0.8226256099247957,0.8226256099247957,0.021040707068964527,0.8226256099247958,dataset_AP,1
2787445900804100164,20240503,1,endothelial,endothelial,endothelial,False,True,True,0.9983128106544296,0.9983128106544296,0.10018343770306094,0.9983128106544296,dataset_AP,2
2787445900805100063,20240503,1,astrocyte_1,astrocyte_1,astrocyte_1,False,True,True,0.33910816006894084,0.33910816006894084,0.15391701981541347,0.3391081600689409,dataset_AP,5
2787445900806100043,20240503,1,oligodendrocyte_2,oligodendrocyte_2,oligodendrocyte_2,False,True,True,0.7103552832969058,0.7103552832969058,0.20636355865396486,0.7103552832969059,dataset_AP,3
2787445900807100022,20240503,1,oligodendrocyte_precursor_cell,oligodendrocyte_precursor_cell,oligodendrocyte_precursor_cell,False,True,True,0.795021578217387,0.795021578217387,0.0286379135125894,0.795021578217387,dataset_AP,3
2787445900822100028,20240503,3,oligodendrocyte_2,oligodendrocyte_2,astrocyte_2,False,False,False,0.9655998829081307,0.9655998829081307,0.09821151950429517,0.9655998829081309,dataset_AP,5
2787445900822100184,20240503,3,astrocyte_1,astrocyte_1,astrocyte_1,False,True,True,0.961517948997918,0.961517948997918,0.22693833691519258,0.9615179489979181,dataset_AP,4
2787445900822100190,20240503,3,oligodendrocyte_1,oligodendrocyte_1,oligodendrocyte_1,False,True,True,0.33543666025520347,0.33543666025520347,0.0851472235998604,0.3354366602552035,dataset_AP,4
2787445900822100202,20240503,3,pericyte,pericyte,endothelial,False,False,False,0.36749273907939095,0.36749273907939095,0.014115382809932872,0.36749273907939095,dataset_AP,5
2787445900824100123,20240503,3,astrocyte_2,astrocyte_2,oligodendrocyte_progenitor_2,False,False,False,0.4685023739412026,0.4685023739412026,0.04861948768603911,0.46850237394120264,dataset_AP,3
2787445900826100009,20240503,2,oligodendrocyte_1,oligodendrocyte_1,oligodendrocyte_progenitor_2,False,False,False,0.527934252106982,0.527934252106982,0.07057945519483981,0.527934252106982,dataset_AP,2
2787445900836100086,20240503,4,astrocyte_2,astrocyte_2,astrocyte_2,False,True,True,0.8467665463448685,0.8467665463448685,0.08272126837178911,0.8467665463448683,dataset_AP,4
2787445900837100051,20240503,4,Schwann_cell,Schwann_cell,Schwann_cell,False,True,True,0.9999993478924656,0.9999993478924656,0.007867871773197217,0.9999993478924658,dataset_AP,3
2787445900840100017,20240503,1,astrocyte_2,astrocyte_2,meninges_1,False,False,False,0.2805574590260735,0.2805574590260735,0.07264524585181456,0.2805574590260735,dataset_AP,3
2787445900840100059,20240503,1,endothelial,endothelial,microglia,False,False,False,0.7026573689014727,0.7026573689014727,0.09711741574859446,0.7026573689014726,dataset_AP,4
2787445900858100202,20240503,3,astrocyte_2,astrocyte_2,oligodendrocyte_progenitor_2,False,False,False,0.5194988999691051,0.5194988999691051,0.06952894949513715,0.5194988999691051,dataset_AP,2
2787445900859100030,20240503,3,oligodendrocyte_progenitor_2,oligodendrocyte_progenitor_2,oligodendrocyte_progenitor_2,False,True,True,0.4878074980236379,0.4878074980236379,0.3380119457887843,0.4878074980236379,dataset_AP,2
2787445900859100192,20240503,3,astrocyte_1,astrocyte_1,astrocyte_1,False,True,True,0.8027400876375422,0.8027400876375422,0.233382786757983,0.8027400876375422,dataset_AP,1
2787445900860100153,20240503,3,oligodendrocyte_progenitor_2,oligodendrocyte_progenitor_2,oligodendrocyte_progenitor_2,False,True,True,0.3956857210579031,0.3956857210579031,0.34509377123858853,0.395685721057903,dataset_AP,4
2787445900860100172,20240503,3,astrocyte_2,astrocyte_2,oligodendrocyte_progenitor_2,False,False,False,0.5115759814570048,0.5115759814570048,0.07954482834628314,0.5115759814570047,dataset_AP,4
2787445900861100089,20240503,3,astrocyte_1,astrocyte_1,astrocyte_1,False,True,True,0.9487788158612782,0.9487788158612782,0.233382786757983,0.9487788158612783,dataset_AP,1
2787445900861100095,20240503,3,astrocyte_1,astrocyte_1,astrocyte_1,False,True,True,0.9585132641656159,0.9585132641656159,0.24574733822789138,0.9585132641656161,dataset_AP,3
2787445900862100098,20240503,3,astrocyte_2,astrocyte_2,astrocyte_2,False,True,True,0.9262131845698507,0.9262131845698507,0.04861948768603911,0.9262131845698507,dataset_AP,3
2787445900876100003,20240503,1,oligodendrocyte_2,oligodendrocyte_2,oligodendrocyte_2,False,True,True,0.649194560747673,0.649194560747673,0.20370018957146113,0.649194560747673,dataset_AP,1
2787445900896100105,20240503,3,oligodendrocyte_2,oligodendrocyte_2,oligodendrocyte_progenitor_2,False,False,False,0.3950922208436866,0.3950922208436866,0.09012024082667724,0.39509222084368667,dataset_AP,1
2787445900897100196,20240503,3,oligodendrocyte_progenitor_2,oligodendrocyte_progenitor_2,oligodendrocyte_2,False,False,False,0.47835693418009495,0.47835693418009495,0.37931558501999296,0.47835693418009495,dataset_AP,3
2787445900898100111,20240503,3,astrocyte_2,astrocyte_2,astrocyte_2,False,True,True,0.4166789153101904,0.4166789153101904,0.059184152466788716,0.4166789153101904,dataset_AP,5
2787445900899100025,20240503,3,oligodendrocyte_2,oligodendrocyte_2,oligodendrocyte_2,False,True,True,0.8083230217334504,0.8083230217334504,0.07676161349454348,0.8083230217334502,dataset_AP,3
2787445900932100014,20240503,3,microglia,microglia,oligodendrocyte_2,False,False,False,0.9497020942983402,0.9497020942983402,0.004683969802171158,0.9497020942983403,dataset_AP,4
2787445900933100079,20240503,3,oligodendrocyte_1,oligodendrocyte_1,astrocyte_1,False,False,False,0.33007683929758663,0.33007683929758663,0.0851472235998604,0.33007683929758663,dataset_AP,4
2787889600020100063,20240503,1,oligodendrocyte_progenitor_2,oligodendrocyte_progenitor_2,oligodendrocyte_progenitor_2,False,True,True,0.7118895269873236,0.7118895269873236,0.2284594874861751,0.7118895269873237,dataset_AP,1
2787889600021100026,20240503,1,oligodendrocyte_precursor_cell,oligodendrocyte_precursor_cell,oligodendrocyte_2,False,False,False,0.6099193986991704,0.6099193986991704,0.028897667830163908,0.6099193986991706,dataset_AP,1
2787889600023100289,20240503,1,oligodendrocyte_progenitor_2,oligodendrocyte_progenitor_2,oligodendrocyte_progenitor_2,False,True,True,0.9348596870097764,0.9348596870097764,0.2284594874861751,0.9348596870097764,dataset_AP,1
2787889600023100297,20240503,1,endothelial,endothelial,endothelial,False,True,True,0.2682847134234499,0.2682847134234499,0.08806595306163155,0.2682847134234499,dataset_AP,3
2787889600024100097,20240503,1,microglia,microglia,microglia,False,True,True,0.9999668307634688,0.9999668307634688,0.02299421748007199,0.9999668307634686,dataset_AP,5
2787889600024100214,20240503,1,oligodendrocyte_2,oligodendrocyte_2,oligodendrocyte_2,False,True,True,0.9964890638247759,0.9964890638247759,0.20370018957146113,0.9964890638247761,dataset_AP,1
2787889600055100044,20240503,1,oligodendrocyte_2,oligodendrocyte_2,oligodendrocyte_2,False,True,True,0.9957292810587648,0.9957292810587648,0.19236232109073553,0.9957292810587649,dataset_AP,2
2787889600055100062,20240503,1,oligodendrocyte_2,oligodendrocyte_2,oligodendrocyte_2,False,True,True,0.9119548339318367,0.9119548339318367,0.19347805452728317,0.9119548339318367,dataset_AP,5
2787889600056100038,20240503,1,oligodendrocyte_progenitor_2,oligodendrocyte_progenitor_2,astrocyte_1,False,False,False,0.8164647764032468,0.8164647764032468,0.23766086981298734,0.8164647764032468,dataset_AP,3
2787889600056100086,20240503,1,oligodendrocyte_1,oligodendrocyte_1,astrocyte_1,False,False,False,0.29227441923913,0.29227441923913,0.07435943861799374,0.29227441923913,dataset_AP,4
2787889600056100105,20240503,1,astrocyte_1,astrocyte_1,astrocyte_1,False,True,True,0.9840266268690656,0.9840266268690656,0.1480258721399603,0.9840266268690657,dataset_AP,3
2787889600056100182,20240503,1,oligodendrocyte_1,oligodendrocyte_1,oligodendrocyte_progenitor_2,False,False,False,0.5448096839603035,0.5448096839603035,0.07435943861799374,0.5448096839603035,dataset_AP,4
2787889600057100060,20240503,1,oligodendrocyte_2,oligodendrocyte_2,oligodendrocyte_2,False,True,True,0.9983240590974832,0.9983240590974832,0.20636355865396486,0.998324059097483,dataset_AP,3
2787889600057100130,20240503,1,oligodendrocyte_2,oligodendrocyte_2,oligodendrocyte_1,False,False,False,0.712997246823164,0.712997246823164,0.19347805452728317,0.712997246823164,dataset_AP,5
2787889600057100207,20240503,1,microglia,microglia,microglia,False,True,True,0.7493294697962619,0.7493294697962619,0.02299421748007199,0.7493294697962619,dataset_AP,5
2787889600058100074,20240503,1,oligodendrocyte_1,oligodendrocyte_1,oligodendrocyte_1,False,True,True,0.605220515198453,0.605220515198453,0.07603217871152185,0.605220515198453,dataset_AP,3
2787889600058100092,20240503,1,endothelial,endothelial,endothelial,False,True,True,0.29239412552847566,0.29239412552847566,0.09711741574859446,0.2923941255284757,dataset_AP,4
2787889600058100120,20240503,1,oligodendrocyte_progenitor_2,oligodendrocyte_progenitor_2,oligodendrocyte_progenitor_2,False,True,True,0.9860302886898868,0.9860302886898868,0.23766086981298734,0.9860302886898868,dataset_AP,3
2787889600058100136,20240503,1,endothelial,endothelial,oligodendrocyte_progenitor_2,False,False,False,0.27952511389602885,0.27952511389602885,0.09711741574859446,0.27952511389602885,dataset_AP,4
2787889600058100143,20240503,1,astrocyte_2,astrocyte_2,oligodendrocyte_progenitor_2,False,False,False,0.34393580330932616,0.34393580330932616,0.07264524585181456,0.34393580330932616,dataset_AP,3
2787889600058200134,20240503,1,astrocyte_1,astrocyte_1,astrocyte_1,False,True,True,0.8787591905093738,0.8787591905093738,0.15390365782830462,0.8787591905093736,dataset_AP,2
2787889600059100160,20240503,1,endothelial,endothelial,endothelial,False,True,True,0.925696797957626,0.925696797957626,0.09511007632479634,0.925696797957626,dataset_AP,5
2787889600060100077,20240503,1,oligodendrocyte_progenitor_2,oligodendrocyte_progenitor_2,oligodendrocyte_progenitor_2,False,True,True,0.829801229082472,0.829801229082472,0.24173706377522058,0.829801229082472,dataset_AP,5
2787889600060100090,20240503,1,oligodendrocyte_1,oligodendrocyte_1,oligodendrocyte_progenitor_2,False,False,False,0.6199087030301459,0.6199087030301459,0.07435943861799374,0.6199087030301459,dataset_AP,4
2787889600061100027,20240503,1,meninges_3,meninges_3,meninges_3,False,True,True,0.6299920378771351,0.6299920378771351,0.0025321264733537854,0.6299920378771351,dataset_AP,3
2787889600091100011,20240503,1,oligodendrocyte_1,oligodendrocyte_1,oligodendrocyte_1,False,True,True,0.47625293103488314,0.47625293103488314,0.06991909189711387,0.47625293103488303,dataset_AP,2
2787889600091100100,20240503,1,endothelial,endothelial,endothelial,False,True,True,0.7481832040472185,0.7481832040472185,0.09711741574859446,0.7481832040472185,dataset_AP,4
2787889600092100043,20240503,1,oligodendrocyte_progenitor_2,oligodendrocyte_progenitor_2,oligodendrocyte_progenitor_2,False,True,True,0.6795756139801272,0.6795756139801272,0.23681016912956077,0.6795756139801272,dataset_AP,4
2787889600092100146,20240503,1,oligodendrocyte_1,oligodendrocyte_1,oligodendrocyte_1,False,True,True,0.46286959004743894,0.46286959004743894,0.0789099010066833,0.46286959004743894,dataset_AP,5
2787889600093100285,20240503,1,oligodendrocyte_progenitor_2,oligodendrocyte_progenitor_2,oligodendrocyte_progenitor_2,False,True,True,0.41533339476558034,0.41533339476558034,0.23528137656866072,0.41533339476558045,dataset_AP,2
2787889600093100312,20240503,1,oligodendrocyte_1,oligodendrocyte_1,astrocyte_1,False,False,False,0.6213212378194048,0.6213212378194048,0.07603217871152185,0.621321237819405,dataset_AP,3
2787889600094100056,20240503,1,pericyte,pericyte,oligodendrocyte_1,False,False,False,0.6893325351865175,0.6893325351865175,0.018585390409072346,0.6893325351865175,dataset_AP,3
2787889600094100080,20240503,1,oligodendrocyte_precursor_cell,oligodendrocyte_precursor_cell,astrocyte_1,False,False,False,0.9081431842559764,0.9081431842559764,0.03247479569484226,0.9081431842559764,dataset_AP,5
2787889600094100228,20240503,1,oligodendrocyte_1,oligodendrocyte_1,oligodendrocyte_1,False,True,True,0.6618820514856104,0.6618820514856104,0.07435943861799374,0.6618820514856104,dataset_AP,4
2787889600094100239,20240503,1,endothelial,endothelial,endothelial,False,True,True,0.9137708803602714,0.9137708803602714,0.09711741574859446,0.9137708803602715,dataset_AP,4
2787889600095100121,20240503,1,oligodendrocyte_2,oligodendrocyte_2,oligodendrocyte_progenitor_2,False,False,False,0.9823142093904035,0.9823142093904035,0.19347805452728317,0.9823142093904035,dataset_AP,5
2787889600095100150,20240503,1,oligodendrocyte_2,oligodendrocyte_2,oligodendrocyte_1,False,False,False,0.43550209550454866,0.43550209550454866,0.20370018957146113,0.43550209550454866,dataset_AP,1
2787889600095100179,20240503,1,oligodendrocyte_2,oligodendrocyte_2,oligodendrocyte_progenitor_2,False,False,False,0.7135651406382599,0.7135651406382599,0.18424304888183216,0.7135651406382599,dataset_AP,4
2787889600095100205,20240503,1,endothelial,endothelial,endothelial,False,True,True,0.950395883793862,0.950395883793862,0.09711741574859446,0.950395883793862,dataset_AP,4
2787889600097100013,20240503,1,oligodendrocyte_2,oligodendrocyte_2,oligodendrocyte_progenitor_2,False,False,False,0.772407228345192,0.772407228345192,0.18424304888183216,0.772407228345192,dataset_AP,4
2787889600097100017,20240503,1,oligodendrocyte_progenitor_2,oligodendrocyte_progenitor_2,oligodendrocyte_2,False,False,False,0.4587819416714472,0.4587819416714472,0.23766086981298734,0.4587819416714472,dataset_AP,3
2787889600097100036,20240503,1,oligodendrocyte_2,oligodendrocyte_2,oligodendrocyte_2,False,True,True,0.9989314474108717,0.9989314474108717,0.18424304888183216,0.9989314474108718,dataset_AP,4
2787889600097100071,20240503,1,oligodendrocyte_1,oligodendrocyte_1,oligodendrocyte_progenitor_2,False,False,False,0.3739686323733971,0.3739686323733971,0.07603217871152185,0.37396863237339706,dataset_AP,3
2787889600098100070,20240503,1,astrocyte_2,astrocyte_2,astrocyte_2,False,True,True,0.9832929562445812,0.9832929562445812,0.07264524585181456,0.983292956244581,dataset_AP,3
2787889600127100032,20240503,1,oligodendrocyte_1,oligodendrocyte_1,oligodendrocyte_progenitor_2,False,False,False,0.5549359252520509,0.5549359252520509,0.06991909189711387,0.5549359252520509,dataset_AP,2
2787889600127100088,20240503,1,astrocyte_1,astrocyte_1,astrocyte_1,False,True,True,0.9425984656906031,0.9425984656906031,0.15843880522059486,0.9425984656906029,dataset_AP,1
2787889600127100176,20240503,1,endothelial,endothelial,astrocyte_1,False,False,False,0.6069816082546479,0.6069816082546479,0.09711741574859446,0.606981608254648,dataset_AP,4
2787889600128100040,20240503,1,oligodendrocyte_1,oligodendrocyte_1,oligodendrocyte_progenitor_2,False,False,False,0.6770417254393316,0.6770417254393316,0.07603217871152185,0.6770417254393317,dataset_AP,3
2787889600128100065,20240503,1,oligodendrocyte_progenitor_2,oligodendrocyte_progenitor_2,oligodendrocyte_progenitor_2,False,True,True,0.8343369315541032,0.8343369315541032,0.24173706377522058,0.8343369315541029,dataset_AP,5
2787889600128100154,20240503,1,endothelial,endothelial,endothelial,False,True,True,0.642806730348928,0.642806730348928,0.08806595306163155,0.642806730348928,dataset_AP,3
2787889600129100055,20240503,1,astrocyte_1,astrocyte_1,astrocyte_1,False,True,True,0.8008838584503576,0.8008838584503576,0.1480258721399603,0.8008838584503576,dataset_AP,3
2787889600129100078,20240503,1,oligodendrocyte_progenitor_2,oligodendrocyte_progenitor_2,oligodendrocyte_progenitor_2,False,True,True,0.6800081197757502,0.6800081197757502,0.23528137656866072,0.6800081197757502,dataset_AP,2
2787889600129100087,20240503,1,astrocyte_1,astrocyte_1,astrocyte_1,False,True,True,0.40643931206322403,0.40643931206322403,0.15390365782830462,0.4064393120632239,dataset_AP,2
2787889600129100198,20240503,1,oligodendrocyte_2,oligodendrocyte_2,oligodendrocyte_2,False,True,True,0.9986516642268878,0.9986516642268878,0.20370018957146113,0.9986516642268876,dataset_AP,1
2787889600129100208,20240503,1,oligodendrocyte_precursor_cell,oligodendrocyte_precursor_cell,oligodendrocyte_precursor_cell,False,True,True,0.8601013922573385,0.8601013922573385,0.028897667830163908,0.8601013922573385,dataset_AP,1
2787889600130100121,20240503,1,endothelial,endothelial,endothelial,False,True,True,0.9968900191784853,0.9968900191784853,0.09711741574859446,0.9968900191784851,dataset_AP,4
2787889600130100224,20240503,1,oligodendrocyte_2,oligodendrocyte_2,oligodendrocyte_1,False,False,False,0.9508186286982655,0.9508186286982655,0.19236232109073553,0.9508186286982656,dataset_AP,2
2787889600131100100,20240503,1,endothelial,endothelial,endothelial,False,True,True,0.9525494767452787,0.9525494767452787,0.10018343770306094,0.9525494767452789,dataset_AP,2
2787889600132100020,20240503,1,astrocyte_1,astrocyte_1,astrocyte_1,False,True,True,0.9970758955749625,0.9970758955749625,0.1480258721399603,0.9970758955749626,dataset_AP,3
2787889600132100155,20240503,1,endothelial,endothelial,endothelial,False,True,True,0.47463964733922176,0.47463964733922176,0.09511007632479634,0.47463964733922176,dataset_AP,5
2787889600132100171,20240503,1,astrocyte_1,astrocyte_1,astrocyte_1,False,True,True,0.9346457052118594,0.9346457052118594,0.15390365782830462,0.9346457052118594,dataset_AP,2
2787889600132100188,20240503,1,pericyte,pericyte,pericyte,False,True,True,0.9999705100351386,0.9999705100351386,0.01817666912723947,0.9999705100351384,dataset_AP,4
2787889600132100196,20240503,1,oligodendrocyte_1,oligodendrocyte_1,oligodendrocyte_1,False,True,True,0.4675897737679256,0.4675897737679256,0.06991909189711387,0.4675897737679256,dataset_AP,2
2787889600132100205,20240503,1,oligodendrocyte_1,oligodendrocyte_1,oligodendrocyte_1,False,True,True,0.5827417913648294,0.5827417913648294,0.06991909189711387,0.5827417913648294,dataset_AP,2
2787889600132100226,20240503,1,oligodendrocyte_1,oligodendrocyte_1,oligodendrocyte_progenitor_2,False,False,False,0.48396951766769575,0.48396951766769575,0.06991909189711387,0.4839695176676958,dataset_AP,1
2787889600132200038,20240503,1,astrocyte_1,astrocyte_1,astrocyte_1,False,True,True,0.9805949648630745,0.9805949648630745,0.15391701981541347,0.9805949648630745,dataset_AP,5
2787889600134100031,20240503,1,oligodendrocyte_2,oligodendrocyte_2,oligodendrocyte_2,False,True,True,0.9973632260771357,0.9973632260771357,0.19347805452728317,0.9973632260771358,dataset_AP,5
2787889600160100005,20240503,4,peripheral_glia,peripheral_glia,Schwann_cell,False,False,False,0.8913484774732743,0.8913484774732743,0.007299425296522539,0.8913484774732743,dataset_AP,1
2787889600162100053,20240503,1,astrocyte_2,astrocyte_2,astrocyte_2,False,True,True,0.38158668140925084,0.38158668140925084,0.07102884441287483,0.38158668140925084,dataset_AP,4
2787889600163100015,20240503,1,endothelial,endothelial,endothelial,False,True,True,0.7495425147881399,0.7495425147881399,0.10018343770306094,0.74954251478814,dataset_AP,2
2787889600163100050,20240503,1,microglia,microglia,astrocyte_1,False,False,False,0.850904235229913,0.850904235229913,0.030456025746449608,0.850904235229913,dataset_AP,2
2787889600163100062,20240503,1,endothelial,endothelial,endothelial,False,True,True,0.654409085970162,0.654409085970162,0.08806595306163155,0.654409085970162,dataset_AP,3
2787889600163100092,20240503,1,endothelial,endothelial,pericyte,False,False,False,0.9859185459821481,0.9859185459821481,0.09711741574859446,0.9859185459821481,dataset_AP,4
2787889600165100015,20240503,1,oligodendrocyte_2,oligodendrocyte_2,oligodendrocyte_2,False,True,True,0.5026041261491494,0.5026041261491494,0.20636355865396486,0.5026041261491494,dataset_AP,3
2787889600165100140,20240503,1,oligodendrocyte_1,oligodendrocyte_1,oligodendrocyte_progenitor_2,False,False,False,0.5922645702419732,0.5922645702419732,0.06991909189711387,0.5922645702419732,dataset_AP,1
2787889600166100025,20240503,1,oligodendrocyte_2,oligodendrocyte_2,oligodendrocyte_2,False,True,True,0.9552870492355834,0.9552870492355834,0.19347805452728317,0.9552870492355832,dataset_AP,5
2787889600166100141,20240503,1,oligodendrocyte_precursor_cell,oligodendrocyte_precursor_cell,oligodendrocyte_precursor_cell,False,True,True,0.786909094986892,0.786909094986892,0.0286379135125894,0.7869090949868921,dataset_AP,3
2787889600167100034,20240503,1,oligodendrocyte_2,oligodendrocyte_2,oligodendrocyte_2,False,True,True,0.5665831065592973,0.5665831065592973,0.18424304888183216,0.5665831065592973,dataset_AP,4
2787889600168100104,20240503,1,oligodendrocyte_2,oligodendrocyte_2,oligodendrocyte_2,False,True,True,0.8719836322127279,0.8719836322127279,0.20370018957146113,0.8719836322127277,dataset_AP,1
2787889600169100049,20240503,1,oligodendrocyte_2,oligodendrocyte_2,oligodendrocyte_2,False,True,True,0.9963977156712986,0.9963977156712986,0.18424304888183216,0.9963977156712989,dataset_AP,4
2787889600169100065,20240503,1,oligodendrocyte_progenitor_1,oligodendrocyte_progenitor_1,astrocyte_2,False,False,False,0.5731010977059221,0.5731010977059221,0.014223978268922088,0.5731010977059221,dataset_AP,3
2787889600194100079,20240503,4,astrocyte_2,astrocyte_2,oligodendrocyte_progenitor_2,False,False,False,0.816184605743537,0.816184605743537,0.09661026274590226,0.816184605743537,dataset_AP,3
2787889600194100119,20240503,4,oligodendrocyte_1,oligodendrocyte_1,oligodendrocyte_progenitor_2,False,False,False,0.662141251311397,0.662141251311397,0.03040452532469949,0.6621412513113971,dataset_AP,1
2787889600195100160,20240503,4,astrocyte_1,astrocyte_1,astrocyte_1,False,True,True,0.5377283801285502,0.5377283801285502,0.14831259003849515,0.5377283801285501,dataset_AP,4
2787889600195100223,20240503,4,endothelial,endothelial,endothelial,False,True,True,0.505548444063003,0.505548444063003,0.10805594985565957,0.505548444063003,dataset_AP,1
2787889600196100010,20240503,4,oligodendrocyte_2,oligodendrocyte_2,oligodendrocyte_2,False,True,True,0.9997322458323277,0.9997322458323277,0.20019989686172562,0.9997322458323277,dataset_AP,1
2787889600196100090,20240503,4,oligodendrocyte_precursor_cell,oligodendrocyte_precursor_cell,oligodendrocyte_precursor_cell,False,True,True,0.9423782769344448,0.9423782769344448,0.03990456516628569,0.9423782769344445,dataset_AP,3
2787889600197100027,20240503,4,astrocyte_2,astrocyte_2,oligodendrocyte_progenitor_2,False,False,False,0.9938101067854211,0.9938101067854211,0.09661026274590226,0.9938101067854211,dataset_AP,3
2787889600197100126,20240503,4,oligodendrocyte_2,oligodendrocyte_2,oligodendrocyte_2,False,True,True,0.5289423985119468,0.5289423985119468,0.16879897330431803,0.5289423985119468,dataset_AP,5
2787889600230100032,20240503,4,oligodendrocyte_2,oligodendrocyte_2,oligodendrocyte_2,False,True,True,0.3994665321536235,0.3994665321536235,0.16879897330431803,0.3994665321536235,dataset_AP,5
2787889600230100112,20240503,4,astrocyte_1,astrocyte_1,astrocyte_1,False,True,True,0.49545634256757026,0.49545634256757026,0.1649201958714931,0.4954563425675703,dataset_AP,3
2787889600230100129,20240503,4,pericyte,pericyte,pericyte,False,True,True,0.8477189594557429,0.8477189594557429,0.019352063503178658,0.847718959455743,dataset_AP,3
2787889600230100137,20240503,4,oligodendrocyte_progenitor_2,oligodendrocyte_progenitor_2,oligodendrocyte_progenitor_2,False,True,True,0.4783680003662514,0.4783680003662514,0.28415296244689536,0.47836800036625127,dataset_AP,4
2787889600230100144,20240503,4,endothelial,endothelial,endothelial,False,True,True,0.491426471326718,0.491426471326718,0.10171212492559785,0.491426471326718,dataset_AP,3
2787889600230100269,20240503,4,oligodendrocyte_progenitor_2,oligodendrocyte_progenitor_2,oligodendrocyte_1,False,False,False,0.9922384077040143,0.9922384077040143,0.2707638287975111,0.9922384077040144,dataset_AP,3
2787889600230100272,20240503,4,astrocyte_2,astrocyte_2,astrocyte_1,False,False,False,0.3070758725699626,0.3070758725699626,0.08272126837178911,0.30707587256996266,dataset_AP,4
2787889600231100047,20240503,4,oligodendrocyte_2,oligodendrocyte_2,oligodendrocyte_2,False,True,True,0.9371345654386211,0.9371345654386211,0.20019989686172562,0.9371345654386208,dataset_AP,1
2787889600231100070,20240503,4,oligodendrocyte_precursor_cell,oligodendrocyte_precursor_cell,oligodendrocyte_progenitor_1,False,False,False,0.7023740943281342,0.7023740943281342,0.041121167762818794,0.7023740943281344,dataset_AP,2
2787889600231100134,20240503,4,astrocyte_2,astrocyte_2,astrocyte_1,False,False,False,0.49161098661338626,0.49161098661338626,0.0934581366101066,0.49161098661338626,dataset_AP,2
2787889600231100234,20240503,4,microglia,microglia,microglia,False,True,True,0.9992973972432247,0.9992973972432247,0.01509891442111644,0.999297397243225,dataset_AP,4
2787889600231100247,20240503,4,endothelial,endothelial,endothelial,False,True,True,0.5340973532445062,0.5340973532445062,0.10805594985565957,0.5340973532445062,dataset_AP,1
2787889600231100319,20240503,4,oligodendrocyte_1,oligodendrocyte_1,oligodendrocyte_2,False,False,False,0.3587287515846514,0.3587287515846514,0.01759965572165936,0.3587287515846514,dataset_AP,4
2787889600231200090,20240503,4,oligodendrocyte_1,oligodendrocyte_1,oligodendrocyte_progenitor_2,False,False,False,0.520904912526157,0.520904912526157,0.03034650979266805,0.520904912526157,dataset_AP,5
2787889600232100067,20240503,4,oligodendrocyte_progenitor_2,oligodendrocyte_progenitor_2,oligodendrocyte_progenitor_2,False,True,True,0.9439946128334991,0.9439946128334991,0.26072614065109373,0.9439946128334988,dataset_AP,2
2787889600232100154,20240503,4,oligodendrocyte_progenitor_1,oligodendrocyte_progenitor_1,oligodendrocyte_progenitor_1,False,True,True,0.9074707161861452,0.9074707161861452,0.020941322828115283,0.9074707161861453,dataset_AP,1
2787889600242100074,20240503,1,meninges_2,meninges_2,meninges_2,False,True,True,0.9400058892839322,0.9400058892839322,0.021040707068964527,0.940005889283932,dataset_AP,1
2787889600242100123,20240503,1,oligodendrocyte_2,oligodendrocyte_2,oligodendrocyte_2,False,True,True,0.9787646494640357,0.9787646494640357,0.19236232109073553,0.9787646494640357,dataset_AP,2
2787889600243100078,20240503,1,meninges_1,meninges_1,meninges_2,False,False,False,0.9914078007883892,0.9914078007883892,0.04145621016839686,0.9914078007883893,dataset_AP,3
2787889600243100110,20240503,1,astrocyte_2,astrocyte_2,astrocyte_2,False,True,True,0.943705407900852,0.943705407900852,0.06423386486180835,0.9437054079008518,dataset_AP,1
2787889600243100120,20240503,1,oligodendrocyte_2,oligodendrocyte_2,oligodendrocyte_2,False,True,True,0.9288378991178119,0.9288378991178119,0.20370018957146113,0.9288378991178121,dataset_AP,1
2787889600266100096,20240503,4,pericyte,pericyte,astrocyte_1,False,False,False,0.7200839952459203,0.7200839952459203,0.026857763854678987,0.7200839952459203,dataset_AP,5
2787889600266100173,20240503,4,oligodendrocyte_2,oligodendrocyte_2,oligodendrocyte_2,False,True,True,0.9715870872600207,0.9715870872600207,0.1728607903182213,0.9715870872600207,dataset_AP,4
2787889600267100014,20240503,4,oligodendrocyte_progenitor_2,oligodendrocyte_progenitor_2,oligodendrocyte_progenitor_2,False,True,True,0.9103010565669556,0.9103010565669556,0.26072614065109373,0.9103010565669557,dataset_AP,2
2787889600267100112,20240503,4,oligodendrocyte_precursor_cell,oligodendrocyte_precursor_cell,oligodendrocyte_precursor_cell,False,True,True,0.8186665914925358,0.8186665914925358,0.041121167762818794,0.8186665914925358,dataset_AP,2
2787889600276100013,20240503,1,meninges_2,meninges_2,meninges_1,False,False,False,0.4898794799332682,0.4898794799332682,0.0231177638264933,0.48987947993326825,dataset_AP,3
2787889600276200065,20240503,1,meninges_2,meninges_2,meninges_1,False,False,False,0.7521858937832694,0.7521858937832694,0.01823531710803281,0.7521858937832696,dataset_AP,5
2787889600277100011,20240503,1,astrocyte_2,astrocyte_2,oligodendrocyte_progenitor_2,False,False,False,0.5332056670735132,0.5332056670735132,0.07264524585181456,0.5332056670735134,dataset_AP,3
2787889600277100054,20240503,1,meninges_1,meninges_1,meninges_2,False,False,False,0.815340995762083,0.815340995762083,0.04865411929776137,0.815340995762083,dataset_AP,1
2787889600277100068,20240503,1,meninges_3,meninges_3,meninges_2,False,False,False,0.88297335916875,0.88297335916875,0.0025321264733537854,0.8829733591687497,dataset_AP,3
2787889600279100105,20240503,1,oligodendrocyte_1,oligodendrocyte_1,oligodendrocyte_1,False,True,True,0.5372880585607462,0.5372880585607462,0.06991909189711387,0.5372880585607461,dataset_AP,1
2787889600279100150,20240503,1,endothelial,endothelial,endothelial,False,True,True,0.7732428144863024,0.7732428144863024,0.09111314291848044,0.7732428144863024,dataset_AP,1
2787889600279100182,20240503,1,astrocyte_1,astrocyte_1,pericyte,False,False,False,0.7784293502725951,0.7784293502725951,0.1480258721399603,0.7784293502725951,dataset_AP,3
2787889600280100079,20240503,1,microglia,microglia,microglia,False,True,True,0.9996401709095117,0.9996401709095117,0.030182263717268037,0.9996401709095118,dataset_AP,3
2787889600282100136,20240503,1,oligodendrocyte_precursor_cell,oligodendrocyte_precursor_cell,oligodendrocyte_precursor_cell,False,True,True,0.9501315202566959,0.9501315202566959,0.028007818121886564,0.9501315202566959,dataset_AP,4
2787889600301100030,20240503,4,oligodendrocyte_1,oligodendrocyte_1,oligodendrocyte_2,False,False,False,0.4065806456459023,0.4065806456459023,0.01759965572165936,0.4065806456459023,dataset_AP,4
2787889600311100120,20240503,1,meninges_1,meninges_1,meninges_2,False,False,False,0.5481701077052049,0.5481701077052049,0.04505787172744175,0.5481701077052049,dataset_AP,5
2787889600311100164,20240503,1,Schwann_cell,Schwann_cell,astrocyte_2,False,False,False,0.44987487179828634,0.44987487179828634,0.007550272856395306,0.44987487179828634,dataset_AP,2
2787889600312100022,20240503,1,meninges_1,meninges_1,meninges_1,False,True,True,0.6536918295365474,0.6536918295365474,0.04145621016839686,0.6536918295365474,dataset_AP,3
2787889600312100154,20240503,1,endothelial,endothelial,endothelial,False,True,True,0.99094109744976,0.99094109744976,0.09511007632479634,0.9909410974497601,dataset_AP,5
2787889600312100244,20240503,1,oligodendrocyte_1,oligodendrocyte_1,oligodendrocyte_progenitor_2,False,False,False,0.37533336247715343,0.37533336247715343,0.06991909189711387,0.37533336247715343,dataset_AP,2
2787889600313100114,20240503,1,endothelial,endothelial,endothelial,False,True,True,0.9664182991266472,0.9664182991266472,0.10018343770306094,0.966418299126647,dataset_AP,2
2787889600313100123,20240503,1,oligodendrocyte_progenitor_2,oligodendrocyte_progenitor_2,oligodendrocyte_progenitor_2,False,True,True,0.974827944447785,0.974827944447785,0.24173706377522058,0.974827944447785,dataset_AP,5
2787889600313100166,20240503,1,endothelial,endothelial,endothelial,False,True,True,0.9986339484038058,0.9986339484038058,0.09111314291848044,0.9986339484038058,dataset_AP,1
2787889600313100176,20240503,1,astrocyte_1,astrocyte_1,astrocyte_1,False,True,True,0.9605254737091142,0.9605254737091142,0.15843880522059486,0.9605254737091143,dataset_AP,1
2787889600313100231,20240503,1,endothelial,endothelial,oligodendrocyte_progenitor_2,False,False,False,0.4411907589113481,0.4411907589113481,0.09111314291848044,0.4411907589113482,dataset_AP,1
2787889600314100043,20240503,1,astrocyte_2,astrocyte_2,oligodendrocyte_progenitor_2,False,False,False,0.6786447721958734,0.6786447721958734,0.06650143855795347,0.6786447721958735,dataset_AP,2
2787889600314100106,20240503,1,oligodendrocyte_1,oligodendrocyte_1,oligodendrocyte_progenitor_2,False,False,False,0.3996109787897327,0.3996109787897327,0.07435943861799374,0.3996109787897327,dataset_AP,4
2787889600314100198,20240503,1,endothelial,endothelial,endothelial,False,True,True,0.7347135955507316,0.7347135955507316,0.08806595306163155,0.7347135955507316,dataset_AP,3
2787889600315100058,20240503,1,oligodendrocyte_2,oligodendrocyte_2,oligodendrocyte_progenitor_2,False,False,False,0.410455272596692,0.410455272596692,0.18424304888183216,0.410455272596692,dataset_AP,4
2787889600315100079,20240503,1,oligodendrocyte_1,oligodendrocyte_1,oligodendrocyte_1,False,True,True,0.6487669497896313,0.6487669497896313,0.07435943861799374,0.6487669497896313,dataset_AP,4
2787889600315100224,20240503,1,astrocyte_1,astrocyte_1,astrocyte_1,False,True,True,0.516913131704546,0.516913131704546,0.15390365782830462,0.5169131317045461,dataset_AP,2
2787889600315100232,20240503,1,oligodendrocyte_progenitor_2,oligodendrocyte_progenitor_2,oligodendrocyte_progenitor_2,False,True,True,0.4152795601116693,0.4152795601116693,0.23528137656866072,0.4152795601116694,dataset_AP,2
2787889600316100081,20240503,1,oligodendrocyte_progenitor_2,oligodendrocyte_progenitor_2,oligodendrocyte_progenitor_2,False,True,True,0.5261515154702876,0.5261515154702876,0.24173706377522058,0.5261515154702876,dataset_AP,5
2787889600316100144,20240503,1,oligodendrocyte_1,oligodendrocyte_1,endothelial,False,False,False,0.5492242804137075,0.5492242804137075,0.06991909189711387,0.5492242804137075,dataset_AP,1
2787889600316100173,20240503,1,endothelial,endothelial,endothelial,False,True,True,0.9493809402516545,0.9493809402516545,0.09711741574859446,0.9493809402516548,dataset_AP,4
2787889600316100176,20240503,1,oligodendrocyte_precursor_cell,oligodendrocyte_precursor_cell,oligodendrocyte_precursor_cell,False,True,True,0.986775042468254,0.986775042468254,0.028897667830163908,0.986775042468254,dataset_AP,1
2787889600316100216,20240503,1,astrocyte_1,astrocyte_1,astrocyte_1,False,True,True,0.44779362521529426,0.44779362521529426,0.1480258721399603,0.44779362521529426,dataset_AP,3
2787889600317100090,20240503,1,astrocyte_1,astrocyte_1,astrocyte_1,False,True,True,0.8817528334671098,0.8817528334671098,0.15391701981541347,0.8817528334671099,dataset_AP,5
2787889600317100098,20240503,1,oligodendrocyte_1,oligodendrocyte_1,astrocyte_1,False,False,False,0.3981146909510596,0.3981146909510596,0.06991909189711387,0.3981146909510595,dataset_AP,1
2787889600317100172,20240503,1,microglia,microglia,endothelial,False,False,False,0.382960865535642,0.382960865535642,0.030456025746449608,0.382960865535642,dataset_AP,2
2787889600318100007,20240503,1,microglia,microglia,microglia,False,True,True,0.9999999747016661,0.9999999747016661,0.029518516970988454,0.9999999747016661,dataset_AP,4
2787889600318100053,20240503,1,oligodendrocyte_2,oligodendrocyte_2,oligodendrocyte_2,False,True,True,0.9925102973908637,0.9925102973908637,0.19347805452728317,0.9925102973908637,dataset_AP,5
2787889600326100171,20240503,3,pericyte,pericyte,astrocyte_1,False,False,False,0.5211244834016393,0.5211244834016393,0.003039311595923523,0.5211244834016393,dataset_AP,3
2787889600346100131,20240503,1,meninges_3,meninges_3,meninges_2,False,False,False,0.8132488029475661,0.8132488029475661,0.00688709848522917,0.8132488029475662,dataset_AP,5
2787889600347100035,20240503,1,meninges_2,meninges_2,meninges_2,False,True,True,0.8030550154013818,0.8030550154013818,0.01823531710803281,0.8030550154013818,dataset_AP,5
2787889600347100097,20240503,1,oligodendrocyte_2,oligodendrocyte_2,oligodendrocyte_2,False,True,True,0.7793159219330553,0.7793159219330553,0.19347805452728317,0.7793159219330551,dataset_AP,5
2787889600347100126,20240503,1,astrocyte_2,astrocyte_2,oligodendrocyte_progenitor_2,False,False,False,0.6240028259785965,0.6240028259785965,0.07102884441287483,0.6240028259785965,dataset_AP,4
2787889600348100014,20240503,1,microglia,microglia,microglia,False,True,True,0.4148741197521464,0.4148741197521464,0.02299421748007199,0.4148741197521464,dataset_AP,5
2787889600348100027,20240503,1,endothelial,endothelial,endothelial,False,True,True,0.9701465815276106,0.9701465815276106,0.09511007632479634,0.9701465815276104,dataset_AP,5
2787889600348100092,20240503,1,oligodendrocyte_precursor_cell,oligodendrocyte_precursor_cell,oligodendrocyte_precursor_cell,False,True,True,0.9321743018734429,0.9321743018734429,0.0286379135125894,0.9321743018734426,dataset_AP,3
2787889600348100180,20240503,1,oligodendrocyte_precursor_cell,oligodendrocyte_precursor_cell,oligodendrocyte_precursor_cell,False,True,True,0.6546415018571683,0.6546415018571683,0.0286379135125894,0.6546415018571683,dataset_AP,3
2787889600348200081,20240503,1,astrocyte_1,astrocyte_1,astrocyte_1,False,True,True,0.6632568398195945,0.6632568398195945,0.15391701981541347,0.6632568398195946,dataset_AP,5
2787889600350100103,20240503,1,astrocyte_1,astrocyte_1,astrocyte_1,False,True,True,0.6913659622664471,0.6913659622664471,0.1480258721399603,0.6913659622664471,dataset_AP,3
2787889600350100266,20240503,1,oligodendrocyte_1,oligodendrocyte_1,astrocyte_1,False,False,False,0.4666536238789678,0.4666536238789678,0.07435943861799374,0.4666536238789678,dataset_AP,4
2787889600351100044,20240503,1,oligodendrocyte_progenitor_2,oligodendrocyte_progenitor_2,oligodendrocyte_progenitor_2,False,True,True,0.6676344618220732,0.6676344618220732,0.2284594874861751,0.6676344618220732,dataset_AP,1
2787889600351100126,20240503,1,astrocyte_1,astrocyte_1,astrocyte_1,False,True,True,0.9542337732384373,0.9542337732384373,0.15390365782830462,0.9542337732384375,dataset_AP,2
2787889600351100169,20240503,1,oligodendrocyte_1,oligodendrocyte_1,pericyte,False,False,False,0.34469300796556246,0.34469300796556246,0.07603217871152185,0.34469300796556246,dataset_AP,3
2787889600351100217,20240503,1,pericyte,pericyte,pericyte,False,True,True,0.9945659707150218,0.9945659707150218,0.01381141949976643,0.994565970715022,dataset_AP,5
2787889600351100314,20240503,1,oligodendrocyte_progenitor_1,oligodendrocyte_progenitor_1,oligodendrocyte_progenitor_1,False,True,True,0.7447803062481522,0.7447803062481522,0.011739055180538574,0.7447803062481522,dataset_AP,5
2787889600353100068,20240503,1,astrocyte_1,astrocyte_1,astrocyte_1,False,True,True,0.49238640469056255,0.49238640469056255,0.15390365782830462,0.4923864046905626,dataset_AP,2
2787889600353100120,20240503,1,astrocyte_2,astrocyte_2,astrocyte_1,False,False,False,0.8492005950162418,0.8492005950162418,0.06650143855795347,0.8492005950162418,dataset_AP,2
2787889600353100134,20240503,1,oligodendrocyte_1,oligodendrocyte_1,oligodendrocyte_progenitor_2,False,False,False,0.60475810675746,0.60475810675746,0.06991909189711387,0.60475810675746,dataset_AP,2
2787889600353100141,20240503,1,oligodendrocyte_2,oligodendrocyte_2,oligodendrocyte_progenitor_2,False,False,False,0.9768926312644098,0.9768926312644098,0.19347805452728317,0.9768926312644098,dataset_AP,5
2787889600354100054,20240503,1,astrocyte_2,astrocyte_2,oligodendrocyte_progenitor_2,False,False,False,0.4092482049646789,0.4092482049646789,0.06423386486180835,0.4092482049646789,dataset_AP,1
2787889600354100062,20240503,1,oligodendrocyte_2,oligodendrocyte_2,oligodendrocyte_2,False,True,True,0.8641223487527241,0.8641223487527241,0.18424304888183216,0.8641223487527239,dataset_AP,4
2787889600354100121,20240503,1,oligodendrocyte_2,oligodendrocyte_2,oligodendrocyte_2,False,True,True,0.768195012454506,0.768195012454506,0.20370018957146113,0.768195012454506,dataset_AP,1
2787889600354100180,20240503,1,oligodendrocyte_progenitor_2,oligodendrocyte_progenitor_2,astrocyte_1,False,False,False,0.3602796695071101,0.3602796695071101,0.23766086981298734,0.3602796695071101,dataset_AP,3
2787889600355100025,20240503,1,oligodendrocyte_2,oligodendrocyte_2,oligodendrocyte_progenitor_2,False,False,False,0.5691586591925825,0.5691586591925825,0.19347805452728317,0.5691586591925825,dataset_AP,5
2787889600355100039,20240503,1,oligodendrocyte_2,oligodendrocyte_2,oligodendrocyte_2,False,True,True,0.9996218573100555,0.9996218573100555,0.19347805452728317,0.9996218573100553,dataset_AP,5
2787889600355100079,20240503,1,astrocyte_2,astrocyte_2,oligodendrocyte_progenitor_2,False,False,False,0.4026515236620063,0.4026515236620063,0.06650143855795347,0.4026515236620064,dataset_AP,2
2787889600360100127,20240503,3,astrocyte_2,astrocyte_2,astrocyte_1,False,False,False,0.6560746806792273,0.6560746806792273,0.04861948768603911,0.6560746806792273,dataset_AP,3
2787889600360100172,20240503,3,oligodendrocyte_1,oligodendrocyte_1,oligodendrocyte_progenitor_2,False,False,False,0.44224528722994594,0.44224528722994594,0.09805661174482466,0.44224528722994594,dataset_AP,5
2787889600360100197,20240503,3,oligodendrocyte_1,oligodendrocyte_1,oligodendrocyte_progenitor_2,False,False,False,0.5154119076795887,0.5154119076795887,0.09926201715311482,0.5154119076795887,dataset_AP,3
2787889600360100199,20240503,3,astrocyte_1,astrocyte_1,astrocyte_1,False,True,True,0.6158776724295911,0.6158776724295911,0.22693833691519258,0.6158776724295912,dataset_AP,4
2787889600360100223,20240503,3,astrocyte_2,astrocyte_2,endothelial,False,False,False,0.6347992927636509,0.6347992927636509,0.07476667759242328,0.634799292763651,dataset_AP,1
2787889600360100224,20240503,3,oligodendrocyte_progenitor_2,oligodendrocyte_progenitor_2,oligodendrocyte_progenitor_2,False,True,True,0.8598141492609627,0.8598141492609627,0.3380119457887843,0.8598141492609627,dataset_AP,2
2787889600361100093,20240503,3,oligodendrocyte_1,oligodendrocyte_1,oligodendrocyte_progenitor_2,False,False,False,0.41792374562080015,0.41792374562080015,0.09926201715311482,0.41792374562080015,dataset_AP,3
2787889600361100107,20240503,3,astrocyte_2,astrocyte_2,astrocyte_1,False,False,False,0.634551578131555,0.634551578131555,0.059184152466788716,0.6345515781315552,dataset_AP,5
2787889600361100117,20240503,3,oligodendrocyte_1,oligodendrocyte_1,oligodendrocyte_progenitor_2,False,False,False,0.5249941732192006,0.5249941732192006,0.09926201715311482,0.5249941732192006,dataset_AP,3
2787889600361100176,20240503,3,astrocyte_1,astrocyte_1,astrocyte_1,False,True,True,0.672258251354244,0.672258251354244,0.22693833691519258,0.672258251354244,dataset_AP,4
2787889600362100215,20240503,3,pericyte,pericyte,oligodendrocyte_1,False,False,False,0.32911935040942836,0.32911935040942836,0.013808526661890853,0.3291193504094284,dataset_AP,4
2787889600362100228,20240503,3,oligodendrocyte_1,oligodendrocyte_1,oligodendrocyte_1,False,True,True,0.5359595563483288,0.5359595563483288,0.07510241238051889,0.5359595563483288,dataset_AP,2
2787889600370100102,20240503,2,meninges_1,meninges_1,meninges_2,False,False,False,0.8395206382294647,0.8395206382294647,0.01237618397381711,0.8395206382294648,dataset_AP,3
2787889600374100043,20240503,2,Schwann_cell,Schwann_cell,Schwann_cell,False,True,True,0.998610312442412,0.998610312442412,0.011979011979011979,0.998610312442412,dataset_AP,2
2787889600377100069,20240503,4,astrocyte_2,astrocyte_2,astrocyte_2,False,True,True,0.6824588757155302,0.6824588757155302,0.07123631271705022,0.6824588757155302,dataset_AP,5
2787889600378100091,20240503,4,oligodendrocyte_2,oligodendrocyte_2,oligodendrocyte_2,False,True,True,0.8902696971686269,0.8902696971686269,0.20018806864505545,0.890269697168627,dataset_AP,3
2787889600380100031,20240503,4,astrocyte_2,astrocyte_2,astrocyte_2,False,True,True,0.5533222640904576,0.5533222640904576,0.08272126837178911,0.5533222640904577,dataset_AP,4
2787889600380100057,20240503,4,oligodendrocyte_2,oligodendrocyte_2,oligodendrocyte_2,False,True,True,0.9995737846324125,0.9995737846324125,0.16879897330431803,0.9995737846324125,dataset_AP,5
2787889600382100032,20240503,1,meninges_3,meninges_3,meninges_3,False,True,True,0.5490668292246037,0.5490668292246037,0.004822667303044069,0.5490668292246038,dataset_AP,2
2787889600382100037,20240503,1,meninges_1,meninges_1,meninges_1,False,True,True,0.964635945927315,0.964635945927315,0.04865411929776137,0.964635945927315,dataset_AP,1
2787889600383100063,20240503,1,oligodendrocyte_progenitor_2,oligodendrocyte_progenitor_2,oligodendrocyte_progenitor_2,False,True,True,0.4176854541876819,0.4176854541876819,0.23766086981298734,0.4176854541876819,dataset_AP,3
2787889600383100148,20240503,1,oligodendrocyte_progenitor_2,oligodendrocyte_progenitor_2,oligodendrocyte_progenitor_2,False,True,True,0.6002180657661441,0.6002180657661441,0.23681016912956077,0.6002180657661441,dataset_AP,4
2787889600384100079,20240503,1,meninges_1,meninges_1,oligodendrocyte_progenitor_2,False,False,False,0.5393369962247915,0.5393369962247915,0.04185139820932599,0.5393369962247915,dataset_AP,2
2787889600384100081,20240503,1,oligodendrocyte_2,oligodendrocyte_2,oligodendrocyte_2,False,True,True,0.8994488724798547,0.8994488724798547,0.20370018957146113,0.8994488724798547,dataset_AP,1
2787889600384100095,20240503,1,astrocyte_1,astrocyte_1,astrocyte_1,False,True,True,0.4971967201049615,0.4971967201049615,0.16236994944219277,0.4971967201049615,dataset_AP,4
2787889600384200032,20240503,1,oligodendrocyte_1,oligodendrocyte_1,oligodendrocyte_1,False,True,True,0.3769249820917614,0.3769249820917614,0.07435943861799374,0.3769249820917614,dataset_AP,4
2787889600386100025,20240503,1,astrocyte_1,astrocyte_1,astrocyte_1,False,True,True,0.9476699478493831,0.9476699478493831,0.15391701981541347,0.9476699478493829,dataset_AP,5
2787889600386100190,20240503,1,microglia,microglia,microglia,False,True,True,0.9996620678317477,0.9996620678317477,0.030456025746449608,0.9996620678317479,dataset_AP,2
2787889600386200022,20240503,1,endothelial,endothelial,pericyte,False,False,False,0.8931117678107524,0.8931117678107524,0.09511007632479634,0.8931117678107524,dataset_AP,5
2787889600387100137,20240503,1,oligodendrocyte_2,oligodendrocyte_2,oligodendrocyte_2,False,True,True,0.883251437342821,0.883251437342821,0.18424304888183216,0.8832514373428207,dataset_AP,4
2787889600387100167,20240503,1,astrocyte_2,astrocyte_2,astrocyte_2,False,True,True,0.34950273045569713,0.34950273045569713,0.06423386486180835,0.34950273045569713,dataset_AP,1
2787889600388100023,20240503,1,endothelial,endothelial,oligodendrocyte_progenitor_2,False,False,False,0.34592647225020307,0.34592647225020307,0.09111314291848044,0.34592647225020307,dataset_AP,1
2787889600388100027,20240503,1,microglia,microglia,oligodendrocyte_progenitor_2,False,False,False,0.452460244474404,0.452460244474404,0.03499117313873986,0.452460244474404,dataset_AP,1
2787889600388100063,20240503,1,oligodendrocyte_progenitor_2,oligodendrocyte_progenitor_2,oligodendrocyte_progenitor_2,False,True,True,0.48613065305342695,0.48613065305342695,0.23766086981298734,0.48613065305342695,dataset_AP,3
2787889600388100127,20240503,1,oligodendrocyte_precursor_cell,oligodendrocyte_precursor_cell,oligodendrocyte_progenitor_1,False,False,False,0.49864021046712037,0.49864021046712037,0.03247479569484226,0.49864021046712037,dataset_AP,5
2787889600388100134,20240503,1,astrocyte_2,astrocyte_2,astrocyte_1,False,False,False,0.4362160012593897,0.4362160012593897,0.07102884441287483,0.4362160012593897,dataset_AP,4
2787889600388100182,20240503,1,microglia,microglia,microglia,False,True,True,0.8012278825216751,0.8012278825216751,0.02299421748007199,0.8012278825216751,dataset_AP,5
2787889600389100137,20240503,1,oligodendrocyte_1,oligodendrocyte_1,oligodendrocyte_1,False,True,True,0.6054116163094655,0.6054116163094655,0.06991909189711387,0.6054116163094655,dataset_AP,1
2787889600390100077,20240503,1,oligodendrocyte_1,oligodendrocyte_1,oligodendrocyte_progenitor_2,False,False,False,0.3066155051225035,0.3066155051225035,0.06991909189711387,0.3066155051225035,dataset_AP,2
2787889600396100089,20240503,3,astrocyte_2,astrocyte_2,astrocyte_1,False,False,False,0.7657437065454739,0.7657437065454739,0.06952894949513715,0.765743706545474,dataset_AP,2
2787889600396100092,20240503,3,oligodendrocyte_progenitor_2,oligodendrocyte_progenitor_2,oligodendrocyte_progenitor_2,False,True,True,0.9242147032185727,0.9242147032185727,0.33419014266737973,0.9242147032185728,dataset_AP,1
2787889600396100207,20240503,3,oligodendrocyte_1,oligodendrocyte_1,oligodendrocyte_progenitor_2,False,False,False,0.34194988292758294,0.34194988292758294,0.07510241238051889,0.341949882927583,dataset_AP,2
2787889600396200029,20240503,3,oligodendrocyte_progenitor_2,oligodendrocyte_progenitor_2,oligodendrocyte_progenitor_2,False,True,True,0.46492602106526915,0.46492602106526915,0.34509377123858853,0.46492602106526915,dataset_AP,4
2787889600397100053,20240503,3,endothelial,endothelial,endothelial,False,True,True,0.9643137766816742,0.9643137766816742,0.09987417571315736,0.9643137766816743,dataset_AP,4
2787889600397100193,20240503,3,astrocyte_1,astrocyte_1,oligodendrocyte_progenitor_2,False,False,False,0.34509395861490066,0.34509395861490066,0.233382786757983,0.34509395861490066,dataset_AP,1
2787889600397100210,20240503,3,astrocyte_1,astrocyte_1,astrocyte_1,False,True,True,0.6587541191325196,0.6587541191325196,0.23198141106886352,0.6587541191325195,dataset_AP,5
2787889600398200058,20240503,3,oligodendrocyte_progenitor_2,oligodendrocyte_progenitor_2,oligodendrocyte_progenitor_2,False,True,True,0.5674414841843518,0.5674414841843518,0.3416514105994461,0.5674414841843518,dataset_AP,5
2787889600405100262,20240503,2,oligodendrocyte_2,oligodendrocyte_2,oligodendrocyte_progenitor_2,False,False,False,0.45715815620501593,0.45715815620501593,0.16095541539328523,0.457158156205016,dataset_AP,3
2787889600405100288,20240503,2,oligodendrocyte_1,oligodendrocyte_1,astrocyte_1,False,False,False,0.3980018497027435,0.3980018497027435,0.07057945519483981,0.3980018497027435,dataset_AP,2
2787889600407100145,20240503,2,astrocyte_2,astrocyte_2,astrocyte_1,False,False,False,0.4432884640674306,0.4432884640674306,0.06262508037655967,0.4432884640674306,dataset_AP,3
2787889600407100199,20240503,2,endothelial,endothelial,endothelial,False,True,True,0.6565334898752253,0.6565334898752253,0.09426755580601734,0.6565334898752253,dataset_AP,1
2787889600408200105,20240503,2,oligodendrocyte_progenitor_2,oligodendrocyte_progenitor_2,oligodendrocyte_progenitor_2,False,True,True,0.380175479767604,0.380175479767604,0.2951269105115259,0.380175479767604,dataset_AP,2
2787889600409100136,20240503,2,oligodendrocyte_2,oligodendrocyte_2,oligodendrocyte_2,False,True,True,0.9932422549977963,0.9932422549977963,0.13733132963902195,0.9932422549977964,dataset_AP,1
2787889600410100130,20240503,2,astrocyte_1,astrocyte_1,astrocyte_1,False,True,True,0.39876789226681614,0.39876789226681614,0.25806956576187345,0.39876789226681614,dataset_AP,1
2787889600410100270,20240503,2,oligodendrocyte_2,oligodendrocyte_2,oligodendrocyte_progenitor_2,False,False,False,0.5130187520092107,0.5130187520092107,0.12696363995767493,0.5130187520092108,dataset_AP,5
2787889600410100296,20240503,2,oligodendrocyte_progenitor_2,oligodendrocyte_progenitor_2,oligodendrocyte_progenitor_2,False,True,True,0.8276071974236069,0.8276071974236069,0.2714451886049519,0.8276071974236069,dataset_AP,3
2787889600412100201,20240503,4,astrocyte_2,astrocyte_2,oligodendrocyte_progenitor_2,False,False,False,0.5631424126301943,0.5631424126301943,0.08272126837178911,0.5631424126301943,dataset_AP,4
2787889600413100206,20240503,4,oligodendrocyte_2,oligodendrocyte_2,oligodendrocyte_2,False,True,True,0.8991814943050084,0.8991814943050084,0.1728607903182213,0.8991814943050084,dataset_AP,4
2787889600414100093,20240503,4,astrocyte_2,astrocyte_2,oligodendrocyte_progenitor_2,False,False,False,0.19435364856664045,0.19435364856664045,0.06495053084312881,0.19435364856664047,dataset_AP,1
2787889600414100171,20240503,4,oligodendrocyte_2,oligodendrocyte_2,oligodendrocyte_progenitor_2,False,False,False,0.5492591243046525,0.5492591243046525,0.20018806864505545,0.5492591243046525,dataset_AP,3
2787889600414100194,20240503,4,oligodendrocyte_2,oligodendrocyte_2,oligodendrocyte_progenitor_2,False,False,False,0.49154877287770155,0.49154877287770155,0.20019989686172562,0.49154877287770155,dataset_AP,1
2787889600415100032,20240503,4,oligodendrocyte_progenitor_2,oligodendrocyte_progenitor_2,oligodendrocyte_precursor_cell,False,False,False,0.8318325905206587,0.8318325905206587,0.28415296244689536,0.8318325905206587,dataset_AP,4
2787889600416100065,20240503,4,oligodendrocyte_progenitor_2,oligodendrocyte_progenitor_2,oligodendrocyte_progenitor_2,False,True,True,0.9127624011579706,0.9127624011579706,0.27516122000882526,0.9127624011579708,dataset_AP,1
2787889600416100118,20240503,4,oligodendrocyte_2,oligodendrocyte_2,oligodendrocyte_2,False,True,True,0.9946309243053687,0.9946309243053687,0.1575108756159413,0.9946309243053687,dataset_AP,2
2787889600419100030,20240503,1,astrocyte_2,astrocyte_2,astrocyte_2,False,True,True,0.9462268258050796,0.9462268258050796,0.07102884441287483,0.9462268258050793,dataset_AP,4
2787889600421100062,20240503,1,endothelial,endothelial,endothelial,False,True,True,0.4070390640319921,0.4070390640319921,0.09111314291848044,0.4070390640319921,dataset_AP,1
2787889600421100191,20240503,1,oligodendrocyte_2,oligodendrocyte_2,oligodendrocyte_2,False,True,True,0.7861299824501113,0.7861299824501113,0.20370018957146113,0.7861299824501113,dataset_AP,1
2787889600422100054,20240503,1,oligodendrocyte_precursor_cell,oligodendrocyte_precursor_cell,oligodendrocyte_progenitor_1,False,False,False,0.8176489051350773,0.8176489051350773,0.028897667830163908,0.8176489051350773,dataset_AP,1
2787889600422100062,20240503,1,oligodendrocyte_2,oligodendrocyte_2,oligodendrocyte_2,False,True,True,0.9308414980418288,0.9308414980418288,0.19236232109073553,0.9308414980418289,dataset_AP,2
2787889600422100129,20240503,1,astrocyte_2,astrocyte_2,oligodendrocyte_2,False,False,False,0.6983708280215257,0.6983708280215257,0.07102884441287483,0.6983708280215258,dataset_AP,4
2787889600422100176,20240503,1,oligodendrocyte_1,oligodendrocyte_1,oligodendrocyte_progenitor_2,False,False,False,0.5115637839729448,0.5115637839729448,0.07603217871152185,0.5115637839729448,dataset_AP,3
2787889600422100186,20240503,1,oligodendrocyte_progenitor_2,oligodendrocyte_progenitor_2,oligodendrocyte_progenitor_2,False,True,True,0.707821720041821,0.707821720041821,0.23681016912956077,0.7078217200418211,dataset_AP,4
2787889600424100078,20240503,1,oligodendrocyte_2,oligodendrocyte_2,oligodendrocyte_2,False,True,True,0.7226104938197347,0.7226104938197347,0.19347805452728317,0.7226104938197347,dataset_AP,5
2787889600432100028,20240503,3,oligodendrocyte_2,oligodendrocyte_2,oligodendrocyte_2,False,True,True,0.9916534819308409,0.9916534819308409,0.09705256704411395,0.9916534819308409,dataset_AP,2
2787889600433100116,20240503,3,Schwann_cell,Schwann_cell,Schwann_cell,False,True,True,0.8962705042289332,0.8962705042289332,0.0036614561329390226,0.896270504228933,dataset_AP,5
2787889600441100117,20240503,2,oligodendrocyte_progenitor_2,oligodendrocyte_progenitor_2,oligodendrocyte_progenitor_2,False,True,True,0.6380834501566839,0.6380834501566839,0.2951269105115259,0.6380834501566839,dataset_AP,2
2787889600442100063,20240503,2,oligodendrocyte_1,oligodendrocyte_1,oligodendrocyte_progenitor_2,False,False,False,0.5240920690941977,0.5240920690941977,0.07057945519483981,0.5240920690941977,dataset_AP,2
2787889600443100119,20240503,2,oligodendrocyte_2,oligodendrocyte_2,oligodendrocyte_progenitor_2,False,False,False,0.565453923045282,0.565453923045282,0.16095541539328523,0.565453923045282,dataset_AP,3
2787889600443100212,20240503,2,astrocyte_1,astrocyte_1,astrocyte_1,False,True,True,0.5875843680241932,0.5875843680241932,0.2510947126331742,0.5875843680241932,dataset_AP,2
2787889600443100263,20240503,2,endothelial,endothelial,endothelial,False,True,True,0.7643791697210109,0.7643791697210109,0.11391050622065867,0.7643791697210109,dataset_AP,4
2787889600443100270,20240503,2,oligodendrocyte_progenitor_2,oligodendrocyte_progenitor_2,oligodendrocyte_progenitor_2,False,True,True,0.6948658105443284,0.6948658105443284,0.28737034536402006,0.6948658105443284,dataset_AP,4
2787889600444100097,20240503,2,oligodendrocyte_progenitor_2,oligodendrocyte_progenitor_2,oligodendrocyte_progenitor_2,False,True,True,0.998943440904722,0.998943440904722,0.30044611884357936,0.9989434409047221,dataset_AP,5
2787889600444100168,20240503,2,oligodendrocyte_1,oligodendrocyte_1,oligodendrocyte_progenitor_2,False,False,False,0.5215399398328386,0.5215399398328386,0.09190228571202949,0.5215399398328386,dataset_AP,4
2787889600444100215,20240503,2,oligodendrocyte_progenitor_2,oligodendrocyte_progenitor_2,oligodendrocyte_progenitor_2,False,True,True,0.9935098877531852,0.9935098877531852,0.2714451886049519,0.9935098877531849,dataset_AP,3
2787889600444100248,20240503,2,oligodendrocyte_1,oligodendrocyte_1,astrocyte_1,False,False,False,0.47027724150183625,0.47027724150183625,0.07057945519483981,0.47027724150183625,dataset_AP,2
2787889600444200032,20240503,2,astrocyte_2,astrocyte_2,astrocyte_1,False,False,False,0.7278364075880663,0.7278364075880663,0.04886764882578885,0.7278364075880664,dataset_AP,5
2787889600445200006,20240503,2,astrocyte_1,astrocyte_1,astrocyte_1,False,True,True,0.7594338364512304,0.7594338364512304,0.20447034575885717,0.7594338364512305,dataset_AP,4
2787889600445200056,20240503,2,oligodendrocyte_1,oligodendrocyte_1,oligodendrocyte_1,False,True,True,0.5111968639701758,0.5111968639701758,0.07253999561691869,0.5111968639701757,dataset_AP,1
2787889600446100041,20240503,2,oligodendrocyte_progenitor_2,oligodendrocyte_progenitor_2,oligodendrocyte_progenitor_2,False,True,True,0.553223798152948,0.553223798152948,0.2939873516796594,0.553223798152948,dataset_AP,1
2787889600447100088,20240503,2,oligodendrocyte_2,oligodendrocyte_2,oligodendrocyte_2,False,True,True,0.8219321401841072,0.8219321401841072,0.13733132963902195,0.8219321401841072,dataset_AP,1
2787889600448100020,20240503,4,oligodendrocyte_2,oligodendrocyte_2,oligodendrocyte_2,False,True,True,0.9930477971105769,0.9930477971105769,0.16879897330431803,0.993047797110577,dataset_AP,5
2787889600448100030,20240503,4,oligodendrocyte_progenitor_2,oligodendrocyte_progenitor_2,oligodendrocyte_progenitor_2,False,True,True,0.4997955851572339,0.4997955851572339,0.28415296244689536,0.4997955851572339,dataset_AP,4
2787889600449100032,20240503,4,oligodendrocyte_precursor_cell,oligodendrocyte_precursor_cell,endothelial,False,False,False,0.4783482753992415,0.4783482753992415,0.042412309719864066,0.4783482753992415,dataset_AP,5
2787889600450100068,20240503,4,astrocyte_1,astrocyte_1,astrocyte_1,False,True,True,0.9656804897981023,0.9656804897981023,0.14831259003849515,0.9656804897981021,dataset_AP,4
2787889600450100232,20240503,4,astrocyte_1,astrocyte_1,oligodendrocyte_progenitor_2,False,False,False,0.634417235959259,0.634417235959259,0.16994825062367275,0.6344172359592589,dataset_AP,2
2787889600450100242,20240503,4,astrocyte_1,astrocyte_1,oligodendrocyte_progenitor_2,False,False,False,0.47776014154247615,0.47776014154247615,0.1753353899131932,0.47776014154247615,dataset_AP,5
2787889600450100248,20240503,4,oligodendrocyte_2,oligodendrocyte_2,oligodendrocyte_2,False,True,True,0.9918911941466917,0.9918911941466917,0.20019989686172562,0.9918911941466918,dataset_AP,1
2787889600450100276,20240503,4,endothelial,endothelial,endothelial,False,True,True,0.5834134112666076,0.5834134112666076,0.1143394632167141,0.5834134112666076,dataset_AP,5
2787889600450100291,20240503,4,oligodendrocyte_precursor_cell,oligodendrocyte_precursor_cell,astrocyte_1,False,False,False,0.6217735539952646,0.6217735539952646,0.042412309719864066,0.6217735539952646,dataset_AP,5
2787889600451100046,20240503,4,astrocyte_2,astrocyte_2,oligodendrocyte_progenitor_2,False,False,False,0.48807026533863,0.48807026533863,0.08272126837178911,0.48807026533863,dataset_AP,4
2787889600451100054,20240503,4,oligodendrocyte_progenitor_2,oligodendrocyte_progenitor_2,endothelial,False,False,False,0.5063307431524351,0.5063307431524351,0.27516122000882526,0.5063307431524351,dataset_AP,1
2787889600451100097,20240503,4,microglia,microglia,astrocyte_1,False,False,False,0.3722153969111631,0.3722153969111631,0.01509891442111644,0.3722153969111631,dataset_AP,4
2787889600451100166,20240503,4,astrocyte_1,astrocyte_1,astrocyte_1,False,True,True,0.8812299034191781,0.8812299034191781,0.14831259003849515,0.8812299034191778,dataset_AP,4
2787889600452100034,20240503,4,oligodendrocyte_2,oligodendrocyte_2,oligodendrocyte_2,False,True,True,0.8699943623608497,0.8699943623608497,0.20019989686172562,0.8699943623608497,dataset_AP,1
2787889600453100017,20240503,4,oligodendrocyte_2,oligodendrocyte_2,oligodendrocyte_progenitor_2,False,False,False,0.9000625144772573,0.9000625144772573,0.16879897330431803,0.9000625144772573,dataset_AP,5
2787889600456100029,20240503,1,peripheral_glia,peripheral_glia,Schwann_cell,False,False,False,0.7191867602544013,0.7191867602544013,0.002532068691764509,0.7191867602544013,dataset_AP,4
2787889600478100002,20240503,2,oligodendrocyte_1,oligodendrocyte_1,endothelial,False,False,False,0.654326719239664,0.654326719239664,0.07253999561691869,0.654326719239664,dataset_AP,1
2787889600478100046,20240503,2,astrocyte_1,astrocyte_1,astrocyte_1,False,True,True,0.3923608103553208,0.3923608103553208,0.20447034575885717,0.3923608103553208,dataset_AP,4
2787889600478100140,20240503,2,astrocyte_1,astrocyte_1,astrocyte_1,False,True,True,0.9253924842198299,0.9253924842198299,0.22967105215625924,0.9253924842198297,dataset_AP,3
2787889600478100141,20240503,2,oligodendrocyte_progenitor_2,oligodendrocyte_progenitor_2,oligodendrocyte_1,False,False,False,0.6193307655965052,0.6193307655965052,0.2951269105115259,0.6193307655965052,dataset_AP,2
2787889600478100185,20240503,2,microglia,microglia,astrocyte_1,False,False,False,0.8724758996881393,0.8724758996881393,0.004030960880299842,0.8724758996881393,dataset_AP,5
2787889600478100231,20240503,2,astrocyte_2,astrocyte_2,astrocyte_1,False,False,False,0.5855129524751339,0.5855129524751339,0.05904788979306587,0.5855129524751339,dataset_AP,4
2787889600479100028,20240503,2,oligodendrocyte_progenitor_2,oligodendrocyte_progenitor_2,oligodendrocyte_2,False,False,False,0.6208208041958904,0.6208208041958904,0.2939873516796594,0.6208208041958904,dataset_AP,1
2787889600479100095,20240503,2,microglia,microglia,oligodendrocyte_progenitor_2,False,False,False,0.8376434257473571,0.8376434257473571,0.004030960880299842,0.8376434257473571,dataset_AP,5
2787889600479100155,20240503,2,oligodendrocyte_2,oligodendrocyte_2,oligodendrocyte_2,False,True,True,0.9932831937019128,0.9932831937019128,0.13361967208121053,0.9932831937019125,dataset_AP,2
2787889600479100206,20240503,2,oligodendrocyte_1,oligodendrocyte_1,oligodendrocyte_progenitor_2,False,False,False,0.4350764699724038,0.4350764699724038,0.08405401304809589,0.43507646997240385,dataset_AP,3
2787889600480100084,20240503,2,oligodendrocyte_2,oligodendrocyte_2,oligodendrocyte_progenitor_2,False,False,False,0.8405509269215771,0.8405509269215771,0.12696363995767493,0.8405509269215771,dataset_AP,5
2787889600480100113,20240503,2,oligodendrocyte_1,oligodendrocyte_1,oligodendrocyte_progenitor_2,False,False,False,0.6357587045115383,0.6357587045115383,0.09013848676178184,0.6357587045115384,dataset_AP,5
2787889600480100136,20240503,2,astrocyte_1,astrocyte_1,astrocyte_1,False,True,True,0.6722407398822061,0.6722407398822061,0.20447034575885717,0.6722407398822061,dataset_AP,4
2787889600481100017,20240503,2,oligodendrocyte_1,oligodendrocyte_1,oligodendrocyte_progenitor_2,False,False,False,0.5931557712489703,0.5931557712489703,0.09190228571202949,0.5931557712489705,dataset_AP,4
2787889600481100103,20240503,2,astrocyte_1,astrocyte_1,astrocyte_1,False,True,True,0.4940162689391991,0.4940162689391991,0.25806956576187345,0.49401626893919914,dataset_AP,1
2787889600481100179,20240503,2,endothelial,endothelial,endothelial,False,True,True,0.9144464341757107,0.9144464341757107,0.10973780204549434,0.9144464341757109,dataset_AP,2
2787889600481100192,20240503,2,oligodendrocyte_progenitor_2,oligodendrocyte_progenitor_2,oligodendrocyte_1,False,False,False,0.6835928228062368,0.6835928228062368,0.2939873516796594,0.6835928228062369,dataset_AP,1
2787889600482100046,20240503,2,oligodendrocyte_1,oligodendrocyte_1,oligodendrocyte_1,False,True,True,0.5905479487273174,0.5905479487273174,0.09190228571202949,0.5905479487273174,dataset_AP,4
2787889600482100147,20240503,2,oligodendrocyte_2,oligodendrocyte_2,oligodendrocyte_2,False,True,True,0.880998981933658,0.880998981933658,0.13733132963902195,0.8809989819336582,dataset_AP,1
2787889600482100155,20240503,2,oligodendrocyte_1,oligodendrocyte_1,oligodendrocyte_progenitor_2,False,False,False,0.4697722549370245,0.4697722549370245,0.09013848676178184,0.4697722549370245,dataset_AP,5
2787889600483100030,20240503,2,oligodendrocyte_2,oligodendrocyte_2,oligodendrocyte_2,False,True,True,0.9082112153018207,0.9082112153018207,0.12696363995767493,0.9082112153018209,dataset_AP,5
2787889600483100128,20240503,2,oligodendrocyte_2,oligodendrocyte_2,oligodendrocyte_2,False,True,True,0.44324202198316665,0.44324202198316665,0.12696363995767493,0.44324202198316665,dataset_AP,5
2787889600484100030,20240503,4,astrocyte_1,astrocyte_1,astrocyte_2,False,False,False,0.7164630041786092,0.7164630041786092,0.16994825062367275,0.7164630041786093,dataset_AP,2
2787889600485100060,20240503,4,pericyte,pericyte,oligodendrocyte_progenitor_2,False,False,False,0.5530061510842104,0.5530061510842104,0.02056917441532826,0.5530061510842104,dataset_AP,1
2787889600485200069,20240503,4,peripheral_glia,peripheral_glia,oligodendrocyte_2,False,False,False,0.7258587977671318,0.7258587977671318,0.007298998546577282,0.7258587977671319,dataset_AP,5
2787889600486100089,20240503,4,oligodendrocyte_progenitor_1,oligodendrocyte_progenitor_1,oligodendrocyte_precursor_cell,False,False,False,0.9920895178592578,0.9920895178592578,0.02640042883945323,0.9920895178592576,dataset_AP,2
2787889600486100091,20240503,4,oligodendrocyte_progenitor_1,oligodendrocyte_progenitor_1,oligodendrocyte_progenitor_1,False,True,True,0.9847004476743044,0.9847004476743044,0.026943978671536944,0.9847004476743042,dataset_AP,4
2787889600486100113,20240503,4,oligodendrocyte_1,oligodendrocyte_1,oligodendrocyte_progenitor_2,False,False,False,0.5203586187567327,0.5203586187567327,0.03034650979266805,0.5203586187567327,dataset_AP,5
2787889600486100159,20240503,4,oligodendrocyte_progenitor_2,oligodendrocyte_progenitor_2,astrocyte_2,False,False,False,0.4498667950649908,0.4498667950649908,0.28415296244689536,0.44986679506499083,dataset_AP,4
2787889600486100174,20240503,4,oligodendrocyte_1,oligodendrocyte_1,oligodendrocyte_1,False,True,True,0.7999635235554885,0.7999635235554885,0.01759965572165936,0.7999635235554883,dataset_AP,4
2787889600487100105,20240503,4,oligodendrocyte_progenitor_1,oligodendrocyte_progenitor_1,oligodendrocyte_precursor_cell,False,False,False,0.826232187383081,0.826232187383081,0.027229755043801963,0.8262321873830812,dataset_AP,5
2787889600512100128,20240503,2,astrocyte_2,astrocyte_2,astrocyte_2,False,True,True,0.7413611786162743,0.7413611786162743,0.058584577815347046,0.7413611786162744,dataset_AP,1
2787889600515100014,20240503,2,astrocyte_2,astrocyte_2,oligodendrocyte_1,False,False,False,0.5393694429957976,0.5393694429957976,0.04799220183835568,0.5393694429957977,dataset_AP,2
2787889600516100044,20240503,2,oligodendrocyte_2,oligodendrocyte_2,oligodendrocyte_1,False,False,False,0.7072674013175675,0.7072674013175675,0.13361967208121053,0.7072674013175675,dataset_AP,2
2787889600517100093,20240503,2,oligodendrocyte_1,oligodendrocyte_1,oligodendrocyte_progenitor_2,False,False,False,0.47234973648264883,0.47234973648264883,0.07253999561691869,0.47234973648264883,dataset_AP,1
2787889600518100079,20240503,2,oligodendrocyte_2,oligodendrocyte_2,oligodendrocyte_2,False,True,True,0.9075542582404458,0.9075542582404458,0.12696363995767493,0.9075542582404458,dataset_AP,5
2787889600518100141,20240503,2,oligodendrocyte_1,oligodendrocyte_1,oligodendrocyte_progenitor_2,False,False,False,0.5475149124733473,0.5475149124733473,0.09190228571202949,0.5475149124733473,dataset_AP,4
2787889600522100076,20240503,4,oligodendrocyte_precursor_cell,oligodendrocyte_precursor_cell,oligodendrocyte_progenitor_1,False,False,False,0.8004309405683188,0.8004309405683188,0.04870359442202693,0.8004309405683188,dataset_AP,1
2787889600523100074,20240503,4,astrocyte_1,astrocyte_1,astrocyte_2,False,False,False,0.47519855239768843,0.47519855239768843,0.1753353899131932,0.47519855239768843,dataset_AP,5
2787889600544100140,20240503,3,oligodendrocyte_precursor_cell,oligodendrocyte_precursor_cell,astrocyte_1,False,False,False,0.9853837575627904,0.9853837575627904,0.008174412231893212,0.9853837575627904,dataset_AP,2
2787889600545100042,20240503,3,oligodendrocyte_2,oligodendrocyte_2,oligodendrocyte_progenitor_2,False,False,False,0.7154145067706882,0.7154145067706882,0.09012024082667724,0.7154145067706882,dataset_AP,1
2787889600545100073,20240503,3,astrocyte_2,astrocyte_2,astrocyte_1,False,False,False,0.7941558599281787,0.7941558599281787,0.059184152466788716,0.7941558599281789,dataset_AP,5
2787889600546100149,20240503,3,astrocyte_1,astrocyte_1,astrocyte_1,False,True,True,0.9210969204695354,0.9210969204695354,0.22693833691519258,0.9210969204695355,dataset_AP,4
2787889600546100297,20240503,3,endothelial,endothelial,endothelial,False,True,True,0.6736088398792364,0.6736088398792364,0.09987417571315736,0.6736088398792365,dataset_AP,4
2787889600549100068,20240503,2,astrocyte_2,astrocyte_2,astrocyte_2,False,True,True,0.8250612583264085,0.8250612583264085,0.04799220183835568,0.8250612583264086,dataset_AP,2
2787889600555100028,20240503,2,oligodendrocyte_2,oligodendrocyte_2,oligodendrocyte_2,False,True,True,0.5519503823335004,0.5519503823335004,0.13361967208121053,0.5519503823335005,dataset_AP,2
2787889600580100140,20240503,3,oligodendrocyte_precursor_cell,oligodendrocyte_precursor_cell,oligodendrocyte_precursor_cell,False,True,True,0.6730572094804476,0.6730572094804476,0.008174412231893212,0.6730572094804476,dataset_AP,2
2787889600580100159,20240503,3,oligodendrocyte_1,oligodendrocyte_1,oligodendrocyte_1,False,True,True,0.5151295917351936,0.5151295917351936,0.09926201715311482,0.5151295917351936,dataset_AP,3
2787889600581100124,20240503,3,oligodendrocyte_2,oligodendrocyte_2,oligodendrocyte_progenitor_2,False,False,False,0.9637759154440272,0.9637759154440272,0.09012024082667724,0.9637759154440273,dataset_AP,1
2787889600582100128,20240503,3,astrocyte_1,astrocyte_1,astrocyte_1,False,True,True,0.7828156925737224,0.7828156925737224,0.23198141106886352,0.7828156925737224,dataset_AP,5
2787889600582100227,20240503,3,endothelial,endothelial,endothelial,False,True,True,0.6407799679951267,0.6407799679951267,0.09201515856658468,0.6407799679951267,dataset_AP,3
2787889600583100038,20240503,3,oligodendrocyte_1,oligodendrocyte_1,oligodendrocyte_progenitor_2,False,False,False,0.6954513314207803,0.6954513314207803,0.09014611761864509,0.6954513314207803,dataset_AP,1
2787889600583100050,20240503,3,oligodendrocyte_progenitor_2,oligodendrocyte_progenitor_2,oligodendrocyte_progenitor_2,False,True,True,0.8811264819950246,0.8811264819950246,0.3416514105994461,0.8811264819950246,dataset_AP,5
2787889600584100018,20240503,3,pericyte,pericyte,pericyte,False,True,True,0.9876854340401732,0.9876854340401732,0.003039311595923523,0.9876854340401732,dataset_AP,3
2787889600584100100,20240503,3,meninges_2,meninges_2,endothelial,False,False,False,0.6599696923582661,0.6599696923582661,0.0031226465347807715,0.659969692358266,dataset_AP,4
2787889600584100162,20240503,3,oligodendrocyte_progenitor_2,oligodendrocyte_progenitor_2,oligodendrocyte_progenitor_2,False,True,True,0.6345512850891726,0.6345512850891726,0.34509377123858853,0.6345512850891725,dataset_AP,4
2787889600584100191,20240503,3,oligodendrocyte_2,oligodendrocyte_2,oligodendrocyte_2,False,True,True,0.9933064830628865,0.9933064830628865,0.07676161349454348,0.9933064830628863,dataset_AP,3
2787889600617100185,20240503,3,oligodendrocyte_1,oligodendrocyte_1,oligodendrocyte_1,False,True,True,0.6045376318181989,0.6045376318181989,0.09014611761864509,0.6045376318181989,dataset_AP,1
2787889600617100209,20240503,3,oligodendrocyte_1,oligodendrocyte_1,oligodendrocyte_progenitor_2,False,False,False,0.45231760638195867,0.45231760638195867,0.0851472235998604,0.45231760638195867,dataset_AP,4
2787889600618200020,20240503,3,oligodendrocyte_1,oligodendrocyte_1,oligodendrocyte_progenitor_2,False,False,False,0.5580822533851212,0.5580822533851212,0.07510241238051889,0.5580822533851213,dataset_AP,2
2795103300029100113,20240610,3,pericyte,pericyte,oligodendrocyte_progenitor_1,False,False,False,0.8712340784618838,0.8712340784618838,0.003606649760495914,0.8712340784618838,dataset_AP,3
2795103300049100018,20240610,4,astrocyte_2,astrocyte_2,astrocyte_2,False,True,True,0.4421690700247216,0.4421690700247216,0.02674867131100553,0.4421690700247216,dataset_AP,3
2795103300051100106,20240610,4,oligodendrocyte_2,oligodendrocyte_2,oligodendrocyte_2,False,True,True,0.9881139659737451,0.9881139659737451,0.12136527458313123,0.9881139659737451,dataset_AP,4
2795103300084100222,20240610,4,oligodendrocyte_1,oligodendrocyte_1,oligodendrocyte_1,False,True,True,0.6162770475078467,0.6162770475078467,0.09671042680477972,0.6162770475078467,dataset_AP,4
2795103300087100069,20240610,4,oligodendrocyte_progenitor_1,oligodendrocyte_progenitor_1,oligodendrocyte_progenitor_1,False,True,True,0.8856695504544084,0.8856695504544084,0.01621549182524792,0.8856695504544086,dataset_AP,2
2795103300088100150,20240610,2,oligodendrocyte_2,oligodendrocyte_2,oligodendrocyte_2,False,True,True,0.9689404469743851,0.9689404469743851,0.1297687180411014,0.9689404469743852,dataset_AP,3
2795103300096100086,20240610,3,oligodendrocyte_2,oligodendrocyte_2,oligodendrocyte_2,False,True,True,0.7889857286051472,0.7889857286051472,0.17338631407072472,0.7889857286051473,dataset_AP,4
2795103300098100192,20240610,3,oligodendrocyte_1,oligodendrocyte_1,astrocyte_1,False,False,False,0.3089101331074666,0.3089101331074666,0.05112426035502959,0.3089101331074666,dataset_AP,3
2795103300108100026,20240610,1,astrocyte_2,astrocyte_2,oligodendrocyte_1,False,False,False,0.3807356676780058,0.3807356676780058,0.040817082842297965,0.3807356676780058,dataset_AP,5
2795103300108100038,20240610,1,endothelial,endothelial,endothelial,False,True,True,0.5522283962035957,0.5522283962035957,0.06757014697461347,0.5522283962035957,dataset_AP,3
2795103300119100042,20240610,4,endothelial,endothelial,endothelial,False,True,True,0.7045017353117172,0.7045017353117172,0.0875719027689009,0.7045017353117173,dataset_AP,2
2795103300120100086,20240610,4,oligodendrocyte_1,oligodendrocyte_1,astrocyte_1,False,False,False,0.47105501098271085,0.47105501098271085,0.09554048203203926,0.47105501098271085,dataset_AP,2
2795103300121100090,20240610,4,astrocyte_2,astrocyte_2,astrocyte_1,False,False,False,0.4716608396839654,0.4716608396839654,0.06565585441800059,0.4716608396839654,dataset_AP,4
2795103300125100103,20240610,2,oligodendrocyte_progenitor_2,oligodendrocyte_progenitor_2,endothelial,False,False,False,0.8916884765958675,0.8916884765958675,0.24059914444529829,0.8916884765958673,dataset_AP,2
2795103300125100241,20240610,2,endothelial,endothelial,oligodendrocyte_1,False,False,False,0.3296730411915239,0.3296730411915239,0.09316645542881284,0.32967304119152396,dataset_AP,5
2795103300127100120,20240610,2,oligodendrocyte_2,oligodendrocyte_2,oligodendrocyte_2,False,True,True,0.930114801256057,0.930114801256057,0.15110667153587823,0.9301148012560568,dataset_AP,4
2795103300131100028,20240610,3,astrocyte_2,astrocyte_2,oligodendrocyte_progenitor_2,False,False,False,0.4502678025118746,0.4502678025118746,0.11514980745749978,0.45026780251187465,dataset_AP,1
2795103300144100118,20240610,1,astrocyte_1,astrocyte_1,astrocyte_1,False,True,True,0.7155672546964279,0.7155672546964279,0.12695988874648925,0.715567254696428,dataset_AP,3
2795103300145100343,20240610,1,pericyte,pericyte,pericyte,False,True,True,0.9893015029490226,0.9893015029490226,0.00458472427181684,0.9893015029490226,dataset_AP,1
2795103300148100180,20240610,1,oligodendrocyte_progenitor_1,oligodendrocyte_progenitor_1,oligodendrocyte_progenitor_1,False,True,True,0.9799315170797944,0.9799315170797944,0.037709363969636256,0.9799315170797945,dataset_AP,4
2795103300153100110,20240610,4,oligodendrocyte_progenitor_2,oligodendrocyte_progenitor_2,oligodendrocyte_progenitor_2,False,True,True,0.6312499242202166,0.6312499242202166,0.2205956938988613,0.6312499242202168,dataset_AP,1
2795103300153100228,20240610,4,astrocyte_2,astrocyte_2,astrocyte_1,False,False,False,0.5873548932027064,0.5873548932027064,0.02674867131100553,0.5873548932027065,dataset_AP,3
2795103300156100042,20240610,4,oligodendrocyte_1,oligodendrocyte_1,oligodendrocyte_1,False,True,True,0.6406289163274486,0.6406289163274486,0.09554048203203926,0.6406289163274487,dataset_AP,2
2795103300156100200,20240610,4,oligodendrocyte_progenitor_2,oligodendrocyte_progenitor_2,oligodendrocyte_progenitor_2,False,True,True,0.4729579864427025,0.4729579864427025,0.20677317227098946,0.4729579864427025,dataset_AP,4
2795103300160100024,20240610,2,oligodendrocyte_2,oligodendrocyte_2,oligodendrocyte_1,False,False,False,0.34183864988056306,0.34183864988056306,0.16539230000768465,0.3418386498805631,dataset_AP,2
2795103300160100095,20240610,2,oligodendrocyte_progenitor_2,oligodendrocyte_progenitor_2,oligodendrocyte_1,False,False,False,0.47510267206525253,0.47510267206525253,0.26851710710474896,0.47510267206525264,dataset_AP,3
2795103300161100219,20240610,2,astrocyte_1,astrocyte_1,astrocyte_1,False,True,True,0.7283857565661876,0.7283857565661876,0.18231939163498098,0.7283857565661878,dataset_AP,5
2795103300162100262,20240610,2,oligodendrocyte_progenitor_2,oligodendrocyte_progenitor_2,oligodendrocyte_2,False,False,False,0.554478140537216,0.554478140537216,0.26851710710474896,0.554478140537216,dataset_AP,3
2795103300163100169,20240610,2,meninges_3,meninges_3,oligodendrocyte_progenitor_2,False,False,False,0.39547951085695937,0.39547951085695937,0.009389522602450358,0.39547951085695926,dataset_AP,5
2795103300163100231,20240610,2,astrocyte_1,astrocyte_1,astrocyte_1,False,True,True,0.7459894661861134,0.7459894661861134,0.17326903865365403,0.7459894661861133,dataset_AP,2
2795103300164100027,20240610,2,oligodendrocyte_1,oligodendrocyte_1,oligodendrocyte_progenitor_2,False,False,False,0.6268595090359713,0.6268595090359713,0.1596063099253149,0.6268595090359713,dataset_AP,4
2795103300164100099,20240610,2,oligodendrocyte_progenitor_2,oligodendrocyte_progenitor_2,oligodendrocyte_progenitor_2,False,True,True,0.8090322872542078,0.8090322872542078,0.26851710710474896,0.8090322872542082,dataset_AP,3
2795103300164100198,20240610,2,oligodendrocyte_progenitor_2,oligodendrocyte_progenitor_2,oligodendrocyte_1,False,False,False,0.5418590428765196,0.5418590428765196,0.25623855794958456,0.5418590428765196,dataset_AP,5
2795103300165100044,20240610,2,astrocyte_2,astrocyte_2,oligodendrocyte_progenitor_2,False,False,False,0.41936837907341934,0.41936837907341934,0.0610547810167582,0.41936837907341934,dataset_AP,5
2795103300165100050,20240610,2,oligodendrocyte_2,oligodendrocyte_2,oligodendrocyte_2,False,True,True,0.9724668271587041,0.9724668271587041,0.16532530629488804,0.9724668271587041,dataset_AP,5
2795103300178100151,20240610,1,oligodendrocyte_1,oligodendrocyte_1,oligodendrocyte_1,False,True,True,0.43348381965158894,0.43348381965158894,0.07796039630947027,0.43348381965158894,dataset_AP,4
2795103300181100070,20240610,1,oligodendrocyte_1,oligodendrocyte_1,oligodendrocyte_1,False,True,True,0.3242555267124836,0.3242555267124836,0.08057199211045366,0.3242555267124836,dataset_AP,2
2795103300181200062,20240610,1,endothelial,endothelial,endothelial,False,True,True,0.33263857273042796,0.33263857273042796,0.06755522847758835,0.33263857273042796,dataset_AP,4
2795103300182100065,20240610,1,oligodendrocyte_precursor_cell,oligodendrocyte_precursor_cell,oligodendrocyte_progenitor_1,False,False,False,0.5621172762943292,0.5621172762943292,0.07650898782997397,0.5621172762943292,dataset_AP,4
2795103300185100075,20240610,1,meninges_2,meninges_2,meninges_2,False,True,True,0.821951076615654,0.821951076615654,0.0046355629482180355,0.821951076615654,dataset_AP,3
2795103300189100043,20240610,4,oligodendrocyte_progenitor_2,oligodendrocyte_progenitor_2,oligodendrocyte_2,False,False,False,0.6641793208575943,0.6641793208575943,0.2205956938988613,0.6641793208575945,dataset_AP,1
2795103300193100190,20240610,2,endothelial,endothelial,oligodendrocyte_progenitor_2,False,False,False,0.7272121786510812,0.7272121786510812,0.09316645542881284,0.7272121786510812,dataset_AP,5
2795103300195100284,20240610,2,astrocyte_1,astrocyte_1,oligodendrocyte_1,False,False,False,0.3422789624184272,0.3422789624184272,0.19388412708642133,0.3422789624184272,dataset_AP,4
2795103300196100077,20240610,2,peripheral_glia,peripheral_glia,oligodendrocyte_1,False,False,False,0.8028054125368548,0.8028054125368548,0.001337839740881566,0.8028054125368546,dataset_AP,5
2795103300196100110,20240610,2,astrocyte_2,astrocyte_2,oligodendrocyte_2,False,False,False,0.38928035089528257,0.38928035089528257,0.04366503609883181,0.3892803508952826,dataset_AP,3
2795103300197100230,20240610,2,pericyte,pericyte,astrocyte_1,False,False,False,0.4548161279755883,0.4548161279755883,0.0022172027216163406,0.4548161279755883,dataset_AP,3
2795103300198200066,20240610,2,oligodendrocyte_2,oligodendrocyte_2,oligodendrocyte_1,False,False,False,0.7917759805913679,0.7917759805913679,0.16532530629488804,0.7917759805913679,dataset_AP,5
2795103300200100048,20240610,2,astrocyte_2,astrocyte_2,astrocyte_2,False,True,True,0.6853750196467454,0.6853750196467454,0.04366503609883181,0.6853750196467455,dataset_AP,3
2795103300200100050,20240610,2,endothelial,endothelial,endothelial,False,True,True,0.6487991310935209,0.6487991310935209,0.10329173021703794,0.6487991310935208,dataset_AP,4
2795103300219100123,20240610,1,meninges_2,meninges_2,meninges_3,False,False,False,0.9510205560609533,0.9510205560609533,0.03812341504649197,0.9510205560609533,dataset_AP,2
2795103300230100016,20240610,2,astrocyte_2,astrocyte_2,oligodendrocyte_progenitor_2,False,False,False,0.7217408807542512,0.7217408807542512,0.045068849219136,0.7217408807542514,dataset_AP,4
2795103300230100111,20240610,2,oligodendrocyte_2,oligodendrocyte_2,endothelial,False,False,False,0.6143025514671897,0.6143025514671897,0.15110667153587823,0.6143025514671897,dataset_AP,4
2795103300233100064,20240610,2,endothelial,endothelial,endothelial,False,True,True,0.8330072495661842,0.8330072495661842,0.1062975486052409,0.8330072495661843,dataset_AP,1
2795103300233100072,20240610,2,oligodendrocyte_1,oligodendrocyte_1,oligodendrocyte_progenitor_2,False,False,False,0.579017984177986,0.579017984177986,0.14618294693956738,0.5790179841779861,dataset_AP,3
2795103300233100150,20240610,2,astrocyte_1,astrocyte_1,astrocyte_1,False,True,True,0.7865578604495503,0.7865578604495503,0.17326903865365403,0.7865578604495504,dataset_AP,2
2795103300233100358,20240610,2,meninges_3,meninges_3,meninges_2,False,False,False,0.8339155490480357,0.8339155490480357,0.0010740907821529077,0.8339155490480358,dataset_AP,4
2795103300267100029,20240610,2,meninges_3,meninges_3,meninges_3,False,True,True,0.40636741807351906,0.40636741807351906,0.0010740907821529077,0.4063674180735191,dataset_AP,4
2795103300267100083,20240610,2,meninges_2,meninges_2,meninges_1,False,False,False,0.581909844957893,0.581909844957893,0.010314127559785127,0.581909844957893,dataset_AP,1
2795103300268100072,20240610,2,meninges_2,meninges_2,meninges_1,False,False,False,0.6420612099413788,0.6420612099413788,0.010552499203192773,0.6420612099413789,dataset_AP,3
2795103300297100029,20240610,4,oligodendrocyte_2,oligodendrocyte_2,oligodendrocyte_2,False,True,True,0.910867273409825,0.910867273409825,0.12136527458313123,0.9108672734098251,dataset_AP,4
2795103300297100128,20240610,4,oligodendrocyte_1,oligodendrocyte_1,oligodendrocyte_progenitor_2,False,False,False,0.5574362169149922,0.5574362169149922,0.12129746983992865,0.5574362169149922,dataset_AP,5
2795103300298100028,20240610,4,oligodendrocyte_2,oligodendrocyte_2,oligodendrocyte_2,False,True,True,0.9484129076488441,0.9484129076488441,0.13381526858501933,0.9484129076488442,dataset_AP,5
2795103300309100085,20240610,3,oligodendrocyte_2,oligodendrocyte_2,oligodendrocyte_2,False,True,True,0.7444382468120233,0.7444382468120233,0.13109044801352493,0.7444382468120234,dataset_AP,3
2795103300310200123,20240610,3,oligodendrocyte_progenitor_2,oligodendrocyte_progenitor_2,oligodendrocyte_progenitor_2,False,True,True,0.5619095012977772,0.5619095012977772,0.38345449422372496,0.5619095012977772,dataset_AP,3
2795103300312100041,20240610,3,oligodendrocyte_2,oligodendrocyte_2,oligodendrocyte_2,False,True,True,0.9464160664875404,0.9464160664875404,0.13109044801352493,0.9464160664875402,dataset_AP,3
2795103300312100055,20240610,3,oligodendrocyte_2,oligodendrocyte_2,oligodendrocyte_2,False,True,True,0.9559146005065694,0.9559146005065694,0.13109044801352493,0.9559146005065695,dataset_AP,3
2795103300330100098,20240610,4,oligodendrocyte_precursor_cell,oligodendrocyte_precursor_cell,oligodendrocyte_precursor_cell,False,True,True,0.5745762363268011,0.5745762363268011,0.021525398092078842,0.5745762363268011,dataset_AP,5
2795103300331100022,20240610,4,oligodendrocyte_1,oligodendrocyte_1,oligodendrocyte_progenitor_2,False,False,False,0.7053728483252,0.7053728483252,0.09671042680477972,0.7053728483252,dataset_AP,4
2795103300331100081,20240610,4,oligodendrocyte_1,oligodendrocyte_1,oligodendrocyte_1,False,True,True,0.5403215185344062,0.5403215185344062,0.07855539685778412,0.5403215185344064,dataset_AP,3
2795103300331100141,20240610,4,pericyte,pericyte,endothelial,False,False,False,0.9127899561329145,0.9127899561329145,0.0033380796653575133,0.9127899561329145,dataset_AP,4
2795103300331100157,20240610,4,oligodendrocyte_progenitor_2,oligodendrocyte_progenitor_2,oligodendrocyte_progenitor_2,False,True,True,0.8748842509537739,0.8748842509537739,0.20677317227098946,0.8748842509537739,dataset_AP,5
2795103300332100030,20240610,4,oligodendrocyte_1,oligodendrocyte_1,astrocyte_1,False,False,False,0.3932325865201603,0.3932325865201603,0.09554048203203926,0.3932325865201603,dataset_AP,2
2795103300332100061,20240610,4,astrocyte_1,astrocyte_1,astrocyte_1,False,True,True,0.5619009933403062,0.5619009933403062,0.20837440736046564,0.5619009933403062,dataset_AP,4
2795103300332100065,20240610,4,astrocyte_2,astrocyte_2,astrocyte_1,False,False,False,0.5808353257469546,0.5808353257469546,0.02674867131100553,0.5808353257469547,dataset_AP,3
2795103300332100123,20240610,4,oligodendrocyte_progenitor_2,oligodendrocyte_progenitor_2,oligodendrocyte_progenitor_2,False,True,True,0.705670874543539,0.705670874543539,0.20437911057048014,0.7056708745435389,dataset_AP,2
2795103300344100018,20240610,3,oligodendrocyte_progenitor_2,oligodendrocyte_progenitor_2,oligodendrocyte_progenitor_2,False,True,True,0.6200020319102603,0.6200020319102603,0.3479544182966236,0.6200020319102602,dataset_AP,4
2795103300344100019,20240610,3,oligodendrocyte_1,oligodendrocyte_1,oligodendrocyte_progenitor_2,False,False,False,0.6683438466585813,0.6683438466585813,0.0382911428538805,0.6683438466585813,dataset_AP,4
2795103300344100210,20240610,3,oligodendrocyte_progenitor_2,oligodendrocyte_progenitor_2,oligodendrocyte_progenitor_2,False,True,True,0.819103123131802,0.819103123131802,0.34260041952349646,0.819103123131802,dataset_AP,1
2795103300344100214,20240610,3,oligodendrocyte_progenitor_2,oligodendrocyte_progenitor_2,oligodendrocyte_progenitor_2,False,True,True,0.9131229393130618,0.9131229393130618,0.30935783692437685,0.913122939313062,dataset_AP,5
2795103300345100017,20240610,3,oligodendrocyte_1,oligodendrocyte_1,oligodendrocyte_progenitor_2,False,False,False,0.4251001259566947,0.4251001259566947,0.040490278951817414,0.4251001259566947,dataset_AP,2
2795103300346100239,20240610,3,astrocyte_1,astrocyte_1,astrocyte_1,False,True,True,0.9545670838842448,0.9545670838842448,0.14495350803043108,0.9545670838842446,dataset_AP,3
2795103300346100246,20240610,3,oligodendrocyte_1,oligodendrocyte_1,oligodendrocyte_progenitor_2,False,False,False,0.47368849614557534,0.47368849614557534,0.047337278106508875,0.47368849614557534,dataset_AP,1
2795103300346100265,20240610,3,astrocyte_1,astrocyte_1,astrocyte_1,False,True,True,0.692490480929485,0.692490480929485,0.1124501871754619,0.6924904809294851,dataset_AP,2
2795103300346100289,20240610,3,endothelial,endothelial,endothelial,False,True,True,0.5610482611872764,0.5610482611872764,0.06396167934629474,0.5610482611872764,dataset_AP,1
2795103300347100043,20240610,3,oligodendrocyte_2,oligodendrocyte_2,oligodendrocyte_2,False,True,True,0.7401200368249468,0.7401200368249468,0.13109044801352493,0.7401200368249468,dataset_AP,3
2795103300347200110,20240610,3,oligodendrocyte_progenitor_2,oligodendrocyte_progenitor_2,oligodendrocyte_progenitor_2,False,True,True,0.6416190233128036,0.6416190233128036,0.3537012438111339,0.6416190233128035,dataset_AP,2
2795103300366100035,20240610,4,oligodendrocyte_1,oligodendrocyte_1,oligodendrocyte_progenitor_2,False,False,False,0.43326628914885956,0.43326628914885956,0.07855539685778412,0.4332662891488596,dataset_AP,3
2795103300367100037,20240610,4,oligodendrocyte_progenitor_2,oligodendrocyte_progenitor_2,oligodendrocyte_1,False,False,False,0.5193843299556935,0.5193843299556935,0.20677317227098946,0.5193843299556935,dataset_AP,4
2795103300367100069,20240610,4,astrocyte_2,astrocyte_2,astrocyte_1,False,False,False,0.5326871617761264,0.5326871617761264,0.06496505370801806,0.5326871617761264,dataset_AP,2
2795103300368100254,20240610,4,meninges_3,meninges_3,meninges_3,False,True,True,0.41156487827507754,0.41156487827507754,0.013910403855482012,0.41156487827507754,dataset_AP,4
2795103300376100158,20240610,2,oligodendrocyte_progenitor_2,oligodendrocyte_progenitor_2,oligodendrocyte_progenitor_2,False,True,True,0.6881936389139952,0.6881936389139952,0.26851710710474896,0.6881936389139952,dataset_AP,3
2795103300377100032,20240610,2,endothelial,endothelial,astrocyte_1,False,False,False,0.3930793959122021,0.3930793959122021,0.10329173021703794,0.393079395912202,dataset_AP,4
2795103300378100040,20240610,2,oligodendrocyte_2,oligodendrocyte_2,oligodendrocyte_2,False,True,True,0.9687660728925032,0.9687660728925032,0.15110667153587823,0.9687660728925034,dataset_AP,4
2795103300378100099,20240610,2,oligodendrocyte_2,oligodendrocyte_2,microglia,False,False,False,0.744777761115393,0.744777761115393,0.11961115807269654,0.744777761115393,dataset_AP,1
2795103300380100106,20240610,3,astrocyte_1,astrocyte_1,astrocyte_1,False,True,True,0.6190788425007268,0.6190788425007268,0.14700441886753673,0.6190788425007268,dataset_AP,4
2795103300381100107,20240610,3,oligodendrocyte_progenitor_1,oligodendrocyte_progenitor_1,oligodendrocyte_progenitor_2,False,False,False,0.9281838675108839,0.9281838675108839,0.01899529042386185,0.928183867510884,dataset_AP,2
2795103300381100258,20240610,3,astrocyte_1,astrocyte_1,astrocyte_1,False,True,True,0.4450927551402772,0.4450927551402772,0.14700441886753673,0.4450927551402772,dataset_AP,4
2795103300381100300,20240610,3,oligodendrocyte_progenitor_2,oligodendrocyte_progenitor_2,oligodendrocyte_progenitor_2,False,True,True,0.9775718595986606,0.9775718595986606,0.3537012438111339,0.9775718595986606,dataset_AP,2
2795103300382100017,20240610,3,astrocyte_2,astrocyte_2,astrocyte_2,False,True,True,0.9822647194593294,0.9822647194593294,0.12592059740348713,0.9822647194593294,dataset_AP,4
2795103300382100107,20240610,3,oligodendrocyte_1,oligodendrocyte_1,astrocyte_1,False,False,False,0.42644768542971906,0.42644768542971906,0.040490278951817414,0.42644768542971906,dataset_AP,2
2795103300382100123,20240610,3,endothelial,endothelial,endothelial,False,True,True,0.9279127891474851,0.9279127891474851,0.05660032656230375,0.9279127891474851,dataset_AP,4
2795103300400100052,20240610,4,astrocyte_1,astrocyte_1,astrocyte_1,False,True,True,0.27969038640849614,0.27969038640849614,0.19602872834811996,0.27969038640849614,dataset_AP,5
2795103300405100111,20240610,2,astrocyte_2,astrocyte_2,oligodendrocyte_progenitor_2,False,False,False,0.8153681175496391,0.8153681175496391,0.045068849219136,0.8153681175496392,dataset_AP,4
2795103300409100112,20240610,2,oligodendrocyte_1,oligodendrocyte_1,oligodendrocyte_1,False,True,True,0.7059726298656057,0.7059726298656057,0.15188967360183242,0.7059726298656056,dataset_AP,1
2795103300410100288,20240610,2,oligodendrocyte_1,oligodendrocyte_1,oligodendrocyte_1,False,True,True,0.5442559846204273,0.5442559846204273,0.15025999641384258,0.5442559846204273,dataset_AP,2
2795103300411100067,20240610,2,astrocyte_1,astrocyte_1,astrocyte_1,False,True,True,0.6622207142721503,0.6622207142721503,0.19388412708642133,0.6622207142721503,dataset_AP,4
2795103300411100201,20240610,2,oligodendrocyte_progenitor_2,oligodendrocyte_progenitor_2,oligodendrocyte_progenitor_2,False,True,True,0.7159190793866337,0.7159190793866337,0.28831156436615496,0.7159190793866337,dataset_AP,1
2795103300412100009,20240610,2,astrocyte_1,astrocyte_1,astrocyte_1,False,True,True,0.67632417494681,0.67632417494681,0.19388412708642133,0.67632417494681,dataset_AP,4
2795103300415100059,20240610,3,astrocyte_2,astrocyte_2,oligodendrocyte_precursor_cell,False,False,False,0.45857492752970197,0.45857492752970197,0.12592059740348713,0.45857492752970197,dataset_AP,4
2795103300417100019,20240610,3,astrocyte_2,astrocyte_2,astrocyte_2,False,True,True,0.5489794882045302,0.5489794882045302,0.11514980745749978,0.5489794882045302,dataset_AP,1
2795103300445100084,20240610,2,oligodendrocyte_1,oligodendrocyte_1,oligodendrocyte_progenitor_2,False,False,False,0.28099159608858515,0.28099159608858515,0.15025999641384258,0.2809915960885852,dataset_AP,2
2795103300445100103,20240610,2,oligodendrocyte_progenitor_2,oligodendrocyte_progenitor_2,oligodendrocyte_progenitor_2,False,True,True,0.6996168659777957,0.6996168659777957,0.24059914444529829,0.6996168659777957,dataset_AP,2
2795103300452100022,20240610,3,Schwann_cell,Schwann_cell,Schwann_cell,False,True,True,0.8274871311648541,0.8274871311648541,0.004395604395604396,0.8274871311648538,dataset_AP,3
2795584800017100073,20240610,4,oligodendrocyte_2,oligodendrocyte_2,oligodendrocyte_2,False,True,True,0.8094031079641572,0.8094031079641572,0.13381526858501933,0.8094031079641572,dataset_AP,5
2795584800081100241,20240610,1,oligodendrocyte_1,oligodendrocyte_1,oligodendrocyte_progenitor_2,False,False,False,0.35270253081536795,0.35270253081536795,0.08465079047428456,0.35270253081536795,dataset_AP,5
2795584800086100062,20240610,4,oligodendrocyte_1,oligodendrocyte_1,oligodendrocyte_2,False,False,False,0.40518363766173165,0.40518363766173165,0.07855539685778412,0.40518363766173154,dataset_AP,3
2795584800086100203,20240610,4,oligodendrocyte_progenitor_2,oligodendrocyte_progenitor_2,oligodendrocyte_1,False,False,False,0.5014934012693723,0.5014934012693723,0.20437911057048014,0.5014934012693723,dataset_AP,2
2795584800088100011,20240610,4,meninges_3,meninges_3,oligodendrocyte_1,False,False,False,0.4287013918636293,0.4287013918636293,0.024445934260257866,0.4287013918636293,dataset_AP,3
2795584800090100014,20240610,4,pericyte,pericyte,oligodendrocyte_2,False,False,False,0.44021529356959793,0.44021529356959793,0.0031823380239669827,0.440215293569598,dataset_AP,1
2795584800090100054,20240610,4,endothelial,endothelial,endothelial,False,True,True,0.5252082529199409,0.5252082529199409,0.13812869340259848,0.5252082529199409,dataset_AP,4
2795584800090100073,20240610,4,oligodendrocyte_progenitor_2,oligodendrocyte_progenitor_2,oligodendrocyte_progenitor_2,False,True,True,0.8770576556543731,0.8770576556543731,0.20437911057048014,0.8770576556543732,dataset_AP,2
2795584800100100106,20240610,3,oligodendrocyte_1,oligodendrocyte_1,oligodendrocyte_progenitor_2,False,False,False,0.5492786978711185,0.5492786978711185,0.040490278951817414,0.5492786978711186,dataset_AP,2
2795584800101100247,20240610,3,astrocyte_1,astrocyte_1,astrocyte_1,False,True,True,0.42196035798331744,0.42196035798331744,0.1124501871754619,0.4219603579833175,dataset_AP,2
2795584800102100067,20240610,3,oligodendrocyte_1,oligodendrocyte_1,oligodendrocyte_2,False,False,False,0.46081944109745093,0.46081944109745093,0.0382911428538805,0.46081944109745093,dataset_AP,4
2795584800122100023,20240610,4,astrocyte_2,astrocyte_2,endothelial,False,False,False,0.2871734281579737,0.2871734281579737,0.06496505370801806,0.28717342815797364,dataset_AP,2
2795584800123100172,20240610,4,oligodendrocyte_1,oligodendrocyte_1,oligodendrocyte_progenitor_2,False,False,False,0.47053223421190726,0.47053223421190726,0.12129746983992865,0.47053223421190726,dataset_AP,5
2795584800124100044,20240610,4,astrocyte_1,astrocyte_1,astrocyte_1,False,True,True,0.9389834030179219,0.9389834030179219,0.19602872834811996,0.938983403017922,dataset_AP,5
2795584800124100180,20240610,4,oligodendrocyte_1,oligodendrocyte_1,oligodendrocyte_1,False,True,True,0.2609045934935102,0.2609045934935102,0.07855539685778412,0.2609045934935102,dataset_AP,3
2795584800127100128,20240610,4,oligodendrocyte_2,oligodendrocyte_2,oligodendrocyte_2,False,True,True,0.9837321102314016,0.9837321102314016,0.12136527458313123,0.9837321102314016,dataset_AP,4
2795584800129100078,20240610,2,oligodendrocyte_1,oligodendrocyte_1,oligodendrocyte_1,False,True,True,0.4782397741337123,0.4782397741337123,0.14618294693956738,0.4782397741337123,dataset_AP,3
2795584800130100086,20240610,2,oligodendrocyte_2,oligodendrocyte_2,oligodendrocyte_2,False,True,True,0.9137931201555223,0.9137931201555223,0.11961115807269654,0.9137931201555223,dataset_AP,1
2795584800136100096,20240610,3,oligodendrocyte_1,oligodendrocyte_1,oligodendrocyte_progenitor_2,False,False,False,0.415568861520741,0.415568861520741,0.0382911428538805,0.4155688615207409,dataset_AP,4
2795584800136100120,20240610,3,oligodendrocyte_2,oligodendrocyte_2,oligodendrocyte_1,False,False,False,0.6577274112541244,0.6577274112541244,0.169025480014491,0.6577274112541245,dataset_AP,2
2795584800136100143,20240610,3,oligodendrocyte_2,oligodendrocyte_2,oligodendrocyte_2,False,True,True,0.9866285196248605,0.9866285196248605,0.169025480014491,0.9866285196248603,dataset_AP,2
2795584800136100155,20240610,3,astrocyte_2,astrocyte_2,astrocyte_2,False,True,True,0.5545161935121804,0.5545161935121804,0.1376951253874331,0.5545161935121803,dataset_AP,3
2795584800136100189,20240610,3,astrocyte_2,astrocyte_2,astrocyte_2,False,True,True,0.9770306210385292,0.9770306210385292,0.12592059740348713,0.977030621038529,dataset_AP,4
2795584800137100267,20240610,3,oligodendrocyte_2,oligodendrocyte_2,oligodendrocyte_2,False,True,True,0.8804282303518519,0.8804282303518519,0.17298795944233208,0.8804282303518519,dataset_AP,5
2795584800137200073,20240610,3,oligodendrocyte_progenitor_2,oligodendrocyte_progenitor_2,oligodendrocyte_progenitor_2,False,True,True,0.923068353108478,0.923068353108478,0.30935783692437685,0.9230683531084778,dataset_AP,5
2795584800139100104,20240610,3,oligodendrocyte_progenitor_2,oligodendrocyte_progenitor_2,astrocyte_2,False,False,False,0.49450484000464034,0.49450484000464034,0.3537012438111339,0.49450484000464034,dataset_AP,2
2795584800139100144,20240610,3,microglia,microglia,microglia,False,True,True,0.6017609599515403,0.6017609599515403,0.017667992026966388,0.6017609599515402,dataset_AP,1
2795584800139100153,20240610,3,endothelial,endothelial,endothelial,False,True,True,0.6725163644629218,0.6725163644629218,0.05660032656230375,0.6725163644629218,dataset_AP,4
2795584800140100021,20240610,3,oligodendrocyte_progenitor_2,oligodendrocyte_progenitor_2,oligodendrocyte_progenitor_2,False,True,True,0.9537199172214459,0.9537199172214459,0.38345449422372496,0.953719917221446,dataset_AP,3
2795584800154100202,20240610,1,meninges_3,meninges_3,oligodendrocyte_progenitor_2,False,False,False,0.5429436100464957,0.5429436100464957,0.08703812484777283,0.5429436100464957,dataset_AP,1
2795584800156100008,20240610,1,oligodendrocyte_2,oligodendrocyte_2,oligodendrocyte_2,False,True,True,0.8727440495474084,0.8727440495474084,0.12631909033894145,0.8727440495474084,dataset_AP,3
2795584800160100245,20240610,4,oligodendrocyte_2,oligodendrocyte_2,oligodendrocyte_2,False,True,True,0.7149658299646898,0.7149658299646898,0.1274327482472279,0.7149658299646898,dataset_AP,1
2795584800161100313,20240610,4,meninges_3,meninges_3,meninges_2,False,False,False,0.9568569344898007,0.9568569344898007,0.013910403855482012,0.9568569344898005,dataset_AP,4
2795584800163100102,20240610,2,oligodendrocyte_2,oligodendrocyte_2,oligodendrocyte_2,False,True,True,0.9913907046355764,0.9913907046355764,0.1297687180411014,0.9913907046355764,dataset_AP,3
2795584800166100035,20240610,2,oligodendrocyte_precursor_cell,oligodendrocyte_precursor_cell,astrocyte_1,False,False,False,0.6750508202871012,0.6750508202871012,0.022490750107395756,0.6750508202871011,dataset_AP,3
2795584800166100073,20240610,2,oligodendrocyte_1,oligodendrocyte_1,oligodendrocyte_1,False,True,True,0.5867026363448012,0.5867026363448012,0.1596063099253149,0.5867026363448012,dataset_AP,4
2795584800166100182,20240610,2,astrocyte_1,astrocyte_1,astrocyte_1,False,True,True,0.4036544261890869,0.4036544261890869,0.18231939163498098,0.403654426189087,dataset_AP,5
2795584800166200086,20240610,2,oligodendrocyte_progenitor_2,oligodendrocyte_progenitor_2,oligodendrocyte_progenitor_2,False,True,True,0.9725704026204686,0.9725704026204686,0.24059914444529829,0.9725704026204683,dataset_AP,2
2795584800167100121,20240610,2,astrocyte_1,astrocyte_1,astrocyte_1,False,True,True,0.98737381557323,0.98737381557323,0.16831865405066396,0.98737381557323,dataset_AP,1
2795584800167100132,20240610,2,oligodendrocyte_1,oligodendrocyte_1,oligodendrocyte_1,False,True,True,0.6162189045195039,0.6162189045195039,0.11520912547528517,0.616218904519504,dataset_AP,5
2795584800168100157,20240610,2,pericyte,pericyte,astrocyte_1,False,False,False,0.6625622606404764,0.6625622606404764,0.002181441387396722,0.6625622606404765,dataset_AP,1
2795584800172100184,20240610,3,astrocyte_2,astrocyte_2,oligodendrocyte_progenitor_2,False,False,False,0.695311535899399,0.695311535899399,0.1376951253874331,0.695311535899399,dataset_AP,3
2795584800173100312,20240610,3,astrocyte_2,astrocyte_2,astrocyte_2,False,True,True,0.7573668491419294,0.7573668491419294,0.11895906291510688,0.7573668491419294,dataset_AP,2
2795584800174100034,20240610,3,oligodendrocyte_progenitor_2,oligodendrocyte_progenitor_2,oligodendrocyte_progenitor_2,False,True,True,0.9859384378576511,0.9859384378576511,0.30935783692437685,0.9859384378576509,dataset_AP,5
2795584800175100098,20240610,3,oligodendrocyte_1,oligodendrocyte_1,oligodendrocyte_progenitor_2,False,False,False,0.5267661628981023,0.5267661628981023,0.04781368821292776,0.5267661628981024,dataset_AP,5
2795584800175100109,20240610,3,microglia,microglia,microglia,False,True,True,0.9840079009114385,0.9840079009114385,0.019081431389123698,0.9840079009114385,dataset_AP,3
2795584800184100020,20240610,1,oligodendrocyte_progenitor_2,oligodendrocyte_progenitor_2,oligodendrocyte_progenitor_2,False,True,True,0.9156859535791521,0.9156859535791521,0.19916328782039341,0.9156859535791524,dataset_AP,1
2795584800185100100,20240610,1,astrocyte_2,astrocyte_2,oligodendrocyte_precursor_cell,False,False,False,0.7174272661345035,0.7174272661345035,0.040817082842297965,0.7174272661345035,dataset_AP,5
2795584800185100220,20240610,1,oligodendrocyte_precursor_cell,oligodendrocyte_precursor_cell,oligodendrocyte_precursor_cell,False,True,True,0.6454739434357032,0.6454739434357032,0.0623978585517047,0.6454739434357032,dataset_AP,2
2795584800202100076,20240610,2,astrocyte_2,astrocyte_2,astrocyte_1,False,False,False,0.4328730408914521,0.4328730408914521,0.0610547810167582,0.4328730408914522,dataset_AP,5
2795584800202100095,20240610,2,astrocyte_1,astrocyte_1,astrocyte_1,False,True,True,0.42483428201337353,0.42483428201337353,0.19388412708642133,0.4248342820133736,dataset_AP,4
2795584800203100229,20240610,2,oligodendrocyte_progenitor_2,oligodendrocyte_progenitor_2,oligodendrocyte_progenitor_2,False,True,True,0.9663811403166894,0.9663811403166894,0.24363243181313685,0.9663811403166894,dataset_AP,4
2795584800203100322,20240610,2,astrocyte_2,astrocyte_2,oligodendrocyte_progenitor_2,False,False,False,0.6140253652864369,0.6140253652864369,0.05102527745207646,0.6140253652864368,dataset_AP,1
2795584800204100209,20240610,2,oligodendrocyte_1,oligodendrocyte_1,oligodendrocyte_progenitor_2,False,False,False,0.6282527090686154,0.6282527090686154,0.11520912547528517,0.6282527090686154,dataset_AP,5
2795584800222100031,20240610,1,oligodendrocyte_2,oligodendrocyte_2,oligodendrocyte_2,False,True,True,0.9968065262971108,0.9968065262971108,0.1471963933502395,0.9968065262971108,dataset_AP,2
2795584800222100035,20240610,1,oligodendrocyte_2,oligodendrocyte_2,oligodendrocyte_2,False,True,True,0.9550512565901594,0.9550512565901594,0.13752696062081696,0.9550512565901595,dataset_AP,5
2795584800222100094,20240610,1,meninges_3,meninges_3,meninges_3,False,True,True,0.4824927547156562,0.4824927547156562,0.06656036632732328,0.4824927547156561,dataset_AP,4
2795584800222100100,20240610,1,meninges_3,meninges_3,astrocyte_2,False,False,False,0.5450117410508508,0.5450117410508508,0.054855135303404266,0.5450117410508507,dataset_AP,5
2795584800224100106,20240610,1,astrocyte_1,astrocyte_1,astrocyte_1,False,True,True,0.7297065446460403,0.7297065446460403,0.11452521837137222,0.7297065446460402,dataset_AP,2
2795584800225100281,20240610,1,oligodendrocyte_2,oligodendrocyte_2,oligodendrocyte_2,False,True,True,0.9706215466971438,0.9706215466971438,0.13274209493244696,0.970621546697144,dataset_AP,1
2795584800226100077,20240610,1,oligodendrocyte_2,oligodendrocyte_2,oligodendrocyte_progenitor_2,False,False,False,0.7710261802840914,0.7710261802840914,0.13752696062081696,0.7710261802840916,dataset_AP,5
2795584800226100153,20240610,1,oligodendrocyte_1,oligodendrocyte_1,oligodendrocyte_progenitor_2,False,False,False,0.5505455293998978,0.5505455293998978,0.0819376190953766,0.5505455293998976,dataset_AP,1
2795584800227100019,20240610,1,oligodendrocyte_1,oligodendrocyte_1,oligodendrocyte_1,False,True,True,0.35568111117422757,0.35568111117422757,0.0819376190953766,0.3556811111742275,dataset_AP,1
2795584800237100067,20240610,2,oligodendrocyte_1,oligodendrocyte_1,oligodendrocyte_progenitor_2,False,False,False,0.5007905706958921,0.5007905706958921,0.1596063099253149,0.5007905706958921,dataset_AP,4
2795584800237100106,20240610,2,oligodendrocyte_2,oligodendrocyte_2,endothelial,False,False,False,0.58881537005838,0.58881537005838,0.16532530629488804,0.58881537005838,dataset_AP,5
2795584800238100291,20240610,2,oligodendrocyte_precursor_cell,oligodendrocyte_precursor_cell,oligodendrocyte_precursor_cell,False,True,True,0.7046237655685238,0.7046237655685238,0.022490750107395756,0.7046237655685238,dataset_AP,3
2795584800238200179,20240610,2,astrocyte_1,astrocyte_1,oligodendrocyte_progenitor_1,False,False,False,0.5214005673366118,0.5214005673366118,0.18747141887116667,0.5214005673366118,dataset_AP,3
2795584800239100131,20240610,2,oligodendrocyte_2,oligodendrocyte_2,oligodendrocyte_2,False,True,True,0.8931182294734892,0.8931182294734892,0.11961115807269654,0.893118229473489,dataset_AP,1
2795584800241100080,20240610,2,oligodendrocyte_2,oligodendrocyte_2,oligodendrocyte_2,False,True,True,0.9912056934700068,0.9912056934700068,0.16532530629488804,0.9912056934700065,dataset_AP,5
2795584800241100099,20240610,2,astrocyte_1,astrocyte_1,astrocyte_1,False,True,True,0.7782226230827124,0.7782226230827124,0.18231939163498098,0.7782226230827124,dataset_AP,5
2795584800241100160,20240610,2,astrocyte_2,astrocyte_2,endothelial,False,False,False,0.3041724843318795,0.3041724843318795,0.04366503609883181,0.3041724843318795,dataset_AP,3
2795584800241100259,20240610,2,oligodendrocyte_progenitor_2,oligodendrocyte_progenitor_2,oligodendrocyte_progenitor_2,False,True,True,0.44595063783498384,0.44595063783498384,0.24363243181313685,0.44595063783498384,dataset_AP,4
2795584800253200009,20240610,1,meninges_3,meninges_3,meninges_3,False,True,True,0.6629935712394415,0.6629935712394415,0.054855135303404266,0.6629935712394415,dataset_AP,5
2795584800311100088,20240610,2,oligodendrocyte_2,oligodendrocyte_2,oligodendrocyte_2,False,True,True,0.9380649511943588,0.9380649511943588,0.15110667153587823,0.9380649511943588,dataset_AP,4
2795584800313100072,20240610,2,microglia,microglia,oligodendrocyte_2,False,False,False,0.48255671671762257,0.48255671671762257,0.0034766722111635264,0.48255671671762257,dataset_AP,1
2795584800344100072,20240610,2,oligodendrocyte_2,oligodendrocyte_2,oligodendrocyte_2,False,True,True,0.8599210196990649,0.8599210196990649,0.11961115807269654,0.859921019699065,dataset_AP,1
2795584800345100081,20240610,2,oligodendrocyte_progenitor_1,oligodendrocyte_progenitor_1,oligodendrocyte_precursor_cell,False,False,False,0.890336737044289,0.890336737044289,0.027746092099704266,0.8903367370442891,dataset_AP,5
2795584800348100087,20240610,2,astrocyte_2,astrocyte_2,astrocyte_2,False,True,True,0.6283772369194853,0.6283772369194853,0.045068849219136,0.6283772369194854,dataset_AP,4
2795584800349100126,20240610,2,astrocyte_1,astrocyte_1,astrocyte_1,False,True,True,0.5176780817935133,0.5176780817935133,0.16831865405066396,0.5176780817935133,dataset_AP,1
2795584800349100151,20240610,2,oligodendrocyte_1,oligodendrocyte_1,oligodendrocyte_progenitor_2,False,False,False,0.45377735324507606,0.45377735324507606,0.1596063099253149,0.45377735324507606,dataset_AP,4
2795584800349100201,20240610,2,oligodendrocyte_progenitor_2,oligodendrocyte_progenitor_2,oligodendrocyte_progenitor_2,False,True,True,0.9544401878191705,0.9544401878191705,0.24059914444529829,0.9544401878191705,dataset_AP,2
2795584800352100059,20240610,3,oligodendrocyte_1,oligodendrocyte_1,astrocyte_1,False,False,False,0.6815956914106521,0.6815956914106521,0.040490278951817414,0.6815956914106522,dataset_AP,2
2795584800352100080,20240610,3,oligodendrocyte_progenitor_2,oligodendrocyte_progenitor_2,oligodendrocyte_progenitor_2,False,True,True,0.9854953404761928,0.9854953404761928,0.3537012438111339,0.9854953404761929,dataset_AP,2
2795584800352200043,20240610,3,astrocyte_2,astrocyte_2,astrocyte_2,False,True,True,0.7565863409162568,0.7565863409162568,0.11658217152513731,0.7565863409162568,dataset_AP,5
2795584800353100107,20240610,3,oligodendrocyte_1,oligodendrocyte_1,oligodendrocyte_progenitor_2,False,False,False,0.4789503592354602,0.4789503592354602,0.04781368821292776,0.47895035923546025,dataset_AP,5
2795584800353100199,20240610,3,oligodendrocyte_1,oligodendrocyte_1,oligodendrocyte_progenitor_2,False,False,False,0.4765515292410979,0.4765515292410979,0.0382911428538805,0.4765515292410979,dataset_AP,4
2795584800354100043,20240610,3,oligodendrocyte_1,oligodendrocyte_1,oligodendrocyte_progenitor_2,False,False,False,0.5790489147235489,0.5790489147235489,0.047337278106508875,0.5790489147235489,dataset_AP,1
2795584800354100082,20240610,3,oligodendrocyte_progenitor_2,oligodendrocyte_progenitor_2,oligodendrocyte_progenitor_2,False,True,True,0.554049498072551,0.554049498072551,0.3537012438111339,0.5540494980725509,dataset_AP,2
2795584800362100019,20240610,1,astrocyte_2,astrocyte_2,oligodendrocyte_precursor_cell,False,False,False,0.6676023323945204,0.6676023323945204,0.05366345812995937,0.6676023323945204,dataset_AP,3
2795584800371100068,20240610,1,oligodendrocyte_progenitor_2,oligodendrocyte_progenitor_2,oligodendrocyte_2,False,False,False,0.44287525808939154,0.44287525808939154,0.25417882365773187,0.44287525808939143,dataset_AP,3
2795584800374100017,20240610,4,astrocyte_2,astrocyte_2,astrocyte_2,False,True,True,0.7884553783420682,0.7884553783420682,0.053414490395197335,0.788455378342068,dataset_AP,5
2795584800374100049,20240610,4,astrocyte_2,astrocyte_2,astrocyte_2,False,True,True,0.9197428672594211,0.9197428672594211,0.02674867131100553,0.9197428672594213,dataset_AP,3
2795584800375100070,20240610,4,pericyte,pericyte,astrocyte_1,False,False,False,0.9919857163599712,0.9919857163599712,0.0031823380239669827,0.9919857163599712,dataset_AP,1
2795584800376100182,20240610,4,endothelial,endothelial,endothelial,False,True,True,0.6598383076356822,0.6598383076356822,0.0875719027689009,0.6598383076356822,dataset_AP,2
2795584800377100102,20240610,4,endothelial,endothelial,endothelial,False,True,True,0.600770713229278,0.600770713229278,0.0875719027689009,0.6007707132292781,dataset_AP,2
2795584800378200068,20240610,4,astrocyte_2,astrocyte_2,astrocyte_2,False,True,True,0.8195514364923784,0.8195514364923784,0.02674867131100553,0.8195514364923784,dataset_AP,3
2795584800379100079,20240610,2,Schwann_cell,Schwann_cell,Schwann_cell,False,True,True,0.9816986741325028,0.9816986741325028,0.0024975024975024975,0.9816986741325029,dataset_AP,2
2795584800381100069,20240610,2,oligodendrocyte_1,oligodendrocyte_1,oligodendrocyte_progenitor_2,False,False,False,0.5325040281022734,0.5325040281022734,0.15188967360183242,0.5325040281022735,dataset_AP,1
2795584800381100201,20240610,2,oligodendrocyte_precursor_cell,oligodendrocyte_precursor_cell,oligodendrocyte_precursor_cell,False,True,True,0.7426796025745923,0.7426796025745923,0.028362662978047595,0.7426796025745923,dataset_AP,2
2795584800382100052,20240610,2,oligodendrocyte_1,oligodendrocyte_1,astrocyte_1,False,False,False,0.42407536115200184,0.42407536115200184,0.14618294693956738,0.42407536115200184,dataset_AP,3
2795584800382100072,20240610,2,oligodendrocyte_progenitor_2,oligodendrocyte_progenitor_2,oligodendrocyte_progenitor_2,False,True,True,0.9616613869671444,0.9616613869671444,0.25623855794958456,0.9616613869671446,dataset_AP,5
2795584800382100074,20240610,2,oligodendrocyte_2,oligodendrocyte_2,oligodendrocyte_1,False,False,False,0.5424148929029108,0.5424148929029108,0.1297687180411014,0.5424148929029108,dataset_AP,3
2795584800382100241,20240610,2,oligodendrocyte_1,oligodendrocyte_1,oligodendrocyte_1,False,True,True,0.6344732666745969,0.6344732666745969,0.1596063099253149,0.634473266674597,dataset_AP,4
2795584800383100039,20240610,2,oligodendrocyte_2,oligodendrocyte_2,oligodendrocyte_2,False,True,True,0.28532772713933474,0.28532772713933474,0.15110667153587823,0.28532772713933474,dataset_AP,4
2795584800385100149,20240610,2,oligodendrocyte_1,oligodendrocyte_1,oligodendrocyte_progenitor_2,False,False,False,0.6042180228313223,0.6042180228313223,0.15025999641384258,0.6042180228313223,dataset_AP,2
2795584800385100283,20240610,2,astrocyte_1,astrocyte_1,astrocyte_1,False,True,True,0.3401506914273005,0.3401506914273005,0.16831865405066396,0.3401506914273005,dataset_AP,1
2795584800385200012,20240610,2,oligodendrocyte_1,oligodendrocyte_1,endothelial,False,False,False,0.5424474508316207,0.5424474508316207,0.11520912547528517,0.5424474508316207,dataset_AP,5
2795584800386200020,20240610,2,oligodendrocyte_progenitor_2,oligodendrocyte_progenitor_2,astrocyte_1,False,False,False,0.46832874651674355,0.46832874651674355,0.26851710710474896,0.46832874651674355,dataset_AP,3
2795584800388100087,20240610,3,oligodendrocyte_progenitor_2,oligodendrocyte_progenitor_2,oligodendrocyte_progenitor_2,False,True,True,0.7259349155651723,0.7259349155651723,0.3479544182966236,0.7259349155651723,dataset_AP,4
2795584800389100065,20240610,3,astrocyte_1,astrocyte_1,astrocyte_1,False,True,True,0.5853550942685172,0.5853550942685172,0.1124501871754619,0.5853550942685173,dataset_AP,2
2795584800389100090,20240610,3,oligodendrocyte_precursor_cell,oligodendrocyte_precursor_cell,oligodendrocyte_precursor_cell,False,True,True,0.803829460811845,0.803829460811845,0.023251620174697098,0.8038294608118448,dataset_AP,3
2795584800389100153,20240610,3,oligodendrocyte_progenitor_2,oligodendrocyte_progenitor_2,oligodendrocyte_progenitor_2,False,True,True,0.845056130848899,0.845056130848899,0.3479544182966236,0.8450561308488987,dataset_AP,4
2795584800391100125,20240610,3,oligodendrocyte_2,oligodendrocyte_2,oligodendrocyte_2,False,True,True,0.9308719386135366,0.9308719386135366,0.17076276050635025,0.9308719386135368,dataset_AP,1
2795584800391100182,20240610,3,oligodendrocyte_1,oligodendrocyte_1,oligodendrocyte_1,False,True,True,0.42420507855861755,0.42420507855861755,0.0382911428538805,0.42420507855861755,dataset_AP,4
2795584800398100095,20240610,1,oligodendrocyte_progenitor_1,oligodendrocyte_progenitor_1,oligodendrocyte_precursor_cell,False,False,False,0.7598813470010929,0.7598813470010929,0.05841282547306161,0.7598813470010929,dataset_AP,5
2795584800398100141,20240610,1,meninges_3,meninges_3,meninges_3,False,True,True,0.7841721631237636,0.7841721631237636,0.05211327134404057,0.7841721631237636,dataset_AP,2
2795584800398200029,20240610,1,meninges_3,meninges_3,meninges_2,False,False,False,0.5777810038342543,0.5777810038342543,0.08269026259100701,0.5777810038342543,dataset_AP,3
2795584800400100402,20240610,1,astrocyte_2,astrocyte_2,oligodendrocyte_progenitor_2,False,False,False,0.3748560920813945,0.3748560920813945,0.038785573400958014,0.3748560920813945,dataset_AP,2
2795584800411100047,20240610,4,endothelial,endothelial,endothelial,False,True,True,0.7325173678629049,0.7325173678629049,0.15037005742540174,0.7325173678629049,dataset_AP,5
2795584800411100147,20240610,4,pericyte,pericyte,astrocyte_1,False,False,False,0.5681863939264409,0.5681863939264409,0.0033380796653575133,0.568186393926441,dataset_AP,5
2795584800412100034,20240610,4,oligodendrocyte_progenitor_2,oligodendrocyte_progenitor_2,oligodendrocyte_progenitor_2,False,True,True,0.8166885890361048,0.8166885890361048,0.2205956938988613,0.8166885890361049,dataset_AP,1
2795584800412100093,20240610,4,oligodendrocyte_1,oligodendrocyte_1,endothelial,False,False,False,0.5319668119537986,0.5319668119537986,0.10393317090149669,0.5319668119537986,dataset_AP,1
2795584800412100176,20240610,4,astrocyte_1,astrocyte_1,astrocyte_1,False,True,True,0.43508013040896204,0.43508013040896204,0.19355503783271136,0.43508013040896204,dataset_AP,2
2795584800413100059,20240610,4,oligodendrocyte_1,oligodendrocyte_1,oligodendrocyte_progenitor_2,False,False,False,0.5130197816139058,0.5130197816139058,0.07855539685778412,0.5130197816139059,dataset_AP,3
2795584800413100082,20240610,4,astrocyte_2,astrocyte_2,astrocyte_1,False,False,False,0.5014808198195266,0.5014808198195266,0.06267216945949977,0.5014808198195267,dataset_AP,1
2795584800413100085,20240610,4,oligodendrocyte_progenitor_2,oligodendrocyte_progenitor_2,oligodendrocyte_progenitor_2,False,True,True,0.8744550127494191,0.8744550127494191,0.20677317227098946,0.8744550127494192,dataset_AP,5
2795584800413100180,20240610,4,pericyte,pericyte,astrocyte_1,False,False,False,0.7537311666704328,0.7537311666704328,0.0031823380239669827,0.7537311666704326,dataset_AP,1
2795584800413100228,20240610,4,oligodendrocyte_1,oligodendrocyte_1,oligodendrocyte_progenitor_2,False,False,False,0.6744407946523402,0.6744407946523402,0.09554048203203926,0.6744407946523403,dataset_AP,2
2795584800415100082,20240610,4,oligodendrocyte_1,oligodendrocyte_1,oligodendrocyte_progenitor_2,False,False,False,0.47112396650591404,0.47112396650591404,0.09671042680477972,0.47112396650591415,dataset_AP,4
2795584800416100124,20240610,2,endothelial,endothelial,endothelial,False,True,True,0.5903402857664972,0.5903402857664972,0.09316645542881284,0.5903402857664971,dataset_AP,5
2795584800416100142,20240610,2,astrocyte_2,astrocyte_2,astrocyte_2,False,True,True,0.9424637667391585,0.9424637667391585,0.04366503609883181,0.9424637667391585,dataset_AP,3
2795584800418100037,20240610,2,astrocyte_1,astrocyte_1,endothelial,False,False,False,0.6078195641734213,0.6078195641734213,0.18231939163498098,0.6078195641734213,dataset_AP,5
2795584800418100055,20240610,2,oligodendrocyte_precursor_cell,oligodendrocyte_precursor_cell,oligodendrocyte_progenitor_2,False,False,False,0.9280969482660218,0.9280969482660218,0.031196310378819883,0.9280969482660218,dataset_AP,5
2795584800418100073,20240610,2,astrocyte_2,astrocyte_2,astrocyte_1,False,False,False,0.8192033049714813,0.8192033049714813,0.05102527745207646,0.8192033049714814,dataset_AP,1
2795584800418100125,20240610,2,oligodendrocyte_progenitor_2,oligodendrocyte_progenitor_2,oligodendrocyte_progenitor_2,False,True,True,0.5929605428223251,0.5929605428223251,0.24059914444529829,0.5929605428223251,dataset_AP,2
2795584800419100041,20240610,2,endothelial,endothelial,oligodendrocyte_1,False,False,False,0.5257778843053696,0.5257778843053696,0.09316645542881284,0.5257778843053696,dataset_AP,5
2795584800419100108,20240610,2,oligodendrocyte_2,oligodendrocyte_2,oligodendrocyte_2,False,True,True,0.7534030145497252,0.7534030145497252,0.11961115807269654,0.7534030145497252,dataset_AP,1
2795584800419100238,20240610,2,oligodendrocyte_1,oligodendrocyte_1,oligodendrocyte_progenitor_2,False,False,False,0.6382944358431013,0.6382944358431013,0.11520912547528517,0.6382944358431013,dataset_AP,5
2795584800419100280,20240610,2,endothelial,endothelial,endothelial,False,True,True,0.5108780302092322,0.5108780302092322,0.09316645542881284,0.5108780302092322,dataset_AP,5
2795584800420100182,20240610,2,oligodendrocyte_1,oligodendrocyte_1,oligodendrocyte_1,False,True,True,0.757715443266491,0.757715443266491,0.15188967360183242,0.757715443266491,dataset_AP,1
2795584800421100152,20240610,2,oligodendrocyte_1,oligodendrocyte_1,endothelial,False,False,False,0.38672823949322804,0.38672823949322804,0.15188967360183242,0.38672823949322804,dataset_AP,1
2795584800421100200,20240610,2,astrocyte_1,astrocyte_1,oligodendrocyte_progenitor_2,False,False,False,0.983308425641424,0.983308425641424,0.19388412708642133,0.983308425641424,dataset_AP,4
2795584800421100246,20240610,2,oligodendrocyte_precursor_cell,oligodendrocyte_precursor_cell,oligodendrocyte_progenitor_2,False,False,False,0.7637423503574047,0.7637423503574047,0.028362662978047595,0.7637423503574048,dataset_AP,2
2795584800422100171,20240610,2,astrocyte_1,astrocyte_1,astrocyte_1,False,True,True,0.6654741296633931,0.6654741296633931,0.17326903865365403,0.6654741296633931,dataset_AP,2
2795584800424100151,20240610,3,oligodendrocyte_2,oligodendrocyte_2,oligodendrocyte_2,False,True,True,0.8728939305467484,0.8728939305467484,0.169025480014491,0.8728939305467484,dataset_AP,2
2795584800425100122,20240610,3,oligodendrocyte_1,oligodendrocyte_1,oligodendrocyte_progenitor_2,False,False,False,0.5220312775930241,0.5220312775930241,0.04781368821292776,0.522031277593024,dataset_AP,5
2795584800428100052,20240610,3,astrocyte_2,astrocyte_2,astrocyte_2,False,True,True,0.789950539186957,0.789950539186957,0.11514980745749978,0.7899505391869571,dataset_AP,1
2795584800435100149,20240610,1,astrocyte_1,astrocyte_1,astrocyte_1,False,True,True,0.6050736095225058,0.6050736095225058,0.11452521837137222,0.6050736095225058,dataset_AP,2
2795584800435100204,20240610,1,oligodendrocyte_progenitor_1,oligodendrocyte_progenitor_1,oligodendrocyte_progenitor_1,False,True,True,0.9645401392503733,0.9645401392503733,0.05370436015597306,0.9645401392503734,dataset_AP,3
2795584800435100333,20240610,1,astrocyte_1,astrocyte_1,astrocyte_1,False,True,True,0.7642437961685564,0.7642437961685564,0.13821626309118804,0.7642437961685565,dataset_AP,5
2795584800442100068,20240610,1,oligodendrocyte_2,oligodendrocyte_2,oligodendrocyte_2,False,True,True,0.9881985644868039,0.9881985644868039,0.13752696062081696,0.9881985644868037,dataset_AP,5
2795584800446100124,20240610,4,pericyte,pericyte,astrocyte_1,False,False,False,0.5937939076342176,0.5937939076342176,0.0033380796653575133,0.5937939076342176,dataset_AP,5
2795584800446100145,20240610,4,astrocyte_1,astrocyte_1,oligodendrocyte_precursor_cell,False,False,False,0.48081269750009653,0.48081269750009653,0.19848838943861566,0.48081269750009653,dataset_AP,1
2795584800448100039,20240610,4,oligodendrocyte_1,oligodendrocyte_1,endothelial,False,False,False,0.542993601255266,0.542993601255266,0.10393317090149669,0.542993601255266,dataset_AP,1
2795584800448100083,20240610,4,pericyte,pericyte,endothelial,False,False,False,0.7197484731108182,0.7197484731108182,0.0032987650248438236,0.7197484731108182,dataset_AP,2
2795584800448100140,20240610,4,oligodendrocyte_progenitor_1,oligodendrocyte_progenitor_1,oligodendrocyte_precursor_cell,False,False,False,0.9987210764837189,0.9987210764837189,0.016413963604500148,0.9987210764837187,dataset_AP,5
2795584800449100028,20240610,4,astrocyte_1,astrocyte_1,astrocyte_1,False,True,True,0.8179656094649534,0.8179656094649534,0.20837440736046564,0.8179656094649532,dataset_AP,4
2795584800449100102,20240610,4,oligodendrocyte_precursor_cell,oligodendrocyte_precursor_cell,oligodendrocyte_progenitor_2,False,False,False,0.5480457053067734,0.5480457053067734,0.045656969671979054,0.5480457053067734,dataset_AP,2
2795584800449100136,20240610,4,microglia,microglia,microglia,False,True,True,0.9939912027366948,0.9939912027366948,0.02860126299040326,0.9939912027366948,dataset_AP,1
2795584800449100206,20240610,4,oligodendrocyte_2,oligodendrocyte_2,oligodendrocyte_progenitor_2,False,False,False,0.7853955817878039,0.7853955817878039,0.12136527458313123,0.7853955817878041,dataset_AP,4
2795584800450100058,20240610,4,endothelial,endothelial,endothelial,False,True,True,0.5868282116592792,0.5868282116592792,0.0875719027689009,0.5868282116592792,dataset_AP,2
2795584800450100076,20240610,4,oligodendrocyte_precursor_cell,oligodendrocyte_precursor_cell,microglia,False,False,False,0.6064253630172742,0.6064253630172742,0.046216756116770195,0.6064253630172742,dataset_AP,4
2795584800450100164,20240610,4,oligodendrocyte_progenitor_1,oligodendrocyte_progenitor_1,oligodendrocyte_progenitor_1,False,True,True,0.9418253302429828,0.9418253302429828,0.016413963604500148,0.9418253302429828,dataset_AP,5
2795584800451100007,20240610,4,microglia,microglia,microglia,False,True,True,0.8716628079047573,0.8716628079047573,0.03011573748089732,0.8716628079047573,dataset_AP,5
2795584800456100071,20240610,2,oligodendrocyte_progenitor_2,oligodendrocyte_progenitor_2,oligodendrocyte_progenitor_2,False,True,True,0.9501823885281482,0.9501823885281482,0.26851710710474896,0.9501823885281482,dataset_AP,3
2795584800456100094,20240610,2,oligodendrocyte_progenitor_2,oligodendrocyte_progenitor_2,oligodendrocyte_progenitor_2,False,True,True,0.9633631083070253,0.9633631083070253,0.26851710710474896,0.9633631083070253,dataset_AP,3
2795584800457100131,20240610,2,endothelial,endothelial,astrocyte_1,False,False,False,0.5496173963582492,0.5496173963582492,0.11500678808371115,0.5496173963582492,dataset_AP,2
2795584800457100271,20240610,2,oligodendrocyte_precursor_cell,oligodendrocyte_precursor_cell,oligodendrocyte_progenitor_1,False,False,False,0.7487509366979739,0.7487509366979739,0.04019963767337615,0.748750936697974,dataset_AP,4
2795584800459100112,20240610,2,oligodendrocyte_progenitor_1,oligodendrocyte_progenitor_1,oligodendrocyte_progenitor_1,False,True,True,0.9996829295063867,0.9996829295063867,0.011338818356927528,0.9996829295063867,dataset_AP,4
2795584800471100091,20240610,1,pericyte,pericyte,astrocyte_2,False,False,False,0.5646562746743717,0.5646562746743717,0.03784164553395322,0.5646562746743717,dataset_AP,2
2795584800472100167,20240610,1,meninges_3,meninges_3,meninges_3,False,True,True,0.5348528404488695,0.5348528404488695,0.054855135303404266,0.5348528404488695,dataset_AP,5
2795584800472100176,20240610,1,meninges_2,meninges_2,meninges_1,False,False,False,0.8603777713065897,0.8603777713065897,0.036891669051610176,0.8603777713065897,dataset_AP,4
2795584800476100046,20240610,1,oligodendrocyte_1,oligodendrocyte_1,oligodendrocyte_progenitor_2,False,False,False,0.4240063285965024,0.4240063285965024,0.0819376190953766,0.42400632859650245,dataset_AP,1
2795584800484100091,20240610,4,meninges_2,meninges_2,meninges_3,False,False,False,0.4898376990771279,0.4898376990771279,0.015046491969568893,0.4898376990771279,dataset_AP,1
2795584800491100106,20240610,2,astrocyte_2,astrocyte_2,astrocyte_2,False,True,True,0.7837065907178654,0.7837065907178654,0.05102527745207646,0.7837065907178656,dataset_AP,1
2795584800492100116,20240610,2,oligodendrocyte_2,oligodendrocyte_2,oligodendrocyte_2,False,True,True,0.5467001404269416,0.5467001404269416,0.11961115807269654,0.5467001404269415,dataset_AP,1
2795584800493100063,20240610,2,oligodendrocyte_precursor_cell,oligodendrocyte_precursor_cell,oligodendrocyte_precursor_cell,False,True,True,0.9001453382665748,0.9001453382665748,0.022490750107395756,0.900145338266575,dataset_AP,3
2795584800493100084,20240610,2,astrocyte_2,astrocyte_2,astrocyte_1,False,False,False,0.46987436561697066,0.46987436561697066,0.0610547810167582,0.46987436561697066,dataset_AP,5
2795584800494100090,20240610,2,astrocyte_1,astrocyte_1,astrocyte_1,False,True,True,0.8043370040637766,0.8043370040637766,0.16831865405066396,0.8043370040637766,dataset_AP,1
2795584800494100148,20240610,2,astrocyte_2,astrocyte_2,astrocyte_2,False,True,True,0.6822995166615524,0.6822995166615524,0.045068849219136,0.6822995166615524,dataset_AP,4
2795584800512100034,20240610,1,oligodendrocyte_progenitor_2,oligodendrocyte_progenitor_2,oligodendrocyte_progenitor_2,False,True,True,0.4480810217095244,0.4480810217095244,0.22175204764435721,0.4480810217095244,dataset_AP,4
2795584800584200041,20240610,1,astrocyte_1,astrocyte_1,astrocyte_1,False,True,True,0.8961091827477915,0.8961091827477915,0.13341547630987005,0.8961091827477917,dataset_AP,1
2795584800589100125,20240610,1,astrocyte_1,astrocyte_1,oligodendrocyte_progenitor_2,False,False,False,0.7054357429274645,0.7054357429274645,0.13821626309118804,0.7054357429274644,dataset_AP,5
2795584800589100202,20240610,1,oligodendrocyte_1,oligodendrocyte_1,pericyte,False,False,False,0.3394383128054468,0.3394383128054468,0.0819376190953766,0.3394383128054468,dataset_AP,1
2795584800591100128,20240610,1,oligodendrocyte_2,oligodendrocyte_2,oligodendrocyte_2,False,True,True,0.8604858427853745,0.8604858427853745,0.13274209493244696,0.8604858427853745,dataset_AP,1
2795584800602100025,20240610,2,oligodendrocyte_progenitor_2,oligodendrocyte_progenitor_2,oligodendrocyte_progenitor_2,False,True,True,0.823483228029142,0.823483228029142,0.24363243181313685,0.823483228029142,dataset_AP,4
2795584800624100037,20240610,1,pericyte,pericyte,endothelial,False,False,False,0.5455674525017685,0.5455674525017685,0.00458472427181684,0.5455674525017685,dataset_AP,1
2795584800638100109,20240610,2,endothelial,endothelial,endothelial,False,True,True,0.9632450752497661,0.9632450752497661,0.10329173021703794,0.9632450752497661,dataset_AP,4
2795584800639100111,20240610,2,oligodendrocyte_progenitor_2,oligodendrocyte_progenitor_2,oligodendrocyte_1,False,False,False,0.4252568317924762,0.4252568317924762,0.26851710710474896,0.4252568317924762,dataset_AP,3
2795584800639100140,20240610,2,oligodendrocyte_1,oligodendrocyte_1,oligodendrocyte_progenitor_2,False,False,False,0.4936519013849733,0.4936519013849733,0.1596063099253149,0.4936519013849733,dataset_AP,4
2795584800655100123,20240610,1,oligodendrocyte_progenitor_1,oligodendrocyte_progenitor_1,oligodendrocyte_progenitor_1,False,True,True,0.5710783373981484,0.5710783373981484,0.05841282547306161,0.5710783373981485,dataset_AP,5
2795584800660100134,20240610,1,oligodendrocyte_1,oligodendrocyte_1,oligodendrocyte_progenitor_2,False,False,False,0.4088346394275782,0.4088346394275782,0.08057199211045366,0.4088346394275782,dataset_AP,2
2795584800670100065,20240610,2,astrocyte_2,astrocyte_2,oligodendrocyte_1,False,False,False,0.3155202805179646,0.3155202805179646,0.0610547810167582,0.3155202805179646,dataset_AP,5
2795584800671100252,20240610,2,meninges_1,meninges_1,oligodendrocyte_1,False,False,False,0.5932802318488554,0.5932802318488554,0.011745698470264227,0.5932802318488554,dataset_AP,1
2795584800674100123,20240610,2,oligodendrocyte_1,oligodendrocyte_1,oligodendrocyte_1,False,True,True,0.5053714256514393,0.5053714256514393,0.11520912547528517,0.5053714256514392,dataset_AP,5
2795584800677100046,20240610,2,astrocyte_2,astrocyte_2,astrocyte_2,False,True,True,0.44967186130290004,0.44967186130290004,0.04793283639437485,0.44967186130290004,dataset_AP,2
2795584800679100065,20240610,3,oligodendrocyte_2,oligodendrocyte_2,oligodendrocyte_2,False,True,True,0.9112088774317177,0.9112088774317177,0.13109044801352493,0.9112088774317177,dataset_AP,3
2795584800696100219,20240610,1,oligodendrocyte_progenitor_2,oligodendrocyte_progenitor_2,oligodendrocyte_progenitor_2,False,True,True,0.9239768999694636,0.9239768999694636,0.22175204764435721,0.9239768999694634,dataset_AP,4
2795584800700100066,20240610,4,oligodendrocyte_2,oligodendrocyte_2,oligodendrocyte_2,False,True,True,0.5681261485369871,0.5681261485369871,0.12136527458313123,0.5681261485369872,dataset_AP,4
2795584800701100074,20240610,4,oligodendrocyte_1,oligodendrocyte_1,oligodendrocyte_1,False,True,True,0.3769102836571853,0.3769102836571853,0.10393317090149669,0.3769102836571853,dataset_AP,1
2795584800702100110,20240610,4,oligodendrocyte_2,oligodendrocyte_2,oligodendrocyte_2,False,True,True,0.9909340415571832,0.9909340415571832,0.13381526858501933,0.9909340415571832,dataset_AP,5
2795584800705100012,20240610,2,oligodendrocyte_2,oligodendrocyte_2,oligodendrocyte_2,False,True,True,0.9833167589208117,0.9833167589208117,0.1297687180411014,0.9833167589208117,dataset_AP,3
2795584800708200047,20240610,2,oligodendrocyte_progenitor_2,oligodendrocyte_progenitor_2,oligodendrocyte_progenitor_2,False,True,True,0.27930887973146534,0.27930887973146534,0.26851710710474896,0.27930887973146534,dataset_AP,3
2795584800711100162,20240610,2,endothelial,endothelial,endothelial,False,True,True,0.40672201814363595,0.40672201814363595,0.10329173021703794,0.406722018143636,dataset_AP,4
2795584800711100172,20240610,2,meninges_1,meninges_1,oligodendrocyte_progenitor_2,False,False,False,0.5467529153475933,0.5467529153475933,0.020468948035487957,0.5467529153475933,dataset_AP,5
2795584800713100064,20240610,3,astrocyte_2,astrocyte_2,endothelial,False,False,False,0.7909593979824477,0.7909593979824477,0.11895906291510688,0.7909593979824479,dataset_AP,2
2795584800714100018,20240610,3,astrocyte_2,astrocyte_2,astrocyte_2,False,True,True,0.8417319552296348,0.8417319552296348,0.11895906291510688,0.8417319552296348,dataset_AP,2
2795584800715100014,20240610,3,oligodendrocyte_progenitor_2,oligodendrocyte_progenitor_2,oligodendrocyte_progenitor_2,False,True,True,0.8461433712838211,0.8461433712838211,0.30935783692437685,0.8461433712838211,dataset_AP,5
2795584800715100032,20240610,3,oligodendrocyte_2,oligodendrocyte_2,oligodendrocyte_2,False,True,True,0.6665133394405499,0.6665133394405499,0.169025480014491,0.66651333944055,dataset_AP,2
2795584800740100020,20240610,4,Schwann_cell,Schwann_cell,Schwann_cell,False,True,True,0.5805622671642301,0.5805622671642301,0.015283567007704939,0.5805622671642302,dataset_AP,3
2795584800741100095,20240610,4,Schwann_cell,Schwann_cell,Schwann_cell,False,True,True,0.9666266881948996,0.9666266881948996,0.016413963604500148,0.9666266881948997,dataset_AP,5
2795584800747100097,20240610,2,endothelial,endothelial,endothelial,False,True,True,0.41631306550345665,0.41631306550345665,0.1062975486052409,0.41631306550345665,dataset_AP,1
2795584800747100174,20240610,2,oligodendrocyte_2,oligodendrocyte_2,oligodendrocyte_2,False,True,True,0.5182761755275509,0.5182761755275509,0.11961115807269654,0.5182761755275509,dataset_AP,1
2795584800748200051,20240610,2,oligodendrocyte_2,oligodendrocyte_2,oligodendrocyte_2,False,True,True,0.8974839878460656,0.8974839878460656,0.1297687180411014,0.8974839878460654,dataset_AP,3
2795584800750100007,20240610,3,astrocyte_2,astrocyte_2,astrocyte_2,False,True,True,0.9980295785568413,0.9980295785568413,0.11658217152513731,0.998029578556841,dataset_AP,5
2795903600031100202,20240613,3,oligodendrocyte_1,oligodendrocyte_1,endothelial,False,False,False,0.5553788236145591,0.5553788236145591,0.14482491027257735,0.5553788236145591,dataset_AP,1
2795903600057100096,20240613,3,oligodendrocyte_1,oligodendrocyte_1,oligodendrocyte_progenitor_2,False,False,False,0.4628434237576414,0.4628434237576414,0.14507999123383739,0.4628434237576414,dataset_AP,3
2795903600089100200,20240613,2,astrocyte_2,astrocyte_2,astrocyte_1,False,False,False,0.7973150380691012,0.7973150380691012,0.08328775297101089,0.7973150380691012,dataset_AP,3
2795903600112100070,20240613,2,oligodendrocyte_2,oligodendrocyte_2,oligodendrocyte_2,False,True,True,0.9977408881542431,0.9977408881542431,0.1265547639174013,0.9977408881542433,dataset_AP,2
2795903600114100055,20240613,2,endothelial,endothelial,oligodendrocyte_1,False,False,False,0.3574370988291004,0.3574370988291004,0.07837249358161906,0.35743709882910035,dataset_AP,4
2795903600114100248,20240613,2,astrocyte_1,astrocyte_1,astrocyte_1,False,True,True,0.8722561596933192,0.8722561596933192,0.20209268418193774,0.8722561596933194,dataset_AP,5
2795903600114100254,20240613,2,astrocyte_1,astrocyte_1,astrocyte_1,False,True,True,0.7943193583390353,0.7943193583390353,0.22214097689382858,0.7943193583390353,dataset_AP,4
2795903600115100030,20240613,2,oligodendrocyte_1,oligodendrocyte_1,oligodendrocyte_progenitor_2,False,False,False,0.5528191481813794,0.5528191481813794,0.1384876435781413,0.5528191481813796,dataset_AP,3
2795903600115100200,20240613,2,oligodendrocyte_progenitor_2,oligodendrocyte_progenitor_2,astrocyte_1,False,False,False,0.31930882418353884,0.31930882418353884,0.2988618567966177,0.31930882418353884,dataset_AP,5
2795903600115100201,20240613,2,oligodendrocyte_1,oligodendrocyte_1,oligodendrocyte_1,False,True,True,0.43310883577190373,0.43310883577190373,0.10907587887225896,0.43310883577190373,dataset_AP,1
2795903600140100177,20240613,2,oligodendrocyte_precursor_cell,oligodendrocyte_precursor_cell,astrocyte_1,False,False,False,0.679114948393077,0.679114948393077,0.013111815887987086,0.679114948393077,dataset_AP,2
2795903600141100184,20240613,2,oligodendrocyte_2,oligodendrocyte_2,oligodendrocyte_progenitor_2,False,False,False,0.8402142004474475,0.8402142004474475,0.09653411094275613,0.8402142004474475,dataset_AP,5
2795903600143100135,20240613,2,astrocyte_1,astrocyte_1,astrocyte_1,False,True,True,0.6468948913337179,0.6468948913337179,0.20209268418193774,0.646894891333718,dataset_AP,5
2795903600143100345,20240613,2,oligodendrocyte_1,oligodendrocyte_1,oligodendrocyte_1,False,True,True,0.3795696510432197,0.3795696510432197,0.13409262801975352,0.3795696510432197,dataset_AP,2
2795903600144100058,20240613,2,astrocyte_2,astrocyte_2,astrocyte_2,False,True,True,0.9227327017735838,0.9227327017735838,0.08328775297101089,0.922732701773584,dataset_AP,3
2795903600158100065,20240613,3,oligodendrocyte_progenitor_2,oligodendrocyte_progenitor_2,oligodendrocyte_progenitor_2,False,True,True,0.5011273620345948,0.5011273620345948,0.3228924921232613,0.5011273620345948,dataset_AP,2
2795903600166100037,20240613,2,astrocyte_2,astrocyte_2,oligodendrocyte_progenitor_2,False,False,False,0.3117365215574067,0.3117365215574067,0.0626058174587292,0.3117365215574067,dataset_AP,5
2795903600167100157,20240613,2,astrocyte_2,astrocyte_2,astrocyte_1,False,False,False,0.30012960533384847,0.30012960533384847,0.07593481179454031,0.30012960533384847,dataset_AP,1
2795903600168100312,20240613,2,endothelial,endothelial,endothelial,False,True,True,0.6851001413148213,0.6851001413148213,0.0690292934364652,0.6851001413148213,dataset_AP,2
2795903600169100089,20240613,2,endothelial,endothelial,oligodendrocyte_progenitor_2,False,False,False,0.5939127925991968,0.5939127925991968,0.06015364725771965,0.5939127925991968,dataset_AP,1
2795903600185100124,20240613,3,oligodendrocyte_1,oligodendrocyte_1,oligodendrocyte_progenitor_2,False,False,False,0.31045192701372765,0.31045192701372765,0.14507999123383739,0.31045192701372765,dataset_AP,3
2795903600185200054,20240613,3,oligodendrocyte_progenitor_2,oligodendrocyte_progenitor_2,oligodendrocyte_progenitor_2,False,True,True,0.5971312122943966,0.5971312122943966,0.3228924921232613,0.5971312122943965,dataset_AP,2
2795903600186100093,20240613,3,astrocyte_2,astrocyte_2,astrocyte_2,False,True,True,0.9562209474425905,0.9562209474425905,0.060493352801045105,0.9562209474425906,dataset_AP,2
2795903600193100019,20240613,2,oligodendrocyte_1,oligodendrocyte_1,oligodendrocyte_progenitor_2,False,False,False,0.6491165612242733,0.6491165612242733,0.13409262801975352,0.6491165612242734,dataset_AP,2
2795903600194100088,20240613,2,oligodendrocyte_1,oligodendrocyte_1,oligodendrocyte_progenitor_2,False,False,False,0.609014981554782,0.609014981554782,0.14487341977836277,0.609014981554782,dataset_AP,4
2795903600194100139,20240613,2,astrocyte_1,astrocyte_1,astrocyte_1,False,True,True,0.8802657449039575,0.8802657449039575,0.20209268418193774,0.8802657449039573,dataset_AP,5
2795903600212100125,20240613,3,oligodendrocyte_2,oligodendrocyte_2,oligodendrocyte_2,False,True,True,0.9017986611079332,0.9017986611079332,0.12651451112989576,0.9017986611079333,dataset_AP,3
2795903600212200113,20240613,3,oligodendrocyte_progenitor_2,oligodendrocyte_progenitor_2,oligodendrocyte_progenitor_2,False,True,True,0.6944898667200138,0.6944898667200138,0.3073545402286909,0.6944898667200138,dataset_AP,4
2795903600215100042,20240613,2,oligodendrocyte_2,oligodendrocyte_2,oligodendrocyte_2,False,True,True,0.9050259505747651,0.9050259505747651,0.09653411094275613,0.9050259505747649,dataset_AP,5
2795903600220100034,20240613,2,astrocyte_1,astrocyte_1,astrocyte_1,False,True,True,0.7518682648803939,0.7518682648803939,0.20209268418193774,0.7518682648803937,dataset_AP,5
2795903600238100008,20240613,3,oligodendrocyte_2,oligodendrocyte_2,oligodendrocyte_2,False,True,True,0.8554692176270365,0.8554692176270365,0.12651451112989576,0.8554692176270365,dataset_AP,3
2795903600241100054,20240613,2,oligodendrocyte_2,oligodendrocyte_2,oligodendrocyte_2,False,True,True,0.924427870905078,0.924427870905078,0.10905723236039978,0.9244278709050782,dataset_AP,1
2795903600241200127,20240613,2,endothelial,endothelial,endothelial,False,True,True,0.8290936847541851,0.8290936847541851,0.07654116279291384,0.8290936847541853,dataset_AP,5
2795903600242100166,20240613,2,oligodendrocyte_1,oligodendrocyte_1,oligodendrocyte_progenitor_2,False,False,False,0.5426408203830907,0.5426408203830907,0.1384876435781413,0.5426408203830907,dataset_AP,3
2795903600242100254,20240613,2,astrocyte_1,astrocyte_1,astrocyte_1,False,True,True,0.8201080280476274,0.8201080280476274,0.20956024888934086,0.8201080280476274,dataset_AP,2
2795903600243100183,20240613,2,oligodendrocyte_1,oligodendrocyte_1,oligodendrocyte_progenitor_2,False,False,False,0.32290689617466684,0.32290689617466684,0.1716172560679265,0.32290689617466684,dataset_AP,5
2795903600246100041,20240613,2,oligodendrocyte_2,oligodendrocyte_2,oligodendrocyte_2,False,True,True,0.9170724738972278,0.9170724738972278,0.09653411094275613,0.9170724738972278,dataset_AP,5
2795903600267100066,20240613,2,oligodendrocyte_progenitor_1,oligodendrocyte_progenitor_1,oligodendrocyte_progenitor_1,False,True,True,0.6158012293823799,0.6158012293823799,0.01751631826819797,0.6158012293823799,dataset_AP,2
2795903600267100112,20240613,2,oligodendrocyte_1,oligodendrocyte_1,oligodendrocyte_1,False,True,True,0.3871648689677372,0.3871648689677372,0.10907587887225896,0.3871648689677372,dataset_AP,1
2795903600267100238,20240613,2,oligodendrocyte_progenitor_2,oligodendrocyte_progenitor_2,oligodendrocyte_progenitor_2,False,True,True,0.5534261770969215,0.5534261770969215,0.321695838098553,0.5534261770969215,dataset_AP,1
2795903600268100244,20240613,2,pericyte,pericyte,endothelial,False,False,False,0.45341646609885605,0.45341646609885605,0.0019889612649793644,0.45341646609885594,dataset_AP,1
2795903600268100291,20240613,2,oligodendrocyte_precursor_cell,oligodendrocyte_precursor_cell,oligodendrocyte_progenitor_2,False,False,False,0.9610017978239782,0.9610017978239782,0.02879659419583374,0.961001797823978,dataset_AP,4
2795903600269100167,20240613,2,oligodendrocyte_2,oligodendrocyte_2,oligodendrocyte_2,False,True,True,0.7222417369094459,0.7222417369094459,0.11641017353687037,0.722241736909446,dataset_AP,3
2795903600269100183,20240613,2,oligodendrocyte_progenitor_2,oligodendrocyte_progenitor_2,oligodendrocyte_progenitor_2,False,True,True,0.4344916231475098,0.4344916231475098,0.30645930125398024,0.4344916231475098,dataset_AP,2
2795903600294100147,20240613,2,astrocyte_2,astrocyte_2,oligodendrocyte_progenitor_2,False,False,False,0.693750603157531,0.693750603157531,0.08328775297101089,0.693750603157531,dataset_AP,3
2795903600299100132,20240613,4,oligodendrocyte_2,oligodendrocyte_2,oligodendrocyte_2,False,True,True,0.5167379459862708,0.5167379459862708,0.10268124699108871,0.5167379459862709,dataset_AP,4
2795903600301100052,20240613,4,astrocyte_1,astrocyte_1,astrocyte_2,False,False,False,0.5535495286649024,0.5535495286649024,0.2723610356690204,0.5535495286649025,dataset_AP,5
2795903600302100045,20240613,4,meninges_2,meninges_2,meninges_3,False,False,False,0.4157922325645979,0.4157922325645979,0.014533543379697226,0.4157922325645979,dataset_AP,1
2795903600302100050,20240613,4,meninges_2,meninges_2,meninges_1,False,False,False,0.6036840900707423,0.6036840900707423,0.015224213893415415,0.6036840900707424,dataset_AP,5
2795903600320100064,20240613,2,oligodendrocyte_1,oligodendrocyte_1,oligodendrocyte_progenitor_2,False,False,False,0.5348963166083203,0.5348963166083203,0.1384876435781413,0.5348963166083203,dataset_AP,3
2795903600320100084,20240613,2,oligodendrocyte_1,oligodendrocyte_1,oligodendrocyte_progenitor_2,False,False,False,0.276809654518972,0.276809654518972,0.1384876435781413,0.276809654518972,dataset_AP,3
2795903600321100032,20240613,2,oligodendrocyte_1,oligodendrocyte_1,astrocyte_1,False,False,False,0.33672197255498054,0.33672197255498054,0.14487341977836277,0.3367219725549806,dataset_AP,4
2795903600322100199,20240613,2,astrocyte_2,astrocyte_2,astrocyte_1,False,False,False,0.495339432604367,0.495339432604367,0.08328775297101089,0.495339432604367,dataset_AP,3
2795903600322100214,20240613,2,astrocyte_1,astrocyte_1,astrocyte_1,False,True,True,0.7041515525950641,0.7041515525950641,0.22214097689382858,0.7041515525950641,dataset_AP,4
2795903600323100066,20240613,2,oligodendrocyte_1,oligodendrocyte_1,astrocyte_2,False,False,False,0.3163177053903668,0.3163177053903668,0.14487341977836277,0.3163177053903668,dataset_AP,4
2795903600346100094,20240613,2,astrocyte_1,astrocyte_1,astrocyte_1,False,True,True,0.8816189639267775,0.8816189639267775,0.22214097689382858,0.8816189639267777,dataset_AP,4
2795903600346100138,20240613,2,oligodendrocyte_1,oligodendrocyte_1,oligodendrocyte_progenitor_2,False,False,False,0.5224626695687816,0.5224626695687816,0.14487341977836277,0.5224626695687816,dataset_AP,4
2795903600346100148,20240613,2,oligodendrocyte_1,oligodendrocyte_1,oligodendrocyte_progenitor_2,False,False,False,0.42710483916175357,0.42710483916175357,0.14487341977836277,0.42710483916175357,dataset_AP,4
2795903600346100205,20240613,2,oligodendrocyte_2,oligodendrocyte_2,oligodendrocyte_2,False,True,True,0.9930746190022406,0.9930746190022406,0.09653411094275613,0.9930746190022406,dataset_AP,5
2795903600346200057,20240613,2,oligodendrocyte_progenitor_1,oligodendrocyte_progenitor_1,oligodendrocyte_precursor_cell,False,False,False,0.2786443107736882,0.2786443107736882,0.01751631826819797,0.2786443107736882,dataset_AP,2
2795903600347100087,20240613,2,oligodendrocyte_progenitor_2,oligodendrocyte_progenitor_2,oligodendrocyte_progenitor_2,False,True,True,0.8871333037136859,0.8871333037136859,0.26729713041500114,0.8871333037136861,dataset_AP,4
2795903600348100067,20240613,2,oligodendrocyte_1,oligodendrocyte_1,oligodendrocyte_1,False,True,True,0.4236099439957896,0.4236099439957896,0.1384876435781413,0.4236099439957896,dataset_AP,3
2795903600348100132,20240613,2,oligodendrocyte_2,oligodendrocyte_2,oligodendrocyte_2,False,True,True,0.7234398291851427,0.7234398291851427,0.10905723236039978,0.7234398291851427,dataset_AP,1
2795903600352100050,20240613,4,oligodendrocyte_1,oligodendrocyte_1,endothelial,False,False,False,0.6320299311443985,0.6320299311443985,0.06783191361845531,0.6320299311443986,dataset_AP,4
2795903600353100108,20240613,4,ependymal,ependymal,ependymal,False,True,True,0.9063641886305358,0.9063641886305358,0.0008669831155038255,0.9063641886305356,dataset_AP,2
2795903600353100272,20240613,4,oligodendrocyte_progenitor_2,oligodendrocyte_progenitor_2,oligodendrocyte_progenitor_2,False,True,True,0.8501292235897258,0.8501292235897258,0.25289101109244355,0.850129223589726,dataset_AP,4
2795903600353100318,20240613,4,oligodendrocyte_1,oligodendrocyte_1,endothelial,False,False,False,0.40667527690317745,0.40667527690317745,0.04915794264906691,0.40667527690317745,dataset_AP,2
2795903600353200105,20240613,4,oligodendrocyte_1,oligodendrocyte_1,microglia,False,False,False,0.3963484558646453,0.3963484558646453,0.07428608181116543,0.3963484558646453,dataset_AP,3
2795903600354100114,20240613,4,oligodendrocyte_progenitor_2,oligodendrocyte_progenitor_2,oligodendrocyte_progenitor_2,False,True,True,0.9079731646616112,0.9079731646616112,0.22768060342024837,0.9079731646616112,dataset_AP,2
2795903600354100169,20240613,4,oligodendrocyte_progenitor_2,oligodendrocyte_progenitor_2,oligodendrocyte_progenitor_2,False,True,True,0.9847644885396106,0.9847644885396106,0.21307538615230923,0.9847644885396106,dataset_AP,1
2795903600354100173,20240613,4,astrocyte_1,astrocyte_1,astrocyte_1,False,True,True,0.41338289552557783,0.41338289552557783,0.21599470763350362,0.41338289552557783,dataset_AP,3
2795903600355200166,20240613,4,Schwann_cell,Schwann_cell,Schwann_cell,False,True,True,0.9493213553542675,0.9493213553542675,0.015827750618625142,0.9493213553542675,dataset_AP,5
2795903600371100109,20240613,2,Schwann_cell,Schwann_cell,Schwann_cell,False,True,True,0.9997448088339119,0.9997448088339119,0.009996474074921144,0.9997448088339121,dataset_AP,5
2795903600372100097,20240613,2,astrocyte_1,astrocyte_1,astrocyte_1,False,True,True,0.4976073890827911,0.4976073890827911,0.20956024888934086,0.4976073890827912,dataset_AP,2
2795903600374100028,20240613,2,astrocyte_2,astrocyte_2,oligodendrocyte_progenitor_2,False,False,False,0.4449851082657833,0.4449851082657833,0.07937018621429268,0.44498510826578336,dataset_AP,4
2795903600374100128,20240613,2,oligodendrocyte_progenitor_2,oligodendrocyte_progenitor_2,astrocyte_2,False,False,False,0.5568778524086083,0.5568778524086083,0.2988618567966177,0.5568778524086083,dataset_AP,5
2795903600379100167,20240613,4,oligodendrocyte_precursor_cell,oligodendrocyte_precursor_cell,astrocyte_1,False,False,False,0.5312167813913976,0.5312167813913976,0.031180358103435026,0.5312167813913977,dataset_AP,1
2795903600380200032,20240613,4,oligodendrocyte_progenitor_2,oligodendrocyte_progenitor_2,oligodendrocyte_2,False,False,False,0.3974314495770905,0.3974314495770905,0.22768060342024837,0.3974314495770906,dataset_AP,2
2795903600381100038,20240613,4,astrocyte_2,astrocyte_2,oligodendrocyte_1,False,False,False,0.7648607409646019,0.7648607409646019,0.0939376205648395,0.7648607409646019,dataset_AP,2
2795903600400100035,20240613,4,oligodendrocyte_2,oligodendrocyte_2,oligodendrocyte_2,False,True,True,0.9060848345778381,0.9060848345778381,0.11322799488479962,0.9060848345778378,dataset_AP,2
2795903600401200061,20240613,4,microglia,microglia,microglia,False,True,True,0.9999657895683441,0.9999657895683441,0.01834753018184971,0.9999657895683441,dataset_AP,2
2795903600402100076,20240613,4,oligodendrocyte_precursor_cell,oligodendrocyte_precursor_cell,oligodendrocyte_2,False,False,False,0.4926576932513965,0.4926576932513965,0.03190182843556263,0.4926576932513964,dataset_AP,4
2795903600408100072,20240613,1,oligodendrocyte_2,oligodendrocyte_2,oligodendrocyte_2,False,True,True,0.9956452016140013,0.9956452016140013,0.10124614839255039,0.9956452016140013,dataset_AP,2
2795903600409100079,20240613,1,oligodendrocyte_precursor_cell,oligodendrocyte_precursor_cell,astrocyte_2,False,False,False,0.7996639458412599,0.7996639458412599,0.06210330354394383,0.7996639458412599,dataset_AP,1
2795903600410100025,20240613,1,oligodendrocyte_progenitor_1,oligodendrocyte_progenitor_1,oligodendrocyte_precursor_cell,False,False,False,0.6458402832007285,0.6458402832007285,0.029169292711024305,0.6458402832007285,dataset_AP,4
2795903600410100164,20240613,1,oligodendrocyte_progenitor_2,oligodendrocyte_progenitor_2,oligodendrocyte_progenitor_2,False,True,True,0.8722979303295331,0.8722979303295331,0.20421715037099653,0.8722979303295332,dataset_AP,3
2795903600411100019,20240613,1,Schwann_cell,Schwann_cell,peripheral_glia,False,False,False,0.8725439167321065,0.8725439167321065,0.01338810949404892,0.8725439167321066,dataset_AP,5
2795903600427100147,20240613,4,oligodendrocyte_precursor_cell,oligodendrocyte_precursor_cell,astrocyte_1,False,False,False,0.4415765289903539,0.4415765289903539,0.029824690359807417,0.4415765289903539,dataset_AP,3
2795903600427100241,20240613,4,astrocyte_2,astrocyte_2,oligodendrocyte_progenitor_2,False,False,False,0.8833792215508235,0.8833792215508235,0.0939376205648395,0.8833792215508237,dataset_AP,2
2795903600428100037,20240613,4,oligodendrocyte_2,oligodendrocyte_2,oligodendrocyte_2,False,True,True,0.965669122113339,0.965669122113339,0.12903615184984008,0.9656691221133388,dataset_AP,5
2795903600428100079,20240613,4,oligodendrocyte_2,oligodendrocyte_2,oligodendrocyte_2,False,True,True,0.6550882153614788,0.6550882153614788,0.10268124699108871,0.6550882153614788,dataset_AP,4
2795903600434100226,20240613,1,microglia,microglia,oligodendrocyte_2,False,False,False,0.9459683299786028,0.9459683299786028,0.00781926350710244,0.9459683299786029,dataset_AP,4
2795903600435100030,20240613,1,astrocyte_1,astrocyte_1,oligodendrocyte_precursor_cell,False,False,False,0.7556022565363291,0.7556022565363291,0.19928618390156852,0.7556022565363291,dataset_AP,3
2795903600435200091,20240613,1,oligodendrocyte_progenitor_2,oligodendrocyte_progenitor_2,oligodendrocyte_progenitor_2,False,True,True,0.5200434294983777,0.5200434294983777,0.21694613191925374,0.5200434294983777,dataset_AP,5
2795903600436100138,20240613,1,oligodendrocyte_progenitor_2,oligodendrocyte_progenitor_2,oligodendrocyte_progenitor_2,False,True,True,0.9748150361307664,0.9748150361307664,0.21821175711793764,0.9748150361307664,dataset_AP,1
2795903600436100270,20240613,1,endothelial,endothelial,endothelial,False,True,True,0.9343822844950694,0.9343822844950694,0.11216305062458909,0.9343822844950694,dataset_AP,3
2795903600437100021,20240613,1,oligodendrocyte_progenitor_2,oligodendrocyte_progenitor_2,oligodendrocyte_progenitor_2,False,True,True,0.9940260740993686,0.9940260740993686,0.20421715037099653,0.9940260740993686,dataset_AP,3
2795903600437100058,20240613,1,pericyte,pericyte,astrocyte_1,False,False,False,0.4202369840268673,0.4202369840268673,0.0073010600741032095,0.4202369840268673,dataset_AP,5
2795903600437100147,20240613,1,astrocyte_1,astrocyte_1,astrocyte_1,False,True,True,0.4221652617623898,0.4221652617623898,0.20152091254752852,0.4221652617623898,dataset_AP,4
2795903600437100221,20240613,1,astrocyte_1,astrocyte_1,astrocyte_1,False,True,True,0.9958968830444628,0.9958968830444628,0.2189104803600135,0.9958968830444626,dataset_AP,1
2795903600437100233,20240613,1,oligodendrocyte_progenitor_2,oligodendrocyte_progenitor_2,oligodendrocyte_progenitor_2,False,True,True,0.9420867912130235,0.9420867912130235,0.20300584444505038,0.9420867912130235,dataset_AP,2
2795903600438100181,20240613,1,pericyte,pericyte,pericyte,False,True,True,0.8556016895082871,0.8556016895082871,0.007058326289095519,0.8556016895082871,dataset_AP,3
2795903600438100226,20240613,1,oligodendrocyte_progenitor_1,oligodendrocyte_progenitor_1,oligodendrocyte_progenitor_1,False,True,True,0.9999173121725454,0.9999173121725454,0.024882362367612137,0.9999173121725459,dataset_AP,5
2795903600453100052,20240613,4,oligodendrocyte_1,oligodendrocyte_1,astrocyte_1,False,False,False,0.35487882546333543,0.35487882546333543,0.04915794264906691,0.3548788254633354,dataset_AP,2
2795903600454100089,20240613,4,oligodendrocyte_progenitor_2,oligodendrocyte_progenitor_2,oligodendrocyte_progenitor_2,False,True,True,0.2567057825049732,0.2567057825049732,0.21307538615230923,0.2567057825049733,dataset_AP,1
2795903600454100124,20240613,4,pericyte,pericyte,astrocyte_1,False,False,False,0.37079548292123243,0.37079548292123243,0.0032188625344518875,0.37079548292123243,dataset_AP,5
2795903600454100196,20240613,4,oligodendrocyte_2,oligodendrocyte_2,oligodendrocyte_2,False,True,True,0.5294235072746797,0.5294235072746797,0.10686721305450403,0.5294235072746797,dataset_AP,3
2795903600454100235,20240613,4,astrocyte_1,astrocyte_1,astrocyte_1,False,True,True,0.7526197954387821,0.7526197954387821,0.25476298849079915,0.7526197954387822,dataset_AP,2
2795903600455100171,20240613,4,astrocyte_2,astrocyte_2,astrocyte_1,False,False,False,0.7283371939188097,0.7283371939188097,0.05021074660300056,0.7283371939188097,dataset_AP,4
2795903600461100026,20240613,1,oligodendrocyte_progenitor_2,oligodendrocyte_progenitor_2,oligodendrocyte_progenitor_2,False,True,True,0.5072662532663326,0.5072662532663326,0.20421715037099653,0.5072662532663326,dataset_AP,3
2795903600461100105,20240613,1,oligodendrocyte_progenitor_2,oligodendrocyte_progenitor_2,oligodendrocyte_progenitor_2,False,True,True,0.9542147330796619,0.9542147330796619,0.21821175711793764,0.9542147330796616,dataset_AP,1
2795903600461100149,20240613,1,astrocyte_1,astrocyte_1,astrocyte_1,False,True,True,0.8705279018770851,0.8705279018770851,0.2036102854961416,0.8705279018770851,dataset_AP,2
2795903600462100044,20240613,1,astrocyte_1,astrocyte_1,astrocyte_1,False,True,True,0.5899527708005962,0.5899527708005962,0.2189104803600135,0.5899527708005962,dataset_AP,1
2795903600462100093,20240613,1,oligodendrocyte_precursor_cell,oligodendrocyte_precursor_cell,endothelial,False,False,False,0.78594999273203,0.78594999273203,0.07323883474401371,0.78594999273203,dataset_AP,5
2795903600463100030,20240613,1,astrocyte_1,astrocyte_1,astrocyte_1,False,True,True,0.7145722276174902,0.7145722276174902,0.19928618390156852,0.7145722276174902,dataset_AP,3
2795903600463100037,20240613,1,oligodendrocyte_2,oligodendrocyte_2,oligodendrocyte_2,False,True,True,0.9981324218016668,0.9981324218016668,0.08528182043325612,0.9981324218016668,dataset_AP,5
2795903600463100104,20240613,1,astrocyte_1,astrocyte_1,astrocyte_1,False,True,True,0.5827542294714951,0.5827542294714951,0.2036102854961416,0.5827542294714951,dataset_AP,2
2795903600463100194,20240613,1,oligodendrocyte_1,oligodendrocyte_1,oligodendrocyte_1,False,True,True,0.3631000954816536,0.3631000954816536,0.11464924581865445,0.3631000954816536,dataset_AP,1
2795903600463100205,20240613,1,oligodendrocyte_precursor_cell,oligodendrocyte_precursor_cell,pericyte,False,False,False,0.38843333278245484,0.38843333278245484,0.07323883474401371,0.38843333278245473,dataset_AP,5
2795903600464200107,20240613,1,oligodendrocyte_2,oligodendrocyte_2,endothelial,False,False,False,0.9476654822737449,0.9476654822737449,0.09151320000586341,0.947665482273745,dataset_AP,1
2795903600480100040,20240613,4,oligodendrocyte_precursor_cell,oligodendrocyte_precursor_cell,astrocyte_1,False,False,False,0.6204456026519123,0.6204456026519123,0.031180358103435026,0.6204456026519123,dataset_AP,1
2795903600481100047,20240613,4,oligodendrocyte_precursor_cell,oligodendrocyte_precursor_cell,astrocyte_1,False,False,False,0.7429453032476238,0.7429453032476238,0.03190182843556263,0.7429453032476238,dataset_AP,4
2795903600481100068,20240613,4,astrocyte_1,astrocyte_1,astrocyte_1,False,True,True,0.7426280317086971,0.7426280317086971,0.2144490125259356,0.7426280317086972,dataset_AP,1
2795903600481100163,20240613,4,astrocyte_2,astrocyte_2,astrocyte_1,False,False,False,0.9465200566829391,0.9465200566829391,0.09462652731883502,0.9465200566829395,dataset_AP,1
2795903600488100062,20240613,1,oligodendrocyte_2,oligodendrocyte_2,oligodendrocyte_2,False,True,True,0.48030345654119283,0.48030345654119283,0.08528182043325612,0.48030345654119283,dataset_AP,5
2795903600489100060,20240613,1,astrocyte_1,astrocyte_1,astrocyte_1,False,True,True,0.6460533438594099,0.6460533438594099,0.20152091254752852,0.64605334385941,dataset_AP,4
2795903600489100085,20240613,1,astrocyte_1,astrocyte_1,astrocyte_1,False,True,True,0.8806104642515159,0.8806104642515159,0.19928618390156852,0.8806104642515159,dataset_AP,3
2795903600489100136,20240613,1,oligodendrocyte_2,oligodendrocyte_2,oligodendrocyte_2,False,True,True,0.7716058849452887,0.7716058849452887,0.08528182043325612,0.7716058849452887,dataset_AP,5
2795903600489100162,20240613,1,pericyte,pericyte,astrocyte_1,False,False,False,0.4215001813092152,0.4215001813092152,0.007058326289095519,0.4215001813092152,dataset_AP,3
2795903600489200147,20240613,1,oligodendrocyte_1,oligodendrocyte_1,oligodendrocyte_1,False,True,True,0.43371111431717413,0.43371111431717413,0.125431580787553,0.4337111143171742,dataset_AP,5
2795903600491200037,20240613,1,oligodendrocyte_2,oligodendrocyte_2,oligodendrocyte_2,False,True,True,0.518752786796775,0.518752786796775,0.08528182043325612,0.5187527867967751,dataset_AP,5
2795903600515100071,20240613,1,oligodendrocyte_1,oligodendrocyte_1,endothelial,False,False,False,0.6748633062066965,0.6748633062066965,0.11464924581865445,0.6748633062066965,dataset_AP,1
2795903600515200029,20240613,1,endothelial,endothelial,endothelial,False,True,True,0.7087363249621372,0.7087363249621372,0.12124821948421026,0.7087363249621373,dataset_AP,4
2795903600516100102,20240613,1,oligodendrocyte_1,oligodendrocyte_1,oligodendrocyte_progenitor_2,False,False,False,0.603360930813057,0.603360930813057,0.12477346760211562,0.6033609308130569,dataset_AP,4
2795903600516100151,20240613,1,oligodendrocyte_1,oligodendrocyte_1,endothelial,False,False,False,0.361287301790131,0.361287301790131,0.125431580787553,0.361287301790131,dataset_AP,5
2795903600517100056,20240613,1,oligodendrocyte_progenitor_2,oligodendrocyte_progenitor_2,oligodendrocyte_progenitor_2,False,True,True,0.8440810298365626,0.8440810298365626,0.20300584444505038,0.8440810298365627,dataset_AP,2
2795903600517100085,20240613,1,endothelial,endothelial,endothelial,False,True,True,0.2802494738105739,0.2802494738105739,0.11087223137023047,0.28024947381057397,dataset_AP,1
2795903600518100091,20240613,1,meninges_2,meninges_2,meninges_1,False,False,False,0.5103023218036661,0.5103023218036661,0.03608525268417755,0.5103023218036661,dataset_AP,5
2795903600518100164,20240613,1,astrocyte_1,astrocyte_1,astrocyte_2,False,False,False,0.8911234773809645,0.8911234773809645,0.2189104803600135,0.8911234773809643,dataset_AP,1
2795903600540100023,20240613,1,oligodendrocyte_progenitor_2,oligodendrocyte_progenitor_2,oligodendrocyte_progenitor_2,False,True,True,0.8221795996556923,0.8221795996556923,0.20300584444505038,0.8221795996556923,dataset_AP,2
2795903600541100153,20240613,1,oligodendrocyte_progenitor_2,oligodendrocyte_progenitor_2,oligodendrocyte_progenitor_2,False,True,True,0.9859081422457245,0.9859081422457245,0.21694613191925374,0.9859081422457243,dataset_AP,5
2795903600541100227,20240613,1,oligodendrocyte_progenitor_2,oligodendrocyte_progenitor_2,oligodendrocyte_progenitor_2,False,True,True,0.9537309525181586,0.9537309525181586,0.21694613191925374,0.9537309525181586,dataset_AP,5
2795903600544100053,20240613,1,meninges_1,meninges_1,meninges_1,False,True,True,0.9659604380172628,0.9659604380172628,0.03135789519688825,0.9659604380172628,dataset_AP,5
2795903600570100068,20240613,1,Schwann_cell,Schwann_cell,Schwann_cell,False,True,True,0.9815146030025569,0.9815146030025569,0.01338810949404892,0.9815146030025569,dataset_AP,5
2795903600570100094,20240613,1,meninges_1,meninges_1,meninges_2,False,False,False,0.9834204885186422,0.9834204885186422,0.040088530162971855,0.9834204885186422,dataset_AP,2
2795903600570200068,20240613,1,Schwann_cell,Schwann_cell,peripheral_glia,False,False,False,0.9660743645547719,0.9660743645547719,0.01252510929930285,0.9660743645547719,dataset_AP,2
2795903600588100112,20240613,1,astrocyte_1,astrocyte_1,astrocyte_1,False,True,True,0.48822415934215047,0.48822415934215047,0.2036102854961416,0.4882241593421505,dataset_AP,2
2795903600589100109,20240613,1,oligodendrocyte_progenitor_1,oligodendrocyte_progenitor_1,oligodendrocyte_progenitor_1,False,True,True,0.8889502174612804,0.8889502174612804,0.017901453385324353,0.8889502174612806,dataset_AP,2
2795903600590100039,20240613,1,meninges_2,meninges_2,meninges_1,False,False,False,0.5811082625261337,0.5811082625261337,0.03608525268417755,0.5811082625261337,dataset_AP,5
2795903600595100184,20240613,1,meninges_3,meninges_3,meninges_3,False,True,True,0.822231150945491,0.822231150945491,0.006157064001606792,0.8222311509454912,dataset_AP,4
2795903600613100078,20240613,1,astrocyte_1,astrocyte_1,astrocyte_1,False,True,True,0.5979014127749007,0.5979014127749007,0.2036102854961416,0.5979014127749007,dataset_AP,2
2795903600613200010,20240613,1,oligodendrocyte_precursor_cell,oligodendrocyte_precursor_cell,oligodendrocyte_precursor_cell,False,True,True,0.8578470698484435,0.8578470698484435,0.04777900134130266,0.8578470698484433,dataset_AP,4
2795903600614100079,20240613,1,oligodendrocyte_1,oligodendrocyte_1,oligodendrocyte_1,False,True,True,0.6208324835712188,0.6208324835712188,0.12477346760211562,0.6208324835712188,dataset_AP,4
2795903600614100222,20240613,1,endothelial,endothelial,endothelial,False,True,True,0.8176394136448257,0.8176394136448257,0.11087223137023047,0.8176394136448257,dataset_AP,1
2795903600615100051,20240613,1,oligodendrocyte_progenitor_2,oligodendrocyte_progenitor_2,oligodendrocyte_precursor_cell,False,False,False,0.3802985455418162,0.3802985455418162,0.20300584444505038,0.3802985455418162,dataset_AP,2
2795903600616100043,20240613,1,microglia,microglia,microglia,False,True,True,0.9992406272006368,0.9992406272006368,0.002395040856579318,0.9992406272006368,dataset_AP,3
2795903600616100113,20240613,1,astrocyte_1,astrocyte_1,oligodendrocyte_1,False,False,False,0.2659085246108338,0.2659085246108338,0.2004501551505616,0.2659085246108338,dataset_AP,5
2795903600620100053,20240613,1,Schwann_cell,Schwann_cell,Schwann_cell,False,True,True,0.9927080778203835,0.9927080778203835,0.01252510929930285,0.9927080778203837,dataset_AP,2
2795903600639100170,20240613,1,oligodendrocyte_2,oligodendrocyte_2,oligodendrocyte_2,False,True,True,0.9904134007132581,0.9904134007132581,0.09151320000586341,0.9904134007132582,dataset_AP,1
2795903600640100191,20240613,1,oligodendrocyte_2,oligodendrocyte_2,oligodendrocyte_2,False,True,True,0.9443441154080343,0.9443441154080343,0.08528182043325612,0.9443441154080345,dataset_AP,5
2795903600641100143,20240613,1,endothelial,endothelial,endothelial,False,True,True,0.5289103297520978,0.5289103297520978,0.11216305062458909,0.5289103297520978,dataset_AP,3
2795903600641100188,20240613,1,astrocyte_1,astrocyte_1,astrocyte_1,False,True,True,0.9629761863280287,0.9629761863280287,0.2189104803600135,0.9629761863280287,dataset_AP,1
2795903600641100193,20240613,1,oligodendrocyte_1,oligodendrocyte_1,oligodendrocyte_1,False,True,True,0.6171354202365128,0.6171354202365128,0.1324128862590401,0.6171354202365128,dataset_AP,3
2795903600641100239,20240613,1,oligodendrocyte_progenitor_1,oligodendrocyte_progenitor_1,oligodendrocyte_progenitor_1,False,True,True,0.9968225476718544,0.9968225476718544,0.02405372405372405,0.9968225476718546,dataset_AP,3
2795903600642100147,20240613,1,astrocyte_1,astrocyte_1,astrocyte_1,False,True,True,0.6552040616561543,0.6552040616561543,0.2004501551505616,0.6552040616561543,dataset_AP,5
2795903600642100171,20240613,1,oligodendrocyte_1,oligodendrocyte_1,oligodendrocyte_progenitor_2,False,False,False,0.4320741433386396,0.4320741433386396,0.12477346760211562,0.4320741433386396,dataset_AP,4
2795903600667100156,20240613,1,oligodendrocyte_precursor_cell,oligodendrocyte_precursor_cell,astrocyte_1,False,False,False,0.6702087460661156,0.6702087460661156,0.05968817507279046,0.6702087460661155,dataset_AP,3
2795903600668100127,20240613,1,oligodendrocyte_1,oligodendrocyte_1,endothelial,False,False,False,0.27744286715222977,0.27744286715222977,0.13351784691735064,0.27744286715222977,dataset_AP,2
2795903600669100153,20240613,1,oligodendrocyte_1,oligodendrocyte_1,oligodendrocyte_progenitor_2,False,False,False,0.3185482306449099,0.3185482306449099,0.12477346760211562,0.3185482306449099,dataset_AP,4
2795903600669100212,20240613,1,oligodendrocyte_progenitor_2,oligodendrocyte_progenitor_2,oligodendrocyte_progenitor_2,False,True,True,0.9122174806748123,0.9122174806748123,0.21694613191925374,0.9122174806748126,dataset_AP,5
2795903600669100227,20240613,1,astrocyte_1,astrocyte_1,astrocyte_1,False,True,True,0.699973466172003,0.699973466172003,0.19928618390156852,0.6999734661720028,dataset_AP,3
2795903600669200108,20240613,1,astrocyte_1,astrocyte_1,astrocyte_1,False,True,True,0.5011058575517888,0.5011058575517888,0.20152091254752852,0.5011058575517888,dataset_AP,4
2795903600670100112,20240613,1,meninges_1,meninges_1,meninges_1,False,True,True,0.774023084782319,0.774023084782319,0.041377852916314455,0.774023084782319,dataset_AP,3
2795903600670100187,20240613,1,oligodendrocyte_1,oligodendrocyte_1,oligodendrocyte_progenitor_2,False,False,False,0.5721313101354117,0.5721313101354117,0.12477346760211562,0.5721313101354117,dataset_AP,4
2795903600693100176,20240613,1,oligodendrocyte_1,oligodendrocyte_1,oligodendrocyte_progenitor_2,False,False,False,0.4075698732165001,0.4075698732165001,0.11464924581865445,0.4075698732165001,dataset_AP,1
2795903600694100230,20240613,1,astrocyte_1,astrocyte_1,astrocyte_1,False,True,True,0.8557350484311627,0.8557350484311627,0.19928618390156852,0.8557350484311629,dataset_AP,3
2795903600694200027,20240613,1,oligodendrocyte_1,oligodendrocyte_1,oligodendrocyte_1,False,True,True,0.4615139334422287,0.4615139334422287,0.12477346760211562,0.46151393344222874,dataset_AP,4
2795903600696100115,20240613,1,oligodendrocyte_progenitor_2,oligodendrocyte_progenitor_2,oligodendrocyte_progenitor_2,False,True,True,0.8715357100183571,0.8715357100183571,0.21694613191925374,0.8715357100183573,dataset_AP,5
2796212800013100060,20240613,3,oligodendrocyte_2,oligodendrocyte_2,oligodendrocyte_2,False,True,True,0.8334346914017318,0.8334346914017318,0.12651451112989576,0.8334346914017315,dataset_AP,3
2796212800046100088,20240613,3,oligodendrocyte_1,oligodendrocyte_1,oligodendrocyte_progenitor_2,False,False,False,0.31025437568149794,0.31025437568149794,0.14482491027257735,0.31025437568149794,dataset_AP,1
2796212800079100090,20240613,3,astrocyte_1,astrocyte_1,oligodendrocyte_1,False,False,False,0.3800399300213281,0.3800399300213281,0.14576876115337653,0.3800399300213281,dataset_AP,3
2796212800080100019,20240613,3,oligodendrocyte_precursor_cell,oligodendrocyte_precursor_cell,oligodendrocyte_precursor_cell,False,True,True,0.8738521285044799,0.8738521285044799,0.012194614968889874,0.87385212850448,dataset_AP,1
2796212800080100043,20240613,3,astrocyte_1,astrocyte_1,astrocyte_1,False,True,True,0.49984370441718046,0.49984370441718046,0.12915290157701179,0.49984370441718046,dataset_AP,4
2796212800109100030,20240613,3,oligodendrocyte_1,oligodendrocyte_1,oligodendrocyte_progenitor_2,False,False,False,0.5345992713717642,0.5345992713717642,0.14507999123383739,0.5345992713717642,dataset_AP,3
2796212800109100145,20240613,3,oligodendrocyte_1,oligodendrocyte_1,oligodendrocyte_1,False,True,True,0.46213886062285386,0.46213886062285386,0.14481220608503534,0.462138860622854,dataset_AP,4
2796212800109100153,20240613,3,endothelial,endothelial,endothelial,False,True,True,0.9870519239716797,0.9870519239716797,0.10132616437786678,0.9870519239716798,dataset_AP,1
2796212800109100154,20240613,3,pericyte,pericyte,endothelial,False,False,False,0.3557931601279722,0.3557931601279722,0.0047435868928764665,0.3557931601279722,dataset_AP,5
2796212800109100174,20240613,3,oligodendrocyte_2,oligodendrocyte_2,oligodendrocyte_2,False,True,True,0.9792599080305503,0.9792599080305503,0.16057788365480674,0.9792599080305503,dataset_AP,2
2796212800111100031,20240613,3,oligodendrocyte_1,oligodendrocyte_1,oligodendrocyte_progenitor_2,False,False,False,0.3974680740023055,0.3974680740023055,0.13728236942165298,0.3974680740023055,dataset_AP,5
2796212800141100067,20240613,3,oligodendrocyte_2,oligodendrocyte_2,oligodendrocyte_2,False,True,True,0.7822555101706219,0.7822555101706219,0.17261467991906257,0.7822555101706219,dataset_AP,5
2796212800142100062,20240613,3,astrocyte_1,astrocyte_1,astrocyte_1,False,True,True,0.5407419851058778,0.5407419851058778,0.12493660185967878,0.5407419851058777,dataset_AP,2
2796212800142100152,20240613,3,endothelial,endothelial,endothelial,False,True,True,0.8140813760338828,0.8140813760338828,0.11237992776454316,0.8140813760338828,dataset_AP,2
2796212800174100040,20240613,2,oligodendrocyte_2,oligodendrocyte_2,astrocyte_2,False,False,False,0.6775115454126556,0.6775115454126556,0.09653411094275613,0.6775115454126556,dataset_AP,5
2796212800175100064,20240613,2,oligodendrocyte_1,oligodendrocyte_1,astrocyte_2,False,False,False,0.5926470567291406,0.5926470567291406,0.10907587887225896,0.5926470567291406,dataset_AP,1
2796212800175100141,20240613,2,endothelial,endothelial,endothelial,False,True,True,0.5032841888700809,0.5032841888700809,0.06015364725771965,0.5032841888700809,dataset_AP,1
2796212800176100149,20240613,2,astrocyte_1,astrocyte_1,astrocyte_1,False,True,True,0.45785809928247556,0.45785809928247556,0.22214097689382858,0.4578580992824756,dataset_AP,4
2796212800207200125,20240613,2,astrocyte_1,astrocyte_1,astrocyte_1,False,True,True,0.6629659523058766,0.6629659523058766,0.20209268418193774,0.6629659523058766,dataset_AP,5
2796212800212100008,20240613,4,astrocyte_2,astrocyte_2,astrocyte_2,False,True,True,0.6689860957888307,0.6689860957888307,0.05021074660300056,0.6689860957888306,dataset_AP,4
2796212800232100155,20240613,3,astrocyte_1,astrocyte_1,astrocyte_1,False,True,True,0.596753745281521,0.596753745281521,0.12493660185967878,0.596753745281521,dataset_AP,2
2796212800232100166,20240613,3,oligodendrocyte_1,oligodendrocyte_1,oligodendrocyte_progenitor_2,False,False,False,0.5347751295859956,0.5347751295859956,0.13728236942165298,0.5347751295859956,dataset_AP,5
2796212800238100173,20240613,2,oligodendrocyte_progenitor_2,oligodendrocyte_progenitor_2,microglia,False,False,False,0.46479577634935576,0.46479577634935576,0.2996991696086719,0.4647957763493558,dataset_AP,3
2796212800239100022,20240613,2,oligodendrocyte_progenitor_2,oligodendrocyte_progenitor_2,oligodendrocyte_progenitor_2,False,True,True,0.4906352778865374,0.4906352778865374,0.2996991696086719,0.49063527788653744,dataset_AP,3
2796212800239100191,20240613,2,oligodendrocyte_2,oligodendrocyte_2,oligodendrocyte_2,False,True,True,0.6373345731367698,0.6373345731367698,0.10638913262487408,0.6373345731367698,dataset_AP,4
2796212800240100232,20240613,2,oligodendrocyte_precursor_cell,oligodendrocyte_precursor_cell,oligodendrocyte_precursor_cell,False,True,True,0.7481254595552808,0.7481254595552808,0.013111815887987086,0.7481254595552808,dataset_AP,2
2796212800242100196,20240613,2,oligodendrocyte_progenitor_1,oligodendrocyte_progenitor_1,oligodendrocyte_progenitor_1,False,True,True,0.981914377138551,0.981914377138551,0.009776987718164189,0.981914377138551,dataset_AP,3
2796212800242100209,20240613,2,astrocyte_1,astrocyte_1,astrocyte_1,False,True,True,0.5166130344116537,0.5166130344116537,0.21964347869325243,0.5166130344116538,dataset_AP,1
2796212800249100014,20240613,4,oligodendrocyte_precursor_cell,oligodendrocyte_precursor_cell,oligodendrocyte_progenitor_1,False,False,False,0.8477660566411793,0.8477660566411793,0.031180358103435026,0.8477660566411795,dataset_AP,1
2796212800264100108,20240613,3,oligodendrocyte_1,oligodendrocyte_1,oligodendrocyte_progenitor_2,False,False,False,0.5586765490734489,0.5586765490734489,0.13728236942165298,0.5586765490734489,dataset_AP,5
2796212800264100110,20240613,3,pericyte,pericyte,endothelial,False,False,False,0.6121647946040328,0.6121647946040328,0.005009235778466547,0.6121647946040328,dataset_AP,3
2796212800264100149,20240613,3,oligodendrocyte_1,oligodendrocyte_1,oligodendrocyte_1,False,True,True,0.4865294430063346,0.4865294430063346,0.13728236942165298,0.4865294430063346,dataset_AP,5
2796212800271100055,20240613,2,endothelial,endothelial,oligodendrocyte_progenitor_2,False,False,False,0.3423670229524374,0.3423670229524374,0.06015364725771965,0.3423670229524374,dataset_AP,1
2796212800295100043,20240613,3,oligodendrocyte_progenitor_2,oligodendrocyte_progenitor_2,oligodendrocyte_progenitor_2,False,True,True,0.5400204860663385,0.5400204860663385,0.3228924921232613,0.5400204860663386,dataset_AP,2
2796212800295100086,20240613,3,astrocyte_1,astrocyte_1,astrocyte_1,False,True,True,0.4303216306589921,0.4303216306589921,0.13821626309118804,0.4303216306589921,dataset_AP,5
2796212800295100247,20240613,3,endothelial,endothelial,endothelial,False,True,True,0.34358975744422127,0.34358975744422127,0.11237992776454316,0.34358975744422127,dataset_AP,2
2796212800296100103,20240613,3,oligodendrocyte_progenitor_2,oligodendrocyte_progenitor_2,oligodendrocyte_1,False,False,False,0.746445174747299,0.746445174747299,0.32378088494103624,0.746445174747299,dataset_AP,1
2796212800296200119,20240613,3,oligodendrocyte_progenitor_2,oligodendrocyte_progenitor_2,oligodendrocyte_progenitor_2,False,True,True,0.8589791641051892,0.8589791641051892,0.2762917009464938,0.8589791641051892,dataset_AP,5
2796212800298100123,20240613,2,astrocyte_2,astrocyte_2,astrocyte_2,False,True,True,0.8115434717167205,0.8115434717167205,0.07937018621429268,0.8115434717167203,dataset_AP,4
2796212800305100059,20240613,2,oligodendrocyte_precursor_cell,oligodendrocyte_precursor_cell,astrocyte_1,False,False,False,0.41041282447927263,0.41041282447927263,0.013111815887987086,0.41041282447927263,dataset_AP,2
2796212800327100095,20240613,3,oligodendrocyte_2,oligodendrocyte_2,oligodendrocyte_2,False,True,True,0.4507671642968796,0.4507671642968796,0.12651451112989576,0.45076716429687946,dataset_AP,3
2796212800328100098,20240613,3,oligodendrocyte_1,oligodendrocyte_1,oligodendrocyte_1,False,True,True,0.36842313047085073,0.36842313047085073,0.13728236942165298,0.36842313047085073,dataset_AP,5
2796212800329100152,20240613,2,oligodendrocyte_1,oligodendrocyte_1,oligodendrocyte_progenitor_2,False,False,False,0.5808047816887338,0.5808047816887338,0.1716172560679265,0.580804781688734,dataset_AP,5
2796212800330100077,20240613,2,oligodendrocyte_1,oligodendrocyte_1,oligodendrocyte_2,False,False,False,0.31570375010006113,0.31570375010006113,0.14487341977836277,0.3157037501000612,dataset_AP,4
2796212800333100156,20240613,2,astrocyte_2,astrocyte_2,astrocyte_2,False,True,True,0.8410025348405636,0.8410025348405636,0.07593481179454031,0.8410025348405636,dataset_AP,1
2796212800333100220,20240613,2,astrocyte_2,astrocyte_2,astrocyte_1,False,False,False,0.8016838003556915,0.8016838003556915,0.07764762709817656,0.8016838003556916,dataset_AP,2
2796212800339100029,20240613,2,oligodendrocyte_2,oligodendrocyte_2,oligodendrocyte_2,False,True,True,0.5681566544428432,0.5681566544428432,0.09653411094275613,0.5681566544428432,dataset_AP,5
2796212800343100066,20240613,4,oligodendrocyte_progenitor_1,oligodendrocyte_progenitor_1,oligodendrocyte_precursor_cell,False,False,False,0.9999892234083296,0.9999892234083296,0.01704705550859397,0.9999892234083294,dataset_AP,2
2796212800343100093,20240613,4,oligodendrocyte_progenitor_2,oligodendrocyte_progenitor_2,oligodendrocyte_1,False,False,False,0.48865948183619395,0.48865948183619395,0.25289101109244355,0.48865948183619395,dataset_AP,4
2796212800354100094,20240613,3,oligodendrocyte_1,oligodendrocyte_1,oligodendrocyte_progenitor_2,False,False,False,0.5734264642325995,0.5734264642325995,0.14507999123383739,0.5734264642325995,dataset_AP,3
2796212800355100039,20240613,3,astrocyte_2,astrocyte_2,oligodendrocyte_1,False,False,False,0.2912660852159971,0.2912660852159971,0.08013211859365706,0.29126608521599706,dataset_AP,3
2796212800355100068,20240613,3,oligodendrocyte_1,oligodendrocyte_1,oligodendrocyte_2,False,False,False,0.5023100086550057,0.5023100086550057,0.14244217321140398,0.5023100086550057,dataset_AP,2
2796212800356100047,20240613,3,astrocyte_1,astrocyte_1,astrocyte_2,False,False,False,0.8985080781287534,0.8985080781287534,0.12915290157701179,0.8985080781287532,dataset_AP,4
2796212800362100078,20240613,2,astrocyte_2,astrocyte_2,oligodendrocyte_progenitor_2,False,False,False,0.7432013688942977,0.7432013688942977,0.07764762709817656,0.7432013688942978,dataset_AP,2
2796212800362100090,20240613,2,microglia,microglia,microglia,False,True,True,0.9169969496362534,0.9169969496362534,0.018699424783074976,0.9169969496362536,dataset_AP,4
2796212800364100056,20240613,2,oligodendrocyte_progenitor_2,oligodendrocyte_progenitor_2,oligodendrocyte_progenitor_2,False,True,True,0.6831858732469774,0.6831858732469774,0.2988618567966177,0.6831858732469773,dataset_AP,5
2796212800364100230,20240613,2,endothelial,endothelial,oligodendrocyte_progenitor_2,False,False,False,0.40642439172600264,0.40642439172600264,0.07654116279291384,0.40642439172600264,dataset_AP,5
2796212800364100254,20240613,2,astrocyte_2,astrocyte_2,astrocyte_1,False,False,False,0.3673275340240024,0.3673275340240024,0.0626058174587292,0.3673275340240025,dataset_AP,5
2796212800364100281,20240613,2,oligodendrocyte_1,oligodendrocyte_1,oligodendrocyte_1,False,True,True,0.721194314619358,0.721194314619358,0.10907587887225896,0.721194314619358,dataset_AP,1
2796212800364200078,20240613,2,oligodendrocyte_1,oligodendrocyte_1,oligodendrocyte_progenitor_2,False,False,False,0.49525465012450814,0.49525465012450814,0.1384876435781413,0.49525465012450814,dataset_AP,3
2796212800365100110,20240613,2,oligodendrocyte_1,oligodendrocyte_1,oligodendrocyte_progenitor_2,False,False,False,0.46552626621785714,0.46552626621785714,0.14487341977836277,0.4655262662178572,dataset_AP,4
2796212800365100159,20240613,2,endothelial,endothelial,astrocyte_1,False,False,False,0.3883384126531851,0.3883384126531851,0.06015364725771965,0.3883384126531851,dataset_AP,1
2796212800365100219,20240613,2,oligodendrocyte_progenitor_2,oligodendrocyte_progenitor_2,oligodendrocyte_progenitor_2,False,True,True,0.37948921849997364,0.37948921849997364,0.2988618567966177,0.37948921849997364,dataset_AP,5
2796212800371200067,20240613,2,peripheral_glia,peripheral_glia,Schwann_cell,False,False,False,0.9632202782932026,0.9632202782932026,0.0011187907115508926,0.9632202782932027,dataset_AP,3
2796212800373100067,20240613,4,astrocyte_2,astrocyte_2,astrocyte_2,False,True,True,0.7447887937795993,0.7447887937795993,0.0939376205648395,0.7447887937795994,dataset_AP,2
2796212800375100106,20240613,4,endothelial,endothelial,endothelial,False,True,True,0.492714390202224,0.492714390202224,0.110753794700283,0.492714390202224,dataset_AP,3
2796212800375100176,20240613,4,oligodendrocyte_progenitor_2,oligodendrocyte_progenitor_2,oligodendrocyte_progenitor_2,False,True,True,0.6298483940692925,0.6298483940692925,0.21129317802321604,0.6298483940692925,dataset_AP,5
2796212800377100126,20240613,4,oligodendrocyte_1,oligodendrocyte_1,endothelial,False,False,False,0.43759874523526354,0.43759874523526354,0.06934636972659786,0.43759874523526354,dataset_AP,5
2796212800386100109,20240613,3,oligodendrocyte_precursor_cell,oligodendrocyte_precursor_cell,astrocyte_1,False,False,False,0.33020918039283764,0.33020918039283764,0.03229391690930153,0.33020918039283764,dataset_AP,3
2796212800388100154,20240613,3,oligodendrocyte_1,oligodendrocyte_1,oligodendrocyte_progenitor_2,False,False,False,0.5066962981647021,0.5066962981647021,0.14507999123383739,0.5066962981647022,dataset_AP,3
2796212800388100187,20240613,3,oligodendrocyte_1,oligodendrocyte_1,oligodendrocyte_1,False,True,True,0.34920186975889794,0.34920186975889794,0.14244217321140398,0.34920186975889794,dataset_AP,2
2796212800395100045,20240613,2,oligodendrocyte_1,oligodendrocyte_1,oligodendrocyte_1,False,True,True,0.4648921250340608,0.4648921250340608,0.10907587887225896,0.4648921250340607,dataset_AP,1
2796212800395100111,20240613,2,endothelial,endothelial,endothelial,False,True,True,0.8756215788969409,0.8756215788969409,0.07837249358161906,0.8756215788969409,dataset_AP,4
2796212800398100110,20240613,2,oligodendrocyte_1,oligodendrocyte_1,oligodendrocyte_1,False,True,True,0.6128349656927903,0.6128349656927903,0.14487341977836277,0.6128349656927903,dataset_AP,4
2796212800398100139,20240613,2,astrocyte_1,astrocyte_1,astrocyte_1,False,True,True,0.4290174417082766,0.4290174417082766,0.21964347869325243,0.4290174417082766,dataset_AP,3
2796212800406100093,20240613,4,pericyte,pericyte,endothelial,False,False,False,0.8850701127345625,0.8850701127345625,0.0032188625344518875,0.8850701127345625,dataset_AP,5
2796212800407100045,20240613,4,oligodendrocyte_1,oligodendrocyte_1,oligodendrocyte_1,False,True,True,0.5856354974865332,0.5856354974865332,0.04915794264906691,0.5856354974865332,dataset_AP,2
2796212800408100142,20240613,4,oligodendrocyte_1,oligodendrocyte_1,oligodendrocyte_progenitor_2,False,False,False,0.7078390039933937,0.7078390039933937,0.04915794264906691,0.7078390039933937,dataset_AP,2
2796212800408100181,20240613,4,astrocyte_2,astrocyte_2,astrocyte_1,False,False,False,0.7302361718654189,0.7302361718654189,0.09462652731883502,0.7302361718654188,dataset_AP,1
2796212800408200068,20240613,4,oligodendrocyte_progenitor_2,oligodendrocyte_progenitor_2,oligodendrocyte_progenitor_2,False,True,True,0.9957349008519972,0.9957349008519972,0.25289101109244355,0.995734900851997,dataset_AP,4
2796212800419100185,20240613,3,oligodendrocyte_progenitor_2,oligodendrocyte_progenitor_2,oligodendrocyte_progenitor_2,False,True,True,0.7192576495433658,0.7192576495433658,0.3073545402286909,0.7192576495433659,dataset_AP,4
2796212800420100197,20240613,3,oligodendrocyte_1,oligodendrocyte_1,oligodendrocyte_2,False,False,False,0.3476803132730186,0.3476803132730186,0.14482491027257735,0.3476803132730186,dataset_AP,1
2796212800421100119,20240613,2,oligodendrocyte_2,oligodendrocyte_2,oligodendrocyte_2,False,True,True,0.872237047616229,0.872237047616229,0.10638913262487408,0.8722370476162292,dataset_AP,4
2796212800422100057,20240613,2,oligodendrocyte_progenitor_2,oligodendrocyte_progenitor_2,oligodendrocyte_progenitor_2,False,True,True,0.5620860187823249,0.5620860187823249,0.321695838098553,0.5620860187823249,dataset_AP,1
2796212800423100040,20240613,2,astrocyte_2,astrocyte_2,astrocyte_2,False,True,True,0.759223197193165,0.759223197193165,0.0626058174587292,0.759223197193165,dataset_AP,5
2796212800424100103,20240613,2,oligodendrocyte_progenitor_2,oligodendrocyte_progenitor_2,oligodendrocyte_progenitor_2,False,True,True,0.9616786479754253,0.9616786479754253,0.2988618567966177,0.9616786479754256,dataset_AP,5
2796212800427100092,20240613,2,astrocyte_2,astrocyte_2,astrocyte_2,False,True,True,0.8310025968383057,0.8310025968383057,0.07764762709817656,0.8310025968383057,dataset_AP,2
2796212800429100114,20240613,2,oligodendrocyte_progenitor_2,oligodendrocyte_progenitor_2,oligodendrocyte_progenitor_2,False,True,True,0.6836959547639676,0.6836959547639676,0.26729713041500114,0.6836959547639676,dataset_AP,4
2796212800429100245,20240613,2,oligodendrocyte_1,oligodendrocyte_1,endothelial,False,False,False,0.7537332019128761,0.7537332019128761,0.10907587887225896,0.7537332019128761,dataset_AP,1
2796212800431100106,20240613,2,astrocyte_1,astrocyte_1,astrocyte_1,False,True,True,0.5508035951945953,0.5508035951945953,0.21964347869325243,0.5508035951945953,dataset_AP,3
2796212800431100240,20240613,2,endothelial,endothelial,endothelial,False,True,True,0.6692389287223466,0.6692389287223466,0.0690292934364652,0.6692389287223467,dataset_AP,2
2796212800431100265,20240613,2,oligodendrocyte_progenitor_2,oligodendrocyte_progenitor_2,astrocyte_1,False,False,False,0.34354093243000317,0.34354093243000317,0.321695838098553,0.3435409324300032,dataset_AP,1
2796212800439100064,20240613,4,meninges_3,meninges_3,oligodendrocyte_progenitor_2,False,False,False,0.4025597129876506,0.4025597129876506,0.014446106162082493,0.4025597129876506,dataset_AP,2
2796212800450100113,20240613,3,oligodendrocyte_1,oligodendrocyte_1,oligodendrocyte_1,False,True,True,0.2222689612920914,0.2222689612920914,0.14244217321140398,0.22226896129209142,dataset_AP,2
2796212800452100117,20240613,3,astrocyte_2,astrocyte_2,astrocyte_2,False,True,True,0.9664361920383876,0.9664361920383876,0.03800203619439423,0.9664361920383876,dataset_AP,4
2796212800454200071,20240613,2,oligodendrocyte_1,oligodendrocyte_1,oligodendrocyte_1,False,True,True,0.44983547388818235,0.44983547388818235,0.1384876435781413,0.4498354738881824,dataset_AP,3
2796212800456100030,20240613,2,astrocyte_2,astrocyte_2,astrocyte_2,False,True,True,0.9240173484422491,0.9240173484422491,0.07764762709817656,0.9240173484422493,dataset_AP,2
2796212800456100223,20240613,2,astrocyte_2,astrocyte_2,oligodendrocyte_progenitor_2,False,False,False,0.47487567813568626,0.47487567813568626,0.07937018621429268,0.47487567813568626,dataset_AP,4
2796212800456100226,20240613,2,pericyte,pericyte,oligodendrocyte_progenitor_2,False,False,False,0.3779452995051611,0.3779452995051611,0.0019889612649793644,0.3779452995051612,dataset_AP,3
2796212800456100245,20240613,2,oligodendrocyte_1,oligodendrocyte_1,endothelial,False,False,False,0.2894871480574352,0.2894871480574352,0.1384876435781413,0.2894871480574352,dataset_AP,3
2796212800456100305,20240613,2,pericyte,pericyte,oligodendrocyte_progenitor_2,False,False,False,0.7948135485013785,0.7948135485013785,0.0020798804068766046,0.7948135485013783,dataset_AP,4
2796212800457100043,20240613,2,oligodendrocyte_1,oligodendrocyte_1,oligodendrocyte_progenitor_2,False,False,False,0.4065964745350058,0.4065964745350058,0.13409262801975352,0.40659647453500586,dataset_AP,2
2796212800457100064,20240613,2,astrocyte_1,astrocyte_1,astrocyte_1,False,True,True,0.7776353661403687,0.7776353661403687,0.20956024888934086,0.7776353661403684,dataset_AP,2
2796212800460100017,20240613,2,oligodendrocyte_2,oligodendrocyte_2,oligodendrocyte_2,False,True,True,0.9894185346453699,0.9894185346453699,0.09653411094275613,0.9894185346453697,dataset_AP,5
2796212800461100025,20240613,2,oligodendrocyte_precursor_cell,oligodendrocyte_precursor_cell,microglia,False,False,False,0.8417423294217999,0.8417423294217999,0.013111815887987086,0.8417423294217999,dataset_AP,2
2796212800461100225,20240613,2,oligodendrocyte_1,oligodendrocyte_1,oligodendrocyte_progenitor_2,False,False,False,0.6131778521305199,0.6131778521305199,0.1716172560679265,0.61317785213052,dataset_AP,5
2796212800461200087,20240613,2,oligodendrocyte_1,oligodendrocyte_1,oligodendrocyte_1,False,True,True,0.6617987781981906,0.6617987781981906,0.13409262801975352,0.6617987781981906,dataset_AP,2
2796212800462100027,20240613,2,oligodendrocyte_progenitor_1,oligodendrocyte_progenitor_1,oligodendrocyte_1,False,False,False,0.5202335481924254,0.5202335481924254,0.01751631826819797,0.5202335481924255,dataset_AP,2
2796212800462100059,20240613,2,oligodendrocyte_progenitor_2,oligodendrocyte_progenitor_2,oligodendrocyte_progenitor_2,False,True,True,0.525975797192428,0.525975797192428,0.26729713041500114,0.5259757971924279,dataset_AP,4
2796212800462100157,20240613,2,oligodendrocyte_precursor_cell,oligodendrocyte_precursor_cell,astrocyte_1,False,False,False,0.41659013339383183,0.41659013339383183,0.027528467008105018,0.4165901333938319,dataset_AP,1
2796212800463100101,20240613,2,astrocyte_2,astrocyte_2,oligodendrocyte_progenitor_2,False,False,False,0.4277017822497489,0.4277017822497489,0.07937018621429268,0.4277017822497489,dataset_AP,4
2796212800463100111,20240613,2,oligodendrocyte_progenitor_1,oligodendrocyte_progenitor_1,oligodendrocyte_progenitor_1,False,True,True,0.9665033148124308,0.9665033148124308,0.009776987718164189,0.9665033148124309,dataset_AP,3
2796212800483100024,20240613,3,astrocyte_2,astrocyte_2,oligodendrocyte_progenitor_2,False,False,False,0.3568391236990663,0.3568391236990663,0.07590480214054358,0.3568391236990663,dataset_AP,5
2796212800486100237,20240613,2,astrocyte_1,astrocyte_1,astrocyte_1,False,True,True,0.6853352000369313,0.6853352000369313,0.22214097689382858,0.6853352000369314,dataset_AP,4
2796212800487100024,20240613,2,oligodendrocyte_1,oligodendrocyte_1,oligodendrocyte_progenitor_2,False,False,False,0.6799497102046983,0.6799497102046983,0.13409262801975352,0.6799497102046984,dataset_AP,2
2796212800487100153,20240613,2,microglia,microglia,oligodendrocyte_1,False,False,False,0.37249317047621305,0.37249317047621305,0.01787578936900204,0.372493170476213,dataset_AP,3
2796212800487200120,20240613,2,oligodendrocyte_1,oligodendrocyte_1,oligodendrocyte_1,False,True,True,0.6216753522026863,0.6216753522026863,0.1384876435781413,0.6216753522026864,dataset_AP,3
2796212800488100280,20240613,2,astrocyte_2,astrocyte_2,astrocyte_1,False,False,False,0.7178194379373919,0.7178194379373919,0.07764762709817656,0.717819437937392,dataset_AP,2
2796212800489100071,20240613,2,astrocyte_2,astrocyte_2,astrocyte_1,False,False,False,0.3286696664281612,0.3286696664281612,0.0626058174587292,0.32866966642816126,dataset_AP,5
2796212800494100029,20240613,2,astrocyte_1,astrocyte_1,oligodendrocyte_progenitor_2,False,False,False,0.28809190738760426,0.28809190738760426,0.22214097689382858,0.28809190738760426,dataset_AP,4
2796212800494200034,20240613,2,astrocyte_2,astrocyte_2,oligodendrocyte_1,False,False,False,0.6767225527016669,0.6767225527016669,0.07937018621429268,0.6767225527016669,dataset_AP,4
2796212800519100058,20240613,2,oligodendrocyte_1,oligodendrocyte_1,oligodendrocyte_1,False,True,True,0.7696695234101844,0.7696695234101844,0.10907587887225896,0.7696695234101844,dataset_AP,1
2796212800520100087,20240613,2,oligodendrocyte_progenitor_2,oligodendrocyte_progenitor_2,oligodendrocyte_progenitor_2,False,True,True,0.8736634300638731,0.8736634300638731,0.30645930125398024,0.8736634300638734,dataset_AP,2
2796212800522100026,20240613,2,astrocyte_1,astrocyte_1,astrocyte_2,False,False,False,0.6846398477274089,0.6846398477274089,0.20209268418193774,0.6846398477274089,dataset_AP,5
2796212800529100067,20240613,4,astrocyte_1,astrocyte_1,astrocyte_1,False,True,True,0.42719401596977413,0.42719401596977413,0.25476298849079915,0.427194015969774,dataset_AP,2
2796212800530100028,20240613,4,astrocyte_1,astrocyte_1,astrocyte_1,False,True,True,0.6481040109741837,0.6481040109741837,0.25439915111857814,0.6481040109741837,dataset_AP,4
2796212800536100091,20240613,1,Schwann_cell,Schwann_cell,Schwann_cell,False,True,True,0.997439462665067,0.997439462665067,0.013466302483643526,0.9974394626650671,dataset_AP,1
2796212800537100149,20240613,1,oligodendrocyte_precursor_cell,oligodendrocyte_precursor_cell,oligodendrocyte_progenitor_1,False,False,False,0.5086929218801075,0.5086929218801075,0.06210330354394383,0.5086929218801074,dataset_AP,1
2796212800537200010,20240613,1,astrocyte_2,astrocyte_2,peripheral_glia,False,False,False,0.48452067090279705,0.48452067090279705,0.024039635578097115,0.48452067090279705,dataset_AP,3
2796212800552100046,20240613,2,oligodendrocyte_1,oligodendrocyte_1,oligodendrocyte_1,False,True,True,0.4439583246775193,0.4439583246775193,0.10907587887225896,0.4439583246775193,dataset_AP,1
2796212800552100092,20240613,2,oligodendrocyte_1,oligodendrocyte_1,oligodendrocyte_1,False,True,True,0.2594065671263029,0.2594065671263029,0.14487341977836277,0.2594065671263029,dataset_AP,4
2796212800552100138,20240613,2,pericyte,pericyte,astrocyte_1,False,False,False,0.41946555314118333,0.41946555314118333,0.0019889612649793644,0.41946555314118333,dataset_AP,3
2796212800553100031,20240613,2,oligodendrocyte_1,oligodendrocyte_1,endothelial,False,False,False,0.3334197650614786,0.3334197650614786,0.1384876435781413,0.33341976506147863,dataset_AP,3
2796212800553100050,20240613,2,oligodendrocyte_progenitor_2,oligodendrocyte_progenitor_2,oligodendrocyte_progenitor_2,False,True,True,0.8112696479893657,0.8112696479893657,0.30645930125398024,0.8112696479893658,dataset_AP,2
2796212800553100213,20240613,2,oligodendrocyte_1,oligodendrocyte_1,oligodendrocyte_progenitor_2,False,False,False,0.582530307073237,0.582530307073237,0.13409262801975352,0.5825303070732372,dataset_AP,2
2796212800553200125,20240613,2,oligodendrocyte_progenitor_2,oligodendrocyte_progenitor_2,oligodendrocyte_progenitor_2,False,True,True,0.7421321653123081,0.7421321653123081,0.321695838098553,0.7421321653123081,dataset_AP,1
2796212800554100257,20240613,2,oligodendrocyte_2,oligodendrocyte_2,oligodendrocyte_2,False,True,True,0.8507908581864817,0.8507908581864817,0.10638913262487408,0.8507908581864817,dataset_AP,4
2796212800554100278,20240613,2,oligodendrocyte_precursor_cell,oligodendrocyte_precursor_cell,oligodendrocyte_precursor_cell,False,True,True,0.9749165426620433,0.9749165426620433,0.020628249965852528,0.9749165426620433,dataset_AP,5
2796212800559100014,20240613,4,astrocyte_2,astrocyte_2,astrocyte_2,False,True,True,0.7764845241653878,0.7764845241653878,0.05021074660300056,0.7764845241653876,dataset_AP,4
2796212800561100084,20240613,4,oligodendrocyte_1,oligodendrocyte_1,oligodendrocyte_progenitor_2,False,False,False,0.5635587741872661,0.5635587741872661,0.06934636972659786,0.5635587741872662,dataset_AP,5
2796212800562100175,20240613,4,oligodendrocyte_progenitor_1,oligodendrocyte_progenitor_1,astrocyte_2,False,False,False,0.8382791874617036,0.8382791874617036,0.027185820536249395,0.8382791874617038,dataset_AP,4
2796212800563100112,20240613,4,astrocyte_2,astrocyte_2,astrocyte_2,False,True,True,0.7018146407525075,0.7018146407525075,0.05021074660300056,0.7018146407525075,dataset_AP,4
2796212800583100026,20240613,2,oligodendrocyte_2,oligodendrocyte_2,oligodendrocyte_2,False,True,True,0.9252552404701576,0.9252552404701576,0.10905723236039978,0.9252552404701576,dataset_AP,1
2796212800585100050,20240613,2,meninges_1,meninges_1,oligodendrocyte_progenitor_2,False,False,False,0.5052717575021579,0.5052717575021579,0.0034448019238893764,0.505271757502158,dataset_AP,4
2796212800585100122,20240613,2,pericyte,pericyte,oligodendrocyte_1,False,False,False,0.5425948827743057,0.5425948827743057,0.0019889612649793644,0.5425948827743057,dataset_AP,1
2796212800585100162,20240613,2,oligodendrocyte_1,oligodendrocyte_1,oligodendrocyte_1,False,True,True,0.6230410349447045,0.6230410349447045,0.13409262801975352,0.6230410349447045,dataset_AP,2
2796212800585100243,20240613,2,oligodendrocyte_1,oligodendrocyte_1,oligodendrocyte_1,False,True,True,0.7436619417124158,0.7436619417124158,0.10907587887225896,0.743661941712416,dataset_AP,1
2796212800592100013,20240613,4,pericyte,pericyte,oligodendrocyte_progenitor_2,False,False,False,0.6791261734501806,0.6791261734501806,0.0030738492276953812,0.6791261734501806,dataset_AP,1
2796212800592100058,20240613,4,oligodendrocyte_progenitor_2,oligodendrocyte_progenitor_2,oligodendrocyte_progenitor_2,False,True,True,0.8984451779308517,0.8984451779308517,0.21129317802321604,0.8984451779308517,dataset_AP,5
2796212800593100063,20240613,4,astrocyte_1,astrocyte_1,astrocyte_1,False,True,True,0.995826200013451,0.995826200013451,0.2144490125259356,0.995826200013451,dataset_AP,1
2796212800593100141,20240613,4,oligodendrocyte_precursor_cell,oligodendrocyte_precursor_cell,oligodendrocyte_precursor_cell,False,True,True,0.9993356139812929,0.9993356139812929,0.020756633874504597,0.9993356139812931,dataset_AP,5
2796212800593200044,20240613,4,oligodendrocyte_progenitor_2,oligodendrocyte_progenitor_2,astrocyte_1,False,False,False,0.4372349609261768,0.4372349609261768,0.21129317802321604,0.4372349609261769,dataset_AP,5
2796212800594100218,20240613,4,oligodendrocyte_precursor_cell,oligodendrocyte_precursor_cell,astrocyte_1,False,False,False,0.7023521536942651,0.7023521536942651,0.029824690359807417,0.7023521536942651,dataset_AP,3
2796212800594100237,20240613,4,astrocyte_1,astrocyte_1,astrocyte_1,False,True,True,0.9187236712064006,0.9187236712064006,0.21599470763350362,0.9187236712064006,dataset_AP,3
2796212800595100220,20240613,4,astrocyte_1,astrocyte_1,astrocyte_1,False,True,True,0.8850023165863301,0.8850023165863301,0.25476298849079915,0.8850023165863302,dataset_AP,2
2796212800600100106,20240613,1,oligodendrocyte_1,oligodendrocyte_1,oligodendrocyte_1,False,True,True,0.3833114461268709,0.3833114461268709,0.13351784691735064,0.3833114461268709,dataset_AP,2
2796212800600100219,20240613,1,oligodendrocyte_1,oligodendrocyte_1,oligodendrocyte_1,False,True,True,0.500607818438603,0.500607818438603,0.125431580787553,0.500607818438603,dataset_AP,5
2796212800600100243,20240613,1,oligodendrocyte_1,oligodendrocyte_1,oligodendrocyte_1,False,True,True,0.6257313269929914,0.6257313269929914,0.1324128862590401,0.6257313269929914,dataset_AP,3
2796212800617100009,20240613,2,oligodendrocyte_1,oligodendrocyte_1,oligodendrocyte_1,False,True,True,0.5003697150807163,0.5003697150807163,0.13409262801975352,0.5003697150807163,dataset_AP,2
2796212800623100048,20240613,4,oligodendrocyte_2,oligodendrocyte_2,oligodendrocyte_2,False,True,True,0.6641641459493066,0.6641641459493066,0.11322799488479962,0.6641641459493067,dataset_AP,2
2796212800625100072,20240613,4,endothelial,endothelial,endothelial,False,True,True,0.6820615332457705,0.6820615332457705,0.09738065061258978,0.6820615332457705,dataset_AP,5
2796212800625100073,20240613,4,pericyte,pericyte,endothelial,False,False,False,0.5913784740698278,0.5913784740698278,0.003467932462015302,0.5913784740698278,dataset_AP,2
2796212800625100214,20240613,4,pericyte,pericyte,astrocyte_1,False,False,False,0.3260394000845497,0.3260394000845497,0.003467932462015302,0.3260394000845497,dataset_AP,2
2796212800625100259,20240613,4,oligodendrocyte_progenitor_2,oligodendrocyte_progenitor_2,oligodendrocyte_2,False,False,False,0.7709856304452806,0.7709856304452806,0.25825094637803664,0.7709856304452806,dataset_AP,3
2796212800625100295,20240613,4,oligodendrocyte_progenitor_1,oligodendrocyte_progenitor_1,oligodendrocyte_progenitor_1,False,True,True,0.9841887426132642,0.9841887426132642,0.01704705550859397,0.9841887426132642,dataset_AP,2
2796212800626200036,20240613,4,oligodendrocyte_progenitor_2,oligodendrocyte_progenitor_2,oligodendrocyte_progenitor_2,False,True,True,0.980098042726905,0.980098042726905,0.21129317802321604,0.9800980427269051,dataset_AP,5
2796212800627100042,20240613,4,oligodendrocyte_1,oligodendrocyte_1,oligodendrocyte_progenitor_2,False,False,False,0.5552186169870718,0.5552186169870718,0.04915794264906691,0.5552186169870718,dataset_AP,2
2796212800631100018,20240613,1,oligodendrocyte_precursor_cell,oligodendrocyte_precursor_cell,oligodendrocyte_precursor_cell,False,True,True,0.599012309594518,0.599012309594518,0.04777900134130266,0.599012309594518,dataset_AP,4
2796212800633100043,20240613,1,endothelial,endothelial,oligodendrocyte_1,False,False,False,0.32584318468134554,0.32584318468134554,0.11387578509166597,0.32584318468134554,dataset_AP,2
2796212800650100010,20240613,2,oligodendrocyte_2,oligodendrocyte_2,oligodendrocyte_2,False,True,True,0.7640209490897201,0.7640209490897201,0.11641017353687037,0.7640209490897198,dataset_AP,3
2796212800657100066,20240613,4,oligodendrocyte_1,oligodendrocyte_1,oligodendrocyte_progenitor_2,False,False,False,0.5840775749799144,0.5840775749799144,0.07766272189349112,0.5840775749799144,dataset_AP,1
2796212800659100083,20240613,4,astrocyte_2,astrocyte_2,astrocyte_2,False,True,True,0.6316522650176574,0.6316522650176574,0.07531635383346409,0.6316522650176574,dataset_AP,5
2796212800667100273,20240613,1,oligodendrocyte_progenitor_1,oligodendrocyte_progenitor_1,oligodendrocyte_1,False,False,False,0.7981174576666015,0.7981174576666015,0.02502699612526202,0.7981174576666015,dataset_AP,1
2796212800681100042,20240613,4,Schwann_cell,Schwann_cell,Schwann_cell,False,True,True,0.8278426522734089,0.8278426522734089,0.014452938365981844,0.827842652273409,dataset_AP,3
2796212800684100065,20240613,4,meninges_3,meninges_3,meninges_2,False,False,False,0.7960408650174411,0.7960408650174411,0.01310165944527957,0.7960408650174413,dataset_AP,4
2796212800693100168,20240613,1,meninges_3,meninges_3,meninges_3,False,True,True,0.7415724473530928,0.7415724473530928,0.00656213506369131,0.7415724473530928,dataset_AP,1
2796212800714100218,20240613,4,oligodendrocyte_precursor_cell,oligodendrocyte_precursor_cell,astrocyte_1,False,False,False,0.578251983471291,0.578251983471291,0.029824690359807417,0.578251983471291,dataset_AP,3
2796212800715100159,20240613,4,pericyte,pericyte,oligodendrocyte_progenitor_2,False,False,False,0.4133125054570029,0.4133125054570029,0.003467932462015302,0.4133125054570029,dataset_AP,2
2796212800715100169,20240613,4,oligodendrocyte_progenitor_2,oligodendrocyte_progenitor_2,endothelial,False,False,False,0.3991118923273239,0.3991118923273239,0.25289101109244355,0.3991118923273239,dataset_AP,4
2796212800716100104,20240613,4,oligodendrocyte_progenitor_2,oligodendrocyte_progenitor_2,oligodendrocyte_progenitor_2,False,True,True,0.9966639403776226,0.9966639403776226,0.21129317802321604,0.9966639403776227,dataset_AP,5
2796212800747100097,20240613,4,oligodendrocyte_precursor_cell,oligodendrocyte_precursor_cell,oligodendrocyte_1,False,False,False,0.8612353222968883,0.8612353222968883,0.020756633874504597,0.8612353222968884,dataset_AP,5
2796212800747100256,20240613,4,oligodendrocyte_1,oligodendrocyte_1,oligodendrocyte_1,False,True,True,0.5573438801895146,0.5573438801895146,0.04915794264906691,0.5573438801895146,dataset_AP,2
2796212800756200038,20240613,1,oligodendrocyte_2,oligodendrocyte_2,oligodendrocyte_2,False,True,True,0.8938266669888779,0.8938266669888779,0.09197042208324388,0.8938266669888779,dataset_AP,4
2796212800759100295,20240613,1,oligodendrocyte_precursor_cell,oligodendrocyte_precursor_cell,oligodendrocyte_1,False,False,False,0.33307802172970435,0.33307802172970435,0.05968817507279046,0.33307802172970435,dataset_AP,3
2796212800760100272,20240613,1,oligodendrocyte_precursor_cell,oligodendrocyte_precursor_cell,oligodendrocyte_precursor_cell,False,True,True,0.6715055704507343,0.6715055704507343,0.06210330354394383,0.6715055704507343,dataset_AP,1
2796212800779100157,20240613,4,endothelial,endothelial,endothelial,False,True,True,0.9197094836976001,0.9197094836976001,0.11569200030738491,0.9197094836976002,dataset_AP,1
2796212800779100235,20240613,4,oligodendrocyte_1,oligodendrocyte_1,oligodendrocyte_progenitor_2,False,False,False,0.46684897295646866,0.46684897295646866,0.06934636972659786,0.46684897295646866,dataset_AP,5
2796212800783100090,20240613,1,meninges_3,meninges_3,meninges_2,False,False,False,0.8118020219901634,0.8118020219901634,0.006157064001606792,0.8118020219901636,dataset_AP,4
2796212800789100202,20240613,1,oligodendrocyte_1,oligodendrocyte_1,oligodendrocyte_1,False,True,True,0.4679893500134088,0.4679893500134088,0.11464924581865445,0.4679893500134088,dataset_AP,1
2796212800790100101,20240613,1,astrocyte_1,astrocyte_1,endothelial,False,False,False,0.3503158650646117,0.3503158650646117,0.20152091254752852,0.3503158650646117,dataset_AP,4
2796212800790100118,20240613,1,oligodendrocyte_1,oligodendrocyte_1,oligodendrocyte_1,False,True,True,0.43640877968024966,0.43640877968024966,0.12477346760211562,0.43640877968024966,dataset_AP,4
2796212800790100225,20240613,1,astrocyte_2,astrocyte_2,astrocyte_1,False,False,False,0.287580685472734,0.287580685472734,0.03061249265523554,0.287580685472734,dataset_AP,5
2796212800791100075,20240613,1,astrocyte_1,astrocyte_1,astrocyte_1,False,True,True,0.7694694379359247,0.7694694379359247,0.19928618390156852,0.7694694379359249,dataset_AP,3
2796212800791100086,20240613,1,microglia,microglia,oligodendrocyte_1,False,False,False,0.6661676994624338,0.6661676994624338,0.002395040856579318,0.6661676994624338,dataset_AP,3
2796212800792100086,20240613,1,meninges_1,meninges_1,meninges_1,False,True,True,0.9841714090692957,0.9841714090692957,0.040088530162971855,0.9841714090692955,dataset_AP,2
2796212800792100233,20240613,1,oligodendrocyte_progenitor_2,oligodendrocyte_progenitor_2,oligodendrocyte_progenitor_2,False,True,True,0.4527728980915952,0.4527728980915952,0.20421715037099653,0.45277289809159527,dataset_AP,3
2796212800812100181,20240613,4,oligodendrocyte_progenitor_2,oligodendrocyte_progenitor_2,oligodendrocyte_progenitor_2,False,True,True,0.8225306599149117,0.8225306599149117,0.21307538615230923,0.8225306599149117,dataset_AP,1
2796212800816200003,20240613,1,meninges_3,meninges_3,meninges_2,False,False,False,0.47383449206646167,0.47383449206646167,0.006157064001606792,0.47383449206646167,dataset_AP,4
2796212800822100098,20240613,1,oligodendrocyte_1,oligodendrocyte_1,oligodendrocyte_progenitor_2,False,False,False,0.3766113429007734,0.3766113429007734,0.12477346760211562,0.37661134290077347,dataset_AP,4
2796212800822100176,20240613,1,oligodendrocyte_precursor_cell,oligodendrocyte_precursor_cell,oligodendrocyte_1,False,False,False,0.9146367900661976,0.9146367900661976,0.06210330354394383,0.9146367900661976,dataset_AP,1
2796212800823100133,20240613,1,astrocyte_1,astrocyte_1,astrocyte_1,False,True,True,0.5110606316190985,0.5110606316190985,0.2004501551505616,0.5110606316190985,dataset_AP,5
2796212800849100193,20240613,1,oligodendrocyte_2,oligodendrocyte_2,oligodendrocyte_2,False,True,True,0.618006695937747,0.618006695937747,0.09151320000586341,0.618006695937747,dataset_AP,1
2796212800854100092,20240613,1,oligodendrocyte_progenitor_2,oligodendrocyte_progenitor_2,oligodendrocyte_progenitor_2,False,True,True,0.6757328105004139,0.6757328105004139,0.21821175711793764,0.6757328105004139,dataset_AP,1
2796212800854100197,20240613,1,astrocyte_1,astrocyte_1,astrocyte_1,False,True,True,0.6094964072746859,0.6094964072746859,0.2004501551505616,0.609496407274686,dataset_AP,5
2796212800854200124,20240613,1,astrocyte_2,astrocyte_2,astrocyte_2,False,True,True,0.7020954420522705,0.7020954420522705,0.02326416346267463,0.7020954420522706,dataset_AP,2
2796212800855100031,20240613,1,oligodendrocyte_2,oligodendrocyte_2,oligodendrocyte_2,False,True,True,0.3605144798991043,0.3605144798991043,0.10124614839255039,0.3605144798991043,dataset_AP,2
2796212800855100114,20240613,1,oligodendrocyte_1,oligodendrocyte_1,endothelial,False,False,False,0.417897784417908,0.417897784417908,0.13351784691735064,0.417897784417908,dataset_AP,2
2796212800855100235,20240613,1,oligodendrocyte_1,oligodendrocyte_1,oligodendrocyte_progenitor_2,False,False,False,0.4195891666751845,0.4195891666751845,0.13351784691735064,0.41958916667518453,dataset_AP,2
2796212800855100297,20240613,1,endothelial,endothelial,endothelial,False,True,True,0.5808111908782552,0.5808111908782552,0.12124821948421026,0.5808111908782552,dataset_AP,4
2796212800880100058,20240613,1,astrocyte_2,astrocyte_2,astrocyte_1,False,False,False,0.3374393154079736,0.3374393154079736,0.02906078802108223,0.3374393154079737,dataset_AP,4
2796212800880100075,20240613,1,oligodendrocyte_precursor_cell,oligodendrocyte_precursor_cell,oligodendrocyte_progenitor_1,False,False,False,0.8071363607258194,0.8071363607258194,0.06851543824248539,0.8071363607258195,dataset_AP,2
2796212800880100173,20240613,1,oligodendrocyte_1,oligodendrocyte_1,oligodendrocyte_1,False,True,True,0.3704932524255803,0.3704932524255803,0.125431580787553,0.37049325242558034,dataset_AP,5
2796212800880100212,20240613,1,endothelial,endothelial,endothelial,False,True,True,0.5664039541737047,0.5664039541737047,0.11087223137023047,0.5664039541737047,dataset_AP,1
2796212800881100113,20240613,1,endothelial,endothelial,endothelial,False,True,True,0.5589023512157809,0.5589023512157809,0.11597686581297438,0.5589023512157808,dataset_AP,5
2796212800882100157,20240613,1,oligodendrocyte_progenitor_1,oligodendrocyte_progenitor_1,oligodendrocyte_precursor_cell,False,False,False,0.987103995169264,0.987103995169264,0.029169292711024305,0.9871039951692641,dataset_AP,4
2796212800882100193,20240613,1,oligodendrocyte_progenitor_1,oligodendrocyte_progenitor_1,oligodendrocyte_precursor_cell,False,False,False,0.9520260532267701,0.9520260532267701,0.02502699612526202,0.9520260532267701,dataset_AP,1
2796212800886100208,20240613,1,oligodendrocyte_progenitor_2,oligodendrocyte_progenitor_2,oligodendrocyte_1,False,False,False,0.3221627078451424,0.3221627078451424,0.21694613191925374,0.3221627078451424,dataset_AP,5
2796212800886100219,20240613,1,endothelial,endothelial,endothelial,False,True,True,0.888997849258752,0.888997849258752,0.11087223137023047,0.8889978492587521,dataset_AP,1
2796212800887100065,20240613,1,astrocyte_1,astrocyte_1,astrocyte_1,False,True,True,0.7926052292621858,0.7926052292621858,0.2004501551505616,0.7926052292621856,dataset_AP,5
2796212800887100077,20240613,1,endothelial,endothelial,endothelial,False,True,True,0.989096405894962,0.989096405894962,0.11387578509166597,0.989096405894962,dataset_AP,2
2796212800887100175,20240613,1,astrocyte_1,astrocyte_1,astrocyte_1,False,True,True,0.845072417636335,0.845072417636335,0.19928618390156852,0.8450724176363351,dataset_AP,3
2796212800887200134,20240613,1,astrocyte_2,astrocyte_2,astrocyte_1,False,False,False,0.35582525798843784,0.35582525798843784,0.02906078802108223,0.35582525798843784,dataset_AP,4
2796212800888100079,20240613,1,oligodendrocyte_precursor_cell,oligodendrocyte_precursor_cell,astrocyte_1,False,False,False,0.6598654416835089,0.6598654416835089,0.05968817507279046,0.659865441683509,dataset_AP,3
2796212800888100108,20240613,1,astrocyte_1,astrocyte_1,astrocyte_1,False,True,True,0.818464234829944,0.818464234829944,0.2004501551505616,0.8184642348299441,dataset_AP,5
2796212800888100161,20240613,1,oligodendrocyte_1,oligodendrocyte_1,oligodendrocyte_1,False,True,True,0.6481298577769963,0.6481298577769963,0.11464924581865445,0.6481298577769963,dataset_AP,1
2796212800889100168,20240613,1,oligodendrocyte_progenitor_2,oligodendrocyte_progenitor_2,astrocyte_1,False,False,False,0.7628505400346162,0.7628505400346162,0.20627665002158552,0.7628505400346162,dataset_AP,4
2796212800889100232,20240613,1,pericyte,pericyte,astrocyte_1,False,False,False,0.5325392914587455,0.5325392914587455,0.012206982430307491,0.5325392914587455,dataset_AP,2
2796212800890100038,20240613,1,meninges_3,meninges_3,meninges_2,False,False,False,0.5722509546973814,0.5722509546973814,0.012222659266057718,0.5722509546973813,dataset_AP,5
2796212800913100070,20240613,1,endothelial,endothelial,astrocyte_1,False,False,False,0.3976440873136371,0.3976440873136371,0.11387578509166597,0.3976440873136371,dataset_AP,2
2796212800913100090,20240613,1,oligodendrocyte_1,oligodendrocyte_1,astrocyte_1,False,False,False,0.40893938991443474,0.40893938991443474,0.12477346760211562,0.4089393899144346,dataset_AP,4
2796212800913100146,20240613,1,meninges_3,meninges_3,oligodendrocyte_1,False,False,False,0.4474676810157059,0.4474676810157059,0.006157064001606792,0.4474676810157059,dataset_AP,4
2796212800913100230,20240613,1,oligodendrocyte_progenitor_2,oligodendrocyte_progenitor_2,oligodendrocyte_2,False,False,False,0.6719116424093156,0.6719116424093156,0.21694613191925374,0.6719116424093156,dataset_AP,5
2796212800913100278,20240613,1,oligodendrocyte_progenitor_2,oligodendrocyte_progenitor_2,oligodendrocyte_progenitor_2,False,True,True,0.39474208705344865,0.39474208705344865,0.20300584444505038,0.39474208705344865,dataset_AP,2
2796212800913100297,20240613,1,oligodendrocyte_1,oligodendrocyte_1,oligodendrocyte_progenitor_2,False,False,False,0.44425848855311434,0.44425848855311434,0.11464924581865445,0.44425848855311434,dataset_AP,1
2796212800914100146,20240613,1,astrocyte_1,astrocyte_1,astrocyte_1,False,True,True,0.7927385281718411,0.7927385281718411,0.2004501551505616,0.7927385281718411,dataset_AP,5
2796212800914100178,20240613,1,oligodendrocyte_precursor_cell,oligodendrocyte_precursor_cell,oligodendrocyte_precursor_cell,False,True,True,0.7717043379096693,0.7717043379096693,0.05968817507279046,0.7717043379096695,dataset_AP,3
2796212800914100220,20240613,1,astrocyte_1,astrocyte_1,astrocyte_1,False,True,True,0.9792887169227825,0.9792887169227825,0.2189104803600135,0.9792887169227825,dataset_AP,1
2796212800918100044,20240613,1,endothelial,endothelial,oligodendrocyte_progenitor_2,False,False,False,0.4471779800234984,0.4471779800234984,0.11597686581297438,0.4471779800234984,dataset_AP,5
2796212800918100098,20240613,1,oligodendrocyte_2,oligodendrocyte_2,oligodendrocyte_2,False,True,True,0.7102975308182905,0.7102975308182905,0.09197042208324388,0.7102975308182905,dataset_AP,4
2796212800918100117,20240613,1,astrocyte_1,astrocyte_1,astrocyte_1,False,True,True,0.7984480473602534,0.7984480473602534,0.20152091254752852,0.7984480473602534,dataset_AP,4
2796212800919100069,20240613,1,oligodendrocyte_1,oligodendrocyte_1,oligodendrocyte_1,False,True,True,0.6070540639515314,0.6070540639515314,0.13351784691735064,0.6070540639515314,dataset_AP,2
2796212800919100095,20240613,1,oligodendrocyte_1,oligodendrocyte_1,oligodendrocyte_1,False,True,True,0.7033537924428318,0.7033537924428318,0.11464924581865445,0.7033537924428319,dataset_AP,1
2796212800920100156,20240613,1,meninges_3,meninges_3,oligodendrocyte_1,False,False,False,0.441638646523115,0.441638646523115,0.012222659266057718,0.441638646523115,dataset_AP,5
2796212800920100164,20240613,1,oligodendrocyte_progenitor_2,oligodendrocyte_progenitor_2,oligodendrocyte_progenitor_2,False,True,True,0.8751001568407905,0.8751001568407905,0.20627665002158552,0.8751001568407905,dataset_AP,4
2796212800920100186,20240613,1,oligodendrocyte_progenitor_2,oligodendrocyte_progenitor_2,oligodendrocyte_progenitor_2,False,True,True,0.9345803600197029,0.9345803600197029,0.20421715037099653,0.934580360019703,dataset_AP,3
2796212800920100202,20240613,1,astrocyte_1,astrocyte_1,astrocyte_1,False,True,True,0.5742223961705383,0.5742223961705383,0.2189104803600135,0.5742223961705384,dataset_AP,1
2796212800921100093,20240613,1,oligodendrocyte_1,oligodendrocyte_1,oligodendrocyte_1,False,True,True,0.6074932786901767,0.6074932786901767,0.12477346760211562,0.6074932786901767,dataset_AP,4
2796212800922100019,20240613,1,oligodendrocyte_precursor_cell,oligodendrocyte_precursor_cell,oligodendrocyte_progenitor_2,False,False,False,0.5265765415541607,0.5265765415541607,0.05968817507279046,0.5265765415541608,dataset_AP,3
2796212800922100131,20240613,1,meninges_3,meninges_3,meninges_1,False,False,False,0.5815464488695282,0.5815464488695282,0.011434388605604485,0.5815464488695282,dataset_AP,2
2796212800944100093,20240613,1,astrocyte_1,astrocyte_1,oligodendrocyte_progenitor_2,False,False,False,0.9474165858560962,0.9474165858560962,0.2036102854961416,0.9474165858560963,dataset_AP,2
2796212800945100041,20240613,1,astrocyte_1,astrocyte_1,endothelial,False,False,False,0.8679593099333349,0.8679593099333349,0.2004501551505616,0.8679593099333347,dataset_AP,5
2796212800945100053,20240613,1,oligodendrocyte_progenitor_2,oligodendrocyte_progenitor_2,endothelial,False,False,False,0.5455238717443387,0.5455238717443387,0.20421715037099653,0.5455238717443387,dataset_AP,3
2796212800945100102,20240613,1,endothelial,endothelial,endothelial,False,True,True,0.825282874411139,0.825282874411139,0.11216305062458909,0.8252828744111391,dataset_AP,3
2796212800945100155,20240613,1,oligodendrocyte_precursor_cell,oligodendrocyte_precursor_cell,astrocyte_1,False,False,False,0.6233444001297359,0.6233444001297359,0.07323883474401371,0.623344400129736,dataset_AP,5
2796212800945100322,20240613,1,astrocyte_1,astrocyte_1,astrocyte_1,False,True,True,0.9470457855168174,0.9470457855168174,0.2189104803600135,0.9470457855168172,dataset_AP,1
2796212800946100053,20240613,1,endothelial,endothelial,endothelial,False,True,True,0.4494340310129579,0.4494340310129579,0.11597686581297438,0.4494340310129579,dataset_AP,5
2796212800946100284,20240613,1,astrocyte_1,astrocyte_1,oligodendrocyte_precursor_cell,False,False,False,0.9373783260904185,0.9373783260904185,0.2189104803600135,0.9373783260904183,dataset_AP,1
2796212800947100062,20240613,1,oligodendrocyte_2,oligodendrocyte_2,oligodendrocyte_2,False,True,True,0.4651936634388853,0.4651936634388853,0.09151320000586341,0.46519366343888535,dataset_AP,1
2796212800947100153,20240613,1,oligodendrocyte_progenitor_2,oligodendrocyte_progenitor_2,oligodendrocyte_progenitor_2,False,True,True,0.5538921740031221,0.5538921740031221,0.20421715037099653,0.553892174003122,dataset_AP,3
2796212800951100086,20240613,1,oligodendrocyte_1,oligodendrocyte_1,oligodendrocyte_progenitor_2,False,False,False,0.6027677994083743,0.6027677994083743,0.12477346760211562,0.6027677994083743,dataset_AP,4
2796212800951100097,20240613,1,meninges_3,meninges_3,oligodendrocyte_1,False,False,False,0.7999768087314789,0.7999768087314789,0.00656213506369131,0.7999768087314787,dataset_AP,1
2796212800953100013,20240613,1,oligodendrocyte_progenitor_2,oligodendrocyte_progenitor_2,oligodendrocyte_progenitor_2,False,True,True,0.8385479608963285,0.8385479608963285,0.21821175711793764,0.8385479608963283,dataset_AP,1
2796212800954100107,20240613,1,oligodendrocyte_precursor_cell,oligodendrocyte_precursor_cell,oligodendrocyte_precursor_cell,False,True,True,0.8673104975663877,0.8673104975663877,0.04777900134130266,0.8673104975663877,dataset_AP,4
2796212800978100024,20240613,1,astrocyte_1,astrocyte_1,astrocyte_1,False,True,True,0.693080788566268,0.693080788566268,0.2036102854961416,0.693080788566268,dataset_AP,2
2796212800980100093,20240613,1,astrocyte_1,astrocyte_1,astrocyte_1,False,True,True,0.4511971622064672,0.4511971622064672,0.2189104803600135,0.4511971622064673,dataset_AP,1
2796212800980100212,20240613,1,oligodendrocyte_progenitor_2,oligodendrocyte_progenitor_2,oligodendrocyte_progenitor_2,False,True,True,0.8234701956595035,0.8234701956595035,0.21821175711793764,0.8234701956595035,dataset_AP,1
2796212800980100248,20240613,1,endothelial,endothelial,endothelial,False,True,True,0.4260362110083204,0.4260362110083204,0.11216305062458909,0.4260362110083204,dataset_AP,3
2796212800980100276,20240613,1,endothelial,endothelial,astrocyte_2,False,False,False,0.44145285375221793,0.44145285375221793,0.11216305062458909,0.44145285375221793,dataset_AP,3
2796212800986100038,20240613,1,microglia,microglia,oligodendrocyte_2,False,False,False,0.953127691546671,0.953127691546671,0.008272296844995823,0.9531276915466708,dataset_AP,1
2796212801008100053,20240613,1,oligodendrocyte_2,oligodendrocyte_2,oligodendrocyte_2,False,True,True,0.5603534650255615,0.5603534650255615,0.09151320000586341,0.5603534650255615,dataset_AP,1
2796212801008100063,20240613,1,pericyte,pericyte,oligodendrocyte_2,False,False,False,0.3046622406612749,0.3046622406612749,0.007058326289095519,0.3046622406612749,dataset_AP,3
2796212801009100041,20240613,1,oligodendrocyte_1,oligodendrocyte_1,oligodendrocyte_progenitor_2,False,False,False,0.39867929359893506,0.39867929359893506,0.1324128862590401,0.39867929359893495,dataset_AP,3
2796212801009100122,20240613,1,endothelial,endothelial,astrocyte_1,False,False,False,0.521491813494234,0.521491813494234,0.11597686581297438,0.521491813494234,dataset_AP,5
2796212801010100021,20240613,1,oligodendrocyte_1,oligodendrocyte_1,oligodendrocyte_1,False,True,True,0.7466091331361129,0.7466091331361129,0.11464924581865445,0.746609133136113,dataset_AP,1
2796212801010100023,20240613,1,oligodendrocyte_1,oligodendrocyte_1,oligodendrocyte_2,False,False,False,0.5323016694088708,0.5323016694088708,0.12477346760211562,0.5323016694088708,dataset_AP,4
2796212801010100245,20240613,1,endothelial,endothelial,endothelial,False,True,True,0.7307493601323035,0.7307493601323035,0.11387578509166597,0.7307493601323035,dataset_AP,2
2796212801010100253,20240613,1,oligodendrocyte_progenitor_2,oligodendrocyte_progenitor_2,oligodendrocyte_progenitor_2,False,True,True,0.9376447570971315,0.9376447570971315,0.20627665002158552,0.9376447570971312,dataset_AP,4
2796212801011100022,20240613,1,oligodendrocyte_1,oligodendrocyte_1,oligodendrocyte_progenitor_2,False,False,False,0.6010905826995352,0.6010905826995352,0.13351784691735064,0.6010905826995353,dataset_AP,2
2796212801012100120,20240613,1,oligodendrocyte_precursor_cell,oligodendrocyte_precursor_cell,oligodendrocyte_precursor_cell,False,True,True,0.9843500740124186,0.9843500740124186,0.07323883474401371,0.9843500740124188,dataset_AP,5
2796212801012100179,20240613,1,oligodendrocyte_precursor_cell,oligodendrocyte_precursor_cell,oligodendrocyte_progenitor_2,False,False,False,0.582011694889974,0.582011694889974,0.05968817507279046,0.5820116948899741,dataset_AP,3
2796212801012100215,20240613,1,endothelial,endothelial,oligodendrocyte_precursor_cell,False,False,False,0.5315328735067661,0.5315328735067661,0.11216305062458909,0.5315328735067661,dataset_AP,3
2796212801016100049,20240613,1,meninges_3,meninges_3,meninges_1,False,False,False,0.5051689620507931,0.5051689620507931,0.011815534892457968,0.5051689620507931,dataset_AP,3
2796212801018100056,20240613,1,oligodendrocyte_1,oligodendrocyte_1,oligodendrocyte_progenitor_2,False,False,False,0.6024291501170896,0.6024291501170896,0.125431580787553,0.6024291501170896,dataset_AP,5
2796212801042100021,20240613,1,oligodendrocyte_progenitor_2,oligodendrocyte_progenitor_2,oligodendrocyte_progenitor_2,False,True,True,0.9945629265811545,0.9945629265811545,0.20300584444505038,0.9945629265811546,dataset_AP,2
2796212801042100136,20240613,1,oligodendrocyte_1,oligodendrocyte_1,oligodendrocyte_progenitor_2,False,False,False,0.397465532855925,0.397465532855925,0.11464924581865445,0.39746553285592506,dataset_AP,1
2796212801042200051,20240613,1,oligodendrocyte_progenitor_2,oligodendrocyte_progenitor_2,oligodendrocyte_progenitor_2,False,True,True,0.4930459041861972,0.4930459041861972,0.21694613191925374,0.49304590418619726,dataset_AP,5
2796212801048100215,20240613,1,meninges_3,meninges_3,meninges_1,False,False,False,0.42945235049084957,0.42945235049084957,0.00656213506369131,0.4294523504908497,dataset_AP,1
2796212801076100050,20240613,1,meninges_3,meninges_3,meninges_1,False,False,False,0.7326745557914791,0.7326745557914791,0.012222659266057718,0.732674555791479,dataset_AP,5
2796212801076100088,20240613,1,meninges_2,meninges_2,meninges_2,False,True,True,0.6484309606406417,0.6484309606406417,0.030514172354990494,0.6484309606406415,dataset_AP,1
2796212801076200052,20240613,1,meninges_1,meninges_1,meninges_2,False,False,False,0.9250901151333123,0.9250901151333123,0.04888130988620095,0.9250901151333123,dataset_AP,1
2796212801107200032,20240613,1,peripheral_glia,peripheral_glia,peripheral_glia,False,True,True,0.7152748718099903,0.7152748718099903,0.018269414000850193,0.7152748718099903,dataset_AP,1
2796212801137100119,20240613,1,meninges_3,meninges_3,meninges_2,False,False,False,0.7872777958397853,0.7872777958397853,0.011815534892457968,0.7872777958397853,dataset_AP,3
2945606900000000572,20240328,1,endothelial,endothelial,endothelial,False,True,True,0.6103465597148181,0.6103465597148181,0.12950221244161939,0.6103465597148182,dataset_AP,1
2945606900000000578,20240328,1,meninges_1,meninges_1,meninges_1,False,True,True,0.9546818716756449,0.9546818716756449,0.041656238046440024,0.9546818716756449,dataset_AP,1
2945606900000000710,20240328,1,meninges_3,meninges_3,meninges_2,False,False,False,0.5825639538466517,0.5825639538466517,0.0007547397657287766,0.5825639538466518,dataset_AP,3
2945606900000000746,20240328,1,astrocyte_2,astrocyte_2,astrocyte_2,False,True,True,0.5625340242396878,0.5625340242396878,0.04652030393328202,0.5625340242396878,dataset_AP,1
2945606900000000826,20240328,1,pericyte,pericyte,pericyte,False,True,True,0.9974427892813604,0.9974427892813604,0.023593915646614328,0.9974427892813605,dataset_AP,2
2945606900000001077,20240328,1,astrocyte_1,astrocyte_1,astrocyte_2,False,False,False,0.5689907396020994,0.5689907396020994,0.28105808343802396,0.5689907396020996,dataset_AP,2
2945606900000001401,20240328,1,astrocyte_2,astrocyte_2,astrocyte_1,False,False,False,0.6797442653560639,0.6797442653560639,0.0523490124036969,0.6797442653560639,dataset_AP,4
2945606900000001437,20240328,1,astrocyte_2,astrocyte_2,astrocyte_2,False,True,True,0.9808460114447933,0.9808460114447933,0.051244910560499915,0.9808460114447934,dataset_AP,5
2945606900000001488,20240328,1,astrocyte_2,astrocyte_2,astrocyte_2,False,True,True,0.4982627184359709,0.4982627184359709,0.0523490124036969,0.4982627184359709,dataset_AP,4
2945606900000001604,20240328,1,astrocyte_1,astrocyte_1,astrocyte_1,False,True,True,0.7109017349857236,0.7109017349857236,0.2858332977314479,0.7109017349857237,dataset_AP,4
2945606900000001645,20240328,1,astrocyte_2,astrocyte_2,astrocyte_1,False,False,False,0.7947966269663009,0.7947966269663009,0.0523490124036969,0.7947966269663009,dataset_AP,4
2945606900000001648,20240328,1,astrocyte_2,astrocyte_2,astrocyte_2,False,True,True,0.8857931545169059,0.8857931545169059,0.03495654366882586,0.8857931545169059,dataset_AP,2
2945606900000001734,20240328,1,astrocyte_1,astrocyte_1,astrocyte_1,False,True,True,0.5142900212486647,0.5142900212486647,0.23391906761051584,0.5142900212486647,dataset_AP,1
2945606900000001874,20240328,1,microglia,microglia,microglia,False,True,True,0.9773682669799381,0.9773682669799381,0.024392168878860893,0.9773682669799383,dataset_AP,5
2945606900000001942,20240328,1,astrocyte_1,astrocyte_1,pericyte,False,False,False,0.4650974352771979,0.4650974352771979,0.2858332977314479,0.46509743527719777,dataset_AP,4
2945606900000001948,20240328,1,astrocyte_1,astrocyte_1,astrocyte_1,False,True,True,0.6282094835497829,0.6282094835497829,0.2789971017992996,0.6282094835497829,dataset_AP,3
2945606900000002040,20240328,1,meninges_3,meninges_3,meninges_1,False,False,False,0.7853748803049319,0.7853748803049319,0.011947992765696872,0.7853748803049319,dataset_AP,4
2945606900000002902,20240328,1,astrocyte_1,astrocyte_1,astrocyte_1,False,True,True,0.3777451143512484,0.3777451143512484,0.2858332977314479,0.3777451143512483,dataset_AP,4
2945606900000003289,20240328,1,astrocyte_1,astrocyte_1,astrocyte_1,False,True,True,0.6259647398264948,0.6259647398264948,0.2789971017992996,0.6259647398264949,dataset_AP,3
2945606900000003404,20240328,1,microglia,microglia,pericyte,False,False,False,0.9886273296953879,0.9886273296953879,0.02637563901300165,0.9886273296953877,dataset_AP,3
2945606900000003429,20240328,1,astrocyte_1,astrocyte_1,astrocyte_1,False,True,True,0.9956144334034863,0.9956144334034863,0.23391906761051584,0.9956144334034863,dataset_AP,1
2945606900000003462,20240328,1,oligodendrocyte_1,oligodendrocyte_1,oligodendrocyte_1,False,True,True,0.5066150746007554,0.5066150746007554,0.06611351690853196,0.5066150746007554,dataset_AP,1
2945606900000003472,20240328,1,endothelial,endothelial,endothelial,False,True,True,0.9223552967636158,0.9223552967636158,0.11702152501132526,0.9223552967636158,dataset_AP,2
2945606900000003585,20240328,1,endothelial,endothelial,endothelial,False,True,True,0.9997750717539601,0.9997750717539601,0.13027204587421617,0.9997750717539602,dataset_AP,4
2945606900000003612,20240328,1,endothelial,endothelial,endothelial,False,True,True,0.7050618847335032,0.7050618847335032,0.12950221244161939,0.7050618847335032,dataset_AP,1
2945606900000003671,20240328,1,oligodendrocyte_precursor_cell,oligodendrocyte_precursor_cell,oligodendrocyte_progenitor_1,False,False,False,0.8856688360850482,0.8856688360850482,0.02823733043513263,0.8856688360850483,dataset_AP,3
2945606900000003759,20240328,1,meninges_2,meninges_2,meninges_2,False,True,True,0.7866789776785961,0.7866789776785961,0.012637596148008388,0.7866789776785958,dataset_AP,2
2945606900000005006,20240328,1,astrocyte_1,astrocyte_1,astrocyte_1,False,True,True,0.508742845641109,0.508742845641109,0.2789971017992996,0.5087428456411092,dataset_AP,3
2945606900000005064,20240328,1,oligodendrocyte_1,oligodendrocyte_1,oligodendrocyte_progenitor_2,False,False,False,0.6743837526100974,0.6743837526100974,0.06611351690853196,0.6743837526100974,dataset_AP,1
2945606900000005080,20240328,1,astrocyte_2,astrocyte_2,ependymal,False,False,False,0.9318537914611428,0.9318537914611428,0.051244910560499915,0.9318537914611428,dataset_AP,5
2945606900000005083,20240328,1,oligodendrocyte_progenitor_1,oligodendrocyte_progenitor_1,oligodendrocyte_progenitor_1,False,True,True,0.8939777430955107,0.8939777430955107,0.012799621164640175,0.8939777430955107,dataset_AP,5
2945606900000005264,20240328,1,oligodendrocyte_progenitor_1,oligodendrocyte_progenitor_1,oligodendrocyte_progenitor_1,False,True,True,0.9680788000370308,0.9680788000370308,0.023920830550664803,0.9680788000370306,dataset_AP,2
2945606900000005288,20240328,1,oligodendrocyte_precursor_cell,oligodendrocyte_precursor_cell,oligodendrocyte_progenitor_2,False,False,False,0.5817380675114816,0.5817380675114816,0.02823733043513263,0.5817380675114816,dataset_AP,3
2945606900000005334,20240328,1,oligodendrocyte_1,oligodendrocyte_1,oligodendrocyte_1,False,True,True,0.5396215317482561,0.5396215317482561,0.0539840387749133,0.5396215317482561,dataset_AP,5
2945606900000005485,20240328,1,astrocyte_2,astrocyte_2,endothelial,False,False,False,0.4828148759792553,0.4828148759792553,0.05551865716700882,0.4828148759792553,dataset_AP,3
2945606900000006224,20240328,1,meninges_2,meninges_2,meninges_1,False,False,False,0.8455745997946899,0.8455745997946899,0.018467884725841748,0.8455745997946899,dataset_AP,4
2945606900000006335,20240328,1,oligodendrocyte_progenitor_2,oligodendrocyte_progenitor_2,oligodendrocyte_progenitor_2,False,True,True,0.8699023068336931,0.8699023068336931,0.1920391550650794,0.8699023068336929,dataset_AP,2
2945606900000006599,20240328,1,endothelial,endothelial,endothelial,False,True,True,0.45599226695979733,0.45599226695979733,0.13027204587421617,0.45599226695979744,dataset_AP,4
2945606900000006622,20240328,1,endothelial,endothelial,endothelial,False,True,True,0.689791407713332,0.689791407713332,0.11637348709592056,0.689791407713332,dataset_AP,5
2945606900000006766,20240328,1,astrocyte_1,astrocyte_1,oligodendrocyte_precursor_cell,False,False,False,0.6420364162206805,0.6420364162206805,0.28105808343802396,0.6420364162206805,dataset_AP,2
2945606900000006860,20240328,1,oligodendrocyte_1,oligodendrocyte_1,oligodendrocyte_progenitor_2,False,False,False,0.4226379008623838,0.4226379008623838,0.055244632422399756,0.4226379008623837,dataset_AP,4
2945606900000008074,20240328,1,microglia,microglia,meninges_1,False,False,False,0.9525099097545477,0.9525099097545477,0.018956394222012583,0.9525099097545479,dataset_AP,2
2945606900000008179,20240328,1,oligodendrocyte_progenitor_2,oligodendrocyte_progenitor_2,oligodendrocyte_progenitor_2,False,True,True,0.6682702004423722,0.6682702004423722,0.16523266111178198,0.6682702004423722,dataset_AP,3
2945606900000008676,20240328,1,oligodendrocyte_2,oligodendrocyte_2,oligodendrocyte_2,False,True,True,0.4472382708044798,0.4472382708044798,0.08828442619651411,0.44723827080447986,dataset_AP,3
2945606900000008782,20240328,1,meninges_1,meninges_1,meninges_1,False,True,True,0.692090814828148,0.692090814828148,0.0362237317421664,0.692090814828148,dataset_AP,4
2945606900000010097,20240328,1,oligodendrocyte_progenitor_2,oligodendrocyte_progenitor_2,oligodendrocyte_2,False,False,False,0.2976645094663061,0.2976645094663061,0.16523266111178198,0.2976645094663061,dataset_AP,3
2945606900000011838,20240328,1,meninges_2,meninges_2,meninges_3,False,False,False,0.6465375519144366,0.6465375519144366,0.013615505373747132,0.6465375519144366,dataset_AP,3
2945606900000012740,20240328,4,oligodendrocyte_2,oligodendrocyte_2,oligodendrocyte_2,False,True,True,0.9994153685507473,0.9994153685507473,0.12860634348928662,0.9994153685507473,dataset_AP,2
2945606900000014636,20240328,4,endothelial,endothelial,endothelial,False,True,True,0.950146369941967,0.950146369941967,0.088922782902716,0.9501463699419668,dataset_AP,2
2945606900000014789,20240328,4,oligodendrocyte_precursor_cell,oligodendrocyte_precursor_cell,astrocyte_1,False,False,False,0.7297941295645058,0.7297941295645058,0.05743557245458386,0.7297941295645058,dataset_AP,4
2945606900000014812,20240328,4,oligodendrocyte_1,oligodendrocyte_1,oligodendrocyte_progenitor_2,False,False,False,0.7160452518421007,0.7160452518421007,0.11169401573842494,0.7160452518421008,dataset_AP,3
2945606900000014953,20240328,4,oligodendrocyte_2,oligodendrocyte_2,oligodendrocyte_2,False,True,True,0.6095358898305521,0.6095358898305521,0.1309365673572895,0.6095358898305522,dataset_AP,1
2945606900000016901,20240328,4,pericyte,pericyte,pericyte,False,True,True,0.9996753237354866,0.9996753237354866,0.012964272775889728,0.9996753237354866,dataset_AP,1
2945606900000016917,20240328,4,oligodendrocyte_progenitor_2,oligodendrocyte_progenitor_2,oligodendrocyte_1,False,False,False,0.7645095517832113,0.7645095517832113,0.16246481512143685,0.7645095517832113,dataset_AP,3
2945606900000016928,20240328,4,oligodendrocyte_2,oligodendrocyte_2,oligodendrocyte_progenitor_2,False,False,False,0.5797366851114473,0.5797366851114473,0.1309365673572895,0.5797366851114473,dataset_AP,1
2945606900000017077,20240328,4,oligodendrocyte_2,oligodendrocyte_2,oligodendrocyte_2,False,True,True,0.9789344366397096,0.9789344366397096,0.12860634348928662,0.9789344366397098,dataset_AP,2
2945606900000017121,20240328,4,astrocyte_1,astrocyte_1,astrocyte_1,False,True,True,0.9435386465252492,0.9435386465252492,0.22547951651837456,0.9435386465252492,dataset_AP,3
2945606900000017130,20240328,4,oligodendrocyte_2,oligodendrocyte_2,oligodendrocyte_2,False,True,True,0.7284647448303285,0.7284647448303285,0.1583058724123363,0.7284647448303285,dataset_AP,4
2945606900000018159,20240328,4,oligodendrocyte_1,oligodendrocyte_1,oligodendrocyte_1,False,True,True,0.2761651402875747,0.2761651402875747,0.11169401573842494,0.2761651402875748,dataset_AP,3
2945606900000020380,20240328,4,astrocyte_2,astrocyte_2,astrocyte_2,False,True,True,0.7706291703552957,0.7706291703552957,0.08318124207858048,0.7706291703552958,dataset_AP,4
2945606900000021324,20240328,4,endothelial,endothelial,oligodendrocyte_progenitor_2,False,False,False,0.3822465616789443,0.3822465616789443,0.08742833001388135,0.3822465616789443,dataset_AP,5
2945606900000028496,20240328,3,endothelial,endothelial,endothelial,False,True,True,0.28455725289603523,0.28455725289603523,0.0641169015134571,0.28455725289603523,dataset_AP,5
2945606900000028691,20240328,3,oligodendrocyte_progenitor_2,oligodendrocyte_progenitor_2,oligodendrocyte_progenitor_2,False,True,True,0.9539596153237259,0.9539596153237259,0.34554785158676904,0.9539596153237261,dataset_AP,5
2945606900000028780,20240328,3,astrocyte_1,astrocyte_1,astrocyte_1,False,True,True,0.753310052956732,0.753310052956732,0.19087536395228702,0.753310052956732,dataset_AP,2
2945606900000028825,20240328,3,oligodendrocyte_progenitor_2,oligodendrocyte_progenitor_2,oligodendrocyte_progenitor_2,False,True,True,0.8531517456208368,0.8531517456208368,0.2867833523942121,0.8531517456208371,dataset_AP,1
2945606900000029189,20240328,2,astrocyte_2,astrocyte_2,astrocyte_2,False,True,True,0.6049986128168497,0.6049986128168497,0.03804695515722131,0.6049986128168496,dataset_AP,5
2945606900000029531,20240328,3,oligodendrocyte_1,oligodendrocyte_1,oligodendrocyte_1,False,True,True,0.4411999492275533,0.4411999492275533,0.08095841631963306,0.4411999492275533,dataset_AP,4
2946331700000000125,20240415,1,oligodendrocyte_2,oligodendrocyte_2,oligodendrocyte_2,False,True,True,0.5656420803231207,0.5656420803231207,0.11221189067342915,0.5656420803231208,dataset_AP,2
2946331700000000215,20240415,1,oligodendrocyte_precursor_cell,oligodendrocyte_precursor_cell,oligodendrocyte_precursor_cell,False,True,True,0.7115464795697138,0.7115464795697138,0.049011845019634695,0.7115464795697137,dataset_AP,3
2946331700000000278,20240415,1,oligodendrocyte_2,oligodendrocyte_2,oligodendrocyte_2,False,True,True,0.962964307983914,0.962964307983914,0.12723369757590292,0.962964307983914,dataset_AP,4
2946331700000000284,20240415,1,oligodendrocyte_2,oligodendrocyte_2,oligodendrocyte_2,False,True,True,0.3994438799348763,0.3994438799348763,0.11221189067342915,0.3994438799348763,dataset_AP,2
2946331700000000304,20240415,1,astrocyte_1,astrocyte_1,astrocyte_1,False,True,True,0.9411422299871898,0.9411422299871898,0.2074883819180397,0.9411422299871898,dataset_AP,5
2946331700000000470,20240415,1,astrocyte_2,astrocyte_2,astrocyte_2,False,True,True,0.6429523926630577,0.6429523926630577,0.027044590025359257,0.6429523926630578,dataset_AP,1
2946331700000000560,20240415,1,astrocyte_1,astrocyte_1,astrocyte_2,False,False,False,0.5559264611991325,0.5559264611991325,0.24917788510944405,0.5559264611991325,dataset_AP,4
2946331700000000664,20240415,1,endothelial,endothelial,endothelial,False,True,True,0.9733215855344918,0.9733215855344918,0.08911097409196268,0.9733215855344916,dataset_AP,4
2946331700000000665,20240415,1,astrocyte_1,astrocyte_1,astrocyte_1,False,True,True,0.4928077615129144,0.4928077615129144,0.2074883819180397,0.4928077615129144,dataset_AP,5
2946331700000000678,20240415,1,oligodendrocyte_2,oligodendrocyte_2,oligodendrocyte_2,False,True,True,0.44546868603439616,0.44546868603439616,0.12388219969018449,0.44546868603439616,dataset_AP,5
2946331700000000794,20240415,1,astrocyte_1,astrocyte_1,astrocyte_1,False,True,True,0.9880916133451836,0.9880916133451836,0.2074883819180397,0.9880916133451836,dataset_AP,5
2946331700000000828,20240415,1,endothelial,endothelial,endothelial,False,True,True,0.9919218126998122,0.9919218126998122,0.08911097409196268,0.9919218126998122,dataset_AP,4
2946331700000000849,20240415,1,oligodendrocyte_2,oligodendrocyte_2,oligodendrocyte_2,False,True,True,0.8440559056054375,0.8440559056054375,0.12388219969018449,0.8440559056054375,dataset_AP,5
2946331700000000856,20240415,1,meninges_2,meninges_2,oligodendrocyte_progenitor_2,False,False,False,0.9937880226969557,0.9937880226969557,0.0019363469933812141,0.9937880226969557,dataset_AP,5
2946331700000000900,20240415,1,oligodendrocyte_2,oligodendrocyte_2,oligodendrocyte_2,False,True,True,0.986187469419957,0.986187469419957,0.12394864750633983,0.9861874694199568,dataset_AP,1
2946331700000001467,20240415,1,astrocyte_1,astrocyte_1,astrocyte_1,False,True,True,0.8854983638057089,0.8854983638057089,0.2074883819180397,0.885498363805709,dataset_AP,5
2946331700000001474,20240415,1,astrocyte_1,astrocyte_1,astrocyte_1,False,True,True,0.7761967081291974,0.7761967081291974,0.21437666520431858,0.7761967081291972,dataset_AP,3
2946331700000001528,20240415,1,oligodendrocyte_2,oligodendrocyte_2,oligodendrocyte_2,False,True,True,0.9706637572893834,0.9706637572893834,0.12723369757590292,0.9706637572893831,dataset_AP,4
2946331700000001544,20240415,1,oligodendrocyte_precursor_cell,oligodendrocyte_precursor_cell,oligodendrocyte_precursor_cell,False,True,True,0.8758689267135121,0.8758689267135121,0.05377470309346102,0.8758689267135121,dataset_AP,5
2946331700000001546,20240415,1,oligodendrocyte_1,oligodendrocyte_1,oligodendrocyte_progenitor_2,False,False,False,0.34615351362777413,0.34615351362777413,0.08122987042169126,0.34615351362777413,dataset_AP,3
2946331700000001574,20240415,1,oligodendrocyte_progenitor_2,oligodendrocyte_progenitor_2,oligodendrocyte_2,False,False,False,0.3628737824832494,0.3628737824832494,0.27172724711186247,0.3628737824832494,dataset_AP,2
2946331700000001579,20240415,1,astrocyte_1,astrocyte_1,astrocyte_1,False,True,True,0.9789956979877259,0.9789956979877259,0.2258100873485489,0.978995697987726,dataset_AP,2
2946331700000001714,20240415,1,endothelial,endothelial,endothelial,False,True,True,0.6366214087070533,0.6366214087070533,0.11512246273687365,0.6366214087070532,dataset_AP,3
2946331700000001720,20240415,1,oligodendrocyte_progenitor_2,oligodendrocyte_progenitor_2,oligodendrocyte_progenitor_2,False,True,True,0.4705787287995325,0.4705787287995325,0.2609414623837701,0.4705787287995325,dataset_AP,1
2946331700000001759,20240415,1,astrocyte_1,astrocyte_1,astrocyte_1,False,True,True,0.4811494820010423,0.4811494820010423,0.2074883819180397,0.4811494820010423,dataset_AP,5
2946331700000001833,20240415,1,astrocyte_1,astrocyte_1,astrocyte_1,False,True,True,0.9288425090242176,0.9288425090242176,0.2074883819180397,0.9288425090242176,dataset_AP,5
2946331700000001926,20240415,1,pericyte,pericyte,oligodendrocyte_progenitor_2,False,False,False,0.528042629919865,0.528042629919865,0.015136658213581289,0.528042629919865,dataset_AP,2
2946331700000001984,20240415,1,astrocyte_1,astrocyte_1,oligodendrocyte_precursor_cell,False,False,False,0.5358877222038303,0.5358877222038303,0.24917788510944405,0.5358877222038304,dataset_AP,4
2946331700000001987,20240415,1,endothelial,endothelial,endothelial,False,True,True,0.9996861826641293,0.9996861826641293,0.10120597351366581,0.9996861826641293,dataset_AP,2
2946331700000002034,20240415,1,astrocyte_1,astrocyte_1,astrocyte_1,False,True,True,0.7815385473481797,0.7815385473481797,0.2304469568892646,0.7815385473481795,dataset_AP,1
2946331700000002071,20240415,1,astrocyte_1,astrocyte_1,astrocyte_1,False,True,True,0.9652596431722054,0.9652596431722054,0.2074883819180397,0.9652596431722051,dataset_AP,5
2946331700000002516,20240415,1,meninges_3,meninges_3,meninges_1,False,False,False,0.6180292851918553,0.6180292851918553,0.0008453085376162299,0.6180292851918552,dataset_AP,2
2946331700000002594,20240415,1,oligodendrocyte_1,oligodendrocyte_1,oligodendrocyte_progenitor_2,False,False,False,0.30424074235082965,0.30424074235082965,0.0751742712294043,0.30424074235082954,dataset_AP,5
2946331700000002612,20240415,1,pericyte,pericyte,endothelial,False,False,False,0.6976025909160558,0.6976025909160558,0.015136658213581289,0.6976025909160559,dataset_AP,2
2946331700000002701,20240415,1,oligodendrocyte_1,oligodendrocyte_1,oligodendrocyte_1,False,True,True,0.5699823708907035,0.5699823708907035,0.0751742712294043,0.5699823708907036,dataset_AP,5
2946331700000002712,20240415,1,microglia,microglia,microglia,False,True,True,0.9995269184425659,0.9995269184425659,0.021444420963651734,0.999526918442566,dataset_AP,1
2946331700000002881,20240415,1,oligodendrocyte_1,oligodendrocyte_1,oligodendrocyte_progenitor_2,False,False,False,0.5985349740820345,0.5985349740820345,0.08122987042169126,0.5985349740820345,dataset_AP,3
2946331700000002928,20240415,1,endothelial,endothelial,oligodendrocyte_1,False,False,False,0.48756527074951445,0.48756527074951445,0.11512246273687365,0.48756527074951445,dataset_AP,3
2946331700000002943,20240415,1,oligodendrocyte_progenitor_2,oligodendrocyte_progenitor_2,oligodendrocyte_progenitor_2,False,True,True,0.6308218870522637,0.6308218870522637,0.27172724711186247,0.6308218870522637,dataset_AP,2
2946331700000003012,20240415,1,oligodendrocyte_1,oligodendrocyte_1,oligodendrocyte_progenitor_2,False,False,False,0.6756032960625172,0.6756032960625172,0.0751742712294043,0.6756032960625172,dataset_AP,5
2946331700000003100,20240415,1,endothelial,endothelial,endothelial,False,True,True,0.29708166332713176,0.29708166332713176,0.10120597351366581,0.29708166332713176,dataset_AP,2
2946331700000003124,20240415,1,oligodendrocyte_1,oligodendrocyte_1,oligodendrocyte_1,False,True,True,0.6579912739593936,0.6579912739593936,0.10022665250802132,0.6579912739593937,dataset_AP,4
2946331700000003192,20240415,1,oligodendrocyte_1,oligodendrocyte_1,oligodendrocyte_progenitor_2,False,False,False,0.6182576874819168,0.6182576874819168,0.10022665250802132,0.6182576874819169,dataset_AP,4
2946331700000003226,20240415,1,astrocyte_1,astrocyte_1,astrocyte_1,False,True,True,0.8869140313822463,0.8869140313822463,0.21437666520431858,0.8869140313822463,dataset_AP,3
2946331700000003288,20240415,1,oligodendrocyte_1,oligodendrocyte_1,oligodendrocyte_progenitor_2,False,False,False,0.4984546234079765,0.4984546234079765,0.10022665250802132,0.4984546234079765,dataset_AP,4
2946331700000003291,20240415,1,ependymal,ependymal,astrocyte_1,False,False,False,0.9999996173768074,0.9999996173768074,0.00042265426880811494,0.9999996173768074,dataset_AP,1
2946331700000003295,20240415,1,astrocyte_1,astrocyte_1,astrocyte_1,False,True,True,0.9375194890558037,0.9375194890558037,0.21437666520431858,0.9375194890558035,dataset_AP,3
2946331700000003300,20240415,1,oligodendrocyte_precursor_cell,oligodendrocyte_precursor_cell,oligodendrocyte_progenitor_2,False,False,False,0.9811006986273251,0.9811006986273251,0.05377470309346102,0.9811006986273251,dataset_AP,5
2946331700000003302,20240415,1,endothelial,endothelial,endothelial,False,True,True,0.9225010312172274,0.9225010312172274,0.08911097409196268,0.9225010312172274,dataset_AP,4
2946331700000003340,20240415,1,oligodendrocyte_2,oligodendrocyte_2,oligodendrocyte_2,False,True,True,0.9956108383531502,0.9956108383531502,0.12388219969018449,0.9956108383531505,dataset_AP,5
2946331700000003385,20240415,1,astrocyte_1,astrocyte_1,astrocyte_1,False,True,True,0.9721684419193087,0.9721684419193087,0.2074883819180397,0.9721684419193088,dataset_AP,5
2946331700000003422,20240415,1,oligodendrocyte_progenitor_2,oligodendrocyte_progenitor_2,oligodendrocyte_progenitor_2,False,True,True,0.7859889736895158,0.7859889736895158,0.2832853611821479,0.7859889736895158,dataset_AP,3
2946331700000003534,20240415,1,astrocyte_1,astrocyte_1,astrocyte_1,False,True,True,0.8783779735103358,0.8783779735103358,0.2258100873485489,0.8783779735103358,dataset_AP,2
2946331700000003541,20240415,1,endothelial,endothelial,endothelial,False,True,True,0.6368771464928554,0.6368771464928554,0.08911097409196268,0.6368771464928554,dataset_AP,4
2946331700000003590,20240415,1,oligodendrocyte_progenitor_2,oligodendrocyte_progenitor_2,oligodendrocyte_progenitor_2,False,True,True,0.6387732707661615,0.6387732707661615,0.2832853611821479,0.6387732707661615,dataset_AP,3
2946331700000003596,20240415,1,microglia,microglia,microglia,False,True,True,0.9970973936484823,0.9970973936484823,0.021715869330280236,0.9970973936484823,dataset_AP,3
2946331700000003802,20240415,1,oligodendrocyte_2,oligodendrocyte_2,oligodendrocyte_2,False,True,True,0.4854137499162261,0.4854137499162261,0.11221189067342915,0.4854137499162261,dataset_AP,2
2946331700000004350,20240415,1,endothelial,endothelial,endothelial,False,True,True,0.5482052091127877,0.5482052091127877,0.14013871285734403,0.5482052091127877,dataset_AP,5
2946331700000004355,20240415,1,astrocyte_1,astrocyte_1,astrocyte_1,False,True,True,0.8050406189416399,0.8050406189416399,0.21437666520431858,0.8050406189416399,dataset_AP,3
2946331700000004620,20240415,1,oligodendrocyte_1,oligodendrocyte_1,endothelial,False,False,False,0.37950759944324614,0.37950759944324614,0.10022665250802132,0.37950759944324614,dataset_AP,4
2946331700000004869,20240415,1,oligodendrocyte_1,oligodendrocyte_1,oligodendrocyte_progenitor_2,False,False,False,0.6680890088776371,0.6680890088776371,0.10022665250802132,0.6680890088776371,dataset_AP,4
2946331700000004910,20240415,1,oligodendrocyte_1,oligodendrocyte_1,oligodendrocyte_2,False,False,False,0.3459160537609802,0.3459160537609802,0.10022665250802132,0.3459160537609803,dataset_AP,4
2946331700000004953,20240415,1,oligodendrocyte_1,oligodendrocyte_1,oligodendrocyte_1,False,True,True,0.43453091236323976,0.43453091236323976,0.09222879684418146,0.43453091236323976,dataset_AP,2
2946331700000004996,20240415,1,oligodendrocyte_progenitor_2,oligodendrocyte_progenitor_2,oligodendrocyte_1,False,False,False,0.510557912603705,0.510557912603705,0.2832853611821479,0.5105579126037051,dataset_AP,3
2946331700000005061,20240415,1,pericyte,pericyte,astrocyte_1,False,False,False,0.4448498716191803,0.4448498716191803,0.015136658213581289,0.4448498716191802,dataset_AP,2
2946331700000005165,20240415,1,astrocyte_2,astrocyte_2,astrocyte_1,False,False,False,0.6252902446506642,0.6252902446506642,0.029176514917959785,0.6252902446506641,dataset_AP,4
2946331700000005379,20240415,1,endothelial,endothelial,endothelial,False,True,True,0.959353471072384,0.959353471072384,0.10120597351366581,0.9593534710723838,dataset_AP,2
2946331700000006237,20240415,1,meninges_1,meninges_1,meninges_1,False,True,True,0.6037736386501547,0.6037736386501547,0.015352916314454776,0.6037736386501545,dataset_AP,1
2946331700000006711,20240415,1,oligodendrocyte_2,oligodendrocyte_2,oligodendrocyte_2,False,True,True,0.9892670613043146,0.9892670613043146,0.1318467316519897,0.9892670613043146,dataset_AP,3
2946331700000006978,20240415,4,meninges_3,meninges_3,meninges_1,False,False,False,0.7417534527520748,0.7417534527520748,0.0009592153618340197,0.7417534527520748,dataset_AP,1
2946331700000007362,20240415,4,pericyte,pericyte,oligodendrocyte_progenitor_2,False,False,False,0.27255033820339947,0.27255033820339947,0.016102827886788604,0.27255033820339947,dataset_AP,1
2946331700000008103,20240415,1,oligodendrocyte_2,oligodendrocyte_2,oligodendrocyte_2,False,True,True,0.831493426404334,0.831493426404334,0.11221189067342915,0.8314934264043342,dataset_AP,2
2946331700000008207,20240415,1,microglia,microglia,astrocyte_2,False,False,False,0.3527003943158756,0.3527003943158756,0.021715869330280236,0.3527003943158756,dataset_AP,3
2946331700000008386,20240415,4,meninges_2,meninges_2,meninges_1,False,False,False,0.5192073617356256,0.5192073617356256,0.0161084852309121,0.5192073617356255,dataset_AP,3
2946331700000008417,20240415,4,oligodendrocyte_progenitor_1,oligodendrocyte_progenitor_1,oligodendrocyte_precursor_cell,False,False,False,0.7449340808369872,0.7449340808369872,0.00886354034643008,0.7449340808369871,dataset_AP,5
2946331700000008641,20240415,4,endothelial,endothelial,endothelial,False,True,True,0.9377059244434329,0.9377059244434329,0.11453316434305028,0.9377059244434329,dataset_AP,5
2946331700000008780,20240415,4,oligodendrocyte_1,oligodendrocyte_1,astrocyte_1,False,False,False,0.49317645400248233,0.49317645400248233,0.05889029714124771,0.4931764540024824,dataset_AP,4
2946331700000008820,20240415,4,oligodendrocyte_1,oligodendrocyte_1,oligodendrocyte_progenitor_2,False,False,False,0.38413145566456086,0.38413145566456086,0.055171264272022666,0.384131455664561,dataset_AP,3
2946331700000008879,20240415,4,endothelial,endothelial,oligodendrocyte_1,False,False,False,0.5223939114441658,0.5223939114441658,0.12809400783398617,0.5223939114441657,dataset_AP,3
2946331700000009174,20240415,4,oligodendrocyte_progenitor_1,oligodendrocyte_progenitor_1,peripheral_glia,False,False,False,0.4834292447138843,0.4834292447138843,0.016522484607590992,0.4834292447138843,dataset_AP,1
2946331700000009204,20240415,4,peripheral_glia,peripheral_glia,peripheral_glia,False,True,True,0.9963806557065321,0.9963806557065321,0.007732587495106855,0.9963806557065321,dataset_AP,2
2946331700000009227,20240415,4,Schwann_cell,Schwann_cell,Schwann_cell,False,True,True,0.9997585667082235,0.9997585667082235,0.049192418319935094,0.9997585667082235,dataset_AP,2
2946331700000010492,20240415,4,astrocyte_2,astrocyte_2,astrocyte_1,False,False,False,0.9323013060081518,0.9323013060081518,0.0821771581467399,0.9323013060081515,dataset_AP,5
2946331700000010493,20240415,4,oligodendrocyte_progenitor_1,oligodendrocyte_progenitor_1,oligodendrocyte_progenitor_1,False,True,True,0.9983457530259472,0.9983457530259472,0.008923961944096172,0.998345753025947,dataset_AP,2
2946331700000010497,20240415,4,Schwann_cell,Schwann_cell,Schwann_cell,False,True,True,0.9874866193389857,0.9874866193389857,0.05161739668781922,0.9874866193389855,dataset_AP,3
2946331700000010505,20240415,4,peripheral_glia,peripheral_glia,Schwann_cell,False,False,False,0.4706254836619247,0.4706254836619247,0.008231266823738183,0.47062548366192475,dataset_AP,1
2946331700000010663,20240415,4,oligodendrocyte_1,oligodendrocyte_1,oligodendrocyte_progenitor_2,False,False,False,0.3165480969912328,0.3165480969912328,0.06265474841579588,0.3165480969912328,dataset_AP,1
2946331700000010664,20240415,4,oligodendrocyte_1,oligodendrocyte_1,oligodendrocyte_1,False,True,True,0.33404986715219714,0.33404986715219714,0.05889029714124771,0.3340498671521972,dataset_AP,4
2946331700000010670,20240415,4,astrocyte_1,astrocyte_1,astrocyte_1,False,True,True,0.786595264331954,0.786595264331954,0.1962782612836784,0.7865952643319538,dataset_AP,3
2946331700000010728,20240415,4,endothelial,endothelial,endothelial,False,True,True,0.9967680355519003,0.9967680355519003,0.09458949443740318,0.9967680355519003,dataset_AP,4
2946331700000010782,20240415,4,pericyte,pericyte,oligodendrocyte_progenitor_2,False,False,False,0.3523979527556252,0.3523979527556252,0.01598942769040277,0.35239795275562524,dataset_AP,3
2946331700000010890,20240415,4,microglia,microglia,microglia,False,True,True,0.9549242331196058,0.9549242331196058,0.017241896128966507,0.9549242331196056,dataset_AP,1
2946331700000010986,20240415,4,microglia,microglia,microglia,False,True,True,0.9999917360200606,0.9999917360200606,0.01007822080411463,0.9999917360200606,dataset_AP,3
2946331700000011070,20240415,4,astrocyte_1,astrocyte_1,oligodendrocyte_precursor_cell,False,False,False,0.9181476430078587,0.9181476430078587,0.1962782612836784,0.9181476430078584,dataset_AP,3
2946331700000011126,20240415,4,astrocyte_1,astrocyte_1,astrocyte_1,False,True,True,0.855965133118334,0.855965133118334,0.1962782612836784,0.8559651331183341,dataset_AP,3
2946331700000011498,20240415,2,meninges_3,meninges_3,meninges_2,False,False,False,0.8243139005261475,0.8243139005261475,0.004067663221278134,0.8243139005261475,dataset_AP,4
2946331700000011500,20240415,2,meninges_3,meninges_3,meninges_3,False,True,True,0.615384518414897,0.615384518414897,0.0004431563366924584,0.615384518414897,dataset_AP,5
2946331700000011600,20240415,3,astrocyte_2,astrocyte_2,astrocyte_2,False,True,True,0.6072367634635083,0.6072367634635083,0.03144776221699298,0.6072367634635083,dataset_AP,2
2946331700000012282,20240415,4,astrocyte_1,astrocyte_1,astrocyte_1,False,True,True,0.9415986483533627,0.9415986483533627,0.1870571349146465,0.9415986483533627,dataset_AP,2
2946331700000012393,20240415,4,microglia,microglia,astrocyte_1,False,False,False,0.8947639814289489,0.8947639814289489,0.017241896128966507,0.8947639814289489,dataset_AP,1
2946331700000012429,20240415,4,oligodendrocyte_progenitor_2,oligodendrocyte_progenitor_2,oligodendrocyte_1,False,False,False,0.8729690888135492,0.8729690888135492,0.23328246353543203,0.8729690888135492,dataset_AP,2
2946331700000012697,20240415,4,oligodendrocyte_2,oligodendrocyte_2,oligodendrocyte_1,False,False,False,0.9004154231290654,0.9004154231290654,0.13355874894336434,0.9004154231290654,dataset_AP,1
2946331700000012764,20240415,4,oligodendrocyte_precursor_cell,oligodendrocyte_precursor_cell,oligodendrocyte_precursor_cell,False,True,True,0.5614649108209551,0.5614649108209551,0.03183806384632404,0.5614649108209551,dataset_AP,2
2946331700000012957,20240415,2,oligodendrocyte_1,oligodendrocyte_1,oligodendrocyte_1,False,True,True,0.5889785395993447,0.5889785395993447,0.06232550719242735,0.5889785395993447,dataset_AP,5
2946331700000013032,20240415,2,astrocyte_2,astrocyte_2,astrocyte_2,False,True,True,0.839908890420081,0.839908890420081,0.09643638975845231,0.839908890420081,dataset_AP,3
2946331700000013053,20240415,2,astrocyte_2,astrocyte_2,astrocyte_2,False,True,True,0.9113935738717074,0.9113935738717074,0.09140117042548032,0.9113935738717076,dataset_AP,4
2946331700000013083,20240415,2,meninges_1,meninges_1,meninges_2,False,False,False,0.647438502952019,0.647438502952019,0.012084873301603339,0.647438502952019,dataset_AP,5
2946331700000013084,20240415,2,meninges_1,meninges_1,meninges_1,False,True,True,0.8012772631604085,0.8012772631604085,0.0087730950368313,0.8012772631604086,dataset_AP,1
2946331700000013295,20240415,3,oligodendrocyte_1,oligodendrocyte_1,oligodendrocyte_1,False,True,True,0.7125572130187517,0.7125572130187517,0.05625139789756207,0.7125572130187517,dataset_AP,5
2946331700000013468,20240415,3,endothelial,endothelial,endothelial,False,True,True,0.9400012355991633,0.9400012355991633,0.12221528605388772,0.9400012355991634,dataset_AP,4
2946331700000014009,20240415,4,oligodendrocyte_2,oligodendrocyte_2,oligodendrocyte_progenitor_2,False,False,False,0.6251269785210098,0.6251269785210098,0.13355874894336434,0.6251269785210098,dataset_AP,1
2946331700000014165,20240415,2,endothelial,endothelial,oligodendrocyte_2,False,False,False,0.44582865314622017,0.44582865314622017,0.12207462866803527,0.4458286531462202,dataset_AP,1
2946331700000014193,20240415,2,oligodendrocyte_2,oligodendrocyte_2,oligodendrocyte_2,False,True,True,0.9238216470506295,0.9238216470506295,0.1532299765604922,0.9238216470506296,dataset_AP,3
2946331700000014384,20240415,2,oligodendrocyte_2,oligodendrocyte_2,oligodendrocyte_2,False,True,True,0.9093252636206399,0.9093252636206399,0.16261035972574434,0.9093252636206399,dataset_AP,2
2946331700000014421,20240415,2,oligodendrocyte_2,oligodendrocyte_2,oligodendrocyte_2,False,True,True,0.8520845958981296,0.8520845958981296,0.1636849414321942,0.8520845958981296,dataset_AP,1
2946331700000014482,20240415,2,oligodendrocyte_2,oligodendrocyte_2,oligodendrocyte_2,False,True,True,0.7903269919409204,0.7903269919409204,0.16027635229156142,0.7903269919409204,dataset_AP,5
2946331700000014829,20240415,3,oligodendrocyte_precursor_cell,oligodendrocyte_precursor_cell,oligodendrocyte_progenitor_2,False,False,False,0.427547359968758,0.427547359968758,0.05587867930003407,0.427547359968758,dataset_AP,1
2946331700000014831,20240415,3,oligodendrocyte_2,oligodendrocyte_2,oligodendrocyte_2,False,True,True,0.9531660861246156,0.9531660861246156,0.0710556411913878,0.9531660861246158,dataset_AP,3
2946331700000014941,20240415,3,oligodendrocyte_progenitor_2,oligodendrocyte_progenitor_2,oligodendrocyte_progenitor_2,False,True,True,0.9282008458590025,0.9282008458590025,0.30528069215852016,0.9282008458590025,dataset_AP,3
2946331700000014942,20240415,3,oligodendrocyte_1,oligodendrocyte_1,oligodendrocyte_progenitor_2,False,False,False,0.6562343097032933,0.6562343097032933,0.05625139789756207,0.6562343097032934,dataset_AP,5
2946331700000015672,20240415,2,oligodendrocyte_2,oligodendrocyte_2,oligodendrocyte_2,False,True,True,0.9133213168367674,0.9133213168367674,0.16027635229156142,0.9133213168367675,dataset_AP,5
2946331700000015799,20240415,2,oligodendrocyte_2,oligodendrocyte_2,oligodendrocyte_2,False,True,True,0.9072192754246777,0.9072192754246777,0.1636849414321942,0.9072192754246777,dataset_AP,1
2946331700000015824,20240415,2,oligodendrocyte_1,oligodendrocyte_1,oligodendrocyte_progenitor_2,False,False,False,0.5992233863442724,0.5992233863442724,0.06532717775321326,0.5992233863442724,dataset_AP,3
2946331700000015836,20240415,2,oligodendrocyte_1,oligodendrocyte_1,oligodendrocyte_1,False,True,True,0.4355486735807752,0.4355486735807752,0.06232550719242735,0.4355486735807751,dataset_AP,5
2946331700000015862,20240415,2,oligodendrocyte_progenitor_2,oligodendrocyte_progenitor_2,oligodendrocyte_progenitor_2,False,True,True,0.8901898130566989,0.8901898130566989,0.1776808356478686,0.8901898130566986,dataset_AP,1
2946331700000015941,20240415,2,oligodendrocyte_1,oligodendrocyte_1,endothelial,False,False,False,0.6404980534679706,0.6404980534679706,0.06799113563605472,0.6404980534679707,dataset_AP,4
2946331700000016015,20240415,2,astrocyte_1,astrocyte_1,astrocyte_2,False,False,False,0.798275370127152,0.798275370127152,0.17169052418418437,0.798275370127152,dataset_AP,3
2946331700000016051,20240415,2,oligodendrocyte_progenitor_2,oligodendrocyte_progenitor_2,oligodendrocyte_progenitor_2,False,True,True,0.8549523967451511,0.8549523967451511,0.20847879766769006,0.8549523967451513,dataset_AP,4
2946331700000016068,20240415,2,oligodendrocyte_2,oligodendrocyte_2,oligodendrocyte_2,False,True,True,0.796567438709569,0.796567438709569,0.1532299765604922,0.7965674387095693,dataset_AP,3
2946331700000016189,20240415,3,oligodendrocyte_1,oligodendrocyte_1,oligodendrocyte_progenitor_2,False,False,False,0.6266078337210904,0.6266078337210904,0.08579881656804733,0.6266078337210904,dataset_AP,3
2946331700000016260,20240415,3,oligodendrocyte_1,oligodendrocyte_1,oligodendrocyte_progenitor_2,False,False,False,0.36524241880836933,0.36524241880836933,0.07214245628637547,0.3652424188083694,dataset_AP,4
2946331700000016267,20240415,3,oligodendrocyte_1,oligodendrocyte_1,oligodendrocyte_1,False,True,True,0.4473243431912864,0.4473243431912864,0.05625139789756207,0.4473243431912864,dataset_AP,5
2946331700000017216,20240415,2,astrocyte_1,astrocyte_1,astrocyte_2,False,False,False,0.926277107631552,0.926277107631552,0.17169052418418437,0.926277107631552,dataset_AP,3
2946331700000017226,20240415,2,oligodendrocyte_progenitor_2,oligodendrocyte_progenitor_2,oligodendrocyte_progenitor_2,False,True,True,0.9882758750921091,0.9882758750921091,0.19325672918234202,0.9882758750921093,dataset_AP,3
2946331700000017243,20240415,2,endothelial,endothelial,oligodendrocyte_progenitor_2,False,False,False,0.4492097826356762,0.4492097826356762,0.12157270737152394,0.4492097826356762,dataset_AP,3
2946331700000017329,20240415,2,oligodendrocyte_1,oligodendrocyte_1,oligodendrocyte_1,False,True,True,0.43255552259948893,0.43255552259948893,0.07440828402366864,0.43255552259948893,dataset_AP,1
2946331700000017344,20240415,2,oligodendrocyte_precursor_cell,oligodendrocyte_precursor_cell,oligodendrocyte_progenitor_1,False,False,False,0.39729008967829865,0.39729008967829865,0.04600562182475952,0.39729008967829876,dataset_AP,4
2946331700000017356,20240415,2,oligodendrocyte_1,oligodendrocyte_1,oligodendrocyte_precursor_cell,False,False,False,0.36351753044174356,0.36351753044174356,0.06232550719242735,0.36351753044174356,dataset_AP,5
2946331700000017402,20240415,2,oligodendrocyte_1,oligodendrocyte_1,oligodendrocyte_1,False,True,True,0.3682425462171286,0.3682425462171286,0.06532717775321326,0.36824254621712854,dataset_AP,3
2946331700000017490,20240415,2,astrocyte_1,astrocyte_1,astrocyte_1,False,True,True,0.4144014077703952,0.4144014077703952,0.14396507940865602,0.4144014077703952,dataset_AP,4
2946331700000017554,20240415,2,astrocyte_1,astrocyte_1,astrocyte_1,False,True,True,0.9228381530455362,0.9228381530455362,0.14596968965100834,0.9228381530455364,dataset_AP,1
2946331700000017564,20240415,2,endothelial,endothelial,endothelial,False,True,True,0.5072497466865679,0.5072497466865679,0.12207462866803527,0.5072497466865679,dataset_AP,1
2946331700000017596,20240415,2,endothelial,endothelial,endothelial,False,True,True,0.8955505468996267,0.8955505468996267,0.1020278833967047,0.895550546899627,dataset_AP,5
2946331700000017600,20240415,2,endothelial,endothelial,oligodendrocyte_progenitor_2,False,False,False,0.7549089852641142,0.7549089852641142,0.12207462866803527,0.7549089852641142,dataset_AP,1
2946331700000017689,20240415,2,astrocyte_1,astrocyte_1,astrocyte_1,False,True,True,0.5013980599131307,0.5013980599131307,0.14396507940865602,0.5013980599131308,dataset_AP,4
2946331700000018286,20240415,2,astrocyte_1,astrocyte_1,astrocyte_1,False,True,True,0.7086839058952653,0.7086839058952653,0.17169052418418437,0.7086839058952654,dataset_AP,3
2946331700000018412,20240415,2,oligodendrocyte_precursor_cell,oligodendrocyte_precursor_cell,oligodendrocyte_2,False,False,False,0.29983085643006546,0.29983085643006546,0.04106138897013422,0.2998308564300655,dataset_AP,5
2946331700000018420,20240415,2,pericyte,pericyte,endothelial,False,False,False,0.9566698035084065,0.9566698035084065,0.014931414170957898,0.9566698035084062,dataset_AP,5
2946331700000018655,20240415,2,astrocyte_1,astrocyte_1,astrocyte_1,False,True,True,0.9741781924352241,0.9741781924352241,0.166220531605147,0.9741781924352241,dataset_AP,2
2946331700000018728,20240415,2,endothelial,endothelial,oligodendrocyte_1,False,False,False,0.762908758416078,0.762908758416078,0.13064413056177068,0.7629087584160777,dataset_AP,4
2946331700000018817,20240415,2,ependymal,ependymal,ependymal,False,True,True,0.9991499992032514,0.9991499992032514,0.007179252371560064,0.9991499992032515,dataset_AP,2
2946331700000018939,20240415,2,astrocyte_1,astrocyte_1,astrocyte_1,False,True,True,0.8295638491758841,0.8295638491758841,0.16740673774894307,0.8295638491758843,dataset_AP,5
2946331700000018966,20240415,2,astrocyte_1,astrocyte_1,astrocyte_1,False,True,True,0.9514861339004183,0.9514861339004183,0.166220531605147,0.9514861339004186,dataset_AP,2
2946331700000018987,20240415,2,oligodendrocyte_1,oligodendrocyte_1,oligodendrocyte_progenitor_2,False,False,False,0.5756679218407524,0.5756679218407524,0.06532717775321326,0.5756679218407524,dataset_AP,3
2946331700000019031,20240415,2,oligodendrocyte_2,oligodendrocyte_2,oligodendrocyte_precursor_cell,False,False,False,0.8614598017871283,0.8614598017871283,0.16261035972574434,0.8614598017871283,dataset_AP,2
2946331700000019946,20240415,2,astrocyte_1,astrocyte_1,astrocyte_1,False,True,True,0.6276504130528904,0.6276504130528904,0.14596968965100834,0.6276504130528904,dataset_AP,1
2946331700000019958,20240415,2,oligodendrocyte_progenitor_2,oligodendrocyte_progenitor_2,oligodendrocyte_progenitor_2,False,True,True,0.9148691917748828,0.9148691917748828,0.19325672918234202,0.9148691917748826,dataset_AP,3
2946331700000020112,20240415,2,astrocyte_1,astrocyte_1,astrocyte_1,False,True,True,0.9264960624606814,0.9264960624606814,0.14596968965100834,0.9264960624606816,dataset_AP,1
2946331700000020146,20240415,2,astrocyte_1,astrocyte_1,endothelial,False,False,False,0.8575319766729189,0.8575319766729189,0.16740673774894307,0.857531976672919,dataset_AP,5
2946331700000020192,20240415,2,astrocyte_1,astrocyte_1,astrocyte_1,False,True,True,0.6488822188746337,0.6488822188746337,0.14596968965100834,0.6488822188746338,dataset_AP,1
2946331700000020273,20240415,2,oligodendrocyte_progenitor_2,oligodendrocyte_progenitor_2,oligodendrocyte_progenitor_2,False,True,True,0.9509348643704789,0.9509348643704789,0.19325672918234202,0.950934864370479,dataset_AP,3
2946331700000020283,20240415,2,astrocyte_1,astrocyte_1,astrocyte_1,False,True,True,0.8638667331238806,0.8638667331238806,0.17169052418418437,0.8638667331238806,dataset_AP,3
2946331700000020347,20240415,2,oligodendrocyte_1,oligodendrocyte_1,oligodendrocyte_progenitor_2,False,False,False,0.3362437085332976,0.3362437085332976,0.07440828402366864,0.33624370853329766,dataset_AP,1
2946331700000020448,20240415,2,astrocyte_1,astrocyte_1,astrocyte_1,False,True,True,0.9704639414489216,0.9704639414489216,0.14396507940865602,0.9704639414489213,dataset_AP,4
2946331700000020454,20240415,2,astrocyte_1,astrocyte_1,astrocyte_1,False,True,True,0.4138224420253681,0.4138224420253681,0.14596968965100834,0.4138224420253681,dataset_AP,1
2946331700000020461,20240415,2,astrocyte_2,astrocyte_2,astrocyte_2,False,True,True,0.6774745944761037,0.6774745944761037,0.1087747722363107,0.6774745944761037,dataset_AP,2
2946331700000021478,20240415,2,meninges_1,meninges_1,oligodendrocyte_progenitor_2,False,False,False,0.8960030664817751,0.8960030664817751,0.0087730950368313,0.8960030664817751,dataset_AP,1
2946331700000021582,20240415,2,oligodendrocyte_progenitor_2,oligodendrocyte_progenitor_2,oligodendrocyte_progenitor_2,False,True,True,0.6229330173734825,0.6229330173734825,0.19492526906975577,0.6229330173734825,dataset_AP,5
2946331700000021737,20240415,2,Schwann_cell,Schwann_cell,Schwann_cell,False,True,True,0.9734289628065002,0.9734289628065002,0.0409313377838175,0.9734289628065002,dataset_AP,4
2946331700000022231,20240415,2,Schwann_cell,Schwann_cell,Schwann_cell,False,True,True,0.9947776332043268,0.9947776332043268,0.04311024843344235,0.9947776332043268,dataset_AP,5
2946331700000022308,20240415,2,astrocyte_2,astrocyte_2,astrocyte_2,False,True,True,0.9621849079548708,0.9621849079548708,0.09140117042548032,0.9621849079548703,dataset_AP,4
2946331700000022386,20240415,2,astrocyte_2,astrocyte_2,astrocyte_2,False,True,True,0.949003049889608,0.949003049889608,0.11188262287163386,0.9490030498896084,dataset_AP,1
2946331700000022441,20240415,2,astrocyte_2,astrocyte_2,astrocyte_2,False,True,True,0.9327555080175783,0.9327555080175783,0.11188262287163386,0.9327555080175783,dataset_AP,1
