identity_number,predicted_cell_type,actual_cell_type
2656143800003100123,astrocyte_2,pericyte
2656143800005200064,oligodendrocyte_2,oligodendrocyte_2
2656143800027100344,oligodendrocyte_1,oligodendrocyte_1
2656143800028100190,microglia,microglia
2656143800029100074,microglia,oligodendrocyte_2
2656143800029100143,oligodendrocyte_progenitor_2,astrocyte_1
2656143800029200138,endothelial,endothelial
2656143800030100127,oligodendrocyte_2,oligodendrocyte_2
2656143800031100019,Schwann_cell,Schwann_cell
2656143800052100087,astrocyte_1,astrocyte_1
2656143800052100097,astrocyte_1,astrocyte_1
2656143800052100158,oligodendrocyte_1,oligodendrocyte_progenitor_2
2656143800052100183,astrocyte_1,astrocyte_1
2656143800052100222,oligodendrocyte_1,endothelial
2656143800052100227,astrocyte_1,astrocyte_1
2656143800053100117,oligodendrocyte_2,oligodendrocyte_2
2656143800054100097,oligodendrocyte_progenitor_2,oligodendrocyte_1
2656143800054100105,oligodendrocyte_progenitor_2,oligodendrocyte_progenitor_2
2656143800054100170,endothelial,endothelial
2656143800054100176,meninges_3,oligodendrocyte_progenitor_2
2656143800055100014,pericyte,astrocyte_1
2656143800055100071,oligodendrocyte_2,oligodendrocyte_2
2656143800055100113,oligodendrocyte_progenitor_2,oligodendrocyte_progenitor_2
2656143800079100123,endothelial,endothelial
2656143800079100222,endothelial,endothelial
2656143800080100045,astrocyte_1,oligodendrocyte_2
2656143800080100143,astrocyte_1,astrocyte_1
2656143800080100205,astrocyte_1,oligodendrocyte_1
2656143800081100092,oligodendrocyte_2,oligodendrocyte_2
2656143800103100072,oligodendrocyte_2,oligodendrocyte_2
2656143800103100093,astrocyte_1,astrocyte_1
2656143800103100207,astrocyte_2,astrocyte_1
2656143800104100148,oligodendrocyte_1,oligodendrocyte_progenitor_2
2656143800104100188,astrocyte_1,astrocyte_1
2656143800104200042,ependymal,ependymal
2656143800105100155,oligodendrocyte_2,oligodendrocyte_2
2656143800105100194,astrocyte_1,astrocyte_1
2656143800106100113,oligodendrocyte_1,astrocyte_2
2656143800129100064,oligodendrocyte_progenitor_2,oligodendrocyte_1
2656143800129100068,astrocyte_1,astrocyte_1
2656143800129100095,oligodendrocyte_1,astrocyte_1
2656143800129100146,astrocyte_1,astrocyte_1
2656143800130100125,oligodendrocyte_2,oligodendrocyte_progenitor_2
2656143800130100202,astrocyte_1,astrocyte_1
2656143800153100075,astrocyte_1,astrocyte_1
2656143800153100155,oligodendrocyte_1,oligodendrocyte_progenitor_2
2656143800154100107,oligodendrocyte_progenitor_2,oligodendrocyte_progenitor_2
2656143800154100152,oligodendrocyte_1,oligodendrocyte_1
2656143800154100245,endothelial,astrocyte_1
2656143800155100023,oligodendrocyte_2,oligodendrocyte_1
2656143800156100034,microglia,oligodendrocyte_2
2656143800164100061,oligodendrocyte_1,oligodendrocyte_progenitor_2
2656143800164100063,microglia,microglia
2656143800167100063,astrocyte_1,astrocyte_2
2656143800189100068,oligodendrocyte_progenitor_2,oligodendrocyte_2
2656143800190100061,oligodendrocyte_progenitor_2,astrocyte_1
2656143800190100124,endothelial,oligodendrocyte_progenitor_2
2656143800190100162,astrocyte_1,astrocyte_1
2656143800192100069,oligodendrocyte_progenitor_2,oligodendrocyte_progenitor_2
2656143800192100146,oligodendrocyte_progenitor_2,oligodendrocyte_progenitor_2
2656143800203100023,Schwann_cell,Schwann_cell
2656143800213200032,astrocyte_2,astrocyte_2
2656143800214100131,oligodendrocyte_1,oligodendrocyte_2
2656143800214100151,astrocyte_2,astrocyte_2
2656143800215100118,oligodendrocyte_progenitor_2,oligodendrocyte_progenitor_2
2656143800215100166,astrocyte_1,astrocyte_1
2656143800216100133,oligodendrocyte_precursor_cell,oligodendrocyte_precursor_cell
2656143800217100148,oligodendrocyte_precursor_cell,oligodendrocyte_precursor_cell
2656143800217200104,oligodendrocyte_progenitor_2,oligodendrocyte_progenitor_2
2656143800218100032,astrocyte_2,astrocyte_2
2656143800239100078,oligodendrocyte_1,oligodendrocyte_1
2656143800241100171,astrocyte_1,astrocyte_1
2656143800242100029,oligodendrocyte_1,oligodendrocyte_1
2656143800242100085,oligodendrocyte_2,oligodendrocyte_2
2656143800265100021,oligodendrocyte_1,oligodendrocyte_progenitor_2
2656143800265100078,astrocyte_2,astrocyte_2
2656143800266100094,oligodendrocyte_2,astrocyte_2
2656143800366100092,astrocyte_2,astrocyte_2
2656143800368100034,endothelial,endothelial
2656143800368100049,endothelial,endothelial
2656143800391100195,endothelial,endothelial
2656143800392200061,astrocyte_2,pericyte
2656143800393100018,oligodendrocyte_1,oligodendrocyte_progenitor_2
2656143800393200013,astrocyte_1,astrocyte_1
2656143800394100034,endothelial,endothelial
2656143800394100104,endothelial,endothelial
2656143800394100142,endothelial,endothelial
2656143800395100049,astrocyte_1,astrocyte_1
2656143800415100109,meninges_1,meninges_2
2656143800418100063,endothelial,microglia
2656143800418100078,astrocyte_1,oligodendrocyte_1
2656143800418100120,oligodendrocyte_precursor_cell,astrocyte_1
2656143800419100055,endothelial,endothelial
2656143800419200064,endothelial,endothelial
2656143800442100176,astrocyte_1,astrocyte_1
2656143800442200162,oligodendrocyte_1,oligodendrocyte_progenitor_2
2656143800443100154,astrocyte_1,astrocyte_1
2656143800443100175,oligodendrocyte_1,oligodendrocyte_progenitor_2
2656143800444100119,endothelial,endothelial
2656143800444100137,oligodendrocyte_2,oligodendrocyte_2
2656143800467100019,oligodendrocyte_2,oligodendrocyte_2
2656143800468100146,astrocyte_1,astrocyte_1
2656143800468100203,astrocyte_2,astrocyte_2
2656143800469100187,Schwann_cell,peripheral_glia
2656144300036100030,meninges_1,meninges_3
2656144300062200075,oligodendrocyte_progenitor_2,oligodendrocyte_progenitor_2
2656144300082100094,meninges_2,meninges_1
2656144300086100193,oligodendrocyte_2,oligodendrocyte_progenitor_2
2656144300102200009,meninges_1,meninges_1
2656144300103100104,oligodendrocyte_progenitor_1,oligodendrocyte_precursor_cell
2656144300108100177,oligodendrocyte_2,oligodendrocyte_2
2656144300109100140,oligodendrocyte_2,oligodendrocyte_2
2656144300123100021,endothelial,astrocyte_2
2656144300123100092,astrocyte_1,astrocyte_1
2656144300125100179,astrocyte_2,endothelial
2656144300125100270,meninges_1,oligodendrocyte_1
2656144300125200083,endothelial,oligodendrocyte_1
2656144300146100227,oligodendrocyte_progenitor_2,astrocyte_1
2656144300147100030,oligodendrocyte_progenitor_2,oligodendrocyte_1
2656144300147100136,astrocyte_2,astrocyte_1
2656144300147100265,endothelial,endothelial
2656144300148100103,endothelial,oligodendrocyte_1
2656144300148100178,astrocyte_1,astrocyte_1
2656144300149200031,oligodendrocyte_precursor_cell,oligodendrocyte_2
2656144300162100014,oligodendrocyte_progenitor_2,oligodendrocyte_progenitor_2
2656144300163100237,endothelial,endothelial
2656144300164100022,oligodendrocyte_1,oligodendrocyte_progenitor_2
2656144300164100132,pericyte,astrocyte_1
2656144300168100024,astrocyte_2,astrocyte_2
2656144300169100083,oligodendrocyte_2,oligodendrocyte_2
2656144300170100090,oligodendrocyte_progenitor_2,oligodendrocyte_2
2656144300174100055,astrocyte_1,peripheral_glia
2656144300186100045,oligodendrocyte_precursor_cell,oligodendrocyte_progenitor_2
2656144300187100123,meninges_3,oligodendrocyte_1
2656144300188100135,astrocyte_1,astrocyte_1
2656144300188100230,oligodendrocyte_precursor_cell,microglia
2656144300188100231,oligodendrocyte_2,oligodendrocyte_2
2656144300188100239,pericyte,astrocyte_1
2656144300188200034,oligodendrocyte_1,oligodendrocyte_1
2656144300193100082,meninges_1,meninges_1
2656144300195100043,astrocyte_1,astrocyte_1
2656144300195100054,oligodendrocyte_precursor_cell,astrocyte_2
2656144300211100126,endothelial,endothelial
2656144300211100188,oligodendrocyte_1,oligodendrocyte_1
2656144300212100035,oligodendrocyte_2,oligodendrocyte_2
2656144300212100072,oligodendrocyte_precursor_cell,oligodendrocyte_precursor_cell
2656144900008100162,meninges_1,meninges_1
2656144900033100041,meninges_1,meninges_1
2656144900058100068,Schwann_cell,peripheral_glia
2656144900085100067,astrocyte_1,astrocyte_1
2656144900085100136,astrocyte_2,astrocyte_1
2656144900085100196,oligodendrocyte_1,oligodendrocyte_progenitor_2
2656144900085100215,oligodendrocyte_1,oligodendrocyte_progenitor_2
2656144900086100036,oligodendrocyte_progenitor_2,oligodendrocyte_progenitor_2
2656144900086100045,astrocyte_2,oligodendrocyte_1
2656144900086100214,oligodendrocyte_2,oligodendrocyte_progenitor_2
2656144900087100128,endothelial,endothelial
2656144900088100027,astrocyte_1,astrocyte_1
2656144900110100072,astrocyte_2,astrocyte_1
2656144900111100020,astrocyte_1,astrocyte_1
2656144900111100264,astrocyte_1,astrocyte_1
2656144900111100294,endothelial,oligodendrocyte_progenitor_2
2656144900111100321,oligodendrocyte_2,oligodendrocyte_progenitor_2
2656144900112100033,microglia,microglia
2656144900112100046,astrocyte_1,astrocyte_1
2656144900112100048,astrocyte_2,astrocyte_1
2656144900112100180,pericyte,endothelial
2656144900112100286,endothelial,endothelial
2656144900112200074,astrocyte_1,astrocyte_1
2656144900113100019,oligodendrocyte_progenitor_2,oligodendrocyte_progenitor_2
2656144900113100021,astrocyte_1,astrocyte_1
2656144900113100155,astrocyte_2,astrocyte_1
2656144900113100167,oligodendrocyte_precursor_cell,astrocyte_1
2656144900114100017,oligodendrocyte_2,oligodendrocyte_2
2656144900114100154,oligodendrocyte_2,oligodendrocyte_2
2656144900116100134,oligodendrocyte_1,oligodendrocyte_2
2656144900135100026,Schwann_cell,Schwann_cell
2656144900136100106,astrocyte_2,astrocyte_2
2656144900137100075,pericyte,pericyte
2656144900138100112,astrocyte_1,astrocyte_1
2656144900140100117,oligodendrocyte_progenitor_2,oligodendrocyte_progenitor_2
2656144900141100098,oligodendrocyte_progenitor_2,oligodendrocyte_1
2656144900141100122,astrocyte_1,astrocyte_1
2656144900164100119,oligodendrocyte_1,oligodendrocyte_progenitor_2
2656144900165100125,oligodendrocyte_progenitor_1,oligodendrocyte_progenitor_1
2656144900166100113,astrocyte_1,astrocyte_1
2656144900166100212,oligodendrocyte_progenitor_2,oligodendrocyte_progenitor_2
2656144900166100222,oligodendrocyte_progenitor_2,oligodendrocyte_progenitor_2
2656144900167100041,astrocyte_1,astrocyte_1
2656144900167100066,oligodendrocyte_progenitor_2,oligodendrocyte_progenitor_2
2656144900183100031,meninges_1,meninges_1
2656144900184100149,oligodendrocyte_1,oligodendrocyte_progenitor_2
2656144900185100079,astrocyte_2,endothelial
2656144900185100120,astrocyte_1,astrocyte_1
2656144900185100150,microglia,microglia
2656144900186100123,oligodendrocyte_2,oligodendrocyte_2
2656144900186200096,astrocyte_2,astrocyte_1
2656144900189100078,astrocyte_1,astrocyte_2
2656144900190100207,astrocyte_1,astrocyte_1
2656144900190100266,endothelial,oligodendrocyte_progenitor_2
2656144900191100019,astrocyte_1,astrocyte_1
2656144900191100167,astrocyte_1,astrocyte_1
2656144900192100014,pericyte,endothelial
2656144900192100181,oligodendrocyte_progenitor_2,oligodendrocyte_progenitor_2
2656144900193100079,oligodendrocyte_precursor_cell,oligodendrocyte_precursor_cell
2656144900194100116,meninges_1,meninges_1
2656144900195200088,meninges_2,meninges_2
2656144900209100104,oligodendrocyte_progenitor_2,oligodendrocyte_progenitor_2
2656144900209100174,microglia,microglia
2656144900210100051,astrocyte_2,endothelial
2656144900211100030,oligodendrocyte_precursor_cell,endothelial
2656144900211100045,oligodendrocyte_precursor_cell,oligodendrocyte_precursor_cell
2656144900211100080,astrocyte_1,oligodendrocyte_progenitor_2
2656144900211100121,oligodendrocyte_2,oligodendrocyte_1
2656144900211200036,oligodendrocyte_2,oligodendrocyte_2
2656144900212100090,oligodendrocyte_2,oligodendrocyte_progenitor_2
2656144900217100114,astrocyte_1,astrocyte_1
2656144900221100097,endothelial,endothelial
2656144900236100102,astrocyte_1,astrocyte_1
2656144900236100115,endothelial,astrocyte_1
2656144900237100079,oligodendrocyte_progenitor_1,oligodendrocyte_progenitor_1
2656144900237100124,astrocyte_1,astrocyte_1
2656144900238100021,oligodendrocyte_1,oligodendrocyte_1
2656144900238100084,endothelial,endothelial
2656144900247100055,endothelial,peripheral_glia
2656144900262100025,oligodendrocyte_1,oligodendrocyte_progenitor_2
2656144900263100219,endothelial,endothelial
2656144900264100063,pericyte,oligodendrocyte_progenitor_2
2656144900264100095,astrocyte_1,astrocyte_1
2656144900264100096,endothelial,endothelial
2656144900264100101,meninges_1,oligodendrocyte_progenitor_2
2656144900265100053,astrocyte_1,astrocyte_1
2656144900265100057,astrocyte_1,astrocyte_1
2656144900273100100,peripheral_glia,Schwann_cell
2656144900289100044,endothelial,endothelial
2656144900289100211,pericyte,endothelial
2656144900297200042,pericyte,meninges_1
2656144900298100114,oligodendrocyte_2,oligodendrocyte_progenitor_2
2656144900298100117,oligodendrocyte_2,oligodendrocyte_2
2656144900314100125,oligodendrocyte_precursor_cell,astrocyte_2
2656144900314200074,oligodendrocyte_precursor_cell,oligodendrocyte_precursor_cell
2656144900315100221,astrocyte_2,astrocyte_1
2656144900323100254,astrocyte_1,astrocyte_1
2656144900324100039,oligodendrocyte_precursor_cell,oligodendrocyte_precursor_cell
2656144900325100030,astrocyte_1,astrocyte_1
2656144900325100108,astrocyte_1,astrocyte_1
2656144900325100251,endothelial,oligodendrocyte_progenitor_2
2656144900327200061,astrocyte_2,astrocyte_1
2656144900342100071,pericyte,astrocyte_2
2656144900350100058,astrocyte_1,astrocyte_1
2656144900351100151,astrocyte_1,endothelial
2656144900351200123,oligodendrocyte_1,oligodendrocyte_1
2656144900352100066,endothelial,pericyte
2656144900352100124,oligodendrocyte_2,oligodendrocyte_progenitor_2
2656144900352100214,astrocyte_1,astrocyte_1
2656144900370100020,oligodendrocyte_1,oligodendrocyte_1
2656144900370100176,endothelial,endothelial
2656144900371100035,oligodendrocyte_progenitor_2,oligodendrocyte_progenitor_2
2656144900371100142,oligodendrocyte_progenitor_2,oligodendrocyte_2
2656144900372100081,astrocyte_2,astrocyte_1
2656144900376200073,meninges_1,meninges_2
2656144900377100070,astrocyte_1,oligodendrocyte_precursor_cell
2656144900377100073,astrocyte_1,astrocyte_1
2656144900377100277,astrocyte_1,astrocyte_1
2656144900378100026,oligodendrocyte_2,oligodendrocyte_2
2656144900378100145,astrocyte_1,astrocyte_1
2656144900394100123,endothelial,endothelial
2656144900396100015,oligodendrocyte_1,oligodendrocyte_1
2656144900396100267,pericyte,oligodendrocyte_1
2656144900397100106,oligodendrocyte_precursor_cell,endothelial
2656144900421100083,astrocyte_2,astrocyte_1
2656144900421100171,oligodendrocyte_precursor_cell,oligodendrocyte_precursor_cell
2656144900422100081,pericyte,oligodendrocyte_progenitor_2
2656144900423100118,astrocyte_1,astrocyte_1
2656144900446100057,meninges_2,meninges_2
2656144900473100055,astrocyte_2,endothelial
2656144900475100049,oligodendrocyte_2,oligodendrocyte_2
2656144900476200071,meninges_2,meninges_1
2656144900477100034,microglia,oligodendrocyte_2
2656144900477100087,oligodendrocyte_1,oligodendrocyte_1
2656144900478100116,astrocyte_2,astrocyte_1
2656144900479100024,oligodendrocyte_progenitor_2,oligodendrocyte_2
2656144900479100069,oligodendrocyte_1,oligodendrocyte_2
2656144900480100101,oligodendrocyte_2,oligodendrocyte_2
2656144900480100148,oligodendrocyte_1,oligodendrocyte_1
2656144900483200003,meninges_2,meninges_2
2656144900489100179,meninges_1,oligodendrocyte_progenitor_2
2656144900503100032,astrocyte_2,astrocyte_1
2656144900503100045,astrocyte_1,astrocyte_2
2656144900503100082,astrocyte_2,astrocyte_2
2656144900503100201,microglia,microglia
2656144900503100206,oligodendrocyte_precursor_cell,astrocyte_1
2656144900503100238,endothelial,endothelial
2656144900504100144,astrocyte_2,astrocyte_1
2656144900504100163,pericyte,astrocyte_1
2656144900504100170,astrocyte_1,astrocyte_1
2656144900504100190,oligodendrocyte_1,oligodendrocyte_1
2656144900504100204,endothelial,endothelial
2656144900505100087,oligodendrocyte_progenitor_1,oligodendrocyte_progenitor_1
2656144900505100116,oligodendrocyte_precursor_cell,microglia
2656144900505100237,endothelial,oligodendrocyte_1
2656144900506100049,endothelial,endothelial
2656144900509200029,endothelial,endothelial
2656144900510100004,oligodendrocyte_precursor_cell,oligodendrocyte_progenitor_1
2656144900510100035,oligodendrocyte_2,oligodendrocyte_2
2656144900515100080,astrocyte_1,astrocyte_1
2656144900516100033,Schwann_cell,peripheral_glia
2656144900516100236,oligodendrocyte_progenitor_2,oligodendrocyte_progenitor_2
2656144900529100118,oligodendrocyte_progenitor_1,oligodendrocyte_progenitor_1
2656144900529100229,endothelial,endothelial
2656144900530100054,oligodendrocyte_1,oligodendrocyte_progenitor_2
2656144900530100093,oligodendrocyte_1,oligodendrocyte_progenitor_2
2656144900530100130,oligodendrocyte_1,endothelial
2656144900530100190,oligodendrocyte_1,oligodendrocyte_1
2656144900530100252,oligodendrocyte_1,oligodendrocyte_progenitor_2
2656144900531100064,endothelial,endothelial
2656144900532100019,microglia,oligodendrocyte_2
2656144900532100154,astrocyte_1,astrocyte_1
2656144900533100092,endothelial,oligodendrocyte_2
2656144900535100021,oligodendrocyte_2,oligodendrocyte_2
2656144900535100107,astrocyte_2,astrocyte_1
2656144900535100137,oligodendrocyte_progenitor_2,oligodendrocyte_progenitor_2
2656144900535100149,oligodendrocyte_1,astrocyte_2
2656144900535100189,endothelial,pericyte
2656144900536100103,oligodendrocyte_1,endothelial
2656144900537100063,astrocyte_1,astrocyte_1
2656144900537100149,oligodendrocyte_1,oligodendrocyte_1
2656144900537100175,astrocyte_1,astrocyte_1
2656144900537200040,oligodendrocyte_progenitor_1,oligodendrocyte_progenitor_1
2656144900537200153,endothelial,oligodendrocyte_progenitor_2
2656144900540100204,oligodendrocyte_1,oligodendrocyte_progenitor_2
2656144900540200062,oligodendrocyte_2,oligodendrocyte_2
2656144900541100067,oligodendrocyte_progenitor_2,oligodendrocyte_progenitor_2
2656144900541100114,endothelial,oligodendrocyte_progenitor_2
2656144900541100117,astrocyte_1,astrocyte_1
2656144900541100148,astrocyte_1,astrocyte_1
2656144900541100206,astrocyte_1,oligodendrocyte_1
2656144900541100283,oligodendrocyte_progenitor_2,oligodendrocyte_progenitor_2
2656144900542200081,astrocyte_1,astrocyte_2
2656144900555100055,microglia,microglia
2656144900555100112,oligodendrocyte_2,oligodendrocyte_2
2656144900555100187,astrocyte_2,astrocyte_2
2656144900556100063,microglia,microglia
2656144900557100072,pericyte,endothelial
2656144900557100089,astrocyte_1,astrocyte_1
2656144900557100103,astrocyte_1,astrocyte_1
2656144900557200081,astrocyte_1,astrocyte_1
2656144900557200093,oligodendrocyte_1,astrocyte_1
2656144900558100030,astrocyte_2,astrocyte_1
2656144900559100090,astrocyte_2,astrocyte_1
2656144900562100058,oligodendrocyte_progenitor_2,oligodendrocyte_progenitor_2
2656144900563100121,endothelial,endothelial
2656144900564100021,oligodendrocyte_2,oligodendrocyte_2
2656144900564100070,oligodendrocyte_2,oligodendrocyte_2
2656144900565100145,pericyte,pericyte
2656144900565100156,oligodendrocyte_1,oligodendrocyte_1
2656144900565100164,endothelial,endothelial
2656144900566100073,oligodendrocyte_2,oligodendrocyte_2
2656144900566100136,Schwann_cell,Schwann_cell
2656144900582100146,astrocyte_1,astrocyte_1
2656144900582100256,oligodendrocyte_1,oligodendrocyte_1
2656144900583100130,oligodendrocyte_precursor_cell,oligodendrocyte_precursor_cell
2656144900583100141,meninges_1,oligodendrocyte_progenitor_2
2656144900583100192,astrocyte_1,oligodendrocyte_1
2656144900584100151,astrocyte_2,astrocyte_1
2656144900584100215,oligodendrocyte_1,oligodendrocyte_1
2656144900585100020,astrocyte_1,astrocyte_1
2656144900585100136,endothelial,endothelial
2656144900588100091,oligodendrocyte_2,oligodendrocyte_2
2656144900589100058,astrocyte_1,astrocyte_1
2656144900589100107,astrocyte_1,astrocyte_1
2656144900589100173,astrocyte_1,astrocyte_1
2656144900590100199,oligodendrocyte_1,oligodendrocyte_1
2656144900590100237,oligodendrocyte_1,astrocyte_1
2656144900591100033,oligodendrocyte_2,oligodendrocyte_2
2656144900591100123,pericyte,endothelial
2656144900591100172,oligodendrocyte_2,oligodendrocyte_2
2656144900591200039,oligodendrocyte_2,oligodendrocyte_2
2656144900609100037,oligodendrocyte_2,oligodendrocyte_2
2656144900609100198,astrocyte_2,astrocyte_1
2656144900615100088,oligodendrocyte_progenitor_1,astrocyte_1
2656144900615100103,astrocyte_1,astrocyte_1
2656144900615100219,oligodendrocyte_1,oligodendrocyte_1
2656144900615100280,microglia,microglia
2656144900616100026,oligodendrocyte_progenitor_2,oligodendrocyte_precursor_cell
2656144900616200135,endothelial,endothelial
2656144900635100073,oligodendrocyte_progenitor_2,oligodendrocyte_progenitor_2
2656144900635100108,oligodendrocyte_progenitor_2,oligodendrocyte_2
2656144900635100149,meninges_3,meninges_1
2656144900639100150,meninges_3,meninges_3
2656144900641100221,pericyte,astrocyte_1
2656144900641100255,oligodendrocyte_progenitor_2,oligodendrocyte_1
2656144900641200126,microglia,microglia
2656144900642100134,astrocyte_1,astrocyte_2
2656144900642100137,oligodendrocyte_precursor_cell,oligodendrocyte_precursor_cell
2656144900642100151,oligodendrocyte_2,oligodendrocyte_progenitor_2
2656144900643100022,oligodendrocyte_2,oligodendrocyte_2
2707604000010100086,oligodendrocyte_2,astrocyte_2
2707604000011100037,oligodendrocyte_1,oligodendrocyte_2
2707604000024100087,microglia,oligodendrocyte_2
2707604000024100189,oligodendrocyte_precursor_cell,oligodendrocyte_progenitor_2
2707604000025100082,oligodendrocyte_2,oligodendrocyte_2
2707604000025100103,endothelial,endothelial
2707604000026100018,oligodendrocyte_2,astrocyte_2
2707604000027100015,Schwann_cell,Schwann_cell
2707604000038100061,pericyte,oligodendrocyte_1
2707604000039100163,meninges_2,oligodendrocyte_1
2707604000040100083,astrocyte_1,astrocyte_1
2707604000040100253,endothelial,endothelial
2707604000040200169,oligodendrocyte_progenitor_2,oligodendrocyte_progenitor_2
2707604000041100054,astrocyte_1,astrocyte_1
2707604000041100057,endothelial,endothelial
2707604000041100135,oligodendrocyte_1,oligodendrocyte_progenitor_2
2707604000041100180,endothelial,endothelial
2707604000041100205,endothelial,endothelial
2707604000042100187,oligodendrocyte_precursor_cell,oligodendrocyte_progenitor_2
2707604000042100196,microglia,microglia
2707604000042100205,astrocyte_1,astrocyte_1
2707604000054100020,oligodendrocyte_1,oligodendrocyte_progenitor_2
2707604000054100060,oligodendrocyte_1,astrocyte_1
2707604000054100107,oligodendrocyte_1,oligodendrocyte_progenitor_2
2707604000054100108,oligodendrocyte_progenitor_2,oligodendrocyte_progenitor_2
2707604000054100131,oligodendrocyte_precursor_cell,oligodendrocyte_progenitor_1
2707604000054100161,astrocyte_1,astrocyte_1
2707604000054100167,oligodendrocyte_1,oligodendrocyte_progenitor_2
2707604000055100048,oligodendrocyte_progenitor_2,oligodendrocyte_progenitor_2
2707604000055100067,pericyte,endothelial
2707604000055100092,astrocyte_1,astrocyte_1
2707604000055100295,oligodendrocyte_1,oligodendrocyte_progenitor_2
2707604000056100183,oligodendrocyte_1,oligodendrocyte_1
2707604000057100130,oligodendrocyte_progenitor_2,oligodendrocyte_progenitor_2
2707604000057100207,microglia,microglia
2707604000057100275,oligodendrocyte_2,oligodendrocyte_2
2707604000067100058,oligodendrocyte_precursor_cell,oligodendrocyte_2
2707604000068100023,oligodendrocyte_2,oligodendrocyte_2
2707604000069100107,oligodendrocyte_progenitor_2,oligodendrocyte_progenitor_2
2707604000069100158,oligodendrocyte_progenitor_2,oligodendrocyte_progenitor_2
2707604000070100047,astrocyte_1,astrocyte_1
2707604000070100097,endothelial,endothelial
2707604000070100198,oligodendrocyte_1,oligodendrocyte_1
2707604000070100247,oligodendrocyte_progenitor_2,oligodendrocyte_progenitor_2
2707604000071100175,oligodendrocyte_1,oligodendrocyte_progenitor_2
2707604000071100197,oligodendrocyte_2,oligodendrocyte_2
2707604000071100243,astrocyte_2,astrocyte_1
2707604000072100079,oligodendrocyte_progenitor_2,oligodendrocyte_2
2707604000073100035,oligodendrocyte_precursor_cell,astrocyte_2
2707604000083100028,oligodendrocyte_2,oligodendrocyte_2
2707604000083100070,astrocyte_1,astrocyte_2
2707604000083100153,oligodendrocyte_2,oligodendrocyte_2
2707604000083100157,astrocyte_2,astrocyte_2
2707604000084100100,oligodendrocyte_precursor_cell,oligodendrocyte_progenitor_2
2707604000085100151,oligodendrocyte_progenitor_1,oligodendrocyte_2
2707604000085100204,oligodendrocyte_1,oligodendrocyte_progenitor_2
2707604000085100209,oligodendrocyte_2,oligodendrocyte_2
2707604000086100021,astrocyte_1,astrocyte_1
2707604000086100312,astrocyte_1,astrocyte_1
2707604000086200254,astrocyte_1,astrocyte_1
2707604000095100011,meninges_1,meninges_2
2707604000095100056,oligodendrocyte_progenitor_1,oligodendrocyte_progenitor_1
2707604000095100114,endothelial,astrocyte_1
2707604000095200011,astrocyte_1,astrocyte_2
2707604000097200040,meninges_2,meninges_2
2707604000099100034,oligodendrocyte_progenitor_2,oligodendrocyte_2
2707604000099100079,astrocyte_2,astrocyte_2
2707604000100100053,oligodendrocyte_2,oligodendrocyte_2
2707604000100100091,oligodendrocyte_precursor_cell,astrocyte_2
2707604000100100216,Schwann_cell,Schwann_cell
2707604000101200039,meninges_1,oligodendrocyte_progenitor_2
2707604000109100025,astrocyte_1,astrocyte_1
2707604000109100211,oligodendrocyte_precursor_cell,pericyte
2707604000110100065,endothelial,endothelial
2707604000110100203,endothelial,oligodendrocyte_precursor_cell
2707604000110100274,oligodendrocyte_2,oligodendrocyte_2
2707604000110100282,oligodendrocyte_progenitor_2,oligodendrocyte_progenitor_2
2707604000111100101,Schwann_cell,Schwann_cell
2707604000122100133,oligodendrocyte_2,oligodendrocyte_2
2707604000122100150,astrocyte_1,astrocyte_2
2707604000123100134,oligodendrocyte_2,oligodendrocyte_2
2707604000123200020,endothelial,endothelial
2707604000124100020,oligodendrocyte_progenitor_1,astrocyte_1
2707604000124100144,endothelial,endothelial
2707604000124100158,endothelial,endothelial
2707604000124100196,astrocyte_1,oligodendrocyte_1
2707604000124200185,oligodendrocyte_1,oligodendrocyte_progenitor_2
2707604000125100019,endothelial,endothelial
2707604000126100060,oligodendrocyte_2,oligodendrocyte_2
2707604000126100086,peripheral_glia,peripheral_glia
2707604000126100113,peripheral_glia,peripheral_glia
2707604000126100141,peripheral_glia,peripheral_glia
2707604000126100220,Schwann_cell,Schwann_cell
2707604000127100200,peripheral_glia,peripheral_glia
2707604000136100037,astrocyte_1,astrocyte_2
2707604000136100065,oligodendrocyte_1,oligodendrocyte_2
2707604000138100161,oligodendrocyte_progenitor_2,oligodendrocyte_progenitor_2
2707604000139100228,oligodendrocyte_progenitor_2,oligodendrocyte_progenitor_2
2707604000140100290,astrocyte_1,astrocyte_1
2707604000152100108,oligodendrocyte_progenitor_2,oligodendrocyte_progenitor_2
2707604000153100083,endothelial,endothelial
2707604000153100184,oligodendrocyte_2,oligodendrocyte_2
2707604000153200053,astrocyte_1,astrocyte_1
2707604000155100034,oligodendrocyte_1,oligodendrocyte_progenitor_2
2707604000155100180,astrocyte_2,astrocyte_2
2707604000155100192,astrocyte_1,astrocyte_1
2707604700012100099,oligodendrocyte_1,oligodendrocyte_1
2707604700012100151,astrocyte_1,astrocyte_1
2707604700014100024,oligodendrocyte_2,oligodendrocyte_2
2707604700034100014,oligodendrocyte_2,oligodendrocyte_2
2707604700034200011,oligodendrocyte_2,oligodendrocyte_2
2707604700035100019,microglia,microglia
2707604700035100093,astrocyte_1,astrocyte_1
2707604700035100119,oligodendrocyte_progenitor_2,oligodendrocyte_progenitor_2
2707604700035100156,endothelial,endothelial
2707604700036100158,oligodendrocyte_progenitor_2,oligodendrocyte_progenitor_2
2707604700037100080,pericyte,pericyte
2707604700037100112,astrocyte_2,astrocyte_1
2707604700037200059,pericyte,pericyte
2707604700038100142,astrocyte_2,astrocyte_2
2707604700044100041,oligodendrocyte_1,oligodendrocyte_progenitor_2
2707604700044100101,endothelial,endothelial
2707604700044100127,astrocyte_1,astrocyte_1
2707604700058100151,astrocyte_2,oligodendrocyte_progenitor_2
2707604700058100182,oligodendrocyte_2,oligodendrocyte_2
2707604700059100025,oligodendrocyte_precursor_cell,oligodendrocyte_precursor_cell
2707604700059100078,oligodendrocyte_2,oligodendrocyte_2
2707604700059100090,astrocyte_2,oligodendrocyte_2
2707604700059100115,Schwann_cell,astrocyte_2
2707604700059100142,oligodendrocyte_1,oligodendrocyte_progenitor_2
2707604700060100017,endothelial,endothelial
2707604700060100058,endothelial,endothelial
2707604700060100110,pericyte,astrocyte_1
2707604700060100131,endothelial,endothelial
2707604700060100196,oligodendrocyte_1,oligodendrocyte_1
2707604700067100211,pericyte,astrocyte_1
2707604700067200029,ependymal,ependymal
2707604700068100033,oligodendrocyte_precursor_cell,oligodendrocyte_precursor_cell
2707604700068100176,meninges_1,oligodendrocyte_progenitor_2
2707604700068100182,astrocyte_1,astrocyte_1
2707604700068100243,astrocyte_1,astrocyte_1
2707604700069100115,astrocyte_1,astrocyte_1
2707604700069100124,endothelial,endothelial
2707604700070100021,oligodendrocyte_2,oligodendrocyte_progenitor_2
2707604700080100044,oligodendrocyte_2,oligodendrocyte_2
2707604700081200046,oligodendrocyte_progenitor_2,oligodendrocyte_progenitor_2
2707604700082100027,endothelial,endothelial
2707604700082100045,oligodendrocyte_progenitor_2,oligodendrocyte_progenitor_2
2707604700082100067,astrocyte_1,astrocyte_1
2707604700083100181,oligodendrocyte_progenitor_2,oligodendrocyte_progenitor_2
2707604700083100228,oligodendrocyte_1,oligodendrocyte_progenitor_2
2707604700083200126,oligodendrocyte_1,oligodendrocyte_progenitor_2
2707604700084100070,ependymal,ependymal
2707604700084100145,microglia,microglia
2707604700084200064,ependymal,ependymal
2707604700085100026,meninges_3,oligodendrocyte_progenitor_2
2707604700085100132,oligodendrocyte_2,oligodendrocyte_progenitor_2
2707604700085100254,oligodendrocyte_2,oligodendrocyte_2
2707604700086100038,oligodendrocyte_precursor_cell,astrocyte_1
2707604700086100238,astrocyte_1,oligodendrocyte_precursor_cell
2707604700087100062,microglia,oligodendrocyte_progenitor_2
2707604700091100045,endothelial,endothelial
2707604700091100246,oligodendrocyte_progenitor_2,oligodendrocyte_progenitor_2
2707604700092100300,astrocyte_2,oligodendrocyte_precursor_cell
2707604700093100214,oligodendrocyte_1,oligodendrocyte_precursor_cell
2707604700094100046,meninges_1,oligodendrocyte_progenitor_2
2707604700094100060,endothelial,endothelial
2707604700094100140,astrocyte_1,astrocyte_1
2707604700104100066,astrocyte_2,astrocyte_2
2707604700106100095,oligodendrocyte_progenitor_2,oligodendrocyte_progenitor_2
2707604700106100156,oligodendrocyte_2,oligodendrocyte_2
2707604700107100047,oligodendrocyte_1,oligodendrocyte_progenitor_2
2707604700107100066,endothelial,endothelial
2707604700107100212,oligodendrocyte_1,oligodendrocyte_progenitor_2
2707604700108100253,oligodendrocyte_1,oligodendrocyte_progenitor_2
2707604700116100020,oligodendrocyte_2,oligodendrocyte_progenitor_2
2707604700128100030,oligodendrocyte_1,oligodendrocyte_progenitor_2
2707604700129200045,astrocyte_2,astrocyte_2
2707604700130100023,astrocyte_2,astrocyte_1
2707604700130100181,oligodendrocyte_2,oligodendrocyte_2
2707604700131100087,oligodendrocyte_2,oligodendrocyte_1
2707604700131100178,oligodendrocyte_2,oligodendrocyte_progenitor_2
2707604700132100199,pericyte,astrocyte_1
2707604700132100321,astrocyte_1,astrocyte_2
2707604700132200249,oligodendrocyte_2,oligodendrocyte_progenitor_2
2707604700133100078,oligodendrocyte_2,oligodendrocyte_1
2707604700133100099,oligodendrocyte_1,astrocyte_2
2707604700133100125,pericyte,meninges_1
2707604700155100019,astrocyte_2,oligodendrocyte_precursor_cell
2707604700155100038,pericyte,endothelial
2707604700156100056,oligodendrocyte_2,Schwann_cell
2707604700177100040,oligodendrocyte_1,oligodendrocyte_2
2707604700177100073,oligodendrocyte_2,oligodendrocyte_2
2707604700180200015,peripheral_glia,Schwann_cell
2707604700198100018,oligodendrocyte_2,oligodendrocyte_2
2707604700199100046,astrocyte_2,astrocyte_2
2707604700200100084,astrocyte_1,astrocyte_2
2707604700200100133,astrocyte_1,astrocyte_1
2707604700201100012,astrocyte_1,astrocyte_1
2707604700201100053,oligodendrocyte_2,oligodendrocyte_progenitor_2
2707604700221100061,oligodendrocyte_2,oligodendrocyte_2
2707604700222100065,oligodendrocyte_2,oligodendrocyte_2
2707604700224100023,oligodendrocyte_2,oligodendrocyte_2
2707604700224100044,astrocyte_1,oligodendrocyte_progenitor_2
2707604700225100057,oligodendrocyte_2,oligodendrocyte_progenitor_2
2707604700225100237,ependymal,ependymal
2707604700225200059,oligodendrocyte_1,oligodendrocyte_progenitor_2
2707604700226100041,oligodendrocyte_1,oligodendrocyte_progenitor_2
2707604700226100049,oligodendrocyte_1,oligodendrocyte_progenitor_2
2707604700226100107,oligodendrocyte_1,endothelial
2707604700226100221,astrocyte_1,oligodendrocyte_progenitor_2
2707604700226200047,oligodendrocyte_precursor_cell,oligodendrocyte_progenitor_2
2707604700226200053,oligodendrocyte_2,oligodendrocyte_2
2707604700227100028,oligodendrocyte_2,oligodendrocyte_2
2707604700227100029,pericyte,oligodendrocyte_progenitor_2
2707604700227100068,astrocyte_2,astrocyte_2
2707604700227100110,peripheral_glia,Schwann_cell
2707604700227100146,endothelial,endothelial
2707604700246100039,astrocyte_1,astrocyte_1
2707604700247100028,endothelial,endothelial
2707604700247100067,endothelial,endothelial
2707604700247100078,astrocyte_1,astrocyte_1
2707604700247100091,astrocyte_1,astrocyte_1
2707604700247100101,oligodendrocyte_2,oligodendrocyte_2
2707604700248100055,astrocyte_1,astrocyte_1
2707604700248100072,microglia,astrocyte_1
2707604700248100186,oligodendrocyte_1,oligodendrocyte_progenitor_2
2707604700248100207,oligodendrocyte_2,astrocyte_1
2707604700248100266,oligodendrocyte_precursor_cell,oligodendrocyte_precursor_cell
2707604700248200139,astrocyte_1,oligodendrocyte_progenitor_2
2707604700249100223,astrocyte_1,astrocyte_1
2707604700250100117,astrocyte_1,astrocyte_1
2707604700250100319,Schwann_cell,meninges_1
2707604700251100058,Schwann_cell,Schwann_cell
2707604700270100051,microglia,microglia
2707604700271100168,oligodendrocyte_progenitor_2,oligodendrocyte_progenitor_2
2707604700271100244,astrocyte_2,astrocyte_1
2707604700271100251,oligodendrocyte_progenitor_2,oligodendrocyte_progenitor_2
2707604700271100311,astrocyte_2,astrocyte_2
2707604700272100141,oligodendrocyte_progenitor_2,oligodendrocyte_progenitor_2
2707604700272100156,endothelial,endothelial
2707604700272100172,astrocyte_1,astrocyte_1
2707604700273100091,meninges_1,meninges_1
2707604700292200071,oligodendrocyte_2,oligodendrocyte_precursor_cell
2707604700295100041,oligodendrocyte_2,oligodendrocyte_2
2707604700295100085,oligodendrocyte_progenitor_2,oligodendrocyte_progenitor_2
2707604700295100104,endothelial,endothelial
2707604700315100109,oligodendrocyte_progenitor_1,oligodendrocyte_precursor_cell
2707604700316100053,meninges_1,pericyte
2707604700316100111,astrocyte_1,oligodendrocyte_progenitor_2
2707604700318100042,oligodendrocyte_progenitor_2,oligodendrocyte_progenitor_2
2707604700318100044,meninges_1,oligodendrocyte_progenitor_2
2707604700318100078,oligodendrocyte_precursor_cell,oligodendrocyte_1
2707604700318100119,astrocyte_1,astrocyte_1
2707604700318100123,oligodendrocyte_1,oligodendrocyte_1
2707604700319100153,oligodendrocyte_1,oligodendrocyte_progenitor_2
2707604700338100110,oligodendrocyte_2,astrocyte_1
2707604700338100114,meninges_1,oligodendrocyte_1
2707604700340100057,astrocyte_1,astrocyte_2
2707604700340100165,pericyte,microglia
2707604700341100181,oligodendrocyte_progenitor_2,oligodendrocyte_progenitor_2
2707604700342100033,oligodendrocyte_1,oligodendrocyte_progenitor_2
2707604700342100102,microglia,oligodendrocyte_progenitor_2
2707604700342100107,endothelial,endothelial
2707604700342100122,oligodendrocyte_1,oligodendrocyte_progenitor_2
2707604700342200088,astrocyte_1,astrocyte_1
2707604700343200218,astrocyte_1,astrocyte_1
2707604700362100033,astrocyte_1,astrocyte_1
2707604700362100104,pericyte,pericyte
2707604700362100146,meninges_1,microglia
2707604700363100162,oligodendrocyte_1,oligodendrocyte_progenitor_2
2707604700363200032,oligodendrocyte_precursor_cell,oligodendrocyte_progenitor_1
2707604700364100115,oligodendrocyte_progenitor_2,oligodendrocyte_progenitor_2
2707604700364100134,astrocyte_1,astrocyte_1
2707604700365100101,oligodendrocyte_1,oligodendrocyte_1
2707604700365100206,oligodendrocyte_precursor_cell,oligodendrocyte_precursor_cell
2707604700366100054,endothelial,endothelial
2707604700366100214,oligodendrocyte_1,oligodendrocyte_2
2707604700366100244,oligodendrocyte_1,oligodendrocyte_2
2707604700367100018,oligodendrocyte_progenitor_2,oligodendrocyte_progenitor_2
2707604700367100107,oligodendrocyte_precursor_cell,oligodendrocyte_progenitor_2
2707604700387100208,oligodendrocyte_2,oligodendrocyte_2
2707604700388100039,microglia,oligodendrocyte_progenitor_2
2707604700388100075,oligodendrocyte_precursor_cell,oligodendrocyte_precursor_cell
2707604700389100279,astrocyte_1,astrocyte_1
2707604700390100073,oligodendrocyte_2,oligodendrocyte_2
2707604700410100019,oligodendrocyte_progenitor_2,oligodendrocyte_progenitor_2
2707604700410100048,oligodendrocyte_2,oligodendrocyte_2
2707604700412100039,oligodendrocyte_progenitor_2,oligodendrocyte_progenitor_2
2707604800012100008,oligodendrocyte_1,astrocyte_2
2707604800013100163,astrocyte_1,astrocyte_1
2707604800014100084,endothelial,endothelial
2707604800014100172,oligodendrocyte_progenitor_2,oligodendrocyte_progenitor_2
2707604800014100179,oligodendrocyte_progenitor_2,oligodendrocyte_progenitor_2
2707604800014100237,astrocyte_1,astrocyte_1
2707604800014100240,pericyte,endothelial
2707604800034100030,oligodendrocyte_1,oligodendrocyte_progenitor_2
2707604800034100082,oligodendrocyte_progenitor_2,oligodendrocyte_progenitor_2
2707604800034100108,astrocyte_1,astrocyte_1
2707604800034100236,astrocyte_1,astrocyte_1
2707604800035100111,oligodendrocyte_1,astrocyte_1
2707604800035200013,oligodendrocyte_1,pericyte
2707604800036100022,oligodendrocyte_1,oligodendrocyte_2
2707604800037100020,oligodendrocyte_1,oligodendrocyte_1
2707604800039100009,oligodendrocyte_progenitor_2,oligodendrocyte_2
2707604800040200008,Schwann_cell,Schwann_cell
2707604800055100036,oligodendrocyte_1,oligodendrocyte_1
2707604800056100070,pericyte,astrocyte_1
2707604800058100079,oligodendrocyte_precursor_cell,oligodendrocyte_precursor_cell
2707604800058100096,oligodendrocyte_2,oligodendrocyte_2
2707604800059100109,oligodendrocyte_progenitor_2,oligodendrocyte_progenitor_2
2707604800059100116,endothelial,endothelial
2707604800059100194,endothelial,endothelial
2707604800061100128,oligodendrocyte_1,oligodendrocyte_2
2707604800078100044,oligodendrocyte_2,oligodendrocyte_2
2707604800078100084,oligodendrocyte_2,oligodendrocyte_2
2707604800078100099,astrocyte_1,astrocyte_2
2707604800079100073,microglia,microglia
2707604800079100114,oligodendrocyte_2,oligodendrocyte_2
2707604800079100127,oligodendrocyte_precursor_cell,oligodendrocyte_precursor_cell
2707604800080200033,oligodendrocyte_precursor_cell,oligodendrocyte_1
2707604800081100138,astrocyte_1,astrocyte_1
2707604800082100050,oligodendrocyte_2,oligodendrocyte_2
2707604800099100069,meninges_2,endothelial
2707604800100100027,astrocyte_2,astrocyte_2
2707604800101100059,endothelial,endothelial
2707604800102100063,microglia,microglia
2707604800102100073,astrocyte_1,astrocyte_1
2707604800102100133,oligodendrocyte_precursor_cell,oligodendrocyte_precursor_cell
2707604800118100027,astrocyte_2,astrocyte_2
2707604800118100062,Schwann_cell,Schwann_cell
2707604800119100064,oligodendrocyte_1,oligodendrocyte_2
2707604800119100170,oligodendrocyte_1,oligodendrocyte_precursor_cell
2707604800121100064,microglia,oligodendrocyte_progenitor_2
2707604800121200057,endothelial,endothelial
2707604800139100019,oligodendrocyte_2,endothelial
2707604800140100064,oligodendrocyte_progenitor_1,oligodendrocyte_precursor_cell
2707604800140100112,oligodendrocyte_2,oligodendrocyte_2
2707604800141100034,oligodendrocyte_precursor_cell,oligodendrocyte_progenitor_1
2707604800141100064,endothelial,endothelial
2707604800141100090,oligodendrocyte_2,microglia
2707604800141100181,astrocyte_1,astrocyte_1
2707604800141100233,pericyte,pericyte
2707604800142100021,oligodendrocyte_1,oligodendrocyte_progenitor_2
2707604800142100058,endothelial,endothelial
2707604800142100150,oligodendrocyte_precursor_cell,oligodendrocyte_precursor_cell
2707604800143100076,oligodendrocyte_progenitor_2,oligodendrocyte_progenitor_2
2707604800143100139,astrocyte_1,astrocyte_1
2707604800143100254,astrocyte_1,astrocyte_1
2707604800143200225,oligodendrocyte_progenitor_2,oligodendrocyte_progenitor_2
2707604800144100017,astrocyte_2,astrocyte_2
2707604800162100038,oligodendrocyte_2,oligodendrocyte_2
2707604800162100101,peripheral_glia,oligodendrocyte_progenitor_2
2707604800162100105,astrocyte_2,oligodendrocyte_2
2707604800162100138,Schwann_cell,Schwann_cell
2707604800162100155,peripheral_glia,Schwann_cell
2707604800163100143,Schwann_cell,Schwann_cell
2707604800163100144,oligodendrocyte_progenitor_2,pericyte
2707604800165100038,astrocyte_2,astrocyte_2
2707604800178200010,meninges_2,meninges_1
2707604800182100044,meninges_1,meninges_1
2707604800199100173,oligodendrocyte_2,oligodendrocyte_1
2707604800199100180,oligodendrocyte_2,oligodendrocyte_2
2707604800200100035,oligodendrocyte_progenitor_2,oligodendrocyte_progenitor_2
2707604800219100061,endothelial,endothelial
2707604800219100169,endothelial,endothelial
2707604800219100172,endothelial,endothelial
2707604800220100013,oligodendrocyte_2,oligodendrocyte_2
2707604800221100052,oligodendrocyte_2,oligodendrocyte_2
2707604800221100090,endothelial,endothelial
2707604800221100102,astrocyte_2,pericyte
2707604800222100025,peripheral_glia,Schwann_cell
2707604800240100022,astrocyte_1,astrocyte_1
2707604800240100095,meninges_3,oligodendrocyte_progenitor_2
2707604800240100120,endothelial,endothelial
2707604800242100179,astrocyte_1,astrocyte_1
2707604800242100219,oligodendrocyte_2,oligodendrocyte_2
2707604800242100223,oligodendrocyte_progenitor_2,oligodendrocyte_progenitor_2
2707604800242100248,oligodendrocyte_2,oligodendrocyte_2
2707604800280100011,Schwann_cell,Schwann_cell
2707604800280100016,Schwann_cell,Schwann_cell
2707604800281100070,meninges_1,meninges_1
2707604800282100069,astrocyte_2,astrocyte_2
2707604800283200132,endothelial,astrocyte_2
2707604800299100021,meninges_3,meninges_3
2707604800299200029,meninges_1,meninges_1
2707604800301100018,Schwann_cell,peripheral_glia
2707604800321100160,oligodendrocyte_2,oligodendrocyte_2
2707604800322100110,Schwann_cell,Schwann_cell
2707604800322100160,peripheral_glia,peripheral_glia
2707604800322200138,peripheral_glia,Schwann_cell
2707604800339100147,astrocyte_1,astrocyte_1
2707604800340100075,meninges_1,oligodendrocyte_progenitor_2
2707604800340100190,astrocyte_2,astrocyte_1
2707604800341100137,oligodendrocyte_progenitor_2,oligodendrocyte_progenitor_2
2707604800341100175,astrocyte_1,astrocyte_1
2707604800341100216,oligodendrocyte_1,oligodendrocyte_progenitor_2
2707604800342100056,oligodendrocyte_1,oligodendrocyte_progenitor_2
2707604800342100193,astrocyte_1,astrocyte_1
2707604800343100130,oligodendrocyte_1,oligodendrocyte_1
2707604800343100161,Schwann_cell,Schwann_cell
2707604800360100107,oligodendrocyte_precursor_cell,oligodendrocyte_precursor_cell
2707604800361100084,pericyte,endothelial
2707604800361100143,endothelial,oligodendrocyte_progenitor_2
2707604800361100161,astrocyte_2,astrocyte_1
2707604800361100189,oligodendrocyte_1,oligodendrocyte_progenitor_2
2707604800362100014,astrocyte_1,endothelial
2707604800362100074,ependymal,astrocyte_1
2707604800363100213,oligodendrocyte_1,oligodendrocyte_1
2707604800364100129,endothelial,endothelial
2707604800381100171,astrocyte_1,oligodendrocyte_progenitor_2
2707604800382100086,endothelial,endothelial
2707604800383100031,astrocyte_1,astrocyte_1
2707604800383100058,astrocyte_1,astrocyte_1
2707604800383100111,astrocyte_1,astrocyte_1
2707604800383100252,oligodendrocyte_1,oligodendrocyte_1
2707604800384100110,endothelial,oligodendrocyte_progenitor_2
2707604800385100203,astrocyte_1,astrocyte_1
2707604800402100006,Schwann_cell,oligodendrocyte_progenitor_2
2707604800402200006,astrocyte_2,oligodendrocyte_1
2707604800403100125,oligodendrocyte_progenitor_2,oligodendrocyte_progenitor_2
2707604800403100158,endothelial,endothelial
2707604800403100232,endothelial,oligodendrocyte_1
2707604800404100075,oligodendrocyte_progenitor_2,oligodendrocyte_progenitor_2
2707604800404100228,astrocyte_1,astrocyte_1
2707604800406100019,peripheral_glia,oligodendrocyte_progenitor_2
2707604800423100115,oligodendrocyte_progenitor_2,oligodendrocyte_progenitor_2
2707604800424100059,astrocyte_1,astrocyte_1
2707604800424100111,oligodendrocyte_2,oligodendrocyte_1
2707604800425100029,oligodendrocyte_progenitor_2,oligodendrocyte_progenitor_2
2707604800425200049,astrocyte_1,astrocyte_1
2707604800445100225,oligodendrocyte_progenitor_2,oligodendrocyte_progenitor_2
2707737900006100046,endothelial,endothelial
2707737900007100130,oligodendrocyte_1,oligodendrocyte_2
2707737900007100164,oligodendrocyte_2,oligodendrocyte_progenitor_2
2707737900008100126,endothelial,endothelial
2707737900008100185,oligodendrocyte_1,oligodendrocyte_progenitor_2
2707737900020100052,astrocyte_1,astrocyte_1
2707737900020100069,oligodendrocyte_progenitor_2,oligodendrocyte_progenitor_2
2707737900021100017,astrocyte_1,astrocyte_1
2707737900021100021,oligodendrocyte_1,oligodendrocyte_progenitor_2
2707737900021100079,oligodendrocyte_progenitor_1,oligodendrocyte_progenitor_2
2707737900021100138,oligodendrocyte_precursor_cell,oligodendrocyte_progenitor_2
2707737900021100149,pericyte,oligodendrocyte_1
2707737900021200024,ependymal,ependymal
2707737900021200044,ependymal,oligodendrocyte_progenitor_2
2707737900033100017,oligodendrocyte_2,oligodendrocyte_2
2707737900034100121,astrocyte_2,astrocyte_2
2707737900034100123,astrocyte_2,astrocyte_2
2707737900034100153,astrocyte_2,astrocyte_1
2707737900034100174,oligodendrocyte_1,oligodendrocyte_2
2707737900034200090,oligodendrocyte_2,oligodendrocyte_2
2707737900035100048,oligodendrocyte_2,oligodendrocyte_2
2707737900035100070,astrocyte_1,astrocyte_2
2707737900036100040,oligodendrocyte_2,oligodendrocyte_2
2707737900036100042,oligodendrocyte_progenitor_2,astrocyte_2
2707737900045100046,endothelial,endothelial
2707737900046100034,microglia,microglia
2707737900046100132,astrocyte_1,astrocyte_1
2707737900047100008,astrocyte_2,astrocyte_2
2707737900047100034,endothelial,endothelial
2707737900047100154,astrocyte_2,astrocyte_1
2707737900047100174,endothelial,endothelial
2707737900047200090,oligodendrocyte_1,oligodendrocyte_1
2707737900048100079,oligodendrocyte_progenitor_2,oligodendrocyte_progenitor_2
2707737900048100136,oligodendrocyte_1,pericyte
2707737900048100169,meninges_3,oligodendrocyte_1
2707737900049100026,oligodendrocyte_1,oligodendrocyte_1
2707737900049100194,oligodendrocyte_2,oligodendrocyte_2
2707737900059100053,oligodendrocyte_progenitor_1,endothelial
2707737900059100120,oligodendrocyte_progenitor_2,oligodendrocyte_1
2707737900060100021,microglia,microglia
2707737900060100041,oligodendrocyte_progenitor_2,oligodendrocyte_1
2707737900060100148,endothelial,pericyte
2707737900060100260,astrocyte_1,astrocyte_1
2707737900060200124,oligodendrocyte_progenitor_2,oligodendrocyte_progenitor_2
2707737900063100016,oligodendrocyte_progenitor_1,oligodendrocyte_precursor_cell
2707737900063100163,astrocyte_2,astrocyte_2
2707737900074100088,astrocyte_1,astrocyte_1
2707737900074100107,endothelial,endothelial
2707737900074100236,oligodendrocyte_precursor_cell,astrocyte_1
2707737900075100138,astrocyte_1,astrocyte_1
2707737900075100161,endothelial,endothelial
2707737900076100027,astrocyte_2,astrocyte_2
2707737900077100049,endothelial,endothelial
2707737900077100122,oligodendrocyte_2,oligodendrocyte_2
2707737900085100037,oligodendrocyte_2,oligodendrocyte_2
2707737900086100089,pericyte,astrocyte_1
2707737900086100132,oligodendrocyte_progenitor_2,oligodendrocyte_progenitor_2
2707737900086200147,oligodendrocyte_progenitor_2,oligodendrocyte_progenitor_2
2707737900087100110,oligodendrocyte_progenitor_2,oligodendrocyte_progenitor_2
2707737900088100010,astrocyte_1,oligodendrocyte_1
2707737900088200103,astrocyte_1,oligodendrocyte_progenitor_2
2707737900095100022,meninges_1,meninges_2
2707737900095200015,pericyte,meninges_2
2707737900096100070,endothelial,meninges_2
2707737900098100063,astrocyte_1,astrocyte_1
2707737900098100134,meninges_3,astrocyte_1
2707737900099100094,astrocyte_1,astrocyte_1
2707737900099100108,endothelial,endothelial
2707737900099100117,peripheral_glia,oligodendrocyte_precursor_cell
2707737900099100232,astrocyte_2,astrocyte_1
2707737900100100157,endothelial,endothelial
2707737900100100158,astrocyte_1,astrocyte_1
2707737900100100230,oligodendrocyte_progenitor_2,oligodendrocyte_progenitor_2
2707737900101100037,oligodendrocyte_1,astrocyte_1
2707737900102100081,Schwann_cell,Schwann_cell
2707737900103100028,oligodendrocyte_2,astrocyte_2
2707737900106100009,astrocyte_2,astrocyte_2
2707737900110100007,astrocyte_1,astrocyte_2
2707737900112100022,astrocyte_2,endothelial
2707737900112100028,oligodendrocyte_1,endothelial
2707737900112100126,oligodendrocyte_1,oligodendrocyte_1
2707737900113100018,endothelial,oligodendrocyte_progenitor_2
2707737900113100105,endothelial,endothelial
2707737900114100047,peripheral_glia,peripheral_glia
2707737900114100111,oligodendrocyte_2,oligodendrocyte_2
2707737900119100055,oligodendrocyte_2,oligodendrocyte_2
2707737900120100135,oligodendrocyte_2,oligodendrocyte_progenitor_2
2707737900120100153,oligodendrocyte_1,oligodendrocyte_1
2707737900121100149,oligodendrocyte_2,oligodendrocyte_2
2707737900121200017,meninges_1,meninges_1
2707737900126100032,oligodendrocyte_2,oligodendrocyte_2
2707737900131100132,oligodendrocyte_2,oligodendrocyte_2
2707737900132100054,astrocyte_1,astrocyte_1
2707737900133100117,astrocyte_1,astrocyte_1
2707737900133100157,oligodendrocyte_progenitor_2,oligodendrocyte_progenitor_2
2707737900133100176,astrocyte_1,astrocyte_1
2707737900133100223,pericyte,oligodendrocyte_progenitor_2
2707737900134100140,oligodendrocyte_progenitor_2,oligodendrocyte_1
2707737900134200082,astrocyte_2,astrocyte_2
2707737900135100028,astrocyte_2,astrocyte_2
2707737900144100133,oligodendrocyte_2,oligodendrocyte_progenitor_2
2707737900144100209,oligodendrocyte_1,oligodendrocyte_progenitor_2
2707737900147100189,meninges_3,meninges_2
2707737900147100218,oligodendrocyte_progenitor_2,oligodendrocyte_progenitor_2
2707737900147100238,oligodendrocyte_precursor_cell,oligodendrocyte_progenitor_2
2726542200026100134,oligodendrocyte_1,oligodendrocyte_1
2726542200027100086,pericyte,oligodendrocyte_1
2726543700098100172,oligodendrocyte_1,oligodendrocyte_precursor_cell
2726543700099100012,endothelial,endothelial
2726543700099100088,oligodendrocyte_1,oligodendrocyte_1
2726543700099100133,oligodendrocyte_1,oligodendrocyte_progenitor_2
2726543700142100084,endothelial,astrocyte_1
2726543700173100052,oligodendrocyte_1,oligodendrocyte_progenitor_2
2726543700195100105,endothelial,oligodendrocyte_1
2726543700196100153,pericyte,endothelial
2726543700206100075,oligodendrocyte_1,oligodendrocyte_1
2726543700227100037,astrocyte_1,astrocyte_1
2726543700227100078,oligodendrocyte_1,oligodendrocyte_1
2726543700227100235,microglia,microglia
2726543700227100336,oligodendrocyte_precursor_cell,oligodendrocyte_precursor_cell
2726543700432100217,endothelial,oligodendrocyte_1
2726543700432100220,astrocyte_2,oligodendrocyte_progenitor_2
2726543700433100081,astrocyte_2,oligodendrocyte_1
2726543700434100081,oligodendrocyte_1,oligodendrocyte_1
2726543700434100191,oligodendrocyte_2,oligodendrocyte_1
2726543700464100188,pericyte,astrocyte_1
2726543700538100148,oligodendrocyte_1,oligodendrocyte_progenitor_2
2726544200026100065,astrocyte_1,oligodendrocyte_progenitor_2
2726544200026100175,astrocyte_1,endothelial
2726544200036100086,oligodendrocyte_1,oligodendrocyte_1
2726544200037200045,oligodendrocyte_1,oligodendrocyte_1
2726544200046100231,oligodendrocyte_1,oligodendrocyte_1
2726544200048100036,oligodendrocyte_1,oligodendrocyte_precursor_cell
2726544200049100135,oligodendrocyte_1,oligodendrocyte_1
2726544200050100115,oligodendrocyte_1,oligodendrocyte_1
2726544200070100057,astrocyte_2,oligodendrocyte_1
2726544600002100163,oligodendrocyte_precursor_cell,oligodendrocyte_precursor_cell
2726544600027100237,oligodendrocyte_1,oligodendrocyte_progenitor_2
2726544600028100160,oligodendrocyte_precursor_cell,oligodendrocyte_precursor_cell
2726544600029100174,oligodendrocyte_1,endothelial
2726544600053100085,astrocyte_1,astrocyte_1
2726544600055100142,oligodendrocyte_1,oligodendrocyte_1
2726544600055100158,oligodendrocyte_1,oligodendrocyte_progenitor_2
2726544600056100123,oligodendrocyte_precursor_cell,oligodendrocyte_1
2726544600107200114,microglia,oligodendrocyte_precursor_cell
2726544600108100122,oligodendrocyte_1,oligodendrocyte_progenitor_2
2726544600192100054,astrocyte_1,astrocyte_1
2726544600193200110,astrocyte_2,oligodendrocyte_1
2726544600219100117,oligodendrocyte_1,oligodendrocyte_1
2726544600219100135,oligodendrocyte_progenitor_2,oligodendrocyte_progenitor_2
2726544600273200013,meninges_3,meninges_2
2726544600378200090,astrocyte_1,astrocyte_1
2726544600405100096,astrocyte_1,astrocyte_1
2726544600430100022,oligodendrocyte_progenitor_2,microglia
2726544600431100029,pericyte,astrocyte_1
2726544600432100029,oligodendrocyte_precursor_cell,oligodendrocyte_precursor_cell
2726544600435100028,astrocyte_1,endothelial
2726544600456100096,oligodendrocyte_precursor_cell,oligodendrocyte_progenitor_1
2726544600457100040,oligodendrocyte_precursor_cell,astrocyte_1
2726562700098100027,oligodendrocyte_progenitor_1,oligodendrocyte_1
2726562700118100166,astrocyte_1,endothelial
2726562700119100130,oligodendrocyte_1,oligodendrocyte_1
2726562700199100135,oligodendrocyte_1,oligodendrocyte_progenitor_2
2726562700199100138,oligodendrocyte_precursor_cell,oligodendrocyte_1
2726562700215100269,oligodendrocyte_precursor_cell,oligodendrocyte_precursor_cell
2726562700216100124,oligodendrocyte_precursor_cell,oligodendrocyte_precursor_cell
2726562700234100209,oligodendrocyte_1,astrocyte_1
2726562700255100233,oligodendrocyte_1,oligodendrocyte_1
2726562700257100091,oligodendrocyte_1,oligodendrocyte_1
2726562700278100055,astrocyte_1,astrocyte_2
2726562800078100055,pericyte,oligodendrocyte_1
2726562800098100274,astrocyte_2,astrocyte_1
2726562800140100045,astrocyte_2,astrocyte_2
2726562800203100120,oligodendrocyte_2,oligodendrocyte_2
2726562800241100012,astrocyte_1,oligodendrocyte_progenitor_2
2726562800279100145,astrocyte_1,oligodendrocyte_progenitor_2
2787445900013100083,astrocyte_1,astrocyte_1
2787445900050100089,oligodendrocyte_1,oligodendrocyte_progenitor_2
2787445900050100090,oligodendrocyte_progenitor_2,oligodendrocyte_progenitor_2
2787445900050100134,endothelial,endothelial
2787445900051100084,microglia,microglia
2787445900051100093,oligodendrocyte_progenitor_2,oligodendrocyte_progenitor_2
2787445900051100104,astrocyte_1,astrocyte_1
2787445900051100136,endothelial,endothelial
2787445900052100057,endothelial,endothelial
2787445900053100072,oligodendrocyte_progenitor_1,oligodendrocyte_precursor_cell
2787445900053200043,pericyte,pericyte
2787445900053200095,astrocyte_1,astrocyte_1
2787445900058100024,endothelial,endothelial
2787445900060100046,oligodendrocyte_progenitor_2,oligodendrocyte_2
2787445900087100060,astrocyte_2,astrocyte_2
2787445900087100097,oligodendrocyte_1,endothelial
2787445900088100075,oligodendrocyte_progenitor_2,oligodendrocyte_progenitor_2
2787445900088100188,astrocyte_1,astrocyte_1
2787445900089100039,oligodendrocyte_progenitor_2,oligodendrocyte_progenitor_2
2787445900089100118,oligodendrocyte_progenitor_2,oligodendrocyte_progenitor_2
2787445900090100096,astrocyte_1,astrocyte_1
2787445900090100195,astrocyte_2,astrocyte_1
2787445900094100074,meninges_2,astrocyte_2
2787445900094100143,astrocyte_1,astrocyte_1
2787445900095100015,astrocyte_2,astrocyte_2
2787445900095100051,oligodendrocyte_2,oligodendrocyte_2
2787445900095100103,oligodendrocyte_2,oligodendrocyte_progenitor_2
2787445900096100030,pericyte,astrocyte_2
2787445900097100218,oligodendrocyte_progenitor_2,oligodendrocyte_progenitor_2
2787445900098100015,meninges_1,meninges_1
2787445900098100082,microglia,microglia
2787445900098100134,astrocyte_1,astrocyte_1
2787445900123100022,astrocyte_2,astrocyte_2
2787445900124100012,oligodendrocyte_progenitor_2,oligodendrocyte_progenitor_2
2787445900125100020,oligodendrocyte_progenitor_2,oligodendrocyte_progenitor_2
2787445900125100022,endothelial,endothelial
2787445900126100043,pericyte,oligodendrocyte_progenitor_2
2787445900126100072,endothelial,endothelial
2787445900126100115,astrocyte_1,astrocyte_1
2787445900126100116,oligodendrocyte_progenitor_2,oligodendrocyte_progenitor_2
2787445900126100131,endothelial,endothelial
2787445900127100075,oligodendrocyte_progenitor_2,oligodendrocyte_progenitor_2
2787445900127100087,oligodendrocyte_2,oligodendrocyte_progenitor_2
2787445900128100098,oligodendrocyte_2,oligodendrocyte_2
2787445900130100046,meninges_1,oligodendrocyte_progenitor_2
2787445900130100076,oligodendrocyte_progenitor_2,meninges_1
2787445900130100144,oligodendrocyte_1,oligodendrocyte_2
2787445900130200072,oligodendrocyte_1,astrocyte_2
2787445900131100032,astrocyte_1,astrocyte_1
2787445900131100077,oligodendrocyte_precursor_cell,astrocyte_1
2787445900132100057,astrocyte_1,astrocyte_1
2787445900133100029,oligodendrocyte_2,oligodendrocyte_2
2787445900134100111,oligodendrocyte_1,oligodendrocyte_progenitor_2
2787445900134100141,oligodendrocyte_1,oligodendrocyte_1
2787445900134100265,meninges_3,oligodendrocyte_1
2787445900137100055,oligodendrocyte_1,astrocyte_2
2787445900161200017,pericyte,pericyte
2787445900162100126,endothelial,endothelial
2787445900162100133,microglia,oligodendrocyte_progenitor_2
2787445900163100132,oligodendrocyte_progenitor_2,oligodendrocyte_progenitor_2
2787445900163200101,oligodendrocyte_2,oligodendrocyte_2
2787445900164100094,meninges_1,oligodendrocyte_progenitor_2
2787445900167100052,microglia,microglia
2787445900167100081,oligodendrocyte_2,oligodendrocyte_2
2787445900168100033,astrocyte_1,astrocyte_1
2787445900168100168,oligodendrocyte_1,oligodendrocyte_progenitor_2
2787445900169100085,oligodendrocyte_progenitor_2,oligodendrocyte_progenitor_2
2787445900169100259,astrocyte_1,astrocyte_1
2787445900170100224,pericyte,endothelial
2787445900172100012,endothelial,endothelial
2787445900172100084,oligodendrocyte_progenitor_2,oligodendrocyte_1
2787445900173100031,oligodendrocyte_progenitor_2,oligodendrocyte_progenitor_2
2787445900173100034,oligodendrocyte_1,oligodendrocyte_progenitor_2
2787445900173100041,oligodendrocyte_2,oligodendrocyte_2
2787445900173100051,astrocyte_1,astrocyte_1
2787445900173100064,astrocyte_2,astrocyte_2
2787445900195100041,oligodendrocyte_2,oligodendrocyte_2
2787445900195100061,astrocyte_2,astrocyte_1
2787445900198100031,oligodendrocyte_progenitor_2,oligodendrocyte_progenitor_2
2787445900199100016,oligodendrocyte_1,astrocyte_1
2787445900199100058,astrocyte_1,astrocyte_1
2787445900200100074,endothelial,endothelial
2787445900200100182,oligodendrocyte_2,oligodendrocyte_2
2787445900200100188,oligodendrocyte_2,oligodendrocyte_progenitor_2
2787445900200100196,oligodendrocyte_2,oligodendrocyte_2
2787445900200200058,oligodendrocyte_2,oligodendrocyte_2
2787445900201100040,oligodendrocyte_1,oligodendrocyte_2
2787445900201100067,astrocyte_1,astrocyte_2
2787445900202100061,microglia,endothelial
2787445900204100036,oligodendrocyte_progenitor_2,oligodendrocyte_progenitor_2
2787445900204100037,oligodendrocyte_progenitor_2,astrocyte_2
2787445900204100050,astrocyte_2,astrocyte_2
2787445900204100101,oligodendrocyte_2,oligodendrocyte_2
2787445900205100076,microglia,microglia
2787445900206100028,oligodendrocyte_progenitor_2,oligodendrocyte_progenitor_2
2787445900206100114,oligodendrocyte_1,oligodendrocyte_1
2787445900206100245,astrocyte_1,oligodendrocyte_1
2787445900206100256,endothelial,astrocyte_1
2787445900207100059,meninges_1,oligodendrocyte_1
2787445900207100232,oligodendrocyte_2,oligodendrocyte_2
2787445900208100084,oligodendrocyte_progenitor_2,oligodendrocyte_1
2787445900209100117,endothelial,endothelial
2787445900210100014,oligodendrocyte_2,astrocyte_2
2787445900210100028,oligodendrocyte_2,oligodendrocyte_2
2787445900210100079,oligodendrocyte_1,oligodendrocyte_1
2787445900224100054,astrocyte_2,oligodendrocyte_2
2787445900224100104,oligodendrocyte_progenitor_2,oligodendrocyte_progenitor_2
2787445900224100171,oligodendrocyte_progenitor_2,oligodendrocyte_progenitor_2
2787445900225100143,endothelial,endothelial
2787445900225100147,astrocyte_1,astrocyte_1
2787445900225100191,astrocyte_1,astrocyte_1
2787445900225100207,endothelial,endothelial
2787445900226100033,endothelial,endothelial
2787445900226100204,endothelial,oligodendrocyte_1
2787445900228100017,astrocyte_2,astrocyte_2
2787445900228100117,astrocyte_1,astrocyte_1
2787445900229100050,oligodendrocyte_progenitor_2,oligodendrocyte_progenitor_2
2787445900231100134,astrocyte_2,astrocyte_1
2787445900232100046,oligodendrocyte_progenitor_2,oligodendrocyte_progenitor_2
2787445900232100111,astrocyte_1,astrocyte_1
2787445900238100043,oligodendrocyte_2,oligodendrocyte_2
2787445900242100087,oligodendrocyte_progenitor_2,oligodendrocyte_1
2787445900243100111,endothelial,oligodendrocyte_progenitor_2
2787445900243100229,oligodendrocyte_progenitor_2,oligodendrocyte_1
2787445900244100077,oligodendrocyte_1,oligodendrocyte_progenitor_2
2787445900245100152,oligodendrocyte_2,oligodendrocyte_2
2787445900247100107,microglia,oligodendrocyte_precursor_cell
2787445900248100047,meninges_1,meninges_1
2787445900248100070,astrocyte_1,astrocyte_2
2787445900250100025,meninges_1,meninges_1
2787445900250100079,oligodendrocyte_2,oligodendrocyte_2
2787445900250100110,oligodendrocyte_2,oligodendrocyte_2
2787445900250100130,oligodendrocyte_progenitor_2,oligodendrocyte_progenitor_2
2787445900250100157,oligodendrocyte_2,oligodendrocyte_2
2787445900250100184,oligodendrocyte_2,oligodendrocyte_2
2787445900251100044,oligodendrocyte_2,oligodendrocyte_2
2787445900251100108,oligodendrocyte_2,oligodendrocyte_2
2787445900251100127,astrocyte_1,astrocyte_1
2787445900252100013,astrocyte_2,astrocyte_2
2787445900253100357,oligodendrocyte_progenitor_2,oligodendrocyte_progenitor_2
2787445900254100097,oligodendrocyte_2,oligodendrocyte_2
2787445900254100099,oligodendrocyte_progenitor_1,oligodendrocyte_progenitor_1
2787445900255100026,meninges_1,meninges_1
2787445900255100031,peripheral_glia,peripheral_glia
2787445900260100123,oligodendrocyte_2,oligodendrocyte_2
2787445900262100029,astrocyte_1,astrocyte_1
2787445900262100075,astrocyte_1,astrocyte_1
2787445900263100160,astrocyte_1,astrocyte_1
2787445900264100033,astrocyte_2,astrocyte_2
2787445900264100145,astrocyte_2,astrocyte_2
2787445900265100036,oligodendrocyte_progenitor_2,oligodendrocyte_progenitor_2
2787445900265100058,microglia,astrocyte_1
2787445900265100059,astrocyte_2,astrocyte_2
2787445900265100127,Schwann_cell,peripheral_glia
2787445900265100130,endothelial,endothelial
2787445900265100225,oligodendrocyte_2,oligodendrocyte_2
2787445900265100296,astrocyte_2,astrocyte_2
2787445900267100092,astrocyte_1,astrocyte_1
2787445900268100092,endothelial,endothelial
2787445900280100070,oligodendrocyte_2,oligodendrocyte_2
2787445900281100048,oligodendrocyte_2,oligodendrocyte_2
2787445900283100135,oligodendrocyte_2,oligodendrocyte_2
2787445900284100038,pericyte,astrocyte_1
2787445900284100252,oligodendrocyte_progenitor_2,oligodendrocyte_progenitor_2
2787445900285100127,oligodendrocyte_progenitor_2,oligodendrocyte_progenitor_2
2787445900285100188,astrocyte_1,astrocyte_1
2787445900287100091,oligodendrocyte_1,oligodendrocyte_progenitor_2
2787445900287200061,microglia,astrocyte_2
2787445900288100031,oligodendrocyte_2,oligodendrocyte_2
2787445900288100218,endothelial,oligodendrocyte_progenitor_2
2787445900288100227,oligodendrocyte_2,oligodendrocyte_progenitor_2
2787445900289100088,oligodendrocyte_1,oligodendrocyte_progenitor_2
2787445900289100231,astrocyte_1,astrocyte_1
2787445900290100088,oligodendrocyte_2,oligodendrocyte_progenitor_2
2787445900290100090,oligodendrocyte_1,oligodendrocyte_progenitor_2
2787445900290100129,oligodendrocyte_2,oligodendrocyte_progenitor_2
2787445900290100144,oligodendrocyte_progenitor_2,endothelial
2787445900290100178,oligodendrocyte_precursor_cell,oligodendrocyte_precursor_cell
2787445900290100181,oligodendrocyte_progenitor_2,oligodendrocyte_progenitor_2
2787445900290100191,endothelial,pericyte
2787445900291100070,oligodendrocyte_2,oligodendrocyte_2
2787445900291100123,oligodendrocyte_2,oligodendrocyte_2
2787445900291100132,microglia,microglia
2787445900292100108,oligodendrocyte_2,peripheral_glia
2787445900292100174,Schwann_cell,Schwann_cell
2787445900292200023,peripheral_glia,peripheral_glia
2787445900297100021,oligodendrocyte_1,oligodendrocyte_progenitor_2
2787445900297100022,oligodendrocyte_1,oligodendrocyte_progenitor_2
2787445900298100111,endothelial,oligodendrocyte_1
2787445900301100016,endothelial,endothelial
2787445900301100035,oligodendrocyte_progenitor_2,oligodendrocyte_progenitor_2
2787445900302100036,oligodendrocyte_1,oligodendrocyte_progenitor_2
2787445900303100103,oligodendrocyte_precursor_cell,oligodendrocyte_progenitor_1
2787445900303200013,oligodendrocyte_1,oligodendrocyte_1
2787445900320100024,meninges_1,meninges_1
2787445900321100057,oligodendrocyte_2,oligodendrocyte_progenitor_2
2787445900321100105,pericyte,oligodendrocyte_1
2787445900321100131,astrocyte_2,astrocyte_1
2787445900322100033,oligodendrocyte_precursor_cell,astrocyte_1
2787445900322100059,oligodendrocyte_progenitor_2,endothelial
2787445900322100067,oligodendrocyte_2,oligodendrocyte_2
2787445900322100096,oligodendrocyte_progenitor_2,oligodendrocyte_progenitor_2
2787445900322100108,oligodendrocyte_progenitor_2,oligodendrocyte_progenitor_2
2787445900322100137,oligodendrocyte_2,oligodendrocyte_2
2787445900322100195,endothelial,oligodendrocyte_progenitor_2
2787445900323100118,oligodendrocyte_progenitor_2,oligodendrocyte_progenitor_2
2787445900323200094,astrocyte_1,astrocyte_1
2787445900324100101,pericyte,endothelial
2787445900324100313,microglia,oligodendrocyte_progenitor_2
2787445900325100219,astrocyte_1,oligodendrocyte_precursor_cell
2787445900326100037,endothelial,endothelial
2787445900326100061,astrocyte_1,astrocyte_1
2787445900326100073,oligodendrocyte_progenitor_2,oligodendrocyte_progenitor_2
2787445900326100236,oligodendrocyte_2,oligodendrocyte_2
2787445900327100067,microglia,microglia
2787445900327100093,oligodendrocyte_progenitor_2,oligodendrocyte_progenitor_2
2787445900327100116,pericyte,endothelial
2787445900327100122,endothelial,oligodendrocyte_progenitor_2
2787445900327100153,astrocyte_1,astrocyte_1
2787445900328100064,astrocyte_2,oligodendrocyte_progenitor_2
2787445900328100066,oligodendrocyte_2,oligodendrocyte_2
2787445900328100068,oligodendrocyte_1,oligodendrocyte_progenitor_2
2787445900328100174,oligodendrocyte_2,oligodendrocyte_progenitor_2
2787445900329100048,meninges_1,meninges_1
2787445900336100117,oligodendrocyte_1,oligodendrocyte_progenitor_2
2787445900337100027,astrocyte_2,astrocyte_2
2787445900338100016,Schwann_cell,Schwann_cell
2787445900351100038,meninges_1,meninges_1
2787445900351100073,oligodendrocyte_2,oligodendrocyte_2
2787445900353100090,astrocyte_2,astrocyte_1
2787445900353100117,endothelial,endothelial
2787445900356100068,oligodendrocyte_progenitor_2,oligodendrocyte_progenitor_2
2787445900357100007,astrocyte_2,astrocyte_2
2787445900357100069,oligodendrocyte_2,oligodendrocyte_2
2787445900357100080,oligodendrocyte_2,oligodendrocyte_2
2787445900358100017,astrocyte_2,oligodendrocyte_2
2787445900358100094,oligodendrocyte_progenitor_1,oligodendrocyte_progenitor_1
2787445900358100121,astrocyte_1,astrocyte_1
2787445900358100146,oligodendrocyte_progenitor_2,oligodendrocyte_progenitor_2
2787445900359100085,oligodendrocyte_1,oligodendrocyte_progenitor_2
2787445900359100176,oligodendrocyte_progenitor_2,astrocyte_1
2787445900360100025,astrocyte_1,astrocyte_1
2787445900360100047,oligodendrocyte_progenitor_1,oligodendrocyte_precursor_cell
2787445900360100061,oligodendrocyte_1,oligodendrocyte_progenitor_2
2787445900360100076,oligodendrocyte_precursor_cell,oligodendrocyte_precursor_cell
2787445900360100208,oligodendrocyte_progenitor_2,astrocyte_1
2787445900361100142,oligodendrocyte_progenitor_2,oligodendrocyte_progenitor_2
2787445900361100178,astrocyte_1,astrocyte_1
2787445900361100272,oligodendrocyte_2,oligodendrocyte_2
2787445900362100027,pericyte,astrocyte_1
2787445900362200146,oligodendrocyte_1,oligodendrocyte_progenitor_2
2787445900363100032,oligodendrocyte_1,oligodendrocyte_1
2787445900363100042,pericyte,astrocyte_1
2787445900363100104,oligodendrocyte_progenitor_2,oligodendrocyte_progenitor_2
2787445900364100033,oligodendrocyte_progenitor_2,oligodendrocyte_progenitor_2
2787445900364100130,peripheral_glia,astrocyte_1
2787445900364100165,microglia,oligodendrocyte_1
2787445900364100174,oligodendrocyte_progenitor_2,oligodendrocyte_progenitor_2
2787445900364100179,oligodendrocyte_progenitor_2,oligodendrocyte_2
2787445900365100030,astrocyte_2,astrocyte_2
2787445900365100102,oligodendrocyte_progenitor_2,oligodendrocyte_progenitor_2
2787445900365100104,microglia,oligodendrocyte_2
2787445900365100108,oligodendrocyte_1,oligodendrocyte_1
2787445900365100121,oligodendrocyte_progenitor_2,oligodendrocyte_progenitor_2
2787445900365100131,pericyte,pericyte
2787445900387100008,astrocyte_2,astrocyte_2
2787445900387100061,oligodendrocyte_2,oligodendrocyte_2
2787445900389100156,pericyte,pericyte
2787445900389100202,endothelial,endothelial
2787445900390100101,oligodendrocyte_progenitor_2,oligodendrocyte_progenitor_2
2787445900390100163,oligodendrocyte_2,oligodendrocyte_2
2787445900391100109,Schwann_cell,peripheral_glia
2787445900395100139,oligodendrocyte_progenitor_2,oligodendrocyte_progenitor_2
2787445900395200038,oligodendrocyte_progenitor_2,oligodendrocyte_progenitor_2
2787445900396100018,endothelial,endothelial
2787445900396100064,endothelial,endothelial
2787445900396100203,endothelial,endothelial
2787445900396100210,astrocyte_1,astrocyte_1
2787445900396100248,oligodendrocyte_progenitor_1,oligodendrocyte_precursor_cell
2787445900396100255,endothelial,astrocyte_1
2787445900397100094,oligodendrocyte_1,endothelial
2787445900397100099,endothelial,endothelial
2787445900398100083,microglia,microglia
2787445900398100113,oligodendrocyte_progenitor_2,oligodendrocyte_progenitor_2
2787445900398100116,oligodendrocyte_2,oligodendrocyte_2
2787445900398100118,astrocyte_1,pericyte
2787445900399100016,astrocyte_1,astrocyte_1
2787445900399100076,oligodendrocyte_progenitor_2,oligodendrocyte_progenitor_2
2787445900399100081,astrocyte_1,astrocyte_1
2787445900399100183,oligodendrocyte_2,oligodendrocyte_2
2787445900399200095,endothelial,endothelial
2787445900400100148,endothelial,oligodendrocyte_1
2787445900401100076,endothelial,endothelial
2787445900401100112,oligodendrocyte_progenitor_2,astrocyte_1
2787445900402100022,microglia,oligodendrocyte_2
2787445900402100032,oligodendrocyte_2,oligodendrocyte_2
2787445900402100051,oligodendrocyte_1,astrocyte_2
2787445900402100112,oligodendrocyte_2,oligodendrocyte_2
2787445900403100045,meninges_2,meninges_1
2787445900425100012,astrocyte_1,astrocyte_1
2787445900425100025,pericyte,astrocyte_1
2787445900425100195,astrocyte_1,astrocyte_1
2787445900425100232,oligodendrocyte_progenitor_2,oligodendrocyte_progenitor_2
2787445900426100039,endothelial,endothelial
2787445900426100052,astrocyte_2,astrocyte_1
2787445900427100070,oligodendrocyte_2,oligodendrocyte_2
2787445900427100114,oligodendrocyte_2,oligodendrocyte_2
2787445900428100033,oligodendrocyte_2,oligodendrocyte_progenitor_2
2787445900431100033,oligodendrocyte_2,oligodendrocyte_2
2787445900432100051,microglia,oligodendrocyte_progenitor_2
2787445900432100074,oligodendrocyte_progenitor_2,oligodendrocyte_progenitor_2
2787445900432100098,oligodendrocyte_2,oligodendrocyte_2
2787445900432100113,oligodendrocyte_2,oligodendrocyte_2
2787445900433100141,oligodendrocyte_2,oligodendrocyte_2
2787445900434100022,oligodendrocyte_1,astrocyte_1
2787445900434100066,oligodendrocyte_progenitor_2,oligodendrocyte_progenitor_2
2787445900434100081,oligodendrocyte_precursor_cell,oligodendrocyte_precursor_cell
2787445900434100147,oligodendrocyte_2,oligodendrocyte_2
2787445900437100020,oligodendrocyte_progenitor_2,oligodendrocyte_progenitor_2
2787445900437100053,oligodendrocyte_progenitor_2,astrocyte_2
2787445900437100077,oligodendrocyte_progenitor_2,oligodendrocyte_2
2787445900437100097,oligodendrocyte_2,oligodendrocyte_1
2787445900438100092,astrocyte_2,astrocyte_2
2787445900440100096,meninges_2,meninges_1
2787445900441100073,meninges_2,meninges_2
2787445900462100125,oligodendrocyte_1,oligodendrocyte_progenitor_2
2787445900462100164,endothelial,endothelial
2787445900463100044,oligodendrocyte_1,astrocyte_1
2787445900463100100,oligodendrocyte_2,oligodendrocyte_2
2787445900463100156,oligodendrocyte_2,oligodendrocyte_progenitor_2
2787445900471100051,oligodendrocyte_2,oligodendrocyte_2
2787445900471100057,oligodendrocyte_precursor_cell,oligodendrocyte_precursor_cell
2787445900500100017,microglia,oligodendrocyte_progenitor_2
2787445900500100021,oligodendrocyte_progenitor_2,oligodendrocyte_progenitor_2
2787445900501100104,astrocyte_2,astrocyte_2
2787445900502100020,oligodendrocyte_1,oligodendrocyte_progenitor_2
2787445900502100121,astrocyte_2,astrocyte_2
2787445900509100078,meninges_3,meninges_1
2787445900510100019,meninges_1,meninges_1
2787445900510100083,oligodendrocyte_2,astrocyte_2
2787445900511100010,oligodendrocyte_progenitor_2,oligodendrocyte_progenitor_2
2787445900512100017,astrocyte_2,astrocyte_2
2787445900512100028,astrocyte_2,oligodendrocyte_progenitor_2
2787445900512200012,meninges_1,meninges_1
2787445900537100049,oligodendrocyte_2,oligodendrocyte_2
2787445900544100110,meninges_1,meninges_2
2787445900545100063,astrocyte_2,oligodendrocyte_progenitor_2
2787445900545200035,oligodendrocyte_progenitor_2,astrocyte_2
2787445900546100037,oligodendrocyte_2,oligodendrocyte_2
2787445900546100044,oligodendrocyte_2,oligodendrocyte_2
2787445900546100064,astrocyte_2,astrocyte_2
2787445900546100136,oligodendrocyte_2,oligodendrocyte_2
2787445900546100147,astrocyte_1,astrocyte_1
2787445900547100043,oligodendrocyte_2,oligodendrocyte_2
2787445900548100146,oligodendrocyte_2,oligodendrocyte_2
2787445900548100167,astrocyte_2,astrocyte_1
2787445900548100175,oligodendrocyte_2,oligodendrocyte_2
2787445900548100210,oligodendrocyte_progenitor_2,oligodendrocyte_progenitor_2
2787445900549100198,microglia,microglia
2787445900550100068,oligodendrocyte_progenitor_2,oligodendrocyte_progenitor_2
2787445900550100232,meninges_3,oligodendrocyte_1
2787445900550100258,astrocyte_1,astrocyte_1
2787445900550100265,oligodendrocyte_2,oligodendrocyte_2
2787445900550100290,astrocyte_1,astrocyte_1
2787445900580100037,meninges_2,meninges_1
2787445900580100053,oligodendrocyte_2,oligodendrocyte_2
2787445900580100145,astrocyte_2,oligodendrocyte_progenitor_2
2787445900581100044,endothelial,endothelial
2787445900581100113,endothelial,endothelial
2787445900581100149,oligodendrocyte_progenitor_1,oligodendrocyte_precursor_cell
2787445900581100192,oligodendrocyte_2,oligodendrocyte_2
2787445900582100058,oligodendrocyte_progenitor_2,oligodendrocyte_1
2787445900582100108,oligodendrocyte_progenitor_2,oligodendrocyte_progenitor_2
2787445900583100201,oligodendrocyte_1,astrocyte_1
2787445900583100230,astrocyte_1,astrocyte_1
2787445900584100022,pericyte,astrocyte_2
2787445900584100046,oligodendrocyte_2,oligodendrocyte_progenitor_2
2787445900584100048,oligodendrocyte_2,oligodendrocyte_2
2787445900584100082,oligodendrocyte_progenitor_2,oligodendrocyte_progenitor_2
2787445900584100125,oligodendrocyte_progenitor_2,oligodendrocyte_progenitor_2
2787445900585100050,astrocyte_1,oligodendrocyte_1
2787445900585100071,astrocyte_1,astrocyte_1
2787445900585100131,endothelial,astrocyte_1
2787445900585100216,oligodendrocyte_1,oligodendrocyte_progenitor_2
2787445900587100057,oligodendrocyte_1,oligodendrocyte_2
2787445900587100066,oligodendrocyte_2,oligodendrocyte_2
2787445900587100114,oligodendrocyte_2,oligodendrocyte_2
2787445900588100088,oligodendrocyte_progenitor_2,astrocyte_2
2787445900597100052,astrocyte_1,astrocyte_1
2787445900597100100,oligodendrocyte_1,oligodendrocyte_progenitor_2
2787445900597100130,ependymal,oligodendrocyte_1
2787445900597100166,oligodendrocyte_progenitor_2,oligodendrocyte_progenitor_2
2787445900616100005,meninges_1,meninges_1
2787445900617100071,oligodendrocyte_2,oligodendrocyte_2
2787445900617100074,oligodendrocyte_2,oligodendrocyte_progenitor_2
2787445900617100114,oligodendrocyte_2,oligodendrocyte_2
2787445900617100165,astrocyte_2,oligodendrocyte_progenitor_2
2787445900617200024,Schwann_cell,Schwann_cell
2787445900618100026,oligodendrocyte_2,oligodendrocyte_2
2787445900618100070,astrocyte_1,astrocyte_1
2787445900618100086,pericyte,endothelial
2787445900618100098,oligodendrocyte_1,oligodendrocyte_progenitor_2
2787445900618100152,oligodendrocyte_2,oligodendrocyte_2
2787445900619100038,endothelial,endothelial
2787445900620100087,oligodendrocyte_1,astrocyte_1
2787445900620100210,endothelial,endothelial
2787445900620100226,oligodendrocyte_progenitor_2,oligodendrocyte_progenitor_2
2787445900620100233,endothelial,astrocyte_1
2787445900621100073,astrocyte_1,astrocyte_1
2787445900621100235,endothelial,endothelial
2787445900621100323,astrocyte_1,astrocyte_1
2787445900621100330,astrocyte_1,astrocyte_1
2787445900622100025,endothelial,endothelial
2787445900622100198,oligodendrocyte_1,oligodendrocyte_1
2787445900623100048,pericyte,endothelial
2787445900624100123,oligodendrocyte_progenitor_2,oligodendrocyte_progenitor_2
2787445900624100133,oligodendrocyte_progenitor_2,oligodendrocyte_progenitor_2
2787445900624100141,oligodendrocyte_progenitor_2,oligodendrocyte_progenitor_2
2787445900625100013,oligodendrocyte_progenitor_2,oligodendrocyte_progenitor_1
2787445900625100100,oligodendrocyte_progenitor_2,oligodendrocyte_2
2787445900625100109,astrocyte_2,astrocyte_2
2787445900625100146,oligodendrocyte_2,oligodendrocyte_2
2787445900634100017,meninges_1,oligodendrocyte_progenitor_2
2787445900635100076,oligodendrocyte_progenitor_2,oligodendrocyte_progenitor_2
2787445900635200041,oligodendrocyte_progenitor_2,oligodendrocyte_progenitor_2
2787445900645100103,meninges_2,meninges_1
2787445900653100023,meninges_1,meninges_2
2787445900654100050,pericyte,oligodendrocyte_progenitor_2
2787445900654100063,astrocyte_1,astrocyte_2
2787445900654100075,oligodendrocyte_2,oligodendrocyte_2
2787445900655100067,astrocyte_1,astrocyte_1
2787445900656100136,microglia,microglia
2787445900656200007,astrocyte_1,astrocyte_1
2787445900656200131,oligodendrocyte_progenitor_2,oligodendrocyte_progenitor_2
2787445900657100072,endothelial,oligodendrocyte_1
2787445900657100147,oligodendrocyte_2,oligodendrocyte_progenitor_2
2787445900657100164,astrocyte_1,oligodendrocyte_progenitor_2
2787445900657100166,astrocyte_1,astrocyte_1
2787445900657100203,oligodendrocyte_precursor_cell,oligodendrocyte_progenitor_2
2787445900658100034,oligodendrocyte_progenitor_2,oligodendrocyte_1
2787445900659100022,astrocyte_1,astrocyte_1
2787445900659100089,oligodendrocyte_1,pericyte
2787445900659100165,endothelial,endothelial
2787445900659100212,oligodendrocyte_1,endothelial
2787445900659200073,oligodendrocyte_progenitor_2,oligodendrocyte_progenitor_2
2787445900660100100,oligodendrocyte_1,oligodendrocyte_1
2787445900660100194,oligodendrocyte_progenitor_2,endothelial
2787445900660100214,oligodendrocyte_1,oligodendrocyte_progenitor_2
2787445900661100019,oligodendrocyte_precursor_cell,oligodendrocyte_2
2787445900662100044,oligodendrocyte_2,oligodendrocyte_2
2787445900663100025,meninges_2,meninges_2
2787445900681100180,oligodendrocyte_1,oligodendrocyte_progenitor_2
2787445900682100128,oligodendrocyte_1,oligodendrocyte_2
2787445900685100042,microglia,microglia
2787445900685100065,astrocyte_2,astrocyte_2
2787445900685100098,oligodendrocyte_2,oligodendrocyte_2
2787445900687100090,oligodendrocyte_2,oligodendrocyte_precursor_cell
2787445900688100093,oligodendrocyte_2,oligodendrocyte_2
2787445900692100045,oligodendrocyte_2,oligodendrocyte_2
2787445900692200021,pericyte,oligodendrocyte_2
2787445900693100143,astrocyte_2,astrocyte_2
2787445900693200024,oligodendrocyte_progenitor_2,oligodendrocyte_progenitor_2
2787445900694100090,oligodendrocyte_1,oligodendrocyte_1
2787445900695100023,astrocyte_2,astrocyte_2
2787445900695100045,astrocyte_2,astrocyte_2
2787445900695100049,oligodendrocyte_2,oligodendrocyte_2
2787445900695100107,astrocyte_1,astrocyte_2
2787445900695100111,astrocyte_2,astrocyte_2
2787445900695100118,oligodendrocyte_2,oligodendrocyte_2
2787445900696100046,astrocyte_2,astrocyte_1
2787445900696100057,oligodendrocyte_2,oligodendrocyte_2
2787445900698100019,microglia,oligodendrocyte_1
2787445900698100107,oligodendrocyte_2,oligodendrocyte_2
2787445900698100134,oligodendrocyte_1,oligodendrocyte_2
2787445900700100017,meninges_2,meninges_3
2787445900700100024,meninges_1,meninges_1
2787445900715100108,oligodendrocyte_2,oligodendrocyte_2
2787445900715100150,oligodendrocyte_1,astrocyte_1
2787445900715100162,oligodendrocyte_progenitor_1,astrocyte_1
2787445900716100043,oligodendrocyte_1,oligodendrocyte_progenitor_2
2787445900716100220,astrocyte_1,astrocyte_1
2787445900717100055,astrocyte_2,astrocyte_1
2787445900718100163,oligodendrocyte_progenitor_2,oligodendrocyte_progenitor_2
2787445900718100196,pericyte,endothelial
2787445900718100215,endothelial,endothelial
2787445900719100029,oligodendrocyte_progenitor_2,oligodendrocyte_progenitor_2
2787445900719100067,endothelial,endothelial
2787445900720100012,oligodendrocyte_1,oligodendrocyte_progenitor_2
2787445900723100091,astrocyte_1,oligodendrocyte_progenitor_2
2787445900726100019,astrocyte_2,astrocyte_2
2787445900726100247,oligodendrocyte_progenitor_2,oligodendrocyte_progenitor_2
2787445900726100287,astrocyte_2,astrocyte_1
2787445900730100021,oligodendrocyte_2,oligodendrocyte_2
2787445900731100026,oligodendrocyte_progenitor_1,oligodendrocyte_progenitor_1
2787445900732100051,oligodendrocyte_2,oligodendrocyte_2
2787445900734100041,oligodendrocyte_2,oligodendrocyte_2
2787445900750100094,oligodendrocyte_2,oligodendrocyte_2
2787445900752100043,astrocyte_1,astrocyte_1
2787445900752100090,oligodendrocyte_precursor_cell,oligodendrocyte_1
2787445900752100098,astrocyte_1,astrocyte_1
2787445900752100150,astrocyte_1,astrocyte_1
2787445900752100165,endothelial,endothelial
2787445900753100144,oligodendrocyte_progenitor_2,oligodendrocyte_progenitor_2
2787445900753200023,oligodendrocyte_progenitor_2,oligodendrocyte_1
2787445900754100069,astrocyte_1,astrocyte_1
2787445900754100137,astrocyte_1,astrocyte_1
2787445900755100112,meninges_1,oligodendrocyte_precursor_cell
2787445900756100063,oligodendrocyte_1,oligodendrocyte_progenitor_2
2787445900759100119,oligodendrocyte_2,oligodendrocyte_2
2787445900760100097,oligodendrocyte_progenitor_1,oligodendrocyte_progenitor_1
2787445900760100107,endothelial,oligodendrocyte_1
2787445900760100109,pericyte,astrocyte_1
2787445900760200114,oligodendrocyte_precursor_cell,oligodendrocyte_precursor_cell
2787445900760200154,oligodendrocyte_1,oligodendrocyte_progenitor_2
2787445900761100024,astrocyte_2,astrocyte_2
2787445900761100117,astrocyte_1,astrocyte_1
2787445900761100221,oligodendrocyte_progenitor_2,oligodendrocyte_progenitor_2
2787445900761100241,endothelial,endothelial
2787445900761200150,ependymal,ependymal
2787445900762100145,oligodendrocyte_progenitor_1,astrocyte_1
2787445900764100034,meninges_3,meninges_2
2787445900770100020,meninges_1,meninges_1
2787445900770100037,astrocyte_2,astrocyte_1
2787445900771100033,meninges_1,meninges_1
2787445900774200005,meninges_3,meninges_1
2787445900774200023,meninges_3,meninges_2
2787445900787100023,oligodendrocyte_2,oligodendrocyte_2
2787445900787100116,oligodendrocyte_2,oligodendrocyte_2
2787445900788100045,microglia,microglia
2787445900788100079,endothelial,endothelial
2787445900789100118,oligodendrocyte_1,oligodendrocyte_progenitor_2
2787445900789100205,endothelial,endothelial
2787445900790100022,oligodendrocyte_progenitor_2,oligodendrocyte_progenitor_2
2787445900790100045,pericyte,astrocyte_2
2787445900797200064,endothelial,endothelial
2787445900798100050,oligodendrocyte_1,oligodendrocyte_progenitor_2
2787445900798200119,oligodendrocyte_progenitor_2,oligodendrocyte_progenitor_2
2787445900799100044,astrocyte_1,astrocyte_1
2787445900800100075,oligodendrocyte_2,oligodendrocyte_2
2787445900803100037,meninges_2,meninges_1
2787445900804100164,endothelial,endothelial
2787445900805100063,astrocyte_1,astrocyte_1
2787445900806100043,oligodendrocyte_2,oligodendrocyte_2
2787445900807100022,oligodendrocyte_precursor_cell,oligodendrocyte_precursor_cell
2787445900822100028,oligodendrocyte_2,astrocyte_2
2787445900822100184,astrocyte_1,astrocyte_1
2787445900822100190,oligodendrocyte_1,oligodendrocyte_1
2787445900822100202,pericyte,endothelial
2787445900824100123,astrocyte_2,oligodendrocyte_progenitor_2
2787445900826100009,oligodendrocyte_1,oligodendrocyte_progenitor_2
2787445900836100086,astrocyte_2,astrocyte_2
2787445900837100051,Schwann_cell,Schwann_cell
2787445900840100017,astrocyte_2,meninges_1
2787445900840100059,endothelial,microglia
2787445900858100202,astrocyte_2,oligodendrocyte_progenitor_2
2787445900859100030,oligodendrocyte_progenitor_2,oligodendrocyte_progenitor_2
2787445900859100192,astrocyte_1,astrocyte_1
2787445900860100153,oligodendrocyte_progenitor_2,oligodendrocyte_progenitor_2
2787445900860100172,astrocyte_2,oligodendrocyte_progenitor_2
2787445900861100089,astrocyte_1,astrocyte_1
2787445900861100095,astrocyte_1,astrocyte_1
2787445900862100098,astrocyte_2,astrocyte_2
2787445900876100003,oligodendrocyte_2,oligodendrocyte_2
2787445900896100105,oligodendrocyte_2,oligodendrocyte_progenitor_2
2787445900897100196,oligodendrocyte_progenitor_2,oligodendrocyte_2
2787445900898100111,astrocyte_2,astrocyte_2
2787445900899100025,oligodendrocyte_2,oligodendrocyte_2
2787445900932100014,microglia,oligodendrocyte_2
2787445900933100079,oligodendrocyte_1,astrocyte_1
2787889600020100063,oligodendrocyte_progenitor_2,oligodendrocyte_progenitor_2
2787889600021100026,oligodendrocyte_precursor_cell,oligodendrocyte_2
2787889600023100289,oligodendrocyte_progenitor_2,oligodendrocyte_progenitor_2
2787889600023100297,endothelial,endothelial
2787889600024100097,microglia,microglia
2787889600024100214,oligodendrocyte_2,oligodendrocyte_2
2787889600055100044,oligodendrocyte_2,oligodendrocyte_2
2787889600055100062,oligodendrocyte_2,oligodendrocyte_2
2787889600056100038,oligodendrocyte_progenitor_2,astrocyte_1
2787889600056100086,oligodendrocyte_1,astrocyte_1
2787889600056100105,astrocyte_1,astrocyte_1
2787889600056100182,oligodendrocyte_1,oligodendrocyte_progenitor_2
2787889600057100060,oligodendrocyte_2,oligodendrocyte_2
2787889600057100130,oligodendrocyte_2,oligodendrocyte_1
2787889600057100207,microglia,microglia
2787889600058100074,oligodendrocyte_1,oligodendrocyte_1
2787889600058100092,endothelial,endothelial
2787889600058100120,oligodendrocyte_progenitor_2,oligodendrocyte_progenitor_2
2787889600058100136,endothelial,oligodendrocyte_progenitor_2
2787889600058100143,astrocyte_2,oligodendrocyte_progenitor_2
2787889600058200134,astrocyte_1,astrocyte_1
2787889600059100160,endothelial,endothelial
2787889600060100077,oligodendrocyte_progenitor_2,oligodendrocyte_progenitor_2
2787889600060100090,oligodendrocyte_1,oligodendrocyte_progenitor_2
2787889600061100027,meninges_3,meninges_3
2787889600091100011,oligodendrocyte_1,oligodendrocyte_1
2787889600091100100,endothelial,endothelial
2787889600092100043,oligodendrocyte_progenitor_2,oligodendrocyte_progenitor_2
2787889600092100146,oligodendrocyte_1,oligodendrocyte_1
2787889600093100285,oligodendrocyte_progenitor_2,oligodendrocyte_progenitor_2
2787889600093100312,oligodendrocyte_1,astrocyte_1
2787889600094100056,pericyte,oligodendrocyte_1
2787889600094100080,oligodendrocyte_precursor_cell,astrocyte_1
2787889600094100228,oligodendrocyte_1,oligodendrocyte_1
2787889600094100239,endothelial,endothelial
2787889600095100121,oligodendrocyte_2,oligodendrocyte_progenitor_2
2787889600095100150,oligodendrocyte_2,oligodendrocyte_1
2787889600095100179,oligodendrocyte_2,oligodendrocyte_progenitor_2
2787889600095100205,endothelial,endothelial
2787889600097100013,oligodendrocyte_2,oligodendrocyte_progenitor_2
2787889600097100017,oligodendrocyte_progenitor_2,oligodendrocyte_2
2787889600097100036,oligodendrocyte_2,oligodendrocyte_2
2787889600097100071,oligodendrocyte_1,oligodendrocyte_progenitor_2
2787889600098100070,astrocyte_2,astrocyte_2
2787889600127100032,oligodendrocyte_1,oligodendrocyte_progenitor_2
2787889600127100088,astrocyte_1,astrocyte_1
2787889600127100176,endothelial,astrocyte_1
2787889600128100040,oligodendrocyte_1,oligodendrocyte_progenitor_2
2787889600128100065,oligodendrocyte_progenitor_2,oligodendrocyte_progenitor_2
2787889600128100154,endothelial,endothelial
2787889600129100055,astrocyte_1,astrocyte_1
2787889600129100078,oligodendrocyte_progenitor_2,oligodendrocyte_progenitor_2
2787889600129100087,astrocyte_1,astrocyte_1
2787889600129100198,oligodendrocyte_2,oligodendrocyte_2
2787889600129100208,oligodendrocyte_precursor_cell,oligodendrocyte_precursor_cell
2787889600130100121,endothelial,endothelial
2787889600130100224,oligodendrocyte_2,oligodendrocyte_1
2787889600131100100,endothelial,endothelial
2787889600132100020,astrocyte_1,astrocyte_1
2787889600132100155,endothelial,endothelial
2787889600132100171,astrocyte_1,astrocyte_1
2787889600132100188,pericyte,pericyte
2787889600132100196,oligodendrocyte_1,oligodendrocyte_1
2787889600132100205,oligodendrocyte_1,oligodendrocyte_1
2787889600132100226,oligodendrocyte_1,oligodendrocyte_progenitor_2
2787889600132200038,astrocyte_1,astrocyte_1
2787889600134100031,oligodendrocyte_2,oligodendrocyte_2
2787889600160100005,peripheral_glia,Schwann_cell
2787889600162100053,astrocyte_2,astrocyte_2
2787889600163100015,endothelial,endothelial
2787889600163100050,microglia,astrocyte_1
2787889600163100062,endothelial,endothelial
2787889600163100092,endothelial,pericyte
2787889600165100015,oligodendrocyte_2,oligodendrocyte_2
2787889600165100140,oligodendrocyte_1,oligodendrocyte_progenitor_2
2787889600166100025,oligodendrocyte_2,oligodendrocyte_2
2787889600166100141,oligodendrocyte_precursor_cell,oligodendrocyte_precursor_cell
2787889600167100034,oligodendrocyte_2,oligodendrocyte_2
2787889600168100104,oligodendrocyte_2,oligodendrocyte_2
2787889600169100049,oligodendrocyte_2,oligodendrocyte_2
2787889600169100065,oligodendrocyte_progenitor_1,astrocyte_2
2787889600194100079,astrocyte_2,oligodendrocyte_progenitor_2
2787889600194100119,oligodendrocyte_1,oligodendrocyte_progenitor_2
2787889600195100160,astrocyte_1,astrocyte_1
2787889600195100223,endothelial,endothelial
2787889600196100010,oligodendrocyte_2,oligodendrocyte_2
2787889600196100090,oligodendrocyte_precursor_cell,oligodendrocyte_precursor_cell
2787889600197100027,astrocyte_2,oligodendrocyte_progenitor_2
2787889600197100126,oligodendrocyte_2,oligodendrocyte_2
2787889600230100032,oligodendrocyte_2,oligodendrocyte_2
2787889600230100112,astrocyte_1,astrocyte_1
2787889600230100129,pericyte,pericyte
2787889600230100137,oligodendrocyte_progenitor_2,oligodendrocyte_progenitor_2
2787889600230100144,endothelial,endothelial
2787889600230100269,oligodendrocyte_progenitor_2,oligodendrocyte_1
2787889600230100272,astrocyte_2,astrocyte_1
2787889600231100047,oligodendrocyte_2,oligodendrocyte_2
2787889600231100070,oligodendrocyte_precursor_cell,oligodendrocyte_progenitor_1
2787889600231100134,astrocyte_2,astrocyte_1
2787889600231100234,microglia,microglia
2787889600231100247,endothelial,endothelial
2787889600231100319,oligodendrocyte_1,oligodendrocyte_2
2787889600231200090,oligodendrocyte_1,oligodendrocyte_progenitor_2
2787889600232100067,oligodendrocyte_progenitor_2,oligodendrocyte_progenitor_2
2787889600232100154,oligodendrocyte_progenitor_1,oligodendrocyte_progenitor_1
2787889600242100074,meninges_2,meninges_2
2787889600242100123,oligodendrocyte_2,oligodendrocyte_2
2787889600243100078,meninges_1,meninges_2
2787889600243100110,astrocyte_2,astrocyte_2
2787889600243100120,oligodendrocyte_2,oligodendrocyte_2
2787889600266100096,pericyte,astrocyte_1
2787889600266100173,oligodendrocyte_2,oligodendrocyte_2
2787889600267100014,oligodendrocyte_progenitor_2,oligodendrocyte_progenitor_2
2787889600267100112,oligodendrocyte_precursor_cell,oligodendrocyte_precursor_cell
2787889600276100013,meninges_2,meninges_1
2787889600276200065,meninges_2,meninges_1
2787889600277100011,astrocyte_2,oligodendrocyte_progenitor_2
2787889600277100054,meninges_1,meninges_2
2787889600277100068,meninges_3,meninges_2
2787889600279100105,oligodendrocyte_1,oligodendrocyte_1
2787889600279100150,endothelial,endothelial
2787889600279100182,astrocyte_1,pericyte
2787889600280100079,microglia,microglia
2787889600282100136,oligodendrocyte_precursor_cell,oligodendrocyte_precursor_cell
2787889600301100030,oligodendrocyte_1,oligodendrocyte_2
2787889600311100120,meninges_1,meninges_2
2787889600311100164,Schwann_cell,astrocyte_2
2787889600312100022,meninges_1,meninges_1
2787889600312100154,endothelial,endothelial
2787889600312100244,oligodendrocyte_1,oligodendrocyte_progenitor_2
2787889600313100114,endothelial,endothelial
2787889600313100123,oligodendrocyte_progenitor_2,oligodendrocyte_progenitor_2
2787889600313100166,endothelial,endothelial
2787889600313100176,astrocyte_1,astrocyte_1
2787889600313100231,endothelial,oligodendrocyte_progenitor_2
2787889600314100043,astrocyte_2,oligodendrocyte_progenitor_2
2787889600314100106,oligodendrocyte_1,oligodendrocyte_progenitor_2
2787889600314100198,endothelial,endothelial
2787889600315100058,oligodendrocyte_2,oligodendrocyte_progenitor_2
2787889600315100079,oligodendrocyte_1,oligodendrocyte_1
2787889600315100224,astrocyte_1,astrocyte_1
2787889600315100232,oligodendrocyte_progenitor_2,oligodendrocyte_progenitor_2
2787889600316100081,oligodendrocyte_progenitor_2,oligodendrocyte_progenitor_2
2787889600316100144,oligodendrocyte_1,endothelial
2787889600316100173,endothelial,endothelial
2787889600316100176,oligodendrocyte_precursor_cell,oligodendrocyte_precursor_cell
2787889600316100216,astrocyte_1,astrocyte_1
2787889600317100090,astrocyte_1,astrocyte_1
2787889600317100098,oligodendrocyte_1,astrocyte_1
2787889600317100172,microglia,endothelial
2787889600318100007,microglia,microglia
2787889600318100053,oligodendrocyte_2,oligodendrocyte_2
2787889600326100171,pericyte,astrocyte_1
2787889600346100131,meninges_3,meninges_2
2787889600347100035,meninges_2,meninges_2
2787889600347100097,oligodendrocyte_2,oligodendrocyte_2
2787889600347100126,astrocyte_2,oligodendrocyte_progenitor_2
2787889600348100014,microglia,microglia
2787889600348100027,endothelial,endothelial
2787889600348100092,oligodendrocyte_precursor_cell,oligodendrocyte_precursor_cell
2787889600348100180,oligodendrocyte_precursor_cell,oligodendrocyte_precursor_cell
2787889600348200081,astrocyte_1,astrocyte_1
2787889600350100103,astrocyte_1,astrocyte_1
2787889600350100266,oligodendrocyte_1,astrocyte_1
2787889600351100044,oligodendrocyte_progenitor_2,oligodendrocyte_progenitor_2
2787889600351100126,astrocyte_1,astrocyte_1
2787889600351100169,oligodendrocyte_1,pericyte
2787889600351100217,pericyte,pericyte
2787889600351100314,oligodendrocyte_progenitor_1,oligodendrocyte_progenitor_1
2787889600353100068,astrocyte_1,astrocyte_1
2787889600353100120,astrocyte_2,astrocyte_1
2787889600353100134,oligodendrocyte_1,oligodendrocyte_progenitor_2
2787889600353100141,oligodendrocyte_2,oligodendrocyte_progenitor_2
2787889600354100054,astrocyte_2,oligodendrocyte_progenitor_2
2787889600354100062,oligodendrocyte_2,oligodendrocyte_2
2787889600354100121,oligodendrocyte_2,oligodendrocyte_2
2787889600354100180,oligodendrocyte_progenitor_2,astrocyte_1
2787889600355100025,oligodendrocyte_2,oligodendrocyte_progenitor_2
2787889600355100039,oligodendrocyte_2,oligodendrocyte_2
2787889600355100079,astrocyte_2,oligodendrocyte_progenitor_2
2787889600360100127,astrocyte_2,astrocyte_1
2787889600360100172,oligodendrocyte_1,oligodendrocyte_progenitor_2
2787889600360100197,oligodendrocyte_1,oligodendrocyte_progenitor_2
2787889600360100199,astrocyte_1,astrocyte_1
2787889600360100223,astrocyte_2,endothelial
2787889600360100224,oligodendrocyte_progenitor_2,oligodendrocyte_progenitor_2
2787889600361100093,oligodendrocyte_1,oligodendrocyte_progenitor_2
2787889600361100107,astrocyte_2,astrocyte_1
2787889600361100117,oligodendrocyte_1,oligodendrocyte_progenitor_2
2787889600361100176,astrocyte_1,astrocyte_1
2787889600362100215,pericyte,oligodendrocyte_1
2787889600362100228,oligodendrocyte_1,oligodendrocyte_1
2787889600370100102,meninges_1,meninges_2
2787889600374100043,Schwann_cell,Schwann_cell
2787889600377100069,astrocyte_2,astrocyte_2
2787889600378100091,oligodendrocyte_2,oligodendrocyte_2
2787889600380100031,astrocyte_2,astrocyte_2
2787889600380100057,oligodendrocyte_2,oligodendrocyte_2
2787889600382100032,meninges_3,meninges_3
2787889600382100037,meninges_1,meninges_1
2787889600383100063,oligodendrocyte_progenitor_2,oligodendrocyte_progenitor_2
2787889600383100148,oligodendrocyte_progenitor_2,oligodendrocyte_progenitor_2
2787889600384100079,meninges_1,oligodendrocyte_progenitor_2
2787889600384100081,oligodendrocyte_2,oligodendrocyte_2
2787889600384100095,astrocyte_1,astrocyte_1
2787889600384200032,oligodendrocyte_1,oligodendrocyte_1
2787889600386100025,astrocyte_1,astrocyte_1
2787889600386100190,microglia,microglia
2787889600386200022,endothelial,pericyte
2787889600387100137,oligodendrocyte_2,oligodendrocyte_2
2787889600387100167,astrocyte_2,astrocyte_2
2787889600388100023,endothelial,oligodendrocyte_progenitor_2
2787889600388100027,microglia,oligodendrocyte_progenitor_2
2787889600388100063,oligodendrocyte_progenitor_2,oligodendrocyte_progenitor_2
2787889600388100127,oligodendrocyte_precursor_cell,oligodendrocyte_progenitor_1
2787889600388100134,astrocyte_2,astrocyte_1
2787889600388100182,microglia,microglia
2787889600389100137,oligodendrocyte_1,oligodendrocyte_1
2787889600390100077,oligodendrocyte_1,oligodendrocyte_progenitor_2
2787889600396100089,astrocyte_2,astrocyte_1
2787889600396100092,oligodendrocyte_progenitor_2,oligodendrocyte_progenitor_2
2787889600396100207,oligodendrocyte_1,oligodendrocyte_progenitor_2
2787889600396200029,oligodendrocyte_progenitor_2,oligodendrocyte_progenitor_2
2787889600397100053,endothelial,endothelial
2787889600397100193,astrocyte_1,oligodendrocyte_progenitor_2
2787889600397100210,astrocyte_1,astrocyte_1
2787889600398200058,oligodendrocyte_progenitor_2,oligodendrocyte_progenitor_2
2787889600405100262,oligodendrocyte_2,oligodendrocyte_progenitor_2
2787889600405100288,oligodendrocyte_1,astrocyte_1
2787889600407100145,astrocyte_2,astrocyte_1
2787889600407100199,endothelial,endothelial
2787889600408200105,oligodendrocyte_progenitor_2,oligodendrocyte_progenitor_2
2787889600409100136,oligodendrocyte_2,oligodendrocyte_2
2787889600410100130,astrocyte_1,astrocyte_1
2787889600410100270,oligodendrocyte_2,oligodendrocyte_progenitor_2
2787889600410100296,oligodendrocyte_progenitor_2,oligodendrocyte_progenitor_2
2787889600412100201,astrocyte_2,oligodendrocyte_progenitor_2
2787889600413100206,oligodendrocyte_2,oligodendrocyte_2
2787889600414100093,astrocyte_2,oligodendrocyte_progenitor_2
2787889600414100171,oligodendrocyte_2,oligodendrocyte_progenitor_2
2787889600414100194,oligodendrocyte_2,oligodendrocyte_progenitor_2
2787889600415100032,oligodendrocyte_progenitor_2,oligodendrocyte_precursor_cell
2787889600416100065,oligodendrocyte_progenitor_2,oligodendrocyte_progenitor_2
2787889600416100118,oligodendrocyte_2,oligodendrocyte_2
2787889600419100030,astrocyte_2,astrocyte_2
2787889600421100062,endothelial,endothelial
2787889600421100191,oligodendrocyte_2,oligodendrocyte_2
2787889600422100054,oligodendrocyte_precursor_cell,oligodendrocyte_progenitor_1
2787889600422100062,oligodendrocyte_2,oligodendrocyte_2
2787889600422100129,astrocyte_2,oligodendrocyte_2
2787889600422100176,oligodendrocyte_1,oligodendrocyte_progenitor_2
2787889600422100186,oligodendrocyte_progenitor_2,oligodendrocyte_progenitor_2
2787889600424100078,oligodendrocyte_2,oligodendrocyte_2
2787889600432100028,oligodendrocyte_2,oligodendrocyte_2
2787889600433100116,Schwann_cell,Schwann_cell
2787889600441100117,oligodendrocyte_progenitor_2,oligodendrocyte_progenitor_2
2787889600442100063,oligodendrocyte_1,oligodendrocyte_progenitor_2
2787889600443100119,oligodendrocyte_2,oligodendrocyte_progenitor_2
2787889600443100212,astrocyte_1,astrocyte_1
2787889600443100263,endothelial,endothelial
2787889600443100270,oligodendrocyte_progenitor_2,oligodendrocyte_progenitor_2
2787889600444100097,oligodendrocyte_progenitor_2,oligodendrocyte_progenitor_2
2787889600444100168,oligodendrocyte_1,oligodendrocyte_progenitor_2
2787889600444100215,oligodendrocyte_progenitor_2,oligodendrocyte_progenitor_2
2787889600444100248,oligodendrocyte_1,astrocyte_1
2787889600444200032,astrocyte_2,astrocyte_1
2787889600445200006,astrocyte_1,astrocyte_1
2787889600445200056,oligodendrocyte_1,oligodendrocyte_1
2787889600446100041,oligodendrocyte_progenitor_2,oligodendrocyte_progenitor_2
2787889600447100088,oligodendrocyte_2,oligodendrocyte_2
2787889600448100020,oligodendrocyte_2,oligodendrocyte_2
2787889600448100030,oligodendrocyte_progenitor_2,oligodendrocyte_progenitor_2
2787889600449100032,oligodendrocyte_precursor_cell,endothelial
2787889600450100068,astrocyte_1,astrocyte_1
2787889600450100232,astrocyte_1,oligodendrocyte_progenitor_2
2787889600450100242,astrocyte_1,oligodendrocyte_progenitor_2
2787889600450100248,oligodendrocyte_2,oligodendrocyte_2
2787889600450100276,endothelial,endothelial
2787889600450100291,oligodendrocyte_precursor_cell,astrocyte_1
2787889600451100046,astrocyte_2,oligodendrocyte_progenitor_2
2787889600451100054,oligodendrocyte_progenitor_2,endothelial
2787889600451100097,microglia,astrocyte_1
2787889600451100166,astrocyte_1,astrocyte_1
2787889600452100034,oligodendrocyte_2,oligodendrocyte_2
2787889600453100017,oligodendrocyte_2,oligodendrocyte_progenitor_2
2787889600456100029,peripheral_glia,Schwann_cell
2787889600478100002,oligodendrocyte_1,endothelial
2787889600478100046,astrocyte_1,astrocyte_1
2787889600478100140,astrocyte_1,astrocyte_1
2787889600478100141,oligodendrocyte_progenitor_2,oligodendrocyte_1
2787889600478100185,microglia,astrocyte_1
2787889600478100231,astrocyte_2,astrocyte_1
2787889600479100028,oligodendrocyte_progenitor_2,oligodendrocyte_2
2787889600479100095,microglia,oligodendrocyte_progenitor_2
2787889600479100155,oligodendrocyte_2,oligodendrocyte_2
2787889600479100206,oligodendrocyte_1,oligodendrocyte_progenitor_2
2787889600480100084,oligodendrocyte_2,oligodendrocyte_progenitor_2
2787889600480100113,oligodendrocyte_1,oligodendrocyte_progenitor_2
2787889600480100136,astrocyte_1,astrocyte_1
2787889600481100017,oligodendrocyte_1,oligodendrocyte_progenitor_2
2787889600481100103,astrocyte_1,astrocyte_1
2787889600481100179,endothelial,endothelial
2787889600481100192,oligodendrocyte_progenitor_2,oligodendrocyte_1
2787889600482100046,oligodendrocyte_1,oligodendrocyte_1
2787889600482100147,oligodendrocyte_2,oligodendrocyte_2
2787889600482100155,oligodendrocyte_1,oligodendrocyte_progenitor_2
2787889600483100030,oligodendrocyte_2,oligodendrocyte_2
2787889600483100128,oligodendrocyte_2,oligodendrocyte_2
2787889600484100030,astrocyte_1,astrocyte_2
2787889600485100060,pericyte,oligodendrocyte_progenitor_2
2787889600485200069,peripheral_glia,oligodendrocyte_2
2787889600486100089,oligodendrocyte_progenitor_1,oligodendrocyte_precursor_cell
2787889600486100091,oligodendrocyte_progenitor_1,oligodendrocyte_progenitor_1
2787889600486100113,oligodendrocyte_1,oligodendrocyte_progenitor_2
2787889600486100159,oligodendrocyte_progenitor_2,astrocyte_2
2787889600486100174,oligodendrocyte_1,oligodendrocyte_1
2787889600487100105,oligodendrocyte_progenitor_1,oligodendrocyte_precursor_cell
2787889600512100128,astrocyte_2,astrocyte_2
2787889600515100014,astrocyte_2,oligodendrocyte_1
2787889600516100044,oligodendrocyte_2,oligodendrocyte_1
2787889600517100093,oligodendrocyte_1,oligodendrocyte_progenitor_2
2787889600518100079,oligodendrocyte_2,oligodendrocyte_2
2787889600518100141,oligodendrocyte_1,oligodendrocyte_progenitor_2
2787889600522100076,oligodendrocyte_precursor_cell,oligodendrocyte_progenitor_1
2787889600523100074,astrocyte_1,astrocyte_2
2787889600544100140,oligodendrocyte_precursor_cell,astrocyte_1
2787889600545100042,oligodendrocyte_2,oligodendrocyte_progenitor_2
2787889600545100073,astrocyte_2,astrocyte_1
2787889600546100149,astrocyte_1,astrocyte_1
2787889600546100297,endothelial,endothelial
2787889600549100068,astrocyte_2,astrocyte_2
2787889600555100028,oligodendrocyte_2,oligodendrocyte_2
2787889600580100140,oligodendrocyte_precursor_cell,oligodendrocyte_precursor_cell
2787889600580100159,oligodendrocyte_1,oligodendrocyte_1
2787889600581100124,oligodendrocyte_2,oligodendrocyte_progenitor_2
2787889600582100128,astrocyte_1,astrocyte_1
2787889600582100227,endothelial,endothelial
2787889600583100038,oligodendrocyte_1,oligodendrocyte_progenitor_2
2787889600583100050,oligodendrocyte_progenitor_2,oligodendrocyte_progenitor_2
2787889600584100018,pericyte,pericyte
2787889600584100100,meninges_2,endothelial
2787889600584100162,oligodendrocyte_progenitor_2,oligodendrocyte_progenitor_2
2787889600584100191,oligodendrocyte_2,oligodendrocyte_2
2787889600617100185,oligodendrocyte_1,oligodendrocyte_1
2787889600617100209,oligodendrocyte_1,oligodendrocyte_progenitor_2
2787889600618200020,oligodendrocyte_1,oligodendrocyte_progenitor_2
2795103300029100113,pericyte,oligodendrocyte_progenitor_1
2795103300049100018,astrocyte_2,astrocyte_2
2795103300051100106,oligodendrocyte_2,oligodendrocyte_2
2795103300084100222,oligodendrocyte_1,oligodendrocyte_1
2795103300087100069,oligodendrocyte_progenitor_1,oligodendrocyte_progenitor_1
2795103300088100150,oligodendrocyte_2,oligodendrocyte_2
2795103300096100086,oligodendrocyte_2,oligodendrocyte_2
2795103300098100192,oligodendrocyte_1,astrocyte_1
2795103300108100026,astrocyte_2,oligodendrocyte_1
2795103300108100038,endothelial,endothelial
2795103300119100042,endothelial,endothelial
2795103300120100086,oligodendrocyte_1,astrocyte_1
2795103300121100090,astrocyte_2,astrocyte_1
2795103300125100103,oligodendrocyte_progenitor_2,endothelial
2795103300125100241,endothelial,oligodendrocyte_1
2795103300127100120,oligodendrocyte_2,oligodendrocyte_2
2795103300131100028,astrocyte_2,oligodendrocyte_progenitor_2
2795103300144100118,astrocyte_1,astrocyte_1
2795103300145100343,pericyte,pericyte
2795103300148100180,oligodendrocyte_progenitor_1,oligodendrocyte_progenitor_1
2795103300153100110,oligodendrocyte_progenitor_2,oligodendrocyte_progenitor_2
2795103300153100228,astrocyte_2,astrocyte_1
2795103300156100042,oligodendrocyte_1,oligodendrocyte_1
2795103300156100200,oligodendrocyte_progenitor_2,oligodendrocyte_progenitor_2
2795103300160100024,oligodendrocyte_2,oligodendrocyte_1
2795103300160100095,oligodendrocyte_progenitor_2,oligodendrocyte_1
2795103300161100219,astrocyte_1,astrocyte_1
2795103300162100262,oligodendrocyte_progenitor_2,oligodendrocyte_2
2795103300163100169,meninges_3,oligodendrocyte_progenitor_2
2795103300163100231,astrocyte_1,astrocyte_1
2795103300164100027,oligodendrocyte_1,oligodendrocyte_progenitor_2
2795103300164100099,oligodendrocyte_progenitor_2,oligodendrocyte_progenitor_2
2795103300164100198,oligodendrocyte_progenitor_2,oligodendrocyte_1
2795103300165100044,astrocyte_2,oligodendrocyte_progenitor_2
2795103300165100050,oligodendrocyte_2,oligodendrocyte_2
2795103300178100151,oligodendrocyte_1,oligodendrocyte_1
2795103300181100070,oligodendrocyte_1,oligodendrocyte_1
2795103300181200062,endothelial,endothelial
2795103300182100065,oligodendrocyte_precursor_cell,oligodendrocyte_progenitor_1
2795103300185100075,meninges_2,meninges_2
2795103300189100043,oligodendrocyte_progenitor_2,oligodendrocyte_2
2795103300193100190,endothelial,oligodendrocyte_progenitor_2
2795103300195100284,astrocyte_1,oligodendrocyte_1
2795103300196100077,peripheral_glia,oligodendrocyte_1
2795103300196100110,astrocyte_2,oligodendrocyte_2
2795103300197100230,pericyte,astrocyte_1
2795103300198200066,oligodendrocyte_2,oligodendrocyte_1
2795103300200100048,astrocyte_2,astrocyte_2
2795103300200100050,endothelial,endothelial
2795103300219100123,meninges_2,meninges_3
2795103300230100016,astrocyte_2,oligodendrocyte_progenitor_2
2795103300230100111,oligodendrocyte_2,endothelial
2795103300233100064,endothelial,endothelial
2795103300233100072,oligodendrocyte_1,oligodendrocyte_progenitor_2
2795103300233100150,astrocyte_1,astrocyte_1
2795103300233100358,meninges_3,meninges_2
2795103300267100029,meninges_3,meninges_3
2795103300267100083,meninges_2,meninges_1
2795103300268100072,meninges_2,meninges_1
2795103300297100029,oligodendrocyte_2,oligodendrocyte_2
2795103300297100128,oligodendrocyte_1,oligodendrocyte_progenitor_2
2795103300298100028,oligodendrocyte_2,oligodendrocyte_2
2795103300309100085,oligodendrocyte_2,oligodendrocyte_2
2795103300310200123,oligodendrocyte_progenitor_2,oligodendrocyte_progenitor_2
2795103300312100041,oligodendrocyte_2,oligodendrocyte_2
2795103300312100055,oligodendrocyte_2,oligodendrocyte_2
2795103300330100098,oligodendrocyte_precursor_cell,oligodendrocyte_precursor_cell
2795103300331100022,oligodendrocyte_1,oligodendrocyte_progenitor_2
2795103300331100081,oligodendrocyte_1,oligodendrocyte_1
2795103300331100141,pericyte,endothelial
2795103300331100157,oligodendrocyte_progenitor_2,oligodendrocyte_progenitor_2
2795103300332100030,oligodendrocyte_1,astrocyte_1
2795103300332100061,astrocyte_1,astrocyte_1
2795103300332100065,astrocyte_2,astrocyte_1
2795103300332100123,oligodendrocyte_progenitor_2,oligodendrocyte_progenitor_2
2795103300344100018,oligodendrocyte_progenitor_2,oligodendrocyte_progenitor_2
2795103300344100019,oligodendrocyte_1,oligodendrocyte_progenitor_2
2795103300344100210,oligodendrocyte_progenitor_2,oligodendrocyte_progenitor_2
2795103300344100214,oligodendrocyte_progenitor_2,oligodendrocyte_progenitor_2
2795103300345100017,oligodendrocyte_1,oligodendrocyte_progenitor_2
2795103300346100239,astrocyte_1,astrocyte_1
2795103300346100246,oligodendrocyte_1,oligodendrocyte_progenitor_2
2795103300346100265,astrocyte_1,astrocyte_1
2795103300346100289,endothelial,endothelial
2795103300347100043,oligodendrocyte_2,oligodendrocyte_2
2795103300347200110,oligodendrocyte_progenitor_2,oligodendrocyte_progenitor_2
2795103300366100035,oligodendrocyte_1,oligodendrocyte_progenitor_2
2795103300367100037,oligodendrocyte_progenitor_2,oligodendrocyte_1
2795103300367100069,astrocyte_2,astrocyte_1
2795103300368100254,meninges_3,meninges_3
2795103300376100158,oligodendrocyte_progenitor_2,oligodendrocyte_progenitor_2
2795103300377100032,endothelial,astrocyte_1
2795103300378100040,oligodendrocyte_2,oligodendrocyte_2
2795103300378100099,oligodendrocyte_2,microglia
2795103300380100106,astrocyte_1,astrocyte_1
2795103300381100107,oligodendrocyte_progenitor_1,oligodendrocyte_progenitor_2
2795103300381100258,astrocyte_1,astrocyte_1
2795103300381100300,oligodendrocyte_progenitor_2,oligodendrocyte_progenitor_2
2795103300382100017,astrocyte_2,astrocyte_2
2795103300382100107,oligodendrocyte_1,astrocyte_1
2795103300382100123,endothelial,endothelial
2795103300400100052,astrocyte_1,astrocyte_1
2795103300405100111,astrocyte_2,oligodendrocyte_progenitor_2
2795103300409100112,oligodendrocyte_1,oligodendrocyte_1
2795103300410100288,oligodendrocyte_1,oligodendrocyte_1
2795103300411100067,astrocyte_1,astrocyte_1
2795103300411100201,oligodendrocyte_progenitor_2,oligodendrocyte_progenitor_2
2795103300412100009,astrocyte_1,astrocyte_1
2795103300415100059,astrocyte_2,oligodendrocyte_precursor_cell
2795103300417100019,astrocyte_2,astrocyte_2
2795103300445100084,oligodendrocyte_1,oligodendrocyte_progenitor_2
2795103300445100103,oligodendrocyte_progenitor_2,oligodendrocyte_progenitor_2
2795103300452100022,Schwann_cell,Schwann_cell
2795584800017100073,oligodendrocyte_2,oligodendrocyte_2
2795584800081100241,oligodendrocyte_1,oligodendrocyte_progenitor_2
2795584800086100062,oligodendrocyte_1,oligodendrocyte_2
2795584800086100203,oligodendrocyte_progenitor_2,oligodendrocyte_1
2795584800088100011,meninges_3,oligodendrocyte_1
2795584800090100014,pericyte,oligodendrocyte_2
2795584800090100054,endothelial,endothelial
2795584800090100073,oligodendrocyte_progenitor_2,oligodendrocyte_progenitor_2
2795584800100100106,oligodendrocyte_1,oligodendrocyte_progenitor_2
2795584800101100247,astrocyte_1,astrocyte_1
2795584800102100067,oligodendrocyte_1,oligodendrocyte_2
2795584800122100023,astrocyte_2,endothelial
2795584800123100172,oligodendrocyte_1,oligodendrocyte_progenitor_2
2795584800124100044,astrocyte_1,astrocyte_1
2795584800124100180,oligodendrocyte_1,oligodendrocyte_1
2795584800127100128,oligodendrocyte_2,oligodendrocyte_2
2795584800129100078,oligodendrocyte_1,oligodendrocyte_1
2795584800130100086,oligodendrocyte_2,oligodendrocyte_2
2795584800136100096,oligodendrocyte_1,oligodendrocyte_progenitor_2
2795584800136100120,oligodendrocyte_2,oligodendrocyte_1
2795584800136100143,oligodendrocyte_2,oligodendrocyte_2
2795584800136100155,astrocyte_2,astrocyte_2
2795584800136100189,astrocyte_2,astrocyte_2
2795584800137100267,oligodendrocyte_2,oligodendrocyte_2
2795584800137200073,oligodendrocyte_progenitor_2,oligodendrocyte_progenitor_2
2795584800139100104,oligodendrocyte_progenitor_2,astrocyte_2
2795584800139100144,microglia,microglia
2795584800139100153,endothelial,endothelial
2795584800140100021,oligodendrocyte_progenitor_2,oligodendrocyte_progenitor_2
2795584800154100202,meninges_3,oligodendrocyte_progenitor_2
2795584800156100008,oligodendrocyte_2,oligodendrocyte_2
2795584800160100245,oligodendrocyte_2,oligodendrocyte_2
2795584800161100313,meninges_3,meninges_2
2795584800163100102,oligodendrocyte_2,oligodendrocyte_2
2795584800166100035,oligodendrocyte_precursor_cell,astrocyte_1
2795584800166100073,oligodendrocyte_1,oligodendrocyte_1
2795584800166100182,astrocyte_1,astrocyte_1
2795584800166200086,oligodendrocyte_progenitor_2,oligodendrocyte_progenitor_2
2795584800167100121,astrocyte_1,astrocyte_1
2795584800167100132,oligodendrocyte_1,oligodendrocyte_1
2795584800168100157,pericyte,astrocyte_1
2795584800172100184,astrocyte_2,oligodendrocyte_progenitor_2
2795584800173100312,astrocyte_2,astrocyte_2
2795584800174100034,oligodendrocyte_progenitor_2,oligodendrocyte_progenitor_2
2795584800175100098,oligodendrocyte_1,oligodendrocyte_progenitor_2
2795584800175100109,microglia,microglia
2795584800184100020,oligodendrocyte_progenitor_2,oligodendrocyte_progenitor_2
2795584800185100100,astrocyte_2,oligodendrocyte_precursor_cell
2795584800185100220,oligodendrocyte_precursor_cell,oligodendrocyte_precursor_cell
2795584800202100076,astrocyte_2,astrocyte_1
2795584800202100095,astrocyte_1,astrocyte_1
2795584800203100229,oligodendrocyte_progenitor_2,oligodendrocyte_progenitor_2
2795584800203100322,astrocyte_2,oligodendrocyte_progenitor_2
2795584800204100209,oligodendrocyte_1,oligodendrocyte_progenitor_2
2795584800222100031,oligodendrocyte_2,oligodendrocyte_2
2795584800222100035,oligodendrocyte_2,oligodendrocyte_2
2795584800222100094,meninges_3,meninges_3
2795584800222100100,meninges_3,astrocyte_2
2795584800224100106,astrocyte_1,astrocyte_1
2795584800225100281,oligodendrocyte_2,oligodendrocyte_2
2795584800226100077,oligodendrocyte_2,oligodendrocyte_progenitor_2
2795584800226100153,oligodendrocyte_1,oligodendrocyte_progenitor_2
2795584800227100019,oligodendrocyte_1,oligodendrocyte_1
2795584800237100067,oligodendrocyte_1,oligodendrocyte_progenitor_2
2795584800237100106,oligodendrocyte_2,endothelial
2795584800238100291,oligodendrocyte_precursor_cell,oligodendrocyte_precursor_cell
2795584800238200179,astrocyte_1,oligodendrocyte_progenitor_1
2795584800239100131,oligodendrocyte_2,oligodendrocyte_2
2795584800241100080,oligodendrocyte_2,oligodendrocyte_2
2795584800241100099,astrocyte_1,astrocyte_1
2795584800241100160,astrocyte_2,endothelial
2795584800241100259,oligodendrocyte_progenitor_2,oligodendrocyte_progenitor_2
2795584800253200009,meninges_3,meninges_3
2795584800311100088,oligodendrocyte_2,oligodendrocyte_2
2795584800313100072,microglia,oligodendrocyte_2
2795584800344100072,oligodendrocyte_2,oligodendrocyte_2
2795584800345100081,oligodendrocyte_progenitor_1,oligodendrocyte_precursor_cell
2795584800348100087,astrocyte_2,astrocyte_2
2795584800349100126,astrocyte_1,astrocyte_1
2795584800349100151,oligodendrocyte_1,oligodendrocyte_progenitor_2
2795584800349100201,oligodendrocyte_progenitor_2,oligodendrocyte_progenitor_2
2795584800352100059,oligodendrocyte_1,astrocyte_1
2795584800352100080,oligodendrocyte_progenitor_2,oligodendrocyte_progenitor_2
2795584800352200043,astrocyte_2,astrocyte_2
2795584800353100107,oligodendrocyte_1,oligodendrocyte_progenitor_2
2795584800353100199,oligodendrocyte_1,oligodendrocyte_progenitor_2
2795584800354100043,oligodendrocyte_1,oligodendrocyte_progenitor_2
2795584800354100082,oligodendrocyte_progenitor_2,oligodendrocyte_progenitor_2
2795584800362100019,astrocyte_2,oligodendrocyte_precursor_cell
2795584800371100068,oligodendrocyte_progenitor_2,oligodendrocyte_2
2795584800374100017,astrocyte_2,astrocyte_2
2795584800374100049,astrocyte_2,astrocyte_2
2795584800375100070,pericyte,astrocyte_1
2795584800376100182,endothelial,endothelial
2795584800377100102,endothelial,endothelial
2795584800378200068,astrocyte_2,astrocyte_2
2795584800379100079,Schwann_cell,Schwann_cell
2795584800381100069,oligodendrocyte_1,oligodendrocyte_progenitor_2
2795584800381100201,oligodendrocyte_precursor_cell,oligodendrocyte_precursor_cell
2795584800382100052,oligodendrocyte_1,astrocyte_1
2795584800382100072,oligodendrocyte_progenitor_2,oligodendrocyte_progenitor_2
2795584800382100074,oligodendrocyte_2,oligodendrocyte_1
2795584800382100241,oligodendrocyte_1,oligodendrocyte_1
2795584800383100039,oligodendrocyte_2,oligodendrocyte_2
2795584800385100149,oligodendrocyte_1,oligodendrocyte_progenitor_2
2795584800385100283,astrocyte_1,astrocyte_1
2795584800385200012,oligodendrocyte_1,endothelial
2795584800386200020,oligodendrocyte_progenitor_2,astrocyte_1
2795584800388100087,oligodendrocyte_progenitor_2,oligodendrocyte_progenitor_2
2795584800389100065,astrocyte_1,astrocyte_1
2795584800389100090,oligodendrocyte_precursor_cell,oligodendrocyte_precursor_cell
2795584800389100153,oligodendrocyte_progenitor_2,oligodendrocyte_progenitor_2
2795584800391100125,oligodendrocyte_2,oligodendrocyte_2
2795584800391100182,oligodendrocyte_1,oligodendrocyte_1
2795584800398100095,oligodendrocyte_progenitor_1,oligodendrocyte_precursor_cell
2795584800398100141,meninges_3,meninges_3
2795584800398200029,meninges_3,meninges_2
2795584800400100402,astrocyte_2,oligodendrocyte_progenitor_2
2795584800411100047,endothelial,endothelial
2795584800411100147,pericyte,astrocyte_1
2795584800412100034,oligodendrocyte_progenitor_2,oligodendrocyte_progenitor_2
2795584800412100093,oligodendrocyte_1,endothelial
2795584800412100176,astrocyte_1,astrocyte_1
2795584800413100059,oligodendrocyte_1,oligodendrocyte_progenitor_2
2795584800413100082,astrocyte_2,astrocyte_1
2795584800413100085,oligodendrocyte_progenitor_2,oligodendrocyte_progenitor_2
2795584800413100180,pericyte,astrocyte_1
2795584800413100228,oligodendrocyte_1,oligodendrocyte_progenitor_2
2795584800415100082,oligodendrocyte_1,oligodendrocyte_progenitor_2
2795584800416100124,endothelial,endothelial
2795584800416100142,astrocyte_2,astrocyte_2
2795584800418100037,astrocyte_1,endothelial
2795584800418100055,oligodendrocyte_precursor_cell,oligodendrocyte_progenitor_2
2795584800418100073,astrocyte_2,astrocyte_1
2795584800418100125,oligodendrocyte_progenitor_2,oligodendrocyte_progenitor_2
2795584800419100041,endothelial,oligodendrocyte_1
2795584800419100108,oligodendrocyte_2,oligodendrocyte_2
2795584800419100238,oligodendrocyte_1,oligodendrocyte_progenitor_2
2795584800419100280,endothelial,endothelial
2795584800420100182,oligodendrocyte_1,oligodendrocyte_1
2795584800421100152,oligodendrocyte_1,endothelial
2795584800421100200,astrocyte_1,oligodendrocyte_progenitor_2
2795584800421100246,oligodendrocyte_precursor_cell,oligodendrocyte_progenitor_2
2795584800422100171,astrocyte_1,astrocyte_1
2795584800424100151,oligodendrocyte_2,oligodendrocyte_2
2795584800425100122,oligodendrocyte_1,oligodendrocyte_progenitor_2
2795584800428100052,astrocyte_2,astrocyte_2
2795584800435100149,astrocyte_1,astrocyte_1
2795584800435100204,oligodendrocyte_progenitor_1,oligodendrocyte_progenitor_1
2795584800435100333,astrocyte_1,astrocyte_1
2795584800442100068,oligodendrocyte_2,oligodendrocyte_2
2795584800446100124,pericyte,astrocyte_1
2795584800446100145,astrocyte_1,oligodendrocyte_precursor_cell
2795584800448100039,oligodendrocyte_1,endothelial
2795584800448100083,pericyte,endothelial
2795584800448100140,oligodendrocyte_progenitor_1,oligodendrocyte_precursor_cell
2795584800449100028,astrocyte_1,astrocyte_1
2795584800449100102,oligodendrocyte_precursor_cell,oligodendrocyte_progenitor_2
2795584800449100136,microglia,microglia
2795584800449100206,oligodendrocyte_2,oligodendrocyte_progenitor_2
2795584800450100058,endothelial,endothelial
2795584800450100076,oligodendrocyte_precursor_cell,microglia
2795584800450100164,oligodendrocyte_progenitor_1,oligodendrocyte_progenitor_1
2795584800451100007,microglia,microglia
2795584800456100071,oligodendrocyte_progenitor_2,oligodendrocyte_progenitor_2
2795584800456100094,oligodendrocyte_progenitor_2,oligodendrocyte_progenitor_2
2795584800457100131,endothelial,astrocyte_1
2795584800457100271,oligodendrocyte_precursor_cell,oligodendrocyte_progenitor_1
2795584800459100112,oligodendrocyte_progenitor_1,oligodendrocyte_progenitor_1
2795584800471100091,pericyte,astrocyte_2
2795584800472100167,meninges_3,meninges_3
2795584800472100176,meninges_2,meninges_1
2795584800476100046,oligodendrocyte_1,oligodendrocyte_progenitor_2
2795584800484100091,meninges_2,meninges_3
2795584800491100106,astrocyte_2,astrocyte_2
2795584800492100116,oligodendrocyte_2,oligodendrocyte_2
2795584800493100063,oligodendrocyte_precursor_cell,oligodendrocyte_precursor_cell
2795584800493100084,astrocyte_2,astrocyte_1
2795584800494100090,astrocyte_1,astrocyte_1
2795584800494100148,astrocyte_2,astrocyte_2
2795584800512100034,oligodendrocyte_progenitor_2,oligodendrocyte_progenitor_2
2795584800584200041,astrocyte_1,astrocyte_1
2795584800589100125,astrocyte_1,oligodendrocyte_progenitor_2
2795584800589100202,oligodendrocyte_1,pericyte
2795584800591100128,oligodendrocyte_2,oligodendrocyte_2
2795584800602100025,oligodendrocyte_progenitor_2,oligodendrocyte_progenitor_2
2795584800624100037,pericyte,endothelial
2795584800638100109,endothelial,endothelial
2795584800639100111,oligodendrocyte_progenitor_2,oligodendrocyte_1
2795584800639100140,oligodendrocyte_1,oligodendrocyte_progenitor_2
2795584800655100123,oligodendrocyte_progenitor_1,oligodendrocyte_progenitor_1
2795584800660100134,oligodendrocyte_1,oligodendrocyte_progenitor_2
2795584800670100065,astrocyte_2,oligodendrocyte_1
2795584800671100252,meninges_1,oligodendrocyte_1
2795584800674100123,oligodendrocyte_1,oligodendrocyte_1
2795584800677100046,astrocyte_2,astrocyte_2
2795584800679100065,oligodendrocyte_2,oligodendrocyte_2
2795584800696100219,oligodendrocyte_progenitor_2,oligodendrocyte_progenitor_2
2795584800700100066,oligodendrocyte_2,oligodendrocyte_2
2795584800701100074,oligodendrocyte_1,oligodendrocyte_1
2795584800702100110,oligodendrocyte_2,oligodendrocyte_2
2795584800705100012,oligodendrocyte_2,oligodendrocyte_2
2795584800708200047,oligodendrocyte_progenitor_2,oligodendrocyte_progenitor_2
2795584800711100162,endothelial,endothelial
2795584800711100172,meninges_1,oligodendrocyte_progenitor_2
2795584800713100064,astrocyte_2,endothelial
2795584800714100018,astrocyte_2,astrocyte_2
2795584800715100014,oligodendrocyte_progenitor_2,oligodendrocyte_progenitor_2
2795584800715100032,oligodendrocyte_2,oligodendrocyte_2
2795584800740100020,Schwann_cell,Schwann_cell
2795584800741100095,Schwann_cell,Schwann_cell
2795584800747100097,endothelial,endothelial
2795584800747100174,oligodendrocyte_2,oligodendrocyte_2
2795584800748200051,oligodendrocyte_2,oligodendrocyte_2
2795584800750100007,astrocyte_2,astrocyte_2
2795903600031100202,oligodendrocyte_1,endothelial
2795903600057100096,oligodendrocyte_1,oligodendrocyte_progenitor_2
2795903600089100200,astrocyte_2,astrocyte_1
2795903600112100070,oligodendrocyte_2,oligodendrocyte_2
2795903600114100055,endothelial,oligodendrocyte_1
2795903600114100248,astrocyte_1,astrocyte_1
2795903600114100254,astrocyte_1,astrocyte_1
2795903600115100030,oligodendrocyte_1,oligodendrocyte_progenitor_2
2795903600115100200,oligodendrocyte_progenitor_2,astrocyte_1
2795903600115100201,oligodendrocyte_1,oligodendrocyte_1
2795903600140100177,oligodendrocyte_precursor_cell,astrocyte_1
2795903600141100184,oligodendrocyte_2,oligodendrocyte_progenitor_2
2795903600143100135,astrocyte_1,astrocyte_1
2795903600143100345,oligodendrocyte_1,oligodendrocyte_1
2795903600144100058,astrocyte_2,astrocyte_2
2795903600158100065,oligodendrocyte_progenitor_2,oligodendrocyte_progenitor_2
2795903600166100037,astrocyte_2,oligodendrocyte_progenitor_2
2795903600167100157,astrocyte_2,astrocyte_1
2795903600168100312,endothelial,endothelial
2795903600169100089,endothelial,oligodendrocyte_progenitor_2
2795903600185100124,oligodendrocyte_1,oligodendrocyte_progenitor_2
2795903600185200054,oligodendrocyte_progenitor_2,oligodendrocyte_progenitor_2
2795903600186100093,astrocyte_2,astrocyte_2
2795903600193100019,oligodendrocyte_1,oligodendrocyte_progenitor_2
2795903600194100088,oligodendrocyte_1,oligodendrocyte_progenitor_2
2795903600194100139,astrocyte_1,astrocyte_1
2795903600212100125,oligodendrocyte_2,oligodendrocyte_2
2795903600212200113,oligodendrocyte_progenitor_2,oligodendrocyte_progenitor_2
2795903600215100042,oligodendrocyte_2,oligodendrocyte_2
2795903600220100034,astrocyte_1,astrocyte_1
2795903600238100008,oligodendrocyte_2,oligodendrocyte_2
2795903600241100054,oligodendrocyte_2,oligodendrocyte_2
2795903600241200127,endothelial,endothelial
2795903600242100166,oligodendrocyte_1,oligodendrocyte_progenitor_2
2795903600242100254,astrocyte_1,astrocyte_1
2795903600243100183,oligodendrocyte_1,oligodendrocyte_progenitor_2
2795903600246100041,oligodendrocyte_2,oligodendrocyte_2
2795903600267100066,oligodendrocyte_progenitor_1,oligodendrocyte_progenitor_1
2795903600267100112,oligodendrocyte_1,oligodendrocyte_1
2795903600267100238,oligodendrocyte_progenitor_2,oligodendrocyte_progenitor_2
2795903600268100244,pericyte,endothelial
2795903600268100291,oligodendrocyte_precursor_cell,oligodendrocyte_progenitor_2
2795903600269100167,oligodendrocyte_2,oligodendrocyte_2
2795903600269100183,oligodendrocyte_progenitor_2,oligodendrocyte_progenitor_2
2795903600294100147,astrocyte_2,oligodendrocyte_progenitor_2
2795903600299100132,oligodendrocyte_2,oligodendrocyte_2
2795903600301100052,astrocyte_1,astrocyte_2
2795903600302100045,meninges_2,meninges_3
2795903600302100050,meninges_2,meninges_1
2795903600320100064,oligodendrocyte_1,oligodendrocyte_progenitor_2
2795903600320100084,oligodendrocyte_1,oligodendrocyte_progenitor_2
2795903600321100032,oligodendrocyte_1,astrocyte_1
2795903600322100199,astrocyte_2,astrocyte_1
2795903600322100214,astrocyte_1,astrocyte_1
2795903600323100066,oligodendrocyte_1,astrocyte_2
2795903600346100094,astrocyte_1,astrocyte_1
2795903600346100138,oligodendrocyte_1,oligodendrocyte_progenitor_2
2795903600346100148,oligodendrocyte_1,oligodendrocyte_progenitor_2
2795903600346100205,oligodendrocyte_2,oligodendrocyte_2
2795903600346200057,oligodendrocyte_progenitor_1,oligodendrocyte_precursor_cell
2795903600347100087,oligodendrocyte_progenitor_2,oligodendrocyte_progenitor_2
2795903600348100067,oligodendrocyte_1,oligodendrocyte_1
2795903600348100132,oligodendrocyte_2,oligodendrocyte_2
2795903600352100050,oligodendrocyte_1,endothelial
2795903600353100108,ependymal,ependymal
2795903600353100272,oligodendrocyte_progenitor_2,oligodendrocyte_progenitor_2
2795903600353100318,oligodendrocyte_1,endothelial
2795903600353200105,oligodendrocyte_1,microglia
2795903600354100114,oligodendrocyte_progenitor_2,oligodendrocyte_progenitor_2
2795903600354100169,oligodendrocyte_progenitor_2,oligodendrocyte_progenitor_2
2795903600354100173,astrocyte_1,astrocyte_1
2795903600355200166,Schwann_cell,Schwann_cell
2795903600371100109,Schwann_cell,Schwann_cell
2795903600372100097,astrocyte_1,astrocyte_1
2795903600374100028,astrocyte_2,oligodendrocyte_progenitor_2
2795903600374100128,oligodendrocyte_progenitor_2,astrocyte_2
2795903600379100167,oligodendrocyte_precursor_cell,astrocyte_1
2795903600380200032,oligodendrocyte_progenitor_2,oligodendrocyte_2
2795903600381100038,astrocyte_2,oligodendrocyte_1
2795903600400100035,oligodendrocyte_2,oligodendrocyte_2
2795903600401200061,microglia,microglia
2795903600402100076,oligodendrocyte_precursor_cell,oligodendrocyte_2
2795903600408100072,oligodendrocyte_2,oligodendrocyte_2
2795903600409100079,oligodendrocyte_precursor_cell,astrocyte_2
2795903600410100025,oligodendrocyte_progenitor_1,oligodendrocyte_precursor_cell
2795903600410100164,oligodendrocyte_progenitor_2,oligodendrocyte_progenitor_2
2795903600411100019,Schwann_cell,peripheral_glia
2795903600427100147,oligodendrocyte_precursor_cell,astrocyte_1
2795903600427100241,astrocyte_2,oligodendrocyte_progenitor_2
2795903600428100037,oligodendrocyte_2,oligodendrocyte_2
2795903600428100079,oligodendrocyte_2,oligodendrocyte_2
2795903600434100226,microglia,oligodendrocyte_2
2795903600435100030,astrocyte_1,oligodendrocyte_precursor_cell
2795903600435200091,oligodendrocyte_progenitor_2,oligodendrocyte_progenitor_2
2795903600436100138,oligodendrocyte_progenitor_2,oligodendrocyte_progenitor_2
2795903600436100270,endothelial,endothelial
2795903600437100021,oligodendrocyte_progenitor_2,oligodendrocyte_progenitor_2
2795903600437100058,pericyte,astrocyte_1
2795903600437100147,astrocyte_1,astrocyte_1
2795903600437100221,astrocyte_1,astrocyte_1
2795903600437100233,oligodendrocyte_progenitor_2,oligodendrocyte_progenitor_2
2795903600438100181,pericyte,pericyte
2795903600438100226,oligodendrocyte_progenitor_1,oligodendrocyte_progenitor_1
2795903600453100052,oligodendrocyte_1,astrocyte_1
2795903600454100089,oligodendrocyte_progenitor_2,oligodendrocyte_progenitor_2
2795903600454100124,pericyte,astrocyte_1
2795903600454100196,oligodendrocyte_2,oligodendrocyte_2
2795903600454100235,astrocyte_1,astrocyte_1
2795903600455100171,astrocyte_2,astrocyte_1
2795903600461100026,oligodendrocyte_progenitor_2,oligodendrocyte_progenitor_2
2795903600461100105,oligodendrocyte_progenitor_2,oligodendrocyte_progenitor_2
2795903600461100149,astrocyte_1,astrocyte_1
2795903600462100044,astrocyte_1,astrocyte_1
2795903600462100093,oligodendrocyte_precursor_cell,endothelial
2795903600463100030,astrocyte_1,astrocyte_1
2795903600463100037,oligodendrocyte_2,oligodendrocyte_2
2795903600463100104,astrocyte_1,astrocyte_1
2795903600463100194,oligodendrocyte_1,oligodendrocyte_1
2795903600463100205,oligodendrocyte_precursor_cell,pericyte
2795903600464200107,oligodendrocyte_2,endothelial
2795903600480100040,oligodendrocyte_precursor_cell,astrocyte_1
2795903600481100047,oligodendrocyte_precursor_cell,astrocyte_1
2795903600481100068,astrocyte_1,astrocyte_1
2795903600481100163,astrocyte_2,astrocyte_1
2795903600488100062,oligodendrocyte_2,oligodendrocyte_2
2795903600489100060,astrocyte_1,astrocyte_1
2795903600489100085,astrocyte_1,astrocyte_1
2795903600489100136,oligodendrocyte_2,oligodendrocyte_2
2795903600489100162,pericyte,astrocyte_1
2795903600489200147,oligodendrocyte_1,oligodendrocyte_1
2795903600491200037,oligodendrocyte_2,oligodendrocyte_2
2795903600515100071,oligodendrocyte_1,endothelial
2795903600515200029,endothelial,endothelial
2795903600516100102,oligodendrocyte_1,oligodendrocyte_progenitor_2
2795903600516100151,oligodendrocyte_1,endothelial
2795903600517100056,oligodendrocyte_progenitor_2,oligodendrocyte_progenitor_2
2795903600517100085,endothelial,endothelial
2795903600518100091,meninges_2,meninges_1
2795903600518100164,astrocyte_1,astrocyte_2
2795903600540100023,oligodendrocyte_progenitor_2,oligodendrocyte_progenitor_2
2795903600541100153,oligodendrocyte_progenitor_2,oligodendrocyte_progenitor_2
2795903600541100227,oligodendrocyte_progenitor_2,oligodendrocyte_progenitor_2
2795903600544100053,meninges_1,meninges_1
2795903600570100068,Schwann_cell,Schwann_cell
2795903600570100094,meninges_1,meninges_2
2795903600570200068,Schwann_cell,peripheral_glia
2795903600588100112,astrocyte_1,astrocyte_1
2795903600589100109,oligodendrocyte_progenitor_1,oligodendrocyte_progenitor_1
2795903600590100039,meninges_2,meninges_1
2795903600595100184,meninges_3,meninges_3
2795903600613100078,astrocyte_1,astrocyte_1
2795903600613200010,oligodendrocyte_precursor_cell,oligodendrocyte_precursor_cell
2795903600614100079,oligodendrocyte_1,oligodendrocyte_1
2795903600614100222,endothelial,endothelial
2795903600615100051,oligodendrocyte_progenitor_2,oligodendrocyte_precursor_cell
2795903600616100043,microglia,microglia
2795903600616100113,astrocyte_1,oligodendrocyte_1
2795903600620100053,Schwann_cell,Schwann_cell
2795903600639100170,oligodendrocyte_2,oligodendrocyte_2
2795903600640100191,oligodendrocyte_2,oligodendrocyte_2
2795903600641100143,endothelial,endothelial
2795903600641100188,astrocyte_1,astrocyte_1
2795903600641100193,oligodendrocyte_1,oligodendrocyte_1
2795903600641100239,oligodendrocyte_progenitor_1,oligodendrocyte_progenitor_1
2795903600642100147,astrocyte_1,astrocyte_1
2795903600642100171,oligodendrocyte_1,oligodendrocyte_progenitor_2
2795903600667100156,oligodendrocyte_precursor_cell,astrocyte_1
2795903600668100127,oligodendrocyte_1,endothelial
2795903600669100153,oligodendrocyte_1,oligodendrocyte_progenitor_2
2795903600669100212,oligodendrocyte_progenitor_2,oligodendrocyte_progenitor_2
2795903600669100227,astrocyte_1,astrocyte_1
2795903600669200108,astrocyte_1,astrocyte_1
2795903600670100112,meninges_1,meninges_1
2795903600670100187,oligodendrocyte_1,oligodendrocyte_progenitor_2
2795903600693100176,oligodendrocyte_1,oligodendrocyte_progenitor_2
2795903600694100230,astrocyte_1,astrocyte_1
2795903600694200027,oligodendrocyte_1,oligodendrocyte_1
2795903600696100115,oligodendrocyte_progenitor_2,oligodendrocyte_progenitor_2
2796212800013100060,oligodendrocyte_2,oligodendrocyte_2
2796212800046100088,oligodendrocyte_1,oligodendrocyte_progenitor_2
2796212800079100090,astrocyte_1,oligodendrocyte_1
2796212800080100019,oligodendrocyte_precursor_cell,oligodendrocyte_precursor_cell
2796212800080100043,astrocyte_1,astrocyte_1
2796212800109100030,oligodendrocyte_1,oligodendrocyte_progenitor_2
2796212800109100145,oligodendrocyte_1,oligodendrocyte_1
2796212800109100153,endothelial,endothelial
2796212800109100154,pericyte,endothelial
2796212800109100174,oligodendrocyte_2,oligodendrocyte_2
2796212800111100031,oligodendrocyte_1,oligodendrocyte_progenitor_2
2796212800141100067,oligodendrocyte_2,oligodendrocyte_2
2796212800142100062,astrocyte_1,astrocyte_1
2796212800142100152,endothelial,endothelial
2796212800174100040,oligodendrocyte_2,astrocyte_2
2796212800175100064,oligodendrocyte_1,astrocyte_2
2796212800175100141,endothelial,endothelial
2796212800176100149,astrocyte_1,astrocyte_1
2796212800207200125,astrocyte_1,astrocyte_1
2796212800212100008,astrocyte_2,astrocyte_2
2796212800232100155,astrocyte_1,astrocyte_1
2796212800232100166,oligodendrocyte_1,oligodendrocyte_progenitor_2
2796212800238100173,oligodendrocyte_progenitor_2,microglia
2796212800239100022,oligodendrocyte_progenitor_2,oligodendrocyte_progenitor_2
2796212800239100191,oligodendrocyte_2,oligodendrocyte_2
2796212800240100232,oligodendrocyte_precursor_cell,oligodendrocyte_precursor_cell
2796212800242100196,oligodendrocyte_progenitor_1,oligodendrocyte_progenitor_1
2796212800242100209,astrocyte_1,astrocyte_1
2796212800249100014,oligodendrocyte_precursor_cell,oligodendrocyte_progenitor_1
2796212800264100108,oligodendrocyte_1,oligodendrocyte_progenitor_2
2796212800264100110,pericyte,endothelial
2796212800264100149,oligodendrocyte_1,oligodendrocyte_1
2796212800271100055,endothelial,oligodendrocyte_progenitor_2
2796212800295100043,oligodendrocyte_progenitor_2,oligodendrocyte_progenitor_2
2796212800295100086,astrocyte_1,astrocyte_1
2796212800295100247,endothelial,endothelial
2796212800296100103,oligodendrocyte_progenitor_2,oligodendrocyte_1
2796212800296200119,oligodendrocyte_progenitor_2,oligodendrocyte_progenitor_2
2796212800298100123,astrocyte_2,astrocyte_2
2796212800305100059,oligodendrocyte_precursor_cell,astrocyte_1
2796212800327100095,oligodendrocyte_2,oligodendrocyte_2
2796212800328100098,oligodendrocyte_1,oligodendrocyte_1
2796212800329100152,oligodendrocyte_1,oligodendrocyte_progenitor_2
2796212800330100077,oligodendrocyte_1,oligodendrocyte_2
2796212800333100156,astrocyte_2,astrocyte_2
2796212800333100220,astrocyte_2,astrocyte_1
2796212800339100029,oligodendrocyte_2,oligodendrocyte_2
2796212800343100066,oligodendrocyte_progenitor_1,oligodendrocyte_precursor_cell
2796212800343100093,oligodendrocyte_progenitor_2,oligodendrocyte_1
2796212800354100094,oligodendrocyte_1,oligodendrocyte_progenitor_2
2796212800355100039,astrocyte_2,oligodendrocyte_1
2796212800355100068,oligodendrocyte_1,oligodendrocyte_2
2796212800356100047,astrocyte_1,astrocyte_2
2796212800362100078,astrocyte_2,oligodendrocyte_progenitor_2
2796212800362100090,microglia,microglia
2796212800364100056,oligodendrocyte_progenitor_2,oligodendrocyte_progenitor_2
2796212800364100230,endothelial,oligodendrocyte_progenitor_2
2796212800364100254,astrocyte_2,astrocyte_1
2796212800364100281,oligodendrocyte_1,oligodendrocyte_1
2796212800364200078,oligodendrocyte_1,oligodendrocyte_progenitor_2
2796212800365100110,oligodendrocyte_1,oligodendrocyte_progenitor_2
2796212800365100159,endothelial,astrocyte_1
2796212800365100219,oligodendrocyte_progenitor_2,oligodendrocyte_progenitor_2
2796212800371200067,peripheral_glia,Schwann_cell
2796212800373100067,astrocyte_2,astrocyte_2
2796212800375100106,endothelial,endothelial
2796212800375100176,oligodendrocyte_progenitor_2,oligodendrocyte_progenitor_2
2796212800377100126,oligodendrocyte_1,endothelial
2796212800386100109,oligodendrocyte_precursor_cell,astrocyte_1
2796212800388100154,oligodendrocyte_1,oligodendrocyte_progenitor_2
2796212800388100187,oligodendrocyte_1,oligodendrocyte_1
2796212800395100045,oligodendrocyte_1,oligodendrocyte_1
2796212800395100111,endothelial,endothelial
2796212800398100110,oligodendrocyte_1,oligodendrocyte_1
2796212800398100139,astrocyte_1,astrocyte_1
2796212800406100093,pericyte,endothelial
2796212800407100045,oligodendrocyte_1,oligodendrocyte_1
2796212800408100142,oligodendrocyte_1,oligodendrocyte_progenitor_2
2796212800408100181,astrocyte_2,astrocyte_1
2796212800408200068,oligodendrocyte_progenitor_2,oligodendrocyte_progenitor_2
2796212800419100185,oligodendrocyte_progenitor_2,oligodendrocyte_progenitor_2
2796212800420100197,oligodendrocyte_1,oligodendrocyte_2
2796212800421100119,oligodendrocyte_2,oligodendrocyte_2
2796212800422100057,oligodendrocyte_progenitor_2,oligodendrocyte_progenitor_2
2796212800423100040,astrocyte_2,astrocyte_2
2796212800424100103,oligodendrocyte_progenitor_2,oligodendrocyte_progenitor_2
2796212800427100092,astrocyte_2,astrocyte_2
2796212800429100114,oligodendrocyte_progenitor_2,oligodendrocyte_progenitor_2
2796212800429100245,oligodendrocyte_1,endothelial
2796212800431100106,astrocyte_1,astrocyte_1
2796212800431100240,endothelial,endothelial
2796212800431100265,oligodendrocyte_progenitor_2,astrocyte_1
2796212800439100064,meninges_3,oligodendrocyte_progenitor_2
2796212800450100113,oligodendrocyte_1,oligodendrocyte_1
2796212800452100117,astrocyte_2,astrocyte_2
2796212800454200071,oligodendrocyte_1,oligodendrocyte_1
2796212800456100030,astrocyte_2,astrocyte_2
2796212800456100223,astrocyte_2,oligodendrocyte_progenitor_2
2796212800456100226,pericyte,oligodendrocyte_progenitor_2
2796212800456100245,oligodendrocyte_1,endothelial
2796212800456100305,pericyte,oligodendrocyte_progenitor_2
2796212800457100043,oligodendrocyte_1,oligodendrocyte_progenitor_2
2796212800457100064,astrocyte_1,astrocyte_1
2796212800460100017,oligodendrocyte_2,oligodendrocyte_2
2796212800461100025,oligodendrocyte_precursor_cell,microglia
2796212800461100225,oligodendrocyte_1,oligodendrocyte_progenitor_2
2796212800461200087,oligodendrocyte_1,oligodendrocyte_1
2796212800462100027,oligodendrocyte_progenitor_1,oligodendrocyte_1
2796212800462100059,oligodendrocyte_progenitor_2,oligodendrocyte_progenitor_2
2796212800462100157,oligodendrocyte_precursor_cell,astrocyte_1
2796212800463100101,astrocyte_2,oligodendrocyte_progenitor_2
2796212800463100111,oligodendrocyte_progenitor_1,oligodendrocyte_progenitor_1
2796212800483100024,astrocyte_2,oligodendrocyte_progenitor_2
2796212800486100237,astrocyte_1,astrocyte_1
2796212800487100024,oligodendrocyte_1,oligodendrocyte_progenitor_2
2796212800487100153,microglia,oligodendrocyte_1
2796212800487200120,oligodendrocyte_1,oligodendrocyte_1
2796212800488100280,astrocyte_2,astrocyte_1
2796212800489100071,astrocyte_2,astrocyte_1
2796212800494100029,astrocyte_1,oligodendrocyte_progenitor_2
2796212800494200034,astrocyte_2,oligodendrocyte_1
2796212800519100058,oligodendrocyte_1,oligodendrocyte_1
2796212800520100087,oligodendrocyte_progenitor_2,oligodendrocyte_progenitor_2
2796212800522100026,astrocyte_1,astrocyte_2
2796212800529100067,astrocyte_1,astrocyte_1
2796212800530100028,astrocyte_1,astrocyte_1
2796212800536100091,Schwann_cell,Schwann_cell
2796212800537100149,oligodendrocyte_precursor_cell,oligodendrocyte_progenitor_1
2796212800537200010,astrocyte_2,peripheral_glia
2796212800552100046,oligodendrocyte_1,oligodendrocyte_1
2796212800552100092,oligodendrocyte_1,oligodendrocyte_1
2796212800552100138,pericyte,astrocyte_1
2796212800553100031,oligodendrocyte_1,endothelial
2796212800553100050,oligodendrocyte_progenitor_2,oligodendrocyte_progenitor_2
2796212800553100213,oligodendrocyte_1,oligodendrocyte_progenitor_2
2796212800553200125,oligodendrocyte_progenitor_2,oligodendrocyte_progenitor_2
2796212800554100257,oligodendrocyte_2,oligodendrocyte_2
2796212800554100278,oligodendrocyte_precursor_cell,oligodendrocyte_precursor_cell
2796212800559100014,astrocyte_2,astrocyte_2
2796212800561100084,oligodendrocyte_1,oligodendrocyte_progenitor_2
2796212800562100175,oligodendrocyte_progenitor_1,astrocyte_2
2796212800563100112,astrocyte_2,astrocyte_2
2796212800583100026,oligodendrocyte_2,oligodendrocyte_2
2796212800585100050,meninges_1,oligodendrocyte_progenitor_2
2796212800585100122,pericyte,oligodendrocyte_1
2796212800585100162,oligodendrocyte_1,oligodendrocyte_1
2796212800585100243,oligodendrocyte_1,oligodendrocyte_1
2796212800592100013,pericyte,oligodendrocyte_progenitor_2
2796212800592100058,oligodendrocyte_progenitor_2,oligodendrocyte_progenitor_2
2796212800593100063,astrocyte_1,astrocyte_1
2796212800593100141,oligodendrocyte_precursor_cell,oligodendrocyte_precursor_cell
2796212800593200044,oligodendrocyte_progenitor_2,astrocyte_1
2796212800594100218,oligodendrocyte_precursor_cell,astrocyte_1
2796212800594100237,astrocyte_1,astrocyte_1
2796212800595100220,astrocyte_1,astrocyte_1
2796212800600100106,oligodendrocyte_1,oligodendrocyte_1
2796212800600100219,oligodendrocyte_1,oligodendrocyte_1
2796212800600100243,oligodendrocyte_1,oligodendrocyte_1
2796212800617100009,oligodendrocyte_1,oligodendrocyte_1
2796212800623100048,oligodendrocyte_2,oligodendrocyte_2
2796212800625100072,endothelial,endothelial
2796212800625100073,pericyte,endothelial
2796212800625100214,pericyte,astrocyte_1
2796212800625100259,oligodendrocyte_progenitor_2,oligodendrocyte_2
2796212800625100295,oligodendrocyte_progenitor_1,oligodendrocyte_progenitor_1
2796212800626200036,oligodendrocyte_progenitor_2,oligodendrocyte_progenitor_2
2796212800627100042,oligodendrocyte_1,oligodendrocyte_progenitor_2
2796212800631100018,oligodendrocyte_precursor_cell,oligodendrocyte_precursor_cell
2796212800633100043,endothelial,oligodendrocyte_1
2796212800650100010,oligodendrocyte_2,oligodendrocyte_2
2796212800657100066,oligodendrocyte_1,oligodendrocyte_progenitor_2
2796212800659100083,astrocyte_2,astrocyte_2
2796212800667100273,oligodendrocyte_progenitor_1,oligodendrocyte_1
2796212800681100042,Schwann_cell,Schwann_cell
2796212800684100065,meninges_3,meninges_2
2796212800693100168,meninges_3,meninges_3
2796212800714100218,oligodendrocyte_precursor_cell,astrocyte_1
2796212800715100159,pericyte,oligodendrocyte_progenitor_2
2796212800715100169,oligodendrocyte_progenitor_2,endothelial
2796212800716100104,oligodendrocyte_progenitor_2,oligodendrocyte_progenitor_2
2796212800747100097,oligodendrocyte_precursor_cell,oligodendrocyte_1
2796212800747100256,oligodendrocyte_1,oligodendrocyte_1
2796212800756200038,oligodendrocyte_2,oligodendrocyte_2
2796212800759100295,oligodendrocyte_precursor_cell,oligodendrocyte_1
2796212800760100272,oligodendrocyte_precursor_cell,oligodendrocyte_precursor_cell
2796212800779100157,endothelial,endothelial
2796212800779100235,oligodendrocyte_1,oligodendrocyte_progenitor_2
2796212800783100090,meninges_3,meninges_2
2796212800789100202,oligodendrocyte_1,oligodendrocyte_1
2796212800790100101,astrocyte_1,endothelial
2796212800790100118,oligodendrocyte_1,oligodendrocyte_1
2796212800790100225,astrocyte_2,astrocyte_1
2796212800791100075,astrocyte_1,astrocyte_1
2796212800791100086,microglia,oligodendrocyte_1
2796212800792100086,meninges_1,meninges_1
2796212800792100233,oligodendrocyte_progenitor_2,oligodendrocyte_progenitor_2
2796212800812100181,oligodendrocyte_progenitor_2,oligodendrocyte_progenitor_2
2796212800816200003,meninges_3,meninges_2
2796212800822100098,oligodendrocyte_1,oligodendrocyte_progenitor_2
2796212800822100176,oligodendrocyte_precursor_cell,oligodendrocyte_1
2796212800823100133,astrocyte_1,astrocyte_1
2796212800849100193,oligodendrocyte_2,oligodendrocyte_2
2796212800854100092,oligodendrocyte_progenitor_2,oligodendrocyte_progenitor_2
2796212800854100197,astrocyte_1,astrocyte_1
2796212800854200124,astrocyte_2,astrocyte_2
2796212800855100031,oligodendrocyte_2,oligodendrocyte_2
2796212800855100114,oligodendrocyte_1,endothelial
2796212800855100235,oligodendrocyte_1,oligodendrocyte_progenitor_2
2796212800855100297,endothelial,endothelial
2796212800880100058,astrocyte_2,astrocyte_1
2796212800880100075,oligodendrocyte_precursor_cell,oligodendrocyte_progenitor_1
2796212800880100173,oligodendrocyte_1,oligodendrocyte_1
2796212800880100212,endothelial,endothelial
2796212800881100113,endothelial,endothelial
2796212800882100157,oligodendrocyte_progenitor_1,oligodendrocyte_precursor_cell
2796212800882100193,oligodendrocyte_progenitor_1,oligodendrocyte_precursor_cell
2796212800886100208,oligodendrocyte_progenitor_2,oligodendrocyte_1
2796212800886100219,endothelial,endothelial
2796212800887100065,astrocyte_1,astrocyte_1
2796212800887100077,endothelial,endothelial
2796212800887100175,astrocyte_1,astrocyte_1
2796212800887200134,astrocyte_2,astrocyte_1
2796212800888100079,oligodendrocyte_precursor_cell,astrocyte_1
2796212800888100108,astrocyte_1,astrocyte_1
2796212800888100161,oligodendrocyte_1,oligodendrocyte_1
2796212800889100168,oligodendrocyte_progenitor_2,astrocyte_1
2796212800889100232,pericyte,astrocyte_1
2796212800890100038,meninges_3,meninges_2
2796212800913100070,endothelial,astrocyte_1
2796212800913100090,oligodendrocyte_1,astrocyte_1
2796212800913100146,meninges_3,oligodendrocyte_1
2796212800913100230,oligodendrocyte_progenitor_2,oligodendrocyte_2
2796212800913100278,oligodendrocyte_progenitor_2,oligodendrocyte_progenitor_2
2796212800913100297,oligodendrocyte_1,oligodendrocyte_progenitor_2
2796212800914100146,astrocyte_1,astrocyte_1
2796212800914100178,oligodendrocyte_precursor_cell,oligodendrocyte_precursor_cell
2796212800914100220,astrocyte_1,astrocyte_1
2796212800918100044,endothelial,oligodendrocyte_progenitor_2
2796212800918100098,oligodendrocyte_2,oligodendrocyte_2
2796212800918100117,astrocyte_1,astrocyte_1
2796212800919100069,oligodendrocyte_1,oligodendrocyte_1
2796212800919100095,oligodendrocyte_1,oligodendrocyte_1
2796212800920100156,meninges_3,oligodendrocyte_1
2796212800920100164,oligodendrocyte_progenitor_2,oligodendrocyte_progenitor_2
2796212800920100186,oligodendrocyte_progenitor_2,oligodendrocyte_progenitor_2
2796212800920100202,astrocyte_1,astrocyte_1
2796212800921100093,oligodendrocyte_1,oligodendrocyte_1
2796212800922100019,oligodendrocyte_precursor_cell,oligodendrocyte_progenitor_2
2796212800922100131,meninges_3,meninges_1
2796212800944100093,astrocyte_1,oligodendrocyte_progenitor_2
2796212800945100041,astrocyte_1,endothelial
2796212800945100053,oligodendrocyte_progenitor_2,endothelial
2796212800945100102,endothelial,endothelial
2796212800945100155,oligodendrocyte_precursor_cell,astrocyte_1
2796212800945100322,astrocyte_1,astrocyte_1
2796212800946100053,endothelial,endothelial
2796212800946100284,astrocyte_1,oligodendrocyte_precursor_cell
2796212800947100062,oligodendrocyte_2,oligodendrocyte_2
2796212800947100153,oligodendrocyte_progenitor_2,oligodendrocyte_progenitor_2
2796212800951100086,oligodendrocyte_1,oligodendrocyte_progenitor_2
2796212800951100097,meninges_3,oligodendrocyte_1
2796212800953100013,oligodendrocyte_progenitor_2,oligodendrocyte_progenitor_2
2796212800954100107,oligodendrocyte_precursor_cell,oligodendrocyte_precursor_cell
2796212800978100024,astrocyte_1,astrocyte_1
2796212800980100093,astrocyte_1,astrocyte_1
2796212800980100212,oligodendrocyte_progenitor_2,oligodendrocyte_progenitor_2
2796212800980100248,endothelial,endothelial
2796212800980100276,endothelial,astrocyte_2
2796212800986100038,microglia,oligodendrocyte_2
2796212801008100053,oligodendrocyte_2,oligodendrocyte_2
2796212801008100063,pericyte,oligodendrocyte_2
2796212801009100041,oligodendrocyte_1,oligodendrocyte_progenitor_2
2796212801009100122,endothelial,astrocyte_1
2796212801010100021,oligodendrocyte_1,oligodendrocyte_1
2796212801010100023,oligodendrocyte_1,oligodendrocyte_2
2796212801010100245,endothelial,endothelial
2796212801010100253,oligodendrocyte_progenitor_2,oligodendrocyte_progenitor_2
2796212801011100022,oligodendrocyte_1,oligodendrocyte_progenitor_2
2796212801012100120,oligodendrocyte_precursor_cell,oligodendrocyte_precursor_cell
2796212801012100179,oligodendrocyte_precursor_cell,oligodendrocyte_progenitor_2
2796212801012100215,endothelial,oligodendrocyte_precursor_cell
2796212801016100049,meninges_3,meninges_1
2796212801018100056,oligodendrocyte_1,oligodendrocyte_progenitor_2
2796212801042100021,oligodendrocyte_progenitor_2,oligodendrocyte_progenitor_2
2796212801042100136,oligodendrocyte_1,oligodendrocyte_progenitor_2
2796212801042200051,oligodendrocyte_progenitor_2,oligodendrocyte_progenitor_2
2796212801048100215,meninges_3,meninges_1
2796212801076100050,meninges_3,meninges_1
2796212801076100088,meninges_2,meninges_2
2796212801076200052,meninges_1,meninges_2
2796212801107200032,peripheral_glia,peripheral_glia
2796212801137100119,meninges_3,meninges_2
2945606900000000572,endothelial,endothelial
2945606900000000578,meninges_1,meninges_1
2945606900000000710,meninges_3,meninges_2
2945606900000000746,astrocyte_2,astrocyte_2
2945606900000000826,pericyte,pericyte
2945606900000001077,astrocyte_1,astrocyte_2
2945606900000001401,astrocyte_2,astrocyte_1
2945606900000001437,astrocyte_2,astrocyte_2
2945606900000001488,astrocyte_2,astrocyte_2
2945606900000001604,astrocyte_1,astrocyte_1
2945606900000001645,astrocyte_2,astrocyte_1
2945606900000001648,astrocyte_2,astrocyte_2
2945606900000001734,astrocyte_1,astrocyte_1
2945606900000001874,microglia,microglia
2945606900000001942,astrocyte_1,pericyte
2945606900000001948,astrocyte_1,astrocyte_1
2945606900000002040,meninges_3,meninges_1
2945606900000002902,astrocyte_1,astrocyte_1
2945606900000003289,astrocyte_1,astrocyte_1
2945606900000003404,microglia,pericyte
2945606900000003429,astrocyte_1,astrocyte_1
2945606900000003462,oligodendrocyte_1,oligodendrocyte_1
2945606900000003472,endothelial,endothelial
2945606900000003585,endothelial,endothelial
2945606900000003612,endothelial,endothelial
2945606900000003671,oligodendrocyte_precursor_cell,oligodendrocyte_progenitor_1
2945606900000003759,meninges_2,meninges_2
2945606900000005006,astrocyte_1,astrocyte_1
2945606900000005064,oligodendrocyte_1,oligodendrocyte_progenitor_2
2945606900000005080,astrocyte_2,ependymal
2945606900000005083,oligodendrocyte_progenitor_1,oligodendrocyte_progenitor_1
2945606900000005264,oligodendrocyte_progenitor_1,oligodendrocyte_progenitor_1
2945606900000005288,oligodendrocyte_precursor_cell,oligodendrocyte_progenitor_2
2945606900000005334,oligodendrocyte_1,oligodendrocyte_1
2945606900000005485,astrocyte_2,endothelial
2945606900000006224,meninges_2,meninges_1
2945606900000006335,oligodendrocyte_progenitor_2,oligodendrocyte_progenitor_2
2945606900000006599,endothelial,endothelial
2945606900000006622,endothelial,endothelial
2945606900000006766,astrocyte_1,oligodendrocyte_precursor_cell
2945606900000006860,oligodendrocyte_1,oligodendrocyte_progenitor_2
2945606900000008074,microglia,meninges_1
2945606900000008179,oligodendrocyte_progenitor_2,oligodendrocyte_progenitor_2
2945606900000008676,oligodendrocyte_2,oligodendrocyte_2
2945606900000008782,meninges_1,meninges_1
2945606900000010097,oligodendrocyte_progenitor_2,oligodendrocyte_2
2945606900000011838,meninges_2,meninges_3
2945606900000012740,oligodendrocyte_2,oligodendrocyte_2
2945606900000014636,endothelial,endothelial
2945606900000014789,oligodendrocyte_precursor_cell,astrocyte_1
2945606900000014812,oligodendrocyte_1,oligodendrocyte_progenitor_2
2945606900000014953,oligodendrocyte_2,oligodendrocyte_2
2945606900000016901,pericyte,pericyte
2945606900000016917,oligodendrocyte_progenitor_2,oligodendrocyte_1
2945606900000016928,oligodendrocyte_2,oligodendrocyte_progenitor_2
2945606900000017077,oligodendrocyte_2,oligodendrocyte_2
2945606900000017121,astrocyte_1,astrocyte_1
2945606900000017130,oligodendrocyte_2,oligodendrocyte_2
2945606900000018159,oligodendrocyte_1,oligodendrocyte_1
2945606900000020380,astrocyte_2,astrocyte_2
2945606900000021324,endothelial,oligodendrocyte_progenitor_2
2945606900000028496,endothelial,endothelial
2945606900000028691,oligodendrocyte_progenitor_2,oligodendrocyte_progenitor_2
2945606900000028780,astrocyte_1,astrocyte_1
2945606900000028825,oligodendrocyte_progenitor_2,oligodendrocyte_progenitor_2
2945606900000029189,astrocyte_2,astrocyte_2
2945606900000029531,oligodendrocyte_1,oligodendrocyte_1
2946331700000000125,oligodendrocyte_2,oligodendrocyte_2
2946331700000000215,oligodendrocyte_precursor_cell,oligodendrocyte_precursor_cell
2946331700000000278,oligodendrocyte_2,oligodendrocyte_2
2946331700000000284,oligodendrocyte_2,oligodendrocyte_2
2946331700000000304,astrocyte_1,astrocyte_1
2946331700000000470,astrocyte_2,astrocyte_2
2946331700000000560,astrocyte_1,astrocyte_2
2946331700000000664,endothelial,endothelial
2946331700000000665,astrocyte_1,astrocyte_1
2946331700000000678,oligodendrocyte_2,oligodendrocyte_2
2946331700000000794,astrocyte_1,astrocyte_1
2946331700000000828,endothelial,endothelial
2946331700000000849,oligodendrocyte_2,oligodendrocyte_2
2946331700000000856,meninges_2,oligodendrocyte_progenitor_2
2946331700000000900,oligodendrocyte_2,oligodendrocyte_2
2946331700000001467,astrocyte_1,astrocyte_1
2946331700000001474,astrocyte_1,astrocyte_1
2946331700000001528,oligodendrocyte_2,oligodendrocyte_2
2946331700000001544,oligodendrocyte_precursor_cell,oligodendrocyte_precursor_cell
2946331700000001546,oligodendrocyte_1,oligodendrocyte_progenitor_2
2946331700000001574,oligodendrocyte_progenitor_2,oligodendrocyte_2
2946331700000001579,astrocyte_1,astrocyte_1
2946331700000001714,endothelial,endothelial
2946331700000001720,oligodendrocyte_progenitor_2,oligodendrocyte_progenitor_2
2946331700000001759,astrocyte_1,astrocyte_1
2946331700000001833,astrocyte_1,astrocyte_1
2946331700000001926,pericyte,oligodendrocyte_progenitor_2
2946331700000001984,astrocyte_1,oligodendrocyte_precursor_cell
2946331700000001987,endothelial,endothelial
2946331700000002034,astrocyte_1,astrocyte_1
2946331700000002071,astrocyte_1,astrocyte_1
2946331700000002516,meninges_3,meninges_1
2946331700000002594,oligodendrocyte_1,oligodendrocyte_progenitor_2
2946331700000002612,pericyte,endothelial
2946331700000002701,oligodendrocyte_1,oligodendrocyte_1
2946331700000002712,microglia,microglia
2946331700000002881,oligodendrocyte_1,oligodendrocyte_progenitor_2
2946331700000002928,endothelial,oligodendrocyte_1
2946331700000002943,oligodendrocyte_progenitor_2,oligodendrocyte_progenitor_2
2946331700000003012,oligodendrocyte_1,oligodendrocyte_progenitor_2
2946331700000003100,endothelial,endothelial
2946331700000003124,oligodendrocyte_1,oligodendrocyte_1
2946331700000003192,oligodendrocyte_1,oligodendrocyte_progenitor_2
2946331700000003226,astrocyte_1,astrocyte_1
2946331700000003288,oligodendrocyte_1,oligodendrocyte_progenitor_2
2946331700000003291,ependymal,astrocyte_1
2946331700000003295,astrocyte_1,astrocyte_1
2946331700000003300,oligodendrocyte_precursor_cell,oligodendrocyte_progenitor_2
2946331700000003302,endothelial,endothelial
2946331700000003340,oligodendrocyte_2,oligodendrocyte_2
2946331700000003385,astrocyte_1,astrocyte_1
2946331700000003422,oligodendrocyte_progenitor_2,oligodendrocyte_progenitor_2
2946331700000003534,astrocyte_1,astrocyte_1
2946331700000003541,endothelial,endothelial
2946331700000003590,oligodendrocyte_progenitor_2,oligodendrocyte_progenitor_2
2946331700000003596,microglia,microglia
2946331700000003802,oligodendrocyte_2,oligodendrocyte_2
2946331700000004350,endothelial,endothelial
2946331700000004355,astrocyte_1,astrocyte_1
2946331700000004620,oligodendrocyte_1,endothelial
2946331700000004869,oligodendrocyte_1,oligodendrocyte_progenitor_2
2946331700000004910,oligodendrocyte_1,oligodendrocyte_2
2946331700000004953,oligodendrocyte_1,oligodendrocyte_1
2946331700000004996,oligodendrocyte_progenitor_2,oligodendrocyte_1
2946331700000005061,pericyte,astrocyte_1
2946331700000005165,astrocyte_2,astrocyte_1
2946331700000005379,endothelial,endothelial
2946331700000006237,meninges_1,meninges_1
2946331700000006711,oligodendrocyte_2,oligodendrocyte_2
2946331700000006978,meninges_3,meninges_1
2946331700000007362,pericyte,oligodendrocyte_progenitor_2
2946331700000008103,oligodendrocyte_2,oligodendrocyte_2
2946331700000008207,microglia,astrocyte_2
2946331700000008386,meninges_2,meninges_1
2946331700000008417,oligodendrocyte_progenitor_1,oligodendrocyte_precursor_cell
2946331700000008641,endothelial,endothelial
2946331700000008780,oligodendrocyte_1,astrocyte_1
2946331700000008820,oligodendrocyte_1,oligodendrocyte_progenitor_2
2946331700000008879,endothelial,oligodendrocyte_1
2946331700000009174,oligodendrocyte_progenitor_1,peripheral_glia
2946331700000009204,peripheral_glia,peripheral_glia
2946331700000009227,Schwann_cell,Schwann_cell
2946331700000010492,astrocyte_2,astrocyte_1
2946331700000010493,oligodendrocyte_progenitor_1,oligodendrocyte_progenitor_1
2946331700000010497,Schwann_cell,Schwann_cell
2946331700000010505,peripheral_glia,Schwann_cell
2946331700000010663,oligodendrocyte_1,oligodendrocyte_progenitor_2
2946331700000010664,oligodendrocyte_1,oligodendrocyte_1
2946331700000010670,astrocyte_1,astrocyte_1
2946331700000010728,endothelial,endothelial
2946331700000010782,pericyte,oligodendrocyte_progenitor_2
2946331700000010890,microglia,microglia
2946331700000010986,microglia,microglia
2946331700000011070,astrocyte_1,oligodendrocyte_precursor_cell
2946331700000011126,astrocyte_1,astrocyte_1
2946331700000011498,meninges_3,meninges_2
2946331700000011500,meninges_3,meninges_3
2946331700000011600,astrocyte_2,astrocyte_2
2946331700000012282,astrocyte_1,astrocyte_1
2946331700000012393,microglia,astrocyte_1
2946331700000012429,oligodendrocyte_progenitor_2,oligodendrocyte_1
2946331700000012697,oligodendrocyte_2,oligodendrocyte_1
2946331700000012764,oligodendrocyte_precursor_cell,oligodendrocyte_precursor_cell
2946331700000012957,oligodendrocyte_1,oligodendrocyte_1
2946331700000013032,astrocyte_2,astrocyte_2
2946331700000013053,astrocyte_2,astrocyte_2
2946331700000013083,meninges_1,meninges_2
2946331700000013084,meninges_1,meninges_1
2946331700000013295,oligodendrocyte_1,oligodendrocyte_1
2946331700000013468,endothelial,endothelial
2946331700000014009,oligodendrocyte_2,oligodendrocyte_progenitor_2
2946331700000014165,endothelial,oligodendrocyte_2
2946331700000014193,oligodendrocyte_2,oligodendrocyte_2
2946331700000014384,oligodendrocyte_2,oligodendrocyte_2
2946331700000014421,oligodendrocyte_2,oligodendrocyte_2
2946331700000014482,oligodendrocyte_2,oligodendrocyte_2
2946331700000014829,oligodendrocyte_precursor_cell,oligodendrocyte_progenitor_2
2946331700000014831,oligodendrocyte_2,oligodendrocyte_2
2946331700000014941,oligodendrocyte_progenitor_2,oligodendrocyte_progenitor_2
2946331700000014942,oligodendrocyte_1,oligodendrocyte_progenitor_2
2946331700000015672,oligodendrocyte_2,oligodendrocyte_2
2946331700000015799,oligodendrocyte_2,oligodendrocyte_2
2946331700000015824,oligodendrocyte_1,oligodendrocyte_progenitor_2
2946331700000015836,oligodendrocyte_1,oligodendrocyte_1
2946331700000015862,oligodendrocyte_progenitor_2,oligodendrocyte_progenitor_2
2946331700000015941,oligodendrocyte_1,endothelial
2946331700000016015,astrocyte_1,astrocyte_2
2946331700000016051,oligodendrocyte_progenitor_2,oligodendrocyte_progenitor_2
2946331700000016068,oligodendrocyte_2,oligodendrocyte_2
2946331700000016189,oligodendrocyte_1,oligodendrocyte_progenitor_2
2946331700000016260,oligodendrocyte_1,oligodendrocyte_progenitor_2
2946331700000016267,oligodendrocyte_1,oligodendrocyte_1
2946331700000017216,astrocyte_1,astrocyte_2
2946331700000017226,oligodendrocyte_progenitor_2,oligodendrocyte_progenitor_2
2946331700000017243,endothelial,oligodendrocyte_progenitor_2
2946331700000017329,oligodendrocyte_1,oligodendrocyte_1
2946331700000017344,oligodendrocyte_precursor_cell,oligodendrocyte_progenitor_1
2946331700000017356,oligodendrocyte_1,oligodendrocyte_precursor_cell
2946331700000017402,oligodendrocyte_1,oligodendrocyte_1
2946331700000017490,astrocyte_1,astrocyte_1
2946331700000017554,astrocyte_1,astrocyte_1
2946331700000017564,endothelial,endothelial
2946331700000017596,endothelial,endothelial
2946331700000017600,endothelial,oligodendrocyte_progenitor_2
2946331700000017689,astrocyte_1,astrocyte_1
2946331700000018286,astrocyte_1,astrocyte_1
2946331700000018412,oligodendrocyte_precursor_cell,oligodendrocyte_2
2946331700000018420,pericyte,endothelial
2946331700000018655,astrocyte_1,astrocyte_1
2946331700000018728,endothelial,oligodendrocyte_1
2946331700000018817,ependymal,ependymal
2946331700000018939,astrocyte_1,astrocyte_1
2946331700000018966,astrocyte_1,astrocyte_1
2946331700000018987,oligodendrocyte_1,oligodendrocyte_progenitor_2
2946331700000019031,oligodendrocyte_2,oligodendrocyte_precursor_cell
2946331700000019946,astrocyte_1,astrocyte_1
2946331700000019958,oligodendrocyte_progenitor_2,oligodendrocyte_progenitor_2
2946331700000020112,astrocyte_1,astrocyte_1
2946331700000020146,astrocyte_1,endothelial
2946331700000020192,astrocyte_1,astrocyte_1
2946331700000020273,oligodendrocyte_progenitor_2,oligodendrocyte_progenitor_2
2946331700000020283,astrocyte_1,astrocyte_1
2946331700000020347,oligodendrocyte_1,oligodendrocyte_progenitor_2
2946331700000020448,astrocyte_1,astrocyte_1
2946331700000020454,astrocyte_1,astrocyte_1
2946331700000020461,astrocyte_2,astrocyte_2
2946331700000021478,meninges_1,oligodendrocyte_progenitor_2
2946331700000021582,oligodendrocyte_progenitor_2,oligodendrocyte_progenitor_2
2946331700000021737,Schwann_cell,Schwann_cell
2946331700000022231,Schwann_cell,Schwann_cell
2946331700000022308,astrocyte_2,astrocyte_2
2946331700000022386,astrocyte_2,astrocyte_2
2946331700000022441,astrocyte_2,astrocyte_2
