identity_number,Datasets,AP_position,normal_prediction,predicted_cell_type,actual_cell_type,prediction_changed,normal_correct,weighted_correct,normal_probability,model_probability_for_weighted_class,training_frequency_prior,weighted_probability,prior_source,fold
2656143800003100123,20240328,1,astrocyte_2,astrocyte_2,pericyte,False,False,False,0.5085984708171266,0.5085984708171266,0.0523490124036969,0.5085984708171266,dataset_AP,4
2656143800029100074,20240328,1,microglia,microglia,oligodendrocyte_2,False,False,False,0.5851985225939578,0.5851985225939578,0.018956394222012583,0.5851985225939578,dataset_AP,2
2656143800029100143,20240328,1,oligodendrocyte_progenitor_2,oligodendrocyte_progenitor_2,astrocyte_1,False,False,False,0.7397184557426174,0.7397184557426174,0.20191553271401183,0.7397184557426174,dataset_AP,5
2656143800052100158,20240328,1,oligodendrocyte_1,oligodendrocyte_1,oligodendrocyte_progenitor_2,False,False,False,0.688542613349384,0.688542613349384,0.07643270456700121,0.688542613349384,dataset_AP,2
2656143800052100222,20240328,1,oligodendrocyte_1,oligodendrocyte_1,endothelial,False,False,False,0.41366710668819173,0.41366710668819173,0.06611351690853196,0.41366710668819173,dataset_AP,1
2656143800054100097,20240328,1,oligodendrocyte_progenitor_2,oligodendrocyte_progenitor_2,oligodendrocyte_1,False,False,False,0.4411259626737446,0.4411259626737446,0.17274509524691095,0.4411259626737446,dataset_AP,4
2656143800054100176,20240328,1,meninges_3,meninges_3,oligodendrocyte_progenitor_2,False,False,False,0.8038360426253037,0.8038360426253037,0.011947992765696872,0.8038360426253038,dataset_AP,4
2656143800055100014,20240328,1,pericyte,pericyte,astrocyte_1,False,False,False,0.515329403229157,0.515329403229157,0.025419635309745198,0.515329403229157,dataset_AP,3
2656143800080100045,20240328,1,astrocyte_1,astrocyte_1,oligodendrocyte_2,False,False,False,0.5898512915693468,0.5898512915693468,0.26856223624284464,0.5898512915693468,dataset_AP,5
2656143800080100205,20240328,1,astrocyte_1,astrocyte_1,oligodendrocyte_1,False,False,False,0.750611807864307,0.750611807864307,0.26856223624284464,0.750611807864307,dataset_AP,5
2656143800103100207,20240328,1,astrocyte_2,astrocyte_2,astrocyte_1,False,False,False,0.2890310334257451,0.2890310334257451,0.04652030393328202,0.2890310334257451,dataset_AP,1
2656143800104100148,20240328,1,oligodendrocyte_1,oligodendrocyte_1,oligodendrocyte_progenitor_2,False,False,False,0.5914015449120222,0.5914015449120222,0.0539840387749133,0.5914015449120222,dataset_AP,5
2656143800106100113,20240328,1,oligodendrocyte_1,oligodendrocyte_1,astrocyte_2,False,False,False,0.3118104249171248,0.3118104249171248,0.07643270456700121,0.3118104249171248,dataset_AP,2
2656143800129100064,20240328,1,oligodendrocyte_progenitor_2,oligodendrocyte_progenitor_2,oligodendrocyte_1,False,False,False,0.6294327111091644,0.6294327111091644,0.20191553271401183,0.6294327111091644,dataset_AP,5
2656143800129100095,20240328,1,oligodendrocyte_1,oligodendrocyte_1,astrocyte_1,False,False,False,0.31543264104197377,0.31543264104197377,0.0539840387749133,0.3154326410419738,dataset_AP,5
2656143800130100125,20240328,1,oligodendrocyte_2,oligodendrocyte_2,oligodendrocyte_progenitor_2,False,False,False,0.4559889651086515,0.4559889651086515,0.11702577101816646,0.4559889651086514,dataset_AP,4
2656143800153100155,20240328,1,oligodendrocyte_1,oligodendrocyte_1,oligodendrocyte_progenitor_2,False,False,False,0.4454912891545603,0.4454912891545603,0.07044237813468583,0.4454912891545603,dataset_AP,3
2656143800154100245,20240328,1,endothelial,endothelial,astrocyte_1,False,False,False,0.4302462961935234,0.4302462961935234,0.13207945900253593,0.4302462961935234,dataset_AP,3
2656143800155100023,20240328,1,oligodendrocyte_2,oligodendrocyte_2,oligodendrocyte_1,False,False,False,0.5361421694205155,0.5361421694205155,0.09961890279896297,0.5361421694205155,dataset_AP,1
2656143800156100034,20240328,1,microglia,microglia,oligodendrocyte_2,False,False,False,0.8724605611101143,0.8724605611101143,0.02637563901300165,0.8724605611101143,dataset_AP,3
2656143800164100061,20240328,4,oligodendrocyte_1,oligodendrocyte_1,oligodendrocyte_progenitor_2,False,False,False,0.34520681702874767,0.34520681702874767,0.11169401573842494,0.34520681702874767,dataset_AP,3
2656143800167100063,20240328,4,astrocyte_1,astrocyte_1,astrocyte_2,False,False,False,0.7646316240978153,0.7646316240978153,0.22547951651837456,0.7646316240978155,dataset_AP,3
2656143800189100068,20240328,4,oligodendrocyte_progenitor_2,oligodendrocyte_progenitor_2,oligodendrocyte_2,False,False,False,0.3599971694275677,0.3599971694275677,0.14955529420412364,0.35999716942756776,dataset_AP,2
2656143800190100061,20240328,4,oligodendrocyte_progenitor_2,oligodendrocyte_progenitor_2,astrocyte_1,False,False,False,0.5800074996401633,0.5800074996401633,0.14955529420412364,0.5800074996401634,dataset_AP,2
2656143800190100124,20240328,4,endothelial,endothelial,oligodendrocyte_progenitor_2,False,False,False,0.32489222510308263,0.32489222510308263,0.09473555786006223,0.32489222510308263,dataset_AP,3
2656143800214100131,20240328,4,oligodendrocyte_1,oligodendrocyte_1,oligodendrocyte_2,False,False,False,0.46421011653343364,0.46421011653343364,0.12863390789812196,0.46421011653343364,dataset_AP,2
2656143800265100021,20240328,4,oligodendrocyte_1,oligodendrocyte_1,oligodendrocyte_progenitor_2,False,False,False,0.3590765973540761,0.3590765973540761,0.12863390789812196,0.3590765973540761,dataset_AP,2
2656143800266100094,20240328,4,oligodendrocyte_2,oligodendrocyte_2,astrocyte_2,False,False,False,0.3067346984374657,0.3067346984374657,0.15084796909891968,0.3067346984374657,dataset_AP,5
2656143800392200061,20240328,2,astrocyte_2,astrocyte_2,pericyte,False,False,False,0.3031033043054425,0.3031033043054425,0.03804695515722131,0.3031033043054425,dataset_AP,5
2656143800393100018,20240328,2,oligodendrocyte_1,oligodendrocyte_1,oligodendrocyte_progenitor_2,False,False,False,0.372224415705533,0.372224415705533,0.1201792504073873,0.372224415705533,dataset_AP,5
2656143800415100109,20240328,2,meninges_1,meninges_1,meninges_2,False,False,False,0.8561800265012143,0.8561800265012143,0.017544812601846822,0.8561800265012143,dataset_AP,5
2656143800418100063,20240328,2,endothelial,endothelial,microglia,False,False,False,0.2810897901872795,0.2810897901872795,0.1785879150854601,0.2810897901872795,dataset_AP,1
2656143800418100078,20240328,2,astrocyte_1,astrocyte_1,oligodendrocyte_1,False,False,False,0.5755309321423493,0.5755309321423493,0.22765366501630238,0.5755309321423493,dataset_AP,2
2656143800418100120,20240328,2,oligodendrocyte_precursor_cell,oligodendrocyte_precursor_cell,astrocyte_1,False,False,False,0.5019009129150142,0.5019009129150142,0.02712950371813248,0.5019009129150142,dataset_AP,3
2656143800442200162,20240328,2,oligodendrocyte_1,oligodendrocyte_1,oligodendrocyte_progenitor_2,False,False,False,0.7986867810434246,0.7986867810434246,0.11230013848671787,0.7986867810434244,dataset_AP,1
2656143800443100175,20240328,2,oligodendrocyte_1,oligodendrocyte_1,oligodendrocyte_progenitor_2,False,False,False,0.3547332657073764,0.3547332657073764,0.11310228233305157,0.3547332657073764,dataset_AP,2
2656143800469100187,20240328,2,Schwann_cell,Schwann_cell,peripheral_glia,False,False,False,0.9881412245706499,0.9881412245706499,0.009496650371175086,0.9881412245706497,dataset_AP,5
2656144300036100030,20240328,1,meninges_1,meninges_1,meninges_3,False,False,False,0.42010205904083237,0.42010205904083237,0.05623817574367025,0.42010205904083225,dataset_AP,3
2656144300082100094,20240328,1,meninges_2,meninges_2,meninges_1,False,False,False,0.46834529265960023,0.46834529265960023,0.013615505373747132,0.4683452926596003,dataset_AP,3
2656144300086100193,20240328,1,oligodendrocyte_2,oligodendrocyte_2,oligodendrocyte_progenitor_2,False,False,False,0.9143273654106712,0.9143273654106712,0.09961890279896297,0.9143273654106714,dataset_AP,1
2656144300103100104,20240328,4,oligodendrocyte_progenitor_1,oligodendrocyte_progenitor_1,oligodendrocyte_precursor_cell,False,False,False,0.30506943593589675,0.30506943593589675,0.0033639829558196905,0.30506943593589675,dataset_AP,1
2656144300123100021,20240328,4,endothelial,endothelial,astrocyte_2,False,False,False,0.2923919114045918,0.2923919114045918,0.09188424165610477,0.2923919114045918,dataset_AP,4
2656144300125100179,20240328,4,astrocyte_2,astrocyte_2,endothelial,False,False,False,0.4085013406005361,0.4085013406005361,0.11558300412303553,0.40850134060053617,dataset_AP,1
2656144300125100270,20240328,4,meninges_1,meninges_1,oligodendrocyte_1,False,False,False,0.36212113009592395,0.36212113009592395,0.03527006745217106,0.36212113009592395,dataset_AP,1
2656144300125200083,20240328,4,endothelial,endothelial,oligodendrocyte_1,False,False,False,0.8222054154793307,0.8222054154793307,0.09188424165610477,0.8222054154793308,dataset_AP,4
2656144300146100227,20240328,4,oligodendrocyte_progenitor_2,oligodendrocyte_progenitor_2,astrocyte_1,False,False,False,0.5093350043075313,0.5093350043075313,0.16246481512143685,0.5093350043075314,dataset_AP,3
2656144300147100030,20240328,4,oligodendrocyte_progenitor_2,oligodendrocyte_progenitor_2,oligodendrocyte_1,False,False,False,0.4998498643473049,0.4998498643473049,0.14955529420412364,0.4998498643473049,dataset_AP,2
2656144300147100136,20240328,4,astrocyte_2,astrocyte_2,astrocyte_1,False,False,False,0.9007335109886897,0.9007335109886897,0.11558300412303553,0.9007335109886899,dataset_AP,1
2656144300148100103,20240328,4,endothelial,endothelial,oligodendrocyte_1,False,False,False,0.3315784214020437,0.3315784214020437,0.088922782902716,0.33157842140204374,dataset_AP,2
2656144300149200031,20240328,4,oligodendrocyte_precursor_cell,oligodendrocyte_precursor_cell,oligodendrocyte_2,False,False,False,0.5832151112759115,0.5832151112759115,0.05861093380716614,0.5832151112759115,dataset_AP,1
2656144300164100022,20240328,2,oligodendrocyte_1,oligodendrocyte_1,oligodendrocyte_progenitor_2,False,False,False,0.43006866324861803,0.43006866324861803,0.11230013848671787,0.43006866324861803,dataset_AP,1
2656144300164100132,20240328,2,pericyte,pericyte,astrocyte_1,False,False,False,0.5701260157916249,0.5701260157916249,0.015657823813061786,0.5701260157916249,dataset_AP,4
2656144300170100090,20240328,4,oligodendrocyte_progenitor_2,oligodendrocyte_progenitor_2,oligodendrocyte_2,False,False,False,0.5111376230888551,0.5111376230888551,0.16246481512143685,0.5111376230888551,dataset_AP,3
2656144300174100055,20240328,4,astrocyte_1,astrocyte_1,peripheral_glia,False,False,False,0.17689314036587497,0.17689314036587497,0.21878326996197717,0.17689314036587497,dataset_AP,4
2656144300186100045,20240328,2,oligodendrocyte_precursor_cell,oligodendrocyte_precursor_cell,oligodendrocyte_progenitor_2,False,False,False,0.5283941800273396,0.5283941800273396,0.02712950371813248,0.5283941800273396,dataset_AP,3
2656144300187100123,20240328,2,meninges_3,meninges_3,oligodendrocyte_1,False,False,False,0.3552303796099125,0.3552303796099125,0.007770639395131331,0.3552303796099125,dataset_AP,4
2656144300188100230,20240328,2,oligodendrocyte_precursor_cell,oligodendrocyte_precursor_cell,microglia,False,False,False,0.6129291175620551,0.6129291175620551,0.019460081653207676,0.6129291175620551,dataset_AP,1
2656144300188100239,20240328,2,pericyte,pericyte,astrocyte_1,False,False,False,0.7358092148374952,0.7358092148374952,0.01621703180638542,0.7358092148374951,dataset_AP,5
2656144300195100054,20240328,4,oligodendrocyte_precursor_cell,oligodendrocyte_precursor_cell,astrocyte_2,False,False,False,0.5856413095409843,0.5856413095409843,0.05156382079459002,0.5856413095409843,dataset_AP,2
2656144900058100068,20240328,1,Schwann_cell,Schwann_cell,peripheral_glia,False,False,False,0.997023559796142,0.997023559796142,0.0075167447534688105,0.997023559796142,dataset_AP,4
2656144900085100136,20240328,1,astrocyte_2,astrocyte_2,astrocyte_1,False,False,False,0.5010599744369248,0.5010599744369248,0.04652030393328202,0.501059974436925,dataset_AP,1
2656144900085100196,20240328,1,oligodendrocyte_1,oligodendrocyte_1,oligodendrocyte_progenitor_2,False,False,False,0.6254700846072914,0.6254700846072914,0.055244632422399756,0.6254700846072913,dataset_AP,4
2656144900085100215,20240328,1,oligodendrocyte_1,oligodendrocyte_1,oligodendrocyte_progenitor_2,False,False,False,0.5767764776328568,0.5767764776328568,0.07044237813468583,0.5767764776328568,dataset_AP,3
2656144900086100045,20240328,1,astrocyte_2,astrocyte_2,oligodendrocyte_1,False,False,False,0.42905461798765665,0.42905461798765665,0.0523490124036969,0.42905461798765665,dataset_AP,4
2656144900086100214,20240328,1,oligodendrocyte_2,oligodendrocyte_2,oligodendrocyte_progenitor_2,False,False,False,0.8728979755945735,0.8728979755945735,0.10900569645816795,0.8728979755945738,dataset_AP,5
2656144900110100072,20240328,1,astrocyte_2,astrocyte_2,astrocyte_1,False,False,False,0.3099397125637378,0.3099397125637378,0.04652030393328202,0.30993971256373787,dataset_AP,1
2656144900111100294,20240328,1,endothelial,endothelial,oligodendrocyte_progenitor_2,False,False,False,0.40788837730063027,0.40788837730063027,0.13027204587421617,0.40788837730063027,dataset_AP,4
2656144900111100321,20240328,1,oligodendrocyte_2,oligodendrocyte_2,oligodendrocyte_progenitor_2,False,False,False,0.8921401089798046,0.8921401089798046,0.11702577101816646,0.8921401089798043,dataset_AP,4
2656144900112100048,20240328,1,astrocyte_2,astrocyte_2,astrocyte_1,False,False,False,0.9831881551294882,0.9831881551294882,0.0523490124036969,0.983188155129488,dataset_AP,4
2656144900112100180,20240328,1,pericyte,pericyte,endothelial,False,False,False,0.2723741221463705,0.2723741221463705,0.025419635309745198,0.2723741221463705,dataset_AP,3
2656144900113100155,20240328,1,astrocyte_2,astrocyte_2,astrocyte_1,False,False,False,0.625743399424039,0.625743399424039,0.04652030393328202,0.6257433994240389,dataset_AP,1
2656144900113100167,20240328,1,oligodendrocyte_precursor_cell,oligodendrocyte_precursor_cell,astrocyte_1,False,False,False,0.471725267146107,0.471725267146107,0.02823733043513263,0.47172526714610713,dataset_AP,3
2656144900116100134,20240328,1,oligodendrocyte_1,oligodendrocyte_1,oligodendrocyte_2,False,False,False,0.3461335136432012,0.3461335136432012,0.07044237813468583,0.3461335136432012,dataset_AP,3
2656144900141100098,20240328,1,oligodendrocyte_progenitor_2,oligodendrocyte_progenitor_2,oligodendrocyte_1,False,False,False,0.4773760630138624,0.4773760630138624,0.20191553271401183,0.4773760630138624,dataset_AP,5
2656144900164100119,20240328,1,oligodendrocyte_1,oligodendrocyte_1,oligodendrocyte_progenitor_2,False,False,False,0.4568569486870457,0.4568569486870457,0.055244632422399756,0.45685694868704557,dataset_AP,4
2656144900184100149,20240328,1,oligodendrocyte_1,oligodendrocyte_1,oligodendrocyte_progenitor_2,False,False,False,0.33928438101600245,0.33928438101600245,0.07044237813468583,0.33928438101600245,dataset_AP,3
2656144900185100079,20240328,1,astrocyte_2,astrocyte_2,endothelial,False,False,False,0.5085542180966491,0.5085542180966491,0.03495654366882586,0.5085542180966492,dataset_AP,2
2656144900186200096,20240328,1,astrocyte_2,astrocyte_2,astrocyte_1,False,False,False,0.27580812365585045,0.27580812365585045,0.03495654366882586,0.27580812365585045,dataset_AP,2
2656144900189100078,20240328,1,astrocyte_1,astrocyte_1,astrocyte_2,False,False,False,0.38072463899238057,0.38072463899238057,0.2789971017992996,0.38072463899238057,dataset_AP,3
2656144900190100266,20240328,1,endothelial,endothelial,oligodendrocyte_progenitor_2,False,False,False,0.3786310841774731,0.3786310841774731,0.13207945900253593,0.3786310841774731,dataset_AP,3
2656144900192100014,20240328,1,pericyte,pericyte,endothelial,False,False,False,0.4687050084203604,0.4687050084203604,0.025419635309745198,0.4687050084203604,dataset_AP,3
2656144900210100051,20240328,1,astrocyte_2,astrocyte_2,endothelial,False,False,False,0.42931305647114626,0.42931305647114626,0.051244910560499915,0.42931305647114626,dataset_AP,5
2656144900211100030,20240328,1,oligodendrocyte_precursor_cell,oligodendrocyte_precursor_cell,endothelial,False,False,False,0.9420670912234618,0.9420670912234618,0.015074490359661461,0.9420670912234618,dataset_AP,5
2656144900211100080,20240328,1,astrocyte_1,astrocyte_1,oligodendrocyte_progenitor_2,False,False,False,0.2507110581288918,0.2507110581288918,0.2789971017992996,0.2507110581288918,dataset_AP,3
2656144900211100121,20240328,1,oligodendrocyte_2,oligodendrocyte_2,oligodendrocyte_1,False,False,False,0.4119327126365003,0.4119327126365003,0.11702577101816646,0.4119327126365003,dataset_AP,4
2656144900212100090,20240328,1,oligodendrocyte_2,oligodendrocyte_2,oligodendrocyte_progenitor_2,False,False,False,0.8844490044802428,0.8844490044802428,0.09961890279896297,0.8844490044802428,dataset_AP,1
2656144900236100115,20240328,1,endothelial,endothelial,astrocyte_1,False,False,False,0.514281917521525,0.514281917521525,0.12950221244161939,0.514281917521525,dataset_AP,1
2656144900247100055,20240328,1,endothelial,endothelial,peripheral_glia,False,False,False,0.990682490506832,0.990682490506832,0.13207945900253593,0.9906824905068321,dataset_AP,3
2656144900262100025,20240328,1,oligodendrocyte_1,oligodendrocyte_1,oligodendrocyte_progenitor_2,False,False,False,0.47568369950312794,0.47568369950312794,0.07044237813468583,0.47568369950312794,dataset_AP,3
2656144900264100063,20240328,1,pericyte,pericyte,oligodendrocyte_progenitor_2,False,False,False,0.8012123978268566,0.8012123978268566,0.012754968836482914,0.8012123978268566,dataset_AP,4
2656144900264100101,20240328,1,meninges_1,meninges_1,oligodendrocyte_progenitor_2,False,False,False,0.4386828520618999,0.4386828520618999,0.05224567188018102,0.4386828520619,dataset_AP,2
2656144900273100100,20240328,4,peripheral_glia,peripheral_glia,Schwann_cell,False,False,False,0.9491646162422201,0.9491646162422201,0.001520912547528517,0.9491646162422201,dataset_AP,4
2656144900289100211,20240328,1,pericyte,pericyte,endothelial,False,False,False,0.6080609778626486,0.6080609778626486,0.029444126994621192,0.6080609778626487,dataset_AP,1
2656144900297200042,20240328,4,pericyte,pericyte,meninges_1,False,False,False,0.7163686841513804,0.7163686841513804,0.013809768826491233,0.7163686841513803,dataset_AP,2
2656144900298100114,20240328,4,oligodendrocyte_2,oligodendrocyte_2,oligodendrocyte_progenitor_2,False,False,False,0.9296472578464008,0.9296472578464008,0.1309365673572895,0.929647257846401,dataset_AP,1
2656144900314100125,20240328,1,oligodendrocyte_precursor_cell,oligodendrocyte_precursor_cell,astrocyte_2,False,False,False,0.6082107690314532,0.6082107690314532,0.020684373000565096,0.6082107690314533,dataset_AP,2
2656144900315100221,20240328,1,astrocyte_2,astrocyte_2,astrocyte_1,False,False,False,0.8673048121468904,0.8673048121468904,0.051244910560499915,0.8673048121468906,dataset_AP,5
2656144900325100251,20240328,4,endothelial,endothelial,oligodendrocyte_progenitor_2,False,False,False,0.6970624530539625,0.6970624530539625,0.088922782902716,0.6970624530539625,dataset_AP,2
2656144900327200061,20240328,4,astrocyte_2,astrocyte_2,astrocyte_1,False,False,False,0.3061762526004467,0.3061762526004467,0.11558300412303553,0.3061762526004467,dataset_AP,1
2656144900342100071,20240328,4,pericyte,pericyte,astrocyte_2,False,False,False,0.3784923170614643,0.3784923170614643,0.013809768826491233,0.3784923170614643,dataset_AP,2
2656144900351100151,20240328,4,astrocyte_1,astrocyte_1,endothelial,False,False,False,0.27230155253858795,0.27230155253858795,0.22547951651837456,0.27230155253858795,dataset_AP,3
2656144900352100066,20240328,4,endothelial,endothelial,pericyte,False,False,False,0.9535661327950431,0.9535661327950431,0.088922782902716,0.9535661327950432,dataset_AP,2
2656144900352100124,20240328,4,oligodendrocyte_2,oligodendrocyte_2,oligodendrocyte_progenitor_2,False,False,False,0.7614385375452984,0.7614385375452984,0.14259570722695228,0.7614385375452984,dataset_AP,3
2656144900371100142,20240328,4,oligodendrocyte_progenitor_2,oligodendrocyte_progenitor_2,oligodendrocyte_2,False,False,False,0.3157612562318825,0.3157612562318825,0.16246481512143685,0.31576125623188245,dataset_AP,3
2656144900372100081,20240328,4,astrocyte_2,astrocyte_2,astrocyte_1,False,False,False,0.5313588786860405,0.5313588786860405,0.08584674643358228,0.5313588786860405,dataset_AP,3
2656144900376200073,20240328,4,meninges_1,meninges_1,meninges_2,False,False,False,0.8247722084072528,0.8247722084072528,0.03527006745217106,0.8247722084072531,dataset_AP,1
2656144900377100070,20240328,4,astrocyte_1,astrocyte_1,oligodendrocyte_precursor_cell,False,False,False,0.4087358379371493,0.4087358379371493,0.21878326996197717,0.40873583793714935,dataset_AP,4
2656144900396100267,20240328,4,pericyte,pericyte,oligodendrocyte_1,False,False,False,0.2552576079005924,0.2552576079005924,0.022703844528939587,0.2552576079005924,dataset_AP,4
2656144900397100106,20240328,4,oligodendrocyte_precursor_cell,oligodendrocyte_precursor_cell,endothelial,False,False,False,0.4319410278291955,0.4319410278291955,0.05861093380716614,0.43194102782919563,dataset_AP,1
2656144900421100083,20240328,4,astrocyte_2,astrocyte_2,astrocyte_1,False,False,False,0.6884178342975831,0.6884178342975831,0.08318124207858048,0.6884178342975832,dataset_AP,4
2656144900422100081,20240328,4,pericyte,pericyte,oligodendrocyte_progenitor_2,False,False,False,0.3986767480494428,0.3986767480494428,0.013809768826491233,0.3986767480494428,dataset_AP,2
2656144900473100055,20240328,4,astrocyte_2,astrocyte_2,endothelial,False,False,False,0.5241478591554939,0.5241478591554939,0.11558300412303553,0.5241478591554939,dataset_AP,1
2656144900476200071,20240328,2,meninges_2,meninges_2,meninges_1,False,False,False,0.6024500021842206,0.6024500021842206,0.015774368835860905,0.6024500021842206,dataset_AP,4
2656144900477100034,20240328,2,microglia,microglia,oligodendrocyte_2,False,False,False,0.9156151318037606,0.9156151318037606,0.0610949808274223,0.9156151318037608,dataset_AP,3
2656144900478100116,20240328,2,astrocyte_2,astrocyte_2,astrocyte_1,False,False,False,0.5698624347426043,0.5698624347426043,0.03804695515722131,0.5698624347426045,dataset_AP,5
2656144900479100024,20240328,2,oligodendrocyte_progenitor_2,oligodendrocyte_progenitor_2,oligodendrocyte_2,False,False,False,0.6326773444788223,0.6326773444788223,0.10461442540002278,0.6326773444788223,dataset_AP,1
2656144900479100069,20240328,2,oligodendrocyte_1,oligodendrocyte_1,oligodendrocyte_2,False,False,False,0.39136466284360355,0.39136466284360355,0.11310228233305157,0.39136466284360355,dataset_AP,2
2656144900489100179,20240328,3,meninges_1,meninges_1,oligodendrocyte_progenitor_2,False,False,False,0.4065392286171656,0.4065392286171656,0.013425488538610711,0.4065392286171657,dataset_AP,1
2656144900503100032,20240328,2,astrocyte_2,astrocyte_2,astrocyte_1,False,False,False,0.9229837768412438,0.9229837768412438,0.060341553652590446,0.922983776841244,dataset_AP,3
2656144900503100045,20240328,2,astrocyte_1,astrocyte_1,astrocyte_2,False,False,False,0.8482462791517024,0.8482462791517024,0.23484519282998373,0.8482462791517024,dataset_AP,5
2656144900503100206,20240328,2,oligodendrocyte_precursor_cell,oligodendrocyte_precursor_cell,astrocyte_1,False,False,False,0.6386042351512862,0.6386042351512862,0.03388479652215916,0.6386042351512861,dataset_AP,2
2656144900504100144,20240328,2,astrocyte_2,astrocyte_2,astrocyte_1,False,False,False,0.532047863436163,0.532047863436163,0.07115947729557275,0.5320478634361631,dataset_AP,4
2656144900504100163,20240328,2,pericyte,pericyte,astrocyte_1,False,False,False,0.4835852121742717,0.4835852121742717,0.016217848085979952,0.48358521217427175,dataset_AP,2
2656144900505100116,20240328,2,oligodendrocyte_precursor_cell,oligodendrocyte_precursor_cell,microglia,False,False,False,0.5852729436537683,0.5852729436537683,0.03388255175327418,0.5852729436537684,dataset_AP,5
2656144900505100237,20240328,2,endothelial,endothelial,oligodendrocyte_1,False,False,False,0.6869680638571203,0.6869680638571203,0.15302361493524466,0.6869680638571204,dataset_AP,4
2656144900510100004,20240328,2,oligodendrocyte_precursor_cell,oligodendrocyte_precursor_cell,oligodendrocyte_progenitor_1,False,False,False,0.713875276987564,0.713875276987564,0.02712950371813248,0.713875276987564,dataset_AP,3
2656144900516100033,20240328,3,Schwann_cell,Schwann_cell,peripheral_glia,False,False,False,0.9780510371371508,0.9780510371371508,0.00999000999000999,0.9780510371371509,dataset_AP,3
2656144900530100054,20240328,2,oligodendrocyte_1,oligodendrocyte_1,oligodendrocyte_progenitor_2,False,False,False,0.33315492274859904,0.33315492274859904,0.1201792504073873,0.3331549227485991,dataset_AP,5
2656144900530100093,20240328,2,oligodendrocyte_1,oligodendrocyte_1,oligodendrocyte_progenitor_2,False,False,False,0.6599612828418835,0.6599612828418835,0.10024869222193637,0.6599612828418835,dataset_AP,3
2656144900530100130,20240328,2,oligodendrocyte_1,oligodendrocyte_1,endothelial,False,False,False,0.4185203719883155,0.4185203719883155,0.11310228233305157,0.4185203719883155,dataset_AP,2
2656144900530100252,20240328,2,oligodendrocyte_1,oligodendrocyte_1,oligodendrocyte_progenitor_2,False,False,False,0.6913378224785895,0.6913378224785895,0.11230013848671787,0.6913378224785897,dataset_AP,1
2656144900532100019,20240328,2,microglia,microglia,oligodendrocyte_2,False,False,False,0.9884790394185825,0.9884790394185825,0.0610949808274223,0.9884790394185825,dataset_AP,3
2656144900533100092,20240328,2,endothelial,endothelial,oligodendrocyte_2,False,False,False,0.2872245924442488,0.2872245924442488,0.16557124751041102,0.2872245924442488,dataset_AP,5
2656144900535100107,20240328,2,astrocyte_2,astrocyte_2,astrocyte_1,False,False,False,0.8621256498343723,0.8621256498343723,0.06662238860041059,0.8621256498343721,dataset_AP,2
2656144900535100149,20240328,2,oligodendrocyte_1,oligodendrocyte_1,astrocyte_2,False,False,False,0.41444196900607305,0.41444196900607305,0.1201792504073873,0.4144419690060731,dataset_AP,5
2656144900535100189,20240328,2,endothelial,endothelial,pericyte,False,False,False,0.973304921606476,0.973304921606476,0.15302361493524466,0.9733049216064757,dataset_AP,4
2656144900536100103,20240328,2,oligodendrocyte_1,oligodendrocyte_1,endothelial,False,False,False,0.2819570290444067,0.2819570290444067,0.10024869222193637,0.2819570290444067,dataset_AP,3
2656144900537200153,20240328,2,endothelial,endothelial,oligodendrocyte_progenitor_2,False,False,False,0.3557655573071289,0.3557655573071289,0.1785879150854601,0.3557655573071289,dataset_AP,1
2656144900540100204,20240328,3,oligodendrocyte_1,oligodendrocyte_1,oligodendrocyte_progenitor_2,False,False,False,0.4716210172863467,0.4716210172863467,0.08095841631963306,0.4716210172863467,dataset_AP,4
2656144900541100114,20240328,3,endothelial,endothelial,oligodendrocyte_progenitor_2,False,False,False,0.7313150410007617,0.7313150410007617,0.09355576550146685,0.7313150410007616,dataset_AP,1
2656144900541100206,20240328,3,astrocyte_1,astrocyte_1,oligodendrocyte_1,False,False,False,0.4091150330846101,0.4091150330846101,0.20230373518228584,0.4091150330846101,dataset_AP,5
2656144900542200081,20240328,3,astrocyte_1,astrocyte_1,astrocyte_2,False,False,False,0.46922204799069644,0.46922204799069644,0.2082276697661313,0.46922204799069656,dataset_AP,3
2656144900557100072,20240328,2,pericyte,pericyte,endothelial,False,False,False,0.2640315090680455,0.2640315090680455,0.023195026468348888,0.2640315090680455,dataset_AP,1
2656144900557200093,20240328,2,oligodendrocyte_1,oligodendrocyte_1,astrocyte_1,False,False,False,0.3115025634978118,0.3115025634978118,0.10024869222193637,0.3115025634978118,dataset_AP,3
2656144900558100030,20240328,2,astrocyte_2,astrocyte_2,astrocyte_1,False,False,False,0.5461775631199784,0.5461775631199784,0.03804695515722131,0.5461775631199783,dataset_AP,5
2656144900559100090,20240328,2,astrocyte_2,astrocyte_2,astrocyte_1,False,False,False,0.5631939993933963,0.5631939993933963,0.07115947729557275,0.5631939993933964,dataset_AP,4
2656144900583100141,20240328,2,meninges_1,meninges_1,oligodendrocyte_progenitor_2,False,False,False,0.6894286215670076,0.6894286215670076,0.017544812601846822,0.6894286215670076,dataset_AP,5
2656144900583100192,20240328,2,astrocyte_1,astrocyte_1,oligodendrocyte_1,False,False,False,0.42821113647632764,0.42821113647632764,0.24731569576086762,0.42821113647632775,dataset_AP,1
2656144900584100151,20240328,2,astrocyte_2,astrocyte_2,astrocyte_1,False,False,False,0.3740042606051053,0.3740042606051053,0.03804695515722131,0.3740042606051053,dataset_AP,5
2656144900590100237,20240328,2,oligodendrocyte_1,oligodendrocyte_1,astrocyte_1,False,False,False,0.543737212314301,0.543737212314301,0.11310228233305157,0.543737212314301,dataset_AP,2
2656144900591100123,20240328,2,pericyte,pericyte,endothelial,False,False,False,0.4806825990974801,0.4806825990974801,0.02369926617418256,0.48068259909748,dataset_AP,3
2656144900609100198,20240328,2,astrocyte_2,astrocyte_2,astrocyte_1,False,False,False,0.6142876601517354,0.6142876601517354,0.0661498893904786,0.6142876601517354,dataset_AP,1
2656144900615100088,20240328,2,oligodendrocyte_progenitor_1,oligodendrocyte_progenitor_1,astrocyte_1,False,False,False,0.6428176656621466,0.6428176656621466,0.023020555628396194,0.6428176656621466,dataset_AP,4
2656144900616100026,20240328,2,oligodendrocyte_progenitor_2,oligodendrocyte_progenitor_2,oligodendrocyte_precursor_cell,False,False,False,0.3543986210451847,0.3543986210451847,0.11419628309260416,0.35439862104518477,dataset_AP,3
2656144900635100108,20240328,2,oligodendrocyte_progenitor_2,oligodendrocyte_progenitor_2,oligodendrocyte_2,False,False,False,0.7485445042680702,0.7485445042680702,0.13619742726862172,0.7485445042680702,dataset_AP,4
2656144900635100149,20240328,2,meninges_3,meninges_3,meninges_1,False,False,False,0.38318465588335227,0.38318465588335227,0.008051413943394302,0.38318465588335227,dataset_AP,1
2656144900641100221,20240328,2,pericyte,pericyte,astrocyte_1,False,False,False,0.2230265923513208,0.2230265923513208,0.02369926617418256,0.22302659235132075,dataset_AP,3
2656144900641100255,20240328,2,oligodendrocyte_progenitor_2,oligodendrocyte_progenitor_2,oligodendrocyte_1,False,False,False,0.5305031519905877,0.5305031519905877,0.13619742726862172,0.5305031519905876,dataset_AP,4
2656144900642100134,20240328,2,astrocyte_1,astrocyte_1,astrocyte_2,False,False,False,0.6803883560873968,0.6803883560873968,0.2237066166832053,0.6803883560873968,dataset_AP,3
2656144900642100151,20240328,2,oligodendrocyte_2,oligodendrocyte_2,oligodendrocyte_progenitor_2,False,False,False,0.5519532098197004,0.5519532098197004,0.15820133044213314,0.5519532098197005,dataset_AP,3
2707604000010100086,20240415,2,oligodendrocyte_2,oligodendrocyte_2,astrocyte_2,False,False,False,0.3786673489538453,0.3786673489538453,0.16545338354235967,0.3786673489538453,dataset_AP,4
2707604000011100037,20240415,2,oligodendrocyte_1,oligodendrocyte_1,oligodendrocyte_2,False,False,False,0.43166107094383677,0.43166107094383677,0.06799113563605472,0.4316610709438368,dataset_AP,4
2707604000024100087,20240415,2,microglia,microglia,oligodendrocyte_2,False,False,False,0.8604509348008903,0.8604509348008903,0.03088317712155413,0.8604509348008906,dataset_AP,3
2707604000024100189,20240415,2,oligodendrocyte_precursor_cell,oligodendrocyte_precursor_cell,oligodendrocyte_progenitor_2,False,False,False,0.7391247759905764,0.7391247759905764,0.03935484070733437,0.7391247759905764,dataset_AP,3
2707604000026100018,20240415,2,oligodendrocyte_2,oligodendrocyte_2,astrocyte_2,False,False,False,0.7654734313937377,0.7654734313937377,0.16545338354235967,0.7654734313937378,dataset_AP,4
2707604000038100061,20240415,2,pericyte,pericyte,oligodendrocyte_1,False,False,False,0.43658699947054747,0.43658699947054747,0.014931414170957898,0.43658699947054735,dataset_AP,5
2707604000039100163,20240415,2,meninges_2,meninges_2,oligodendrocyte_1,False,False,False,0.2905593113456742,0.2905593113456742,0.014960957926737394,0.2905593113456742,dataset_AP,5
2707604000041100135,20240415,2,oligodendrocyte_1,oligodendrocyte_1,oligodendrocyte_progenitor_2,False,False,False,0.3697603913673782,0.3697603913673782,0.07581360946745562,0.3697603913673782,dataset_AP,2
2707604000042100187,20240415,2,oligodendrocyte_precursor_cell,oligodendrocyte_precursor_cell,oligodendrocyte_progenitor_2,False,False,False,0.47532705662727626,0.47532705662727626,0.04600562182475952,0.47532705662727615,dataset_AP,4
2707604000054100020,20240415,2,oligodendrocyte_1,oligodendrocyte_1,oligodendrocyte_progenitor_2,False,False,False,0.38132195680624387,0.38132195680624387,0.07440828402366864,0.38132195680624387,dataset_AP,1
2707604000054100060,20240415,2,oligodendrocyte_1,oligodendrocyte_1,astrocyte_1,False,False,False,0.3657758703516615,0.3657758703516615,0.07581360946745562,0.3657758703516615,dataset_AP,2
2707604000054100107,20240415,2,oligodendrocyte_1,oligodendrocyte_1,oligodendrocyte_progenitor_2,False,False,False,0.2233922907360491,0.2233922907360491,0.06232550719242735,0.22339229073604913,dataset_AP,5
2707604000054100131,20240415,2,oligodendrocyte_precursor_cell,oligodendrocyte_precursor_cell,oligodendrocyte_progenitor_1,False,False,False,0.7909002076559367,0.7909002076559367,0.04600562182475952,0.7909002076559368,dataset_AP,4
2707604000054100167,20240415,2,oligodendrocyte_1,oligodendrocyte_1,oligodendrocyte_progenitor_2,False,False,False,0.5324404264399878,0.5324404264399878,0.07440828402366864,0.5324404264399878,dataset_AP,1
2707604000055100067,20240415,2,pericyte,pericyte,endothelial,False,False,False,0.6993310677953704,0.6993310677953704,0.014931414170957898,0.6993310677953704,dataset_AP,5
2707604000055100295,20240415,2,oligodendrocyte_1,oligodendrocyte_1,oligodendrocyte_progenitor_2,False,False,False,0.5544028562476643,0.5544028562476643,0.06232550719242735,0.5544028562476643,dataset_AP,5
2707604000067100058,20240415,2,oligodendrocyte_precursor_cell,oligodendrocyte_precursor_cell,oligodendrocyte_2,False,False,False,0.7179178749860037,0.7179178749860037,0.030360664976049594,0.7179178749860037,dataset_AP,2
2707604000071100175,20240415,2,oligodendrocyte_1,oligodendrocyte_1,oligodendrocyte_progenitor_2,False,False,False,0.5095023054493947,0.5095023054493947,0.06532717775321326,0.5095023054493947,dataset_AP,3
2707604000071100243,20240415,2,astrocyte_2,astrocyte_2,astrocyte_1,False,False,False,0.5444492921979607,0.5444492921979607,0.11302997804898945,0.5444492921979607,dataset_AP,5
2707604000072100079,20240415,2,oligodendrocyte_progenitor_2,oligodendrocyte_progenitor_2,oligodendrocyte_2,False,False,False,0.6202034438356778,0.6202034438356778,0.19325672918234202,0.6202034438356778,dataset_AP,3
2707604000073100035,20240415,2,oligodendrocyte_precursor_cell,oligodendrocyte_precursor_cell,astrocyte_2,False,False,False,0.8209395361404904,0.8209395361404904,0.04600562182475952,0.8209395361404904,dataset_AP,4
2707604000083100070,20240415,2,astrocyte_1,astrocyte_1,astrocyte_2,False,False,False,0.6929635800311152,0.6929635800311152,0.17169052418418437,0.6929635800311154,dataset_AP,3
2707604000084100100,20240415,2,oligodendrocyte_precursor_cell,oligodendrocyte_precursor_cell,oligodendrocyte_progenitor_2,False,False,False,0.23355536689824016,0.23355536689824016,0.04194239826107958,0.23355536689824016,dataset_AP,1
2707604000085100151,20240415,2,oligodendrocyte_progenitor_1,oligodendrocyte_progenitor_1,oligodendrocyte_2,False,False,False,0.4466586611531537,0.4466586611531537,0.00808913308913309,0.4466586611531537,dataset_AP,2
2707604000085100204,20240415,2,oligodendrocyte_1,oligodendrocyte_1,oligodendrocyte_progenitor_2,False,False,False,0.42449392112072376,0.42449392112072376,0.06532717775321326,0.42449392112072376,dataset_AP,3
2707604000095100011,20240415,4,meninges_1,meninges_1,meninges_2,False,False,False,0.6773189429885395,0.6773189429885395,0.03869834475399124,0.6773189429885396,dataset_AP,1
2707604000095100114,20240415,4,endothelial,endothelial,astrocyte_1,False,False,False,0.4750201168390639,0.4750201168390639,0.10859661763120719,0.4750201168390639,dataset_AP,2
2707604000095200011,20240415,4,astrocyte_1,astrocyte_1,astrocyte_2,False,False,False,0.5635148645843981,0.5635148645843981,0.18348590852682506,0.5635148645843981,dataset_AP,1
2707604000099100034,20240415,2,oligodendrocyte_progenitor_2,oligodendrocyte_progenitor_2,oligodendrocyte_2,False,False,False,0.7799091467602288,0.7799091467602288,0.20847879766769006,0.7799091467602288,dataset_AP,4
2707604000100100091,20240415,2,oligodendrocyte_precursor_cell,oligodendrocyte_precursor_cell,astrocyte_2,False,False,False,0.3995168171806145,0.3995168171806145,0.03935484070733437,0.3995168171806145,dataset_AP,3
2707604000101200039,20240415,2,meninges_1,meninges_1,oligodendrocyte_progenitor_2,False,False,False,0.4483075441597511,0.4483075441597511,0.0087730950368313,0.4483075441597512,dataset_AP,1
2707604000109100211,20240415,4,oligodendrocyte_precursor_cell,oligodendrocyte_precursor_cell,pericyte,False,False,False,0.48629203633549345,0.48629203633549345,0.03183806384632404,0.48629203633549334,dataset_AP,2
2707604000110100203,20240415,4,endothelial,endothelial,oligodendrocyte_precursor_cell,False,False,False,0.9024459398093321,0.9024459398093321,0.12185032643297782,0.9024459398093319,dataset_AP,1
2707604000122100150,20240415,4,astrocyte_1,astrocyte_1,astrocyte_2,False,False,False,0.9258118106013167,0.9258118106013167,0.18348590852682506,0.9258118106013169,dataset_AP,1
2707604000124100020,20240415,4,oligodendrocyte_progenitor_1,oligodendrocyte_progenitor_1,astrocyte_1,False,False,False,0.9097774819188024,0.9097774819188024,0.016522484607590992,0.9097774819188024,dataset_AP,1
2707604000124100196,20240415,4,astrocyte_1,astrocyte_1,oligodendrocyte_1,False,False,False,0.8113711440528295,0.8113711440528295,0.1870571349146465,0.8113711440528295,dataset_AP,2
2707604000124200185,20240415,4,oligodendrocyte_1,oligodendrocyte_1,oligodendrocyte_progenitor_2,False,False,False,0.6549684279656784,0.6549684279656784,0.04586791628608872,0.6549684279656783,dataset_AP,2
2707604000136100037,20240415,4,astrocyte_1,astrocyte_1,astrocyte_2,False,False,False,0.43343444767374484,0.43343444767374484,0.1962782612836784,0.43343444767374484,dataset_AP,3
2707604000136100065,20240415,4,oligodendrocyte_1,oligodendrocyte_1,oligodendrocyte_2,False,False,False,0.5700492208555771,0.5700492208555771,0.05889029714124771,0.5700492208555772,dataset_AP,4
2707604000155100034,20240415,4,oligodendrocyte_1,oligodendrocyte_1,oligodendrocyte_progenitor_2,False,False,False,0.3067111906870113,0.3067111906870113,0.06265474841579588,0.3067111906870113,dataset_AP,1
2707604700037100112,20240415,2,astrocyte_2,astrocyte_2,astrocyte_1,False,False,False,0.5290892953654773,0.5290892953654773,0.09140117042548032,0.5290892953654773,dataset_AP,4
2707604700044100041,20240415,3,oligodendrocyte_1,oligodendrocyte_1,oligodendrocyte_progenitor_2,False,False,False,0.29804114217544003,0.29804114217544003,0.0788421557652327,0.29804114217544003,dataset_AP,2
2707604700058100151,20240415,2,astrocyte_2,astrocyte_2,oligodendrocyte_progenitor_2,False,False,False,0.4945394727213475,0.4945394727213475,0.11302997804898945,0.4945394727213476,dataset_AP,5
2707604700059100090,20240415,2,astrocyte_2,astrocyte_2,oligodendrocyte_2,False,False,False,0.44055635672886856,0.44055635672886856,0.09643638975845231,0.44055635672886856,dataset_AP,3
2707604700059100115,20240415,2,Schwann_cell,Schwann_cell,astrocyte_2,False,False,False,0.47822275554299337,0.47822275554299337,0.03239468864468865,0.47822275554299337,dataset_AP,2
2707604700059100142,20240415,2,oligodendrocyte_1,oligodendrocyte_1,oligodendrocyte_progenitor_2,False,False,False,0.529866752518577,0.529866752518577,0.06232550719242735,0.529866752518577,dataset_AP,5
2707604700060100110,20240415,2,pericyte,pericyte,astrocyte_1,False,False,False,0.3391291375400138,0.3391291375400138,0.014931414170957898,0.3391291375400138,dataset_AP,5
2707604700067100211,20240415,3,pericyte,pericyte,astrocyte_1,False,False,False,0.6467425873296481,0.6467425873296481,0.018960961983491918,0.6467425873296482,dataset_AP,4
2707604700068100176,20240415,3,meninges_1,meninges_1,oligodendrocyte_progenitor_2,False,False,False,0.531493402403073,0.531493402403073,0.006812934482280062,0.531493402403073,dataset_AP,1
2707604700070100021,20240415,3,oligodendrocyte_2,oligodendrocyte_2,oligodendrocyte_progenitor_2,False,False,False,0.7839621604733684,0.7839621604733684,0.10196691941812493,0.7839621604733684,dataset_AP,1
2707604700083100228,20240415,2,oligodendrocyte_1,oligodendrocyte_1,oligodendrocyte_progenitor_2,False,False,False,0.5948508123269609,0.5948508123269609,0.06232550719242735,0.594850812326961,dataset_AP,5
2707604700083200126,20240415,2,oligodendrocyte_1,oligodendrocyte_1,oligodendrocyte_progenitor_2,False,False,False,0.6820919646711492,0.6820919646711492,0.07581360946745562,0.6820919646711493,dataset_AP,2
2707604700085100026,20240415,2,meninges_3,meninges_3,oligodendrocyte_progenitor_2,False,False,False,0.46623694845270386,0.46623694845270386,0.004067663221278134,0.46623694845270386,dataset_AP,4
2707604700085100132,20240415,2,oligodendrocyte_2,oligodendrocyte_2,oligodendrocyte_progenitor_2,False,False,False,0.8250407689021759,0.8250407689021759,0.16027635229156142,0.825040768902176,dataset_AP,5
2707604700086100038,20240415,2,oligodendrocyte_precursor_cell,oligodendrocyte_precursor_cell,astrocyte_1,False,False,False,0.6392857918115924,0.6392857918115924,0.03935484070733437,0.6392857918115923,dataset_AP,3
2707604700086100238,20240415,2,astrocyte_1,astrocyte_1,oligodendrocyte_precursor_cell,False,False,False,0.47395272623958073,0.47395272623958073,0.14396507940865602,0.4739527262395808,dataset_AP,4
2707604700087100062,20240415,2,microglia,microglia,oligodendrocyte_progenitor_2,False,False,False,0.49381415432407544,0.49381415432407544,0.019606228237544213,0.49381415432407544,dataset_AP,4
2707604700092100300,20240415,3,astrocyte_2,astrocyte_2,oligodendrocyte_precursor_cell,False,False,False,0.35159613313630345,0.35159613313630345,0.04892844711849237,0.3515961331363035,dataset_AP,3
2707604700093100214,20240415,3,oligodendrocyte_1,oligodendrocyte_1,oligodendrocyte_precursor_cell,False,False,False,0.4055044788482588,0.4055044788482588,0.05625139789756207,0.4055044788482588,dataset_AP,5
2707604700094100046,20240415,3,meninges_1,meninges_1,oligodendrocyte_progenitor_2,False,False,False,0.5880117529105081,0.5880117529105081,0.006812934482280062,0.588011752910508,dataset_AP,1
2707604700107100047,20240415,2,oligodendrocyte_1,oligodendrocyte_1,oligodendrocyte_progenitor_2,False,False,False,0.6713880110270348,0.6713880110270348,0.07440828402366864,0.6713880110270348,dataset_AP,1
2707604700107100212,20240415,2,oligodendrocyte_1,oligodendrocyte_1,oligodendrocyte_progenitor_2,False,False,False,0.46194718271057217,0.46194718271057217,0.06532717775321326,0.4619471827105722,dataset_AP,3
2707604700108100253,20240415,2,oligodendrocyte_1,oligodendrocyte_1,oligodendrocyte_progenitor_2,False,False,False,0.5425470924219864,0.5425470924219864,0.06532717775321326,0.5425470924219864,dataset_AP,3
2707604700116100020,20240415,3,oligodendrocyte_2,oligodendrocyte_2,oligodendrocyte_progenitor_2,False,False,False,0.9219134168868615,0.9219134168868615,0.09232140001370771,0.9219134168868612,dataset_AP,2
2707604700128100030,20240415,2,oligodendrocyte_1,oligodendrocyte_1,oligodendrocyte_progenitor_2,False,False,False,0.6256836572398434,0.6256836572398434,0.07440828402366864,0.6256836572398435,dataset_AP,1
2707604700130100023,20240415,2,astrocyte_2,astrocyte_2,astrocyte_1,False,False,False,0.5362677580052987,0.5362677580052987,0.11188262287163386,0.5362677580052988,dataset_AP,1
2707604700131100087,20240415,2,oligodendrocyte_2,oligodendrocyte_2,oligodendrocyte_1,False,False,False,0.7928031229894151,0.7928031229894151,0.16027635229156142,0.7928031229894151,dataset_AP,5
2707604700131100178,20240415,2,oligodendrocyte_2,oligodendrocyte_2,oligodendrocyte_progenitor_2,False,False,False,0.45263354947249324,0.45263354947249324,0.1636849414321942,0.45263354947249324,dataset_AP,1
2707604700132100199,20240415,2,pericyte,pericyte,astrocyte_1,False,False,False,0.9143596351917231,0.9143596351917231,0.01902665867470743,0.9143596351917229,dataset_AP,4
2707604700132100321,20240415,2,astrocyte_1,astrocyte_1,astrocyte_2,False,False,False,0.27346375236412135,0.27346375236412135,0.166220531605147,0.2734637523641214,dataset_AP,2
2707604700132200249,20240415,2,oligodendrocyte_2,oligodendrocyte_2,oligodendrocyte_progenitor_2,False,False,False,0.9893741355365087,0.9893741355365087,0.16027635229156142,0.9893741355365087,dataset_AP,5
2707604700133100078,20240415,2,oligodendrocyte_2,oligodendrocyte_2,oligodendrocyte_1,False,False,False,0.6710664532769358,0.6710664532769358,0.1636849414321942,0.6710664532769358,dataset_AP,1
2707604700133100099,20240415,2,oligodendrocyte_1,oligodendrocyte_1,astrocyte_2,False,False,False,0.4629911405937216,0.4629911405937216,0.06799113563605472,0.4629911405937216,dataset_AP,4
2707604700133100125,20240415,2,pericyte,pericyte,meninges_1,False,False,False,0.38161969610518937,0.38161969610518937,0.01902665867470743,0.38161969610518937,dataset_AP,4
2707604700155100019,20240415,2,astrocyte_2,astrocyte_2,oligodendrocyte_precursor_cell,False,False,False,0.41270112328378883,0.41270112328378883,0.1087747722363107,0.41270112328378883,dataset_AP,2
2707604700155100038,20240415,2,pericyte,pericyte,endothelial,False,False,False,0.47828355249802823,0.47828355249802823,0.01902665867470743,0.47828355249802823,dataset_AP,4
2707604700156100056,20240415,2,oligodendrocyte_2,oligodendrocyte_2,Schwann_cell,False,False,False,0.2874151122160188,0.2874151122160188,0.1532299765604922,0.2874151122160188,dataset_AP,3
2707604700177100040,20240415,4,oligodendrocyte_1,oligodendrocyte_1,oligodendrocyte_2,False,False,False,0.4671501884146843,0.4671501884146843,0.05889029714124771,0.4671501884146843,dataset_AP,4
2707604700180200015,20240415,2,peripheral_glia,peripheral_glia,Schwann_cell,False,False,False,0.8232345879627033,0.8232345879627033,0.011546357277549163,0.8232345879627033,dataset_AP,3
2707604700200100084,20240415,4,astrocyte_1,astrocyte_1,astrocyte_2,False,False,False,0.3563452304550186,0.3563452304550186,0.18348590852682506,0.3563452304550186,dataset_AP,1
2707604700201100053,20240415,4,oligodendrocyte_2,oligodendrocyte_2,oligodendrocyte_progenitor_2,False,False,False,0.9655986679713537,0.9655986679713537,0.1589269117025771,0.9655986679713537,dataset_AP,5
2707604700224100044,20240415,4,astrocyte_1,astrocyte_1,oligodendrocyte_progenitor_2,False,False,False,0.7690589907251563,0.7690589907251563,0.1870571349146465,0.7690589907251563,dataset_AP,2
2707604700225100057,20240415,4,oligodendrocyte_2,oligodendrocyte_2,oligodendrocyte_progenitor_2,False,False,False,0.9575974525793284,0.9575974525793284,0.13355874894336434,0.9575974525793282,dataset_AP,1
2707604700225200059,20240415,4,oligodendrocyte_1,oligodendrocyte_1,oligodendrocyte_progenitor_2,False,False,False,0.5397226431244648,0.5397226431244648,0.055171264272022666,0.5397226431244647,dataset_AP,3
2707604700226100041,20240415,4,oligodendrocyte_1,oligodendrocyte_1,oligodendrocyte_progenitor_2,False,False,False,0.5805840135455209,0.5805840135455209,0.055171264272022666,0.5805840135455209,dataset_AP,3
2707604700226100049,20240415,4,oligodendrocyte_1,oligodendrocyte_1,oligodendrocyte_progenitor_2,False,False,False,0.3892452216561663,0.3892452216561663,0.05889029714124771,0.3892452216561664,dataset_AP,4
2707604700226100107,20240415,4,oligodendrocyte_1,oligodendrocyte_1,endothelial,False,False,False,0.36351753044174356,0.36351753044174356,0.0588339670468948,0.36351753044174356,dataset_AP,5
2707604700226100221,20240415,4,astrocyte_1,astrocyte_1,oligodendrocyte_progenitor_2,False,False,False,0.24179480247114535,0.24179480247114535,0.1962782612836784,0.24179480247114535,dataset_AP,3
2707604700226200047,20240415,4,oligodendrocyte_precursor_cell,oligodendrocyte_precursor_cell,oligodendrocyte_progenitor_2,False,False,False,0.4784510326640956,0.4784510326640956,0.03829038163638924,0.4784510326640955,dataset_AP,4
2707604700227100029,20240415,4,pericyte,pericyte,oligodendrocyte_progenitor_2,False,False,False,0.22810852858068048,0.22810852858068048,0.01598942769040277,0.22810852858068048,dataset_AP,3
2707604700227100110,20240415,4,peripheral_glia,peripheral_glia,Schwann_cell,False,False,False,0.6043746964987491,0.6043746964987491,0.014403605126038587,0.6043746964987491,dataset_AP,5
2707604700248100072,20240415,4,microglia,microglia,astrocyte_1,False,False,False,0.5647616529853612,0.5647616529853612,0.02287283481199831,0.5647616529853612,dataset_AP,4
2707604700248100186,20240415,4,oligodendrocyte_1,oligodendrocyte_1,oligodendrocyte_progenitor_2,False,False,False,0.7176783432122854,0.7176783432122854,0.055171264272022666,0.7176783432122855,dataset_AP,3
2707604700248100207,20240415,4,oligodendrocyte_2,oligodendrocyte_2,astrocyte_1,False,False,False,0.574312917591921,0.574312917591921,0.15323344698667363,0.5743129175919212,dataset_AP,2
2707604700248200139,20240415,4,astrocyte_1,astrocyte_1,oligodendrocyte_progenitor_2,False,False,False,0.9570361708859378,0.9570361708859378,0.17252217997465144,0.957036170885938,dataset_AP,5
2707604700250100319,20240415,4,Schwann_cell,Schwann_cell,meninges_1,False,False,False,0.6301099246648927,0.6301099246648927,0.049192418319935094,0.6301099246648927,dataset_AP,2
2707604700271100244,20240415,4,astrocyte_2,astrocyte_2,astrocyte_1,False,False,False,0.7122177960098659,0.7122177960098659,0.0821771581467399,0.7122177960098659,dataset_AP,5
2707604700292200071,20240415,1,oligodendrocyte_2,oligodendrocyte_2,oligodendrocyte_precursor_cell,False,False,False,0.2176308477762357,0.2176308477762357,0.12394864750633983,0.2176308477762357,dataset_AP,1
2707604700315100109,20240415,1,oligodendrocyte_progenitor_1,oligodendrocyte_progenitor_1,oligodendrocyte_precursor_cell,False,False,False,0.9641371239999518,0.9641371239999518,0.002283652473766542,0.9641371239999518,dataset_AP,4
2707604700316100053,20240415,1,meninges_1,meninges_1,pericyte,False,False,False,0.5732102737908535,0.5732102737908535,0.02182287041099115,0.5732102737908534,dataset_AP,3
2707604700316100111,20240415,1,astrocyte_1,astrocyte_1,oligodendrocyte_progenitor_2,False,False,False,0.3385728846206498,0.3385728846206498,0.21437666520431858,0.3385728846206498,dataset_AP,3
2707604700318100044,20240415,1,meninges_1,meninges_1,oligodendrocyte_progenitor_2,False,False,False,0.39896473705029406,0.39896473705029406,0.016539353041254184,0.39896473705029406,dataset_AP,4
2707604700318100078,20240415,1,oligodendrocyte_precursor_cell,oligodendrocyte_precursor_cell,oligodendrocyte_1,False,False,False,0.5572540710377786,0.5572540710377786,0.05377470309346102,0.5572540710377786,dataset_AP,5
2707604700319100153,20240415,1,oligodendrocyte_1,oligodendrocyte_1,oligodendrocyte_progenitor_2,False,False,False,0.41421565315148673,0.41421565315148673,0.0751742712294043,0.41421565315148684,dataset_AP,5
2707604700338100110,20240415,1,oligodendrocyte_2,oligodendrocyte_2,astrocyte_1,False,False,False,0.954562415570895,0.954562415570895,0.12388219969018449,0.954562415570895,dataset_AP,5
2707604700338100114,20240415,1,meninges_1,meninges_1,oligodendrocyte_1,False,False,False,0.588244065895514,0.588244065895514,0.016539353041254184,0.588244065895514,dataset_AP,4
2707604700340100057,20240415,1,astrocyte_1,astrocyte_1,astrocyte_2,False,False,False,0.7218939162829509,0.7218939162829509,0.21437666520431858,0.7218939162829509,dataset_AP,3
2707604700340100165,20240415,1,pericyte,pericyte,microglia,False,False,False,0.7691494981321803,0.7691494981321803,0.01576655870065249,0.7691494981321804,dataset_AP,5
2707604700342100033,20240415,1,oligodendrocyte_1,oligodendrocyte_1,oligodendrocyte_progenitor_2,False,False,False,0.6011806889089878,0.6011806889089878,0.0751742712294043,0.6011806889089879,dataset_AP,5
2707604700342100102,20240415,1,microglia,microglia,oligodendrocyte_progenitor_2,False,False,False,0.5147321574024384,0.5147321574024384,0.023181927174322613,0.5147321574024384,dataset_AP,4
2707604700342100122,20240415,1,oligodendrocyte_1,oligodendrocyte_1,oligodendrocyte_progenitor_2,False,False,False,0.2943147084127583,0.2943147084127583,0.09222879684418146,0.29431470841275836,dataset_AP,2
2707604700362100146,20240415,1,meninges_1,meninges_1,microglia,False,False,False,0.5847041139644751,0.5847041139644751,0.016539353041254184,0.5847041139644751,dataset_AP,4
2707604700363100162,20240415,1,oligodendrocyte_1,oligodendrocyte_1,oligodendrocyte_progenitor_2,False,False,False,0.6998151922871918,0.6998151922871918,0.10022665250802132,0.6998151922871919,dataset_AP,4
2707604700363200032,20240415,1,oligodendrocyte_precursor_cell,oligodendrocyte_precursor_cell,oligodendrocyte_progenitor_1,False,False,False,0.9562295919638404,0.9562295919638404,0.03205106246931342,0.9562295919638405,dataset_AP,4
2707604700366100214,20240415,1,oligodendrocyte_1,oligodendrocyte_1,oligodendrocyte_2,False,False,False,0.6727376536061013,0.6727376536061013,0.10521449704142012,0.6727376536061013,dataset_AP,1
2707604700366100244,20240415,1,oligodendrocyte_1,oligodendrocyte_1,oligodendrocyte_2,False,False,False,0.5629715118635233,0.5629715118635233,0.08122987042169126,0.5629715118635233,dataset_AP,3
2707604700367100107,20240415,1,oligodendrocyte_precursor_cell,oligodendrocyte_precursor_cell,oligodendrocyte_progenitor_2,False,False,False,0.8810808888147089,0.8810808888147089,0.05377470309346102,0.8810808888147089,dataset_AP,5
2707604700388100039,20240415,1,microglia,microglia,oligodendrocyte_progenitor_2,False,False,False,0.37522160212456024,0.37522160212456024,0.029540715694561848,0.37522160212456035,dataset_AP,2
2707604800012100008,20240415,3,oligodendrocyte_1,oligodendrocyte_1,astrocyte_2,False,False,False,0.7851409139340823,0.7851409139340823,0.07215402278548089,0.7851409139340823,dataset_AP,1
2707604800014100240,20240415,3,pericyte,pericyte,endothelial,False,False,False,0.3771576477427248,0.3771576477427248,0.017168901784286397,0.3771576477427248,dataset_AP,2
2707604800034100030,20240415,3,oligodendrocyte_1,oligodendrocyte_1,oligodendrocyte_progenitor_2,False,False,False,0.290195828985539,0.290195828985539,0.07214245628637547,0.29019582898553903,dataset_AP,4
2707604800035100111,20240415,3,oligodendrocyte_1,oligodendrocyte_1,astrocyte_1,False,False,False,0.7075454879155771,0.7075454879155771,0.07214245628637547,0.7075454879155771,dataset_AP,4
2707604800035200013,20240415,3,oligodendrocyte_1,oligodendrocyte_1,pericyte,False,False,False,0.4766414698357556,0.4766414698357556,0.07215402278548089,0.4766414698357556,dataset_AP,1
2707604800036100022,20240415,3,oligodendrocyte_1,oligodendrocyte_1,oligodendrocyte_2,False,False,False,0.3947299668637215,0.3947299668637215,0.07214245628637547,0.3947299668637216,dataset_AP,4
2707604800039100009,20240415,2,oligodendrocyte_progenitor_2,oligodendrocyte_progenitor_2,oligodendrocyte_2,False,False,False,0.7373659244402421,0.7373659244402421,0.20749683009298392,0.7373659244402421,dataset_AP,2
2707604800056100070,20240415,3,pericyte,pericyte,astrocyte_1,False,False,False,0.4872763913689511,0.4872763913689511,0.017168901784286397,0.4872763913689513,dataset_AP,2
2707604800061100128,20240415,2,oligodendrocyte_1,oligodendrocyte_1,oligodendrocyte_2,False,False,False,0.5436808155645132,0.5436808155645132,0.06532717775321326,0.5436808155645131,dataset_AP,3
2707604800078100099,20240415,2,astrocyte_1,astrocyte_1,astrocyte_2,False,False,False,0.504049954980314,0.504049954980314,0.166220531605147,0.504049954980314,dataset_AP,2
2707604800080200033,20240415,2,oligodendrocyte_precursor_cell,oligodendrocyte_precursor_cell,oligodendrocyte_1,False,False,False,0.4949060719371566,0.4949060719371566,0.04194239826107958,0.4949060719371566,dataset_AP,1
2707604800099100069,20240415,2,meninges_2,meninges_2,endothelial,False,False,False,0.7981136235447368,0.7981136235447368,0.014960957926737394,0.7981136235447369,dataset_AP,5
2707604800119100064,20240415,2,oligodendrocyte_1,oligodendrocyte_1,oligodendrocyte_2,False,False,False,0.3004057458517581,0.3004057458517581,0.06799113563605472,0.3004057458517581,dataset_AP,4
2707604800119100170,20240415,2,oligodendrocyte_1,oligodendrocyte_1,oligodendrocyte_precursor_cell,False,False,False,0.28358747494072656,0.28358747494072656,0.07581360946745562,0.28358747494072656,dataset_AP,2
2707604800121100064,20240415,2,microglia,microglia,oligodendrocyte_progenitor_2,False,False,False,0.7784365716294016,0.7784365716294016,0.019606228237544213,0.7784365716294016,dataset_AP,4
2707604800139100019,20240415,2,oligodendrocyte_2,oligodendrocyte_2,endothelial,False,False,False,0.9471966426739544,0.9471966426739544,0.1636849414321942,0.9471966426739545,dataset_AP,1
2707604800140100064,20240415,2,oligodendrocyte_progenitor_1,oligodendrocyte_progenitor_1,oligodendrocyte_precursor_cell,False,False,False,0.7538628607772739,0.7538628607772739,0.012196594614177032,0.7538628607772739,dataset_AP,3
2707604800141100034,20240415,2,oligodendrocyte_precursor_cell,oligodendrocyte_precursor_cell,oligodendrocyte_progenitor_1,False,False,False,0.9168232245533311,0.9168232245533311,0.030360664976049594,0.9168232245533312,dataset_AP,2
2707604800141100090,20240415,2,oligodendrocyte_2,oligodendrocyte_2,microglia,False,False,False,0.3224750133433735,0.3224750133433735,0.1532299765604922,0.3224750133433734,dataset_AP,3
2707604800142100021,20240415,2,oligodendrocyte_1,oligodendrocyte_1,oligodendrocyte_progenitor_2,False,False,False,0.4483363803663328,0.4483363803663328,0.07581360946745562,0.4483363803663328,dataset_AP,2
2707604800162100101,20240415,2,peripheral_glia,peripheral_glia,oligodendrocyte_progenitor_2,False,False,False,0.9256033516226334,0.9256033516226334,0.014417206724899033,0.9256033516226332,dataset_AP,2
2707604800162100105,20240415,2,astrocyte_2,astrocyte_2,oligodendrocyte_2,False,False,False,0.488590629679613,0.488590629679613,0.09643638975845231,0.488590629679613,dataset_AP,3
2707604800162100155,20240415,2,peripheral_glia,peripheral_glia,Schwann_cell,False,False,False,0.6568070708258252,0.6568070708258252,0.014417206724899033,0.6568070708258253,dataset_AP,2
2707604800163100144,20240415,2,oligodendrocyte_progenitor_2,oligodendrocyte_progenitor_2,pericyte,False,False,False,0.6256588772783561,0.6256588772783561,0.20847879766769006,0.6256588772783561,dataset_AP,4
2707604800178200010,20240415,4,meninges_2,meninges_2,meninges_1,False,False,False,0.5737099651763213,0.5737099651763213,0.015351710756976632,0.5737099651763213,dataset_AP,2
2707604800199100173,20240415,4,oligodendrocyte_2,oligodendrocyte_2,oligodendrocyte_1,False,False,False,0.3848835687326501,0.3848835687326501,0.1589269117025771,0.3848835687326501,dataset_AP,5
2707604800221100102,20240415,4,astrocyte_2,astrocyte_2,pericyte,False,False,False,0.6648228793465819,0.6648228793465819,0.08212082805238699,0.664822879346582,dataset_AP,4
2707604800222100025,20240415,4,peripheral_glia,peripheral_glia,Schwann_cell,False,False,False,0.9724747034743112,0.9724747034743112,0.014403605126038587,0.9724747034743113,dataset_AP,5
2707604800240100095,20240415,4,meninges_3,meninges_3,oligodendrocyte_progenitor_2,False,False,False,0.40037877438645636,0.40037877438645636,0.0008449514152936207,0.40037877438645636,dataset_AP,4
2707604800283200132,20240415,4,endothelial,endothelial,astrocyte_2,False,False,False,0.5699757115499887,0.5699757115499887,0.09458949443740318,0.5699757115499887,dataset_AP,4
2707604800301100018,20240415,1,Schwann_cell,Schwann_cell,peripheral_glia,False,False,False,0.9056992837505139,0.9056992837505139,0.016177298971975777,0.9056992837505139,dataset_AP,5
2707604800322200138,20240415,1,peripheral_glia,peripheral_glia,Schwann_cell,False,False,False,0.9841817583202198,0.9841817583202198,0.013503803888419272,0.9841817583202198,dataset_AP,1
2707604800340100075,20240415,1,meninges_1,meninges_1,oligodendrocyte_progenitor_2,False,False,False,0.8052510510018275,0.8052510510018275,0.02400190114068441,0.8052510510018273,dataset_AP,5
2707604800340100190,20240415,1,astrocyte_2,astrocyte_2,astrocyte_1,False,False,False,0.6946604221160325,0.6946604221160325,0.021057812683908106,0.6946604221160325,dataset_AP,3
2707604800341100216,20240415,1,oligodendrocyte_1,oligodendrocyte_1,oligodendrocyte_progenitor_2,False,False,False,0.52055392905545,0.52055392905545,0.10521449704142012,0.52055392905545,dataset_AP,1
2707604800342100056,20240415,1,oligodendrocyte_1,oligodendrocyte_1,oligodendrocyte_progenitor_2,False,False,False,0.4118308168249457,0.4118308168249457,0.0751742712294043,0.4118308168249457,dataset_AP,5
2707604800361100084,20240415,1,pericyte,pericyte,endothelial,False,False,False,0.959099461441747,0.959099461441747,0.008041131215425275,0.959099461441747,dataset_AP,3
2707604800361100143,20240415,1,endothelial,endothelial,oligodendrocyte_progenitor_2,False,False,False,0.6855458345194212,0.6855458345194212,0.08911097409196268,0.6855458345194212,dataset_AP,4
2707604800361100161,20240415,1,astrocyte_2,astrocyte_2,astrocyte_1,False,False,False,0.8669128051169377,0.8669128051169377,0.035514229360383204,0.8669128051169378,dataset_AP,2
2707604800361100189,20240415,1,oligodendrocyte_1,oligodendrocyte_1,oligodendrocyte_progenitor_2,False,False,False,0.6986961838366862,0.6986961838366862,0.09222879684418146,0.6986961838366863,dataset_AP,2
2707604800362100014,20240415,1,astrocyte_1,astrocyte_1,endothelial,False,False,False,0.4430776464357909,0.4430776464357909,0.2304469568892646,0.4430776464357909,dataset_AP,1
2707604800362100074,20240415,1,ependymal,ependymal,astrocyte_1,False,False,False,0.22944444024274485,0.22944444024274485,0.0004567304947533084,0.22944444024274488,dataset_AP,4
2707604800381100171,20240415,1,astrocyte_1,astrocyte_1,oligodendrocyte_progenitor_2,False,False,False,0.7511959065943945,0.7511959065943945,0.2304469568892646,0.7511959065943945,dataset_AP,1
2707604800384100110,20240415,1,endothelial,endothelial,oligodendrocyte_progenitor_2,False,False,False,0.6993481806109393,0.6993481806109393,0.08911097409196268,0.6993481806109393,dataset_AP,4
2707604800402100006,20240415,1,Schwann_cell,Schwann_cell,oligodendrocyte_progenitor_2,False,False,False,0.5589918469832892,0.5589918469832892,0.022197802197802197,0.5589918469832892,dataset_AP,2
2707604800402200006,20240415,1,astrocyte_2,astrocyte_2,oligodendrocyte_1,False,False,False,0.34748040221291565,0.34748040221291565,0.021057812683908106,0.3474804022129157,dataset_AP,3
2707604800403100232,20240415,1,endothelial,endothelial,oligodendrocyte_1,False,False,False,0.41796797187641815,0.41796797187641815,0.10120597351366581,0.41796797187641815,dataset_AP,2
2707604800406100019,20240415,1,peripheral_glia,peripheral_glia,oligodendrocyte_progenitor_2,False,False,False,0.5338479873381996,0.5338479873381996,0.008059310895179082,0.5338479873381996,dataset_AP,5
2707604800424100111,20240415,1,oligodendrocyte_2,oligodendrocyte_2,oligodendrocyte_1,False,False,False,0.748048808153942,0.748048808153942,0.12388219969018449,0.7480488081539419,dataset_AP,5
2707737900007100130,20240415,3,oligodendrocyte_1,oligodendrocyte_1,oligodendrocyte_2,False,False,False,0.5480292720825889,0.5480292720825889,0.05625139789756207,0.5480292720825889,dataset_AP,5
2707737900007100164,20240415,3,oligodendrocyte_2,oligodendrocyte_2,oligodendrocyte_progenitor_2,False,False,False,0.5886804078516071,0.5886804078516071,0.0710556411913878,0.5886804078516072,dataset_AP,3
2707737900008100185,20240415,3,oligodendrocyte_1,oligodendrocyte_1,oligodendrocyte_progenitor_2,False,False,False,0.5074418114292613,0.5074418114292613,0.07214245628637547,0.5074418114292613,dataset_AP,4
2707737900021100021,20240415,3,oligodendrocyte_1,oligodendrocyte_1,oligodendrocyte_progenitor_2,False,False,False,0.3610241021929443,0.3610241021929443,0.07214245628637547,0.3610241021929443,dataset_AP,4
2707737900021100079,20240415,3,oligodendrocyte_progenitor_1,oligodendrocyte_progenitor_1,oligodendrocyte_progenitor_2,False,False,False,0.7719075600766367,0.7719075600766367,0.004848093083387201,0.7719075600766367,dataset_AP,3
2707737900021100138,20240415,3,oligodendrocyte_precursor_cell,oligodendrocyte_precursor_cell,oligodendrocyte_progenitor_2,False,False,False,0.3297691974552345,0.3297691974552345,0.025640547727329207,0.3297691974552345,dataset_AP,5
2707737900021100149,20240415,3,pericyte,pericyte,oligodendrocyte_1,False,False,False,0.4882404532993724,0.4882404532993724,0.018960961983491918,0.48824045329937243,dataset_AP,4
2707737900021200044,20240415,3,ependymal,ependymal,oligodendrocyte_progenitor_2,False,False,False,0.8042590120447725,0.8042590120447725,0.030405825194463082,0.8042590120447727,dataset_AP,5
2707737900034100153,20240415,2,astrocyte_2,astrocyte_2,astrocyte_1,False,False,False,0.9752682991582737,0.9752682991582737,0.1087747722363107,0.9752682991582735,dataset_AP,2
2707737900034100174,20240415,2,oligodendrocyte_1,oligodendrocyte_1,oligodendrocyte_2,False,False,False,0.4301789806525935,0.4301789806525935,0.06799113563605472,0.4301789806525935,dataset_AP,4
2707737900035100070,20240415,2,astrocyte_1,astrocyte_1,astrocyte_2,False,False,False,0.4829896456970762,0.4829896456970762,0.17169052418418437,0.4829896456970762,dataset_AP,3
2707737900036100042,20240415,2,oligodendrocyte_progenitor_2,oligodendrocyte_progenitor_2,astrocyte_2,False,False,False,0.9972888963076522,0.9972888963076522,0.19325672918234202,0.9972888963076522,dataset_AP,3
2707737900047100154,20240415,2,astrocyte_2,astrocyte_2,astrocyte_1,False,False,False,0.3495101840372018,0.3495101840372018,0.11188262287163386,0.3495101840372018,dataset_AP,1
2707737900048100136,20240415,2,oligodendrocyte_1,oligodendrocyte_1,pericyte,False,False,False,0.4352957703289846,0.4352957703289846,0.07440828402366864,0.4352957703289846,dataset_AP,1
2707737900048100169,20240415,2,meninges_3,meninges_3,oligodendrocyte_1,False,False,False,0.3416340996105429,0.3416340996105429,0.004127458903452141,0.341634099610543,dataset_AP,3
2707737900059100053,20240415,2,oligodendrocyte_progenitor_1,oligodendrocyte_progenitor_1,endothelial,False,False,False,0.9093687418225954,0.9093687418225954,0.004830254751326528,0.9093687418225954,dataset_AP,4
2707737900059100120,20240415,2,oligodendrocyte_progenitor_2,oligodendrocyte_progenitor_2,oligodendrocyte_1,False,False,False,0.535344624783899,0.535344624783899,0.20749683009298392,0.5353446247838991,dataset_AP,2
2707737900060100041,20240415,2,oligodendrocyte_progenitor_2,oligodendrocyte_progenitor_2,oligodendrocyte_1,False,False,False,0.5002761834130139,0.5002761834130139,0.19325672918234202,0.5002761834130139,dataset_AP,3
2707737900060100148,20240415,2,endothelial,endothelial,pericyte,False,False,False,0.6726296604997933,0.6726296604997933,0.1020278833967047,0.6726296604997933,dataset_AP,5
2707737900063100016,20240415,2,oligodendrocyte_progenitor_1,oligodendrocyte_progenitor_1,oligodendrocyte_precursor_cell,False,False,False,0.8671385487110703,0.8671385487110703,0.00808913308913309,0.8671385487110701,dataset_AP,2
2707737900074100236,20240415,2,oligodendrocyte_precursor_cell,oligodendrocyte_precursor_cell,astrocyte_1,False,False,False,0.7664422534470784,0.7664422534470784,0.030360664976049594,0.7664422534470784,dataset_AP,2
2707737900086100089,20240415,2,pericyte,pericyte,astrocyte_1,False,False,False,0.6204578270506833,0.6204578270506833,0.01882320975727569,0.6204578270506833,dataset_AP,1
2707737900088100010,20240415,2,astrocyte_1,astrocyte_1,oligodendrocyte_1,False,False,False,0.6508691936993788,0.6508691936993788,0.14396507940865602,0.6508691936993788,dataset_AP,4
2707737900088200103,20240415,2,astrocyte_1,astrocyte_1,oligodendrocyte_progenitor_2,False,False,False,0.4512084543742994,0.4512084543742994,0.14396507940865602,0.4512084543742993,dataset_AP,4
2707737900095100022,20240415,2,meninges_1,meninges_1,meninges_2,False,False,False,0.711048568147627,0.711048568147627,0.012084873301603339,0.7110485681476268,dataset_AP,5
2707737900095200015,20240415,2,pericyte,pericyte,meninges_2,False,False,False,0.8222610306400053,0.8222610306400053,0.018300342819573587,0.8222610306400053,dataset_AP,2
2707737900096100070,20240415,2,endothelial,endothelial,meninges_2,False,False,False,0.3944758191041764,0.3944758191041764,0.12157270737152394,0.3944758191041763,dataset_AP,3
2707737900098100134,20240415,2,meninges_3,meninges_3,astrocyte_1,False,False,False,0.4266185156973595,0.4266185156973595,0.004127458903452141,0.4266185156973595,dataset_AP,3
2707737900099100117,20240415,2,peripheral_glia,peripheral_glia,oligodendrocyte_precursor_cell,False,False,False,0.8779064357469083,0.8779064357469083,0.01804384884232793,0.8779064357469084,dataset_AP,5
2707737900099100232,20240415,2,astrocyte_2,astrocyte_2,astrocyte_1,False,False,False,0.375936530938487,0.375936530938487,0.09140117042548032,0.375936530938487,dataset_AP,4
2707737900101100037,20240415,2,oligodendrocyte_1,oligodendrocyte_1,astrocyte_1,False,False,False,0.35178690263511864,0.35178690263511864,0.07440828402366864,0.35178690263511864,dataset_AP,1
2707737900103100028,20240415,2,oligodendrocyte_2,oligodendrocyte_2,astrocyte_2,False,False,False,0.8293129391493772,0.8293129391493772,0.16027635229156142,0.829312939149377,dataset_AP,5
2707737900110100007,20240415,2,astrocyte_1,astrocyte_1,astrocyte_2,False,False,False,0.31557415907805986,0.31557415907805986,0.14396507940865602,0.3155741590780598,dataset_AP,4
2707737900112100022,20240415,2,astrocyte_2,astrocyte_2,endothelial,False,False,False,0.6773941505029211,0.6773941505029211,0.11188262287163386,0.6773941505029211,dataset_AP,1
2707737900112100028,20240415,2,oligodendrocyte_1,oligodendrocyte_1,endothelial,False,False,False,0.31736072856124375,0.31736072856124375,0.07440828402366864,0.31736072856124375,dataset_AP,1
2707737900113100018,20240415,2,endothelial,endothelial,oligodendrocyte_progenitor_2,False,False,False,0.3274448798955209,0.3274448798955209,0.1020278833967047,0.32744487989552096,dataset_AP,5
2707737900120100135,20240415,4,oligodendrocyte_2,oligodendrocyte_2,oligodendrocyte_progenitor_2,False,False,False,0.5452691802472986,0.5452691802472986,0.1589269117025771,0.5452691802472986,dataset_AP,5
2707737900133100223,20240415,4,pericyte,pericyte,oligodendrocyte_progenitor_2,False,False,False,0.29543796785001813,0.29543796785001813,0.01598942769040277,0.29543796785001813,dataset_AP,3
2707737900134100140,20240415,4,oligodendrocyte_progenitor_2,oligodendrocyte_progenitor_2,oligodendrocyte_1,False,False,False,0.38329811295188254,0.38329811295188254,0.19548652863929136,0.38329811295188254,dataset_AP,3
2707737900144100133,20240415,4,oligodendrocyte_2,oligodendrocyte_2,oligodendrocyte_progenitor_2,False,False,False,0.8393802957919866,0.8393802957919866,0.13355874894336434,0.8393802957919866,dataset_AP,1
2707737900144100209,20240415,4,oligodendrocyte_1,oligodendrocyte_1,oligodendrocyte_progenitor_2,False,False,False,0.4458479473912724,0.4458479473912724,0.0588339670468948,0.4458479473912724,dataset_AP,5
2707737900147100189,20240415,4,meninges_3,meninges_3,meninges_2,False,False,False,0.8946152618604748,0.8946152618604748,0.0008449514152936207,0.8946152618604746,dataset_AP,4
2707737900147100238,20240415,4,oligodendrocyte_precursor_cell,oligodendrocyte_precursor_cell,oligodendrocyte_progenitor_2,False,False,False,0.8003557064099944,0.8003557064099944,0.024957048303055906,0.8003557064099944,dataset_AP,5
2726542200027100086,20240422,3,pericyte,pericyte,oligodendrocyte_1,False,False,False,0.398279504018005,0.398279504018005,0.012290202404270844,0.398279504018005,dataset_AP,5
2726543700098100172,20240422,1,oligodendrocyte_1,oligodendrocyte_1,oligodendrocyte_precursor_cell,False,False,False,0.5064634033651145,0.5064634033651145,0.26738165680473375,0.5064634033651145,dataset_AP,2
2726543700099100133,20240422,1,oligodendrocyte_1,oligodendrocyte_1,oligodendrocyte_progenitor_2,False,False,False,0.4517216684831297,0.4517216684831297,0.26738165680473375,0.4517216684831297,dataset_AP,2
2726543700142100084,20240422,4,endothelial,endothelial,astrocyte_1,False,False,False,0.7961266266956578,0.7961266266956578,0.07294747218701593,0.7961266266956578,dataset_AP,4
2726543700173100052,20240422,4,oligodendrocyte_1,oligodendrocyte_1,oligodendrocyte_progenitor_2,False,False,False,0.30520451673321236,0.30520451673321236,0.1859353664087392,0.3052045167332124,dataset_AP,2
2726543700195100105,20240422,1,endothelial,endothelial,oligodendrocyte_1,False,False,False,0.42202836476228356,0.42202836476228356,0.13735324504555274,0.42202836476228356,dataset_AP,1
2726543700196100153,20240422,1,pericyte,pericyte,endothelial,False,False,False,0.3065939792387297,0.3065939792387297,0.006145101202135422,0.3065939792387297,dataset_AP,4
2726543700432100217,20240422,2,endothelial,endothelial,oligodendrocyte_1,False,False,False,0.42991379863979,0.42991379863979,0.06058044519582981,0.4299137986397901,dataset_AP,2
2726543700432100220,20240422,2,astrocyte_2,astrocyte_2,oligodendrocyte_progenitor_2,False,False,False,0.3878407463151277,0.3878407463151277,0.059655736461820104,0.38784074631512777,dataset_AP,5
2726543700433100081,20240422,2,astrocyte_2,astrocyte_2,oligodendrocyte_1,False,False,False,0.28831974016828177,0.28831974016828177,0.06464262233493002,0.2883197401682817,dataset_AP,2
2726543700434100191,20240422,2,oligodendrocyte_2,oligodendrocyte_2,oligodendrocyte_1,False,False,False,0.5078058449936798,0.5078058449936798,0.07452062107932554,0.5078058449936798,dataset_AP,3
2726543700464100188,20240422,2,pericyte,pericyte,astrocyte_1,False,False,False,0.30114946785315533,0.30114946785315533,0.0077285352010626725,0.30114946785315533,dataset_AP,1
2726543700538100148,20240422,3,oligodendrocyte_1,oligodendrocyte_1,oligodendrocyte_progenitor_2,False,False,False,0.2812051652123448,0.2812051652123448,0.16667585092118073,0.2812051652123448,dataset_AP,4
2726544200026100065,20240422,1,astrocyte_1,astrocyte_1,oligodendrocyte_progenitor_2,False,False,False,0.4189101291019463,0.4189101291019463,0.1335983408226754,0.4189101291019464,dataset_AP,4
2726544200026100175,20240422,1,astrocyte_1,astrocyte_1,endothelial,False,False,False,0.7108005834135667,0.7108005834135667,0.1335983408226754,0.7108005834135668,dataset_AP,4
2726544200048100036,20240422,1,oligodendrocyte_1,oligodendrocyte_1,oligodendrocyte_precursor_cell,False,False,False,0.3168587250491219,0.3168587250491219,0.28233305156382077,0.3168587250491219,dataset_AP,3
2726544200070100057,20240422,1,astrocyte_2,astrocyte_2,oligodendrocyte_1,False,False,False,0.779721457338756,0.779721457338756,0.029491875645721796,0.779721457338756,dataset_AP,1
2726544600027100237,20240422,1,oligodendrocyte_1,oligodendrocyte_1,oligodendrocyte_progenitor_2,False,False,False,0.28769129771837254,0.28769129771837254,0.2565019011406844,0.28769129771837254,dataset_AP,5
2726544600029100174,20240422,1,oligodendrocyte_1,oligodendrocyte_1,endothelial,False,False,False,0.31857961185975175,0.31857961185975175,0.26738165680473375,0.31857961185975175,dataset_AP,2
2726544600055100158,20240422,1,oligodendrocyte_1,oligodendrocyte_1,oligodendrocyte_progenitor_2,False,False,False,0.557275238558713,0.557275238558713,0.3143987402542536,0.5572752385587131,dataset_AP,4
2726544600056100123,20240422,1,oligodendrocyte_precursor_cell,oligodendrocyte_precursor_cell,oligodendrocyte_1,False,False,False,0.32731676777396634,0.32731676777396634,0.11722186761433229,0.32731676777396634,dataset_AP,3
2726544600107200114,20240422,1,microglia,microglia,oligodendrocyte_precursor_cell,False,False,False,0.9938248459287309,0.9938248459287309,0.009580163426317272,0.993824845928731,dataset_AP,1
2726544600108100122,20240422,1,oligodendrocyte_1,oligodendrocyte_1,oligodendrocyte_progenitor_2,False,False,False,0.2832390372038352,0.2832390372038352,0.26298487836949375,0.2832390372038352,dataset_AP,1
2726544600193200110,20240422,4,astrocyte_2,astrocyte_2,oligodendrocyte_1,False,False,False,0.2974617416641963,0.2974617416641963,0.07757114680191603,0.29746174166419637,dataset_AP,3
2726544600273200013,20240422,4,meninges_3,meninges_3,meninges_2,False,False,False,0.7418194823109807,0.7418194823109807,0.004663771242020579,0.7418194823109806,dataset_AP,1
2726544600430100022,20240422,2,oligodendrocyte_progenitor_2,oligodendrocyte_progenitor_2,microglia,False,False,False,0.3000327539506279,0.3000327539506279,0.21553019629942705,0.3000327539506279,dataset_AP,2
2726544600431100029,20240422,2,pericyte,pericyte,astrocyte_1,False,False,False,0.40936702948541864,0.40936702948541864,0.006759611322348964,0.40936702948541864,dataset_AP,4
2726544600435100028,20240422,3,astrocyte_1,astrocyte_1,endothelial,False,False,False,0.5597080603972892,0.5597080603972892,0.168326656620971,0.5597080603972893,dataset_AP,2
2726544600456100096,20240422,2,oligodendrocyte_precursor_cell,oligodendrocyte_precursor_cell,oligodendrocyte_progenitor_1,False,False,False,0.8336467616713491,0.8336467616713491,0.0783963289457795,0.8336467616713491,dataset_AP,1
2726544600457100040,20240422,2,oligodendrocyte_precursor_cell,oligodendrocyte_precursor_cell,astrocyte_1,False,False,False,0.7581661420161819,0.7581661420161819,0.07621865314173007,0.7581661420161817,dataset_AP,2
2726562700098100027,20240422,1,oligodendrocyte_progenitor_1,oligodendrocyte_progenitor_1,oligodendrocyte_1,False,False,False,0.6365391831505206,0.6365391831505206,0.007681376502669277,0.6365391831505206,dataset_AP,4
2726562700118100166,20240422,1,astrocyte_1,astrocyte_1,endothelial,False,False,False,0.5619644276246804,0.5619644276246804,0.15270029116182962,0.5619644276246804,dataset_AP,1
2726562700199100135,20240422,4,oligodendrocyte_1,oligodendrocyte_1,oligodendrocyte_progenitor_2,False,False,False,0.3903056701053096,0.3903056701053096,0.20118343195266272,0.3903056701053096,dataset_AP,1
2726562700199100138,20240422,4,oligodendrocyte_precursor_cell,oligodendrocyte_precursor_cell,oligodendrocyte_1,False,False,False,0.5575429149790135,0.5575429149790135,0.025639905015806416,0.5575429149790136,dataset_AP,5
2726562700234100209,20240422,2,oligodendrocyte_1,oligodendrocyte_1,astrocyte_1,False,False,False,0.2714725784124447,0.2714725784124447,0.16206443129520054,0.2714725784124447,dataset_AP,2
2726562700278100055,20240422,2,astrocyte_1,astrocyte_1,astrocyte_2,False,False,False,0.4870696020527459,0.4870696020527459,0.25347180292235233,0.4870696020527459,dataset_AP,1
2726562800078100055,20240422,1,pericyte,pericyte,oligodendrocyte_1,False,False,False,0.34899503064629384,0.34899503064629384,0.005635390250774866,0.34899503064629384,dataset_AP,2
2726562800098100274,20240422,1,astrocyte_2,astrocyte_2,astrocyte_1,False,False,False,0.6205792195986445,0.6205792195986445,0.027084375593009812,0.6205792195986445,dataset_AP,3
2726562800241100012,20240422,2,astrocyte_1,astrocyte_1,oligodendrocyte_progenitor_2,False,False,False,0.7283482180307115,0.7283482180307115,0.25347180292235233,0.7283482180307114,dataset_AP,1
2726562800279100145,20240422,2,astrocyte_1,astrocyte_1,oligodendrocyte_progenitor_2,False,False,False,0.6443034007189481,0.6443034007189481,0.22764941015891585,0.6443034007189481,dataset_AP,5
2787445900050100089,20240503,4,oligodendrocyte_1,oligodendrocyte_1,oligodendrocyte_progenitor_2,False,False,False,0.6656623316715528,0.6656623316715528,0.022688281222646267,0.6656623316715528,dataset_AP,3
2787445900053100072,20240503,4,oligodendrocyte_progenitor_1,oligodendrocyte_progenitor_1,oligodendrocyte_precursor_cell,False,False,False,0.9819327037919431,0.9819327037919431,0.027229755043801963,0.9819327037919429,dataset_AP,5
2787445900060100046,20240503,1,oligodendrocyte_progenitor_2,oligodendrocyte_progenitor_2,oligodendrocyte_2,False,False,False,0.5958259800257317,0.5958259800257317,0.24173706377522058,0.5958259800257316,dataset_AP,5
2787445900087100097,20240503,4,oligodendrocyte_1,oligodendrocyte_1,endothelial,False,False,False,0.5390057340964169,0.5390057340964169,0.02947755808919036,0.5390057340964168,dataset_AP,2
2787445900090100195,20240503,4,astrocyte_2,astrocyte_2,astrocyte_1,False,False,False,0.3598967152105085,0.3598967152105085,0.08272126837178911,0.3598967152105085,dataset_AP,4
2787445900094100074,20240503,1,meninges_2,meninges_2,astrocyte_2,False,False,False,0.9439209360547124,0.9439209360547124,0.02480721644219743,0.9439209360547126,dataset_AP,4
2787445900095100103,20240503,1,oligodendrocyte_2,oligodendrocyte_2,oligodendrocyte_progenitor_2,False,False,False,0.9426668824240505,0.9426668824240505,0.19236232109073553,0.9426668824240505,dataset_AP,2
2787445900096100030,20240503,1,pericyte,pericyte,astrocyte_2,False,False,False,0.9838434624406259,0.9838434624406259,0.01381141949976643,0.9838434624406259,dataset_AP,5
2787445900126100043,20240503,4,pericyte,pericyte,oligodendrocyte_progenitor_2,False,False,False,0.5287531803331271,0.5287531803331271,0.02056917441532826,0.5287531803331271,dataset_AP,1
2787445900127100087,20240503,4,oligodendrocyte_2,oligodendrocyte_2,oligodendrocyte_progenitor_2,False,False,False,0.6497608634897569,0.6497608634897569,0.16879897330431803,0.6497608634897568,dataset_AP,5
2787445900130100046,20240503,1,meninges_1,meninges_1,oligodendrocyte_progenitor_2,False,False,False,0.5248014368387229,0.5248014368387229,0.04505787172744175,0.5248014368387229,dataset_AP,5
2787445900130100076,20240503,1,oligodendrocyte_progenitor_2,oligodendrocyte_progenitor_2,meninges_1,False,False,False,0.3012621344778209,0.3012621344778209,0.23528137656866072,0.3012621344778209,dataset_AP,2
2787445900130100144,20240503,1,oligodendrocyte_1,oligodendrocyte_1,oligodendrocyte_2,False,False,False,0.5305501537740365,0.5305501537740365,0.07435943861799374,0.5305501537740366,dataset_AP,4
2787445900130200072,20240503,1,oligodendrocyte_1,oligodendrocyte_1,astrocyte_2,False,False,False,0.23712146561879796,0.23712146561879796,0.06991909189711387,0.23712146561879796,dataset_AP,2
2787445900131100077,20240503,1,oligodendrocyte_precursor_cell,oligodendrocyte_precursor_cell,astrocyte_1,False,False,False,0.33217398126437286,0.33217398126437286,0.03247479569484226,0.3321739812643729,dataset_AP,5
2787445900134100111,20240503,1,oligodendrocyte_1,oligodendrocyte_1,oligodendrocyte_progenitor_2,False,False,False,0.2798864429476374,0.2798864429476374,0.06991909189711387,0.2798864429476375,dataset_AP,1
2787445900134100265,20240503,1,meninges_3,meninges_3,oligodendrocyte_1,False,False,False,0.28640187478364826,0.28640187478364826,0.006871962005041853,0.2864018747836483,dataset_AP,4
2787445900137100055,20240503,1,oligodendrocyte_1,oligodendrocyte_1,astrocyte_2,False,False,False,0.37992036839263327,0.37992036839263327,0.06991909189711387,0.3799203683926333,dataset_AP,1
2787445900162100133,20240503,4,microglia,microglia,oligodendrocyte_progenitor_2,False,False,False,0.4930399299550898,0.4930399299550898,0.01509891442111644,0.4930399299550898,dataset_AP,4
2787445900164100094,20240503,4,meninges_1,meninges_1,oligodendrocyte_progenitor_2,False,False,False,0.4736385806337872,0.4736385806337872,0.002869646316091542,0.4736385806337872,dataset_AP,5
2787445900168100168,20240503,1,oligodendrocyte_1,oligodendrocyte_1,oligodendrocyte_progenitor_2,False,False,False,0.5244007089547322,0.5244007089547322,0.07603217871152185,0.5244007089547322,dataset_AP,3
2787445900170100224,20240503,1,pericyte,pericyte,endothelial,False,False,False,0.39435777120343257,0.39435777120343257,0.02102153907491427,0.3943577712034326,dataset_AP,1
2787445900172100084,20240503,1,oligodendrocyte_progenitor_2,oligodendrocyte_progenitor_2,oligodendrocyte_1,False,False,False,0.3796887516469272,0.3796887516469272,0.23681016912956077,0.37968875164692734,dataset_AP,4
2787445900173100034,20240503,1,oligodendrocyte_1,oligodendrocyte_1,oligodendrocyte_progenitor_2,False,False,False,0.4975622497494633,0.4975622497494633,0.07603217871152185,0.49756224974946317,dataset_AP,3
2787445900195100061,20240503,2,astrocyte_2,astrocyte_2,astrocyte_1,False,False,False,0.7781991828329793,0.7781991828329793,0.058584577815347046,0.7781991828329794,dataset_AP,1
2787445900199100016,20240503,4,oligodendrocyte_1,oligodendrocyte_1,astrocyte_1,False,False,False,0.2806575594787569,0.2806575594787569,0.022688281222646267,0.280657559478757,dataset_AP,3
2787445900200100188,20240503,4,oligodendrocyte_2,oligodendrocyte_2,oligodendrocyte_progenitor_2,False,False,False,0.9318562731986162,0.9318562731986162,0.1728607903182213,0.9318562731986162,dataset_AP,4
2787445900201100040,20240503,4,oligodendrocyte_1,oligodendrocyte_1,oligodendrocyte_2,False,False,False,0.4081766140881704,0.4081766140881704,0.03034650979266805,0.40817661408817046,dataset_AP,5
2787445900201100067,20240503,4,astrocyte_1,astrocyte_1,astrocyte_2,False,False,False,0.7649133123109532,0.7649133123109532,0.17529253523448007,0.7649133123109529,dataset_AP,1
2787445900202100061,20240503,4,microglia,microglia,endothelial,False,False,False,0.999267772948499,0.999267772948499,0.014385250616475014,0.9992677729484991,dataset_AP,3
2787445900204100037,20240503,1,oligodendrocyte_progenitor_2,oligodendrocyte_progenitor_2,astrocyte_2,False,False,False,0.3289790160956935,0.3289790160956935,0.23528137656866072,0.3289790160956935,dataset_AP,2
2787445900206100245,20240503,1,astrocyte_1,astrocyte_1,oligodendrocyte_1,False,False,False,0.645688363269355,0.645688363269355,0.16236994944219277,0.645688363269355,dataset_AP,4
2787445900206100256,20240503,1,endothelial,endothelial,astrocyte_1,False,False,False,0.5535865057601489,0.5535865057601489,0.08806595306163155,0.5535865057601489,dataset_AP,3
2787445900207100059,20240503,1,meninges_1,meninges_1,oligodendrocyte_1,False,False,False,0.5557553448605469,0.5557553448605469,0.04865411929776137,0.5557553448605469,dataset_AP,1
2787445900208100084,20240503,1,oligodendrocyte_progenitor_2,oligodendrocyte_progenitor_2,oligodendrocyte_1,False,False,False,0.5287365228582492,0.5287365228582492,0.23528137656866072,0.5287365228582492,dataset_AP,2
2787445900210100014,20240503,1,oligodendrocyte_2,oligodendrocyte_2,astrocyte_2,False,False,False,0.6754361658659448,0.6754361658659448,0.19236232109073553,0.6754361658659449,dataset_AP,2
2787445900224100054,20240503,3,astrocyte_2,astrocyte_2,oligodendrocyte_2,False,False,False,0.6503514249472117,0.6503514249472117,0.059184152466788716,0.6503514249472118,dataset_AP,5
2787445900226100204,20240503,3,endothelial,endothelial,oligodendrocyte_1,False,False,False,0.5836121913985608,0.5836121913985608,0.13385600029725134,0.5836121913985608,dataset_AP,2
2787445900231100134,20240503,2,astrocyte_2,astrocyte_2,astrocyte_1,False,False,False,0.8942864325775733,0.8942864325775733,0.05904788979306587,0.8942864325775733,dataset_AP,4
2787445900242100087,20240503,1,oligodendrocyte_progenitor_2,oligodendrocyte_progenitor_2,oligodendrocyte_1,False,False,False,0.4742519735813093,0.4742519735813093,0.23528137656866072,0.4742519735813093,dataset_AP,2
2787445900243100111,20240503,1,endothelial,endothelial,oligodendrocyte_progenitor_2,False,False,False,0.9425416467971227,0.9425416467971227,0.10018343770306094,0.9425416467971227,dataset_AP,2
2787445900243100229,20240503,1,oligodendrocyte_progenitor_2,oligodendrocyte_progenitor_2,oligodendrocyte_1,False,False,False,0.5194193684692383,0.5194193684692383,0.23528137656866072,0.5194193684692384,dataset_AP,2
2787445900244100077,20240503,1,oligodendrocyte_1,oligodendrocyte_1,oligodendrocyte_progenitor_2,False,False,False,0.36941247876271016,0.36941247876271016,0.07435943861799374,0.36941247876271016,dataset_AP,4
2787445900247100107,20240503,1,microglia,microglia,oligodendrocyte_precursor_cell,False,False,False,0.9998415466081062,0.9998415466081062,0.029518516970988454,0.9998415466081064,dataset_AP,4
2787445900248100070,20240503,1,astrocyte_1,astrocyte_1,astrocyte_2,False,False,False,0.3032727986551901,0.3032727986551901,0.15390365782830462,0.3032727986551901,dataset_AP,2
2787445900265100058,20240503,2,microglia,microglia,astrocyte_1,False,False,False,0.6462617428455928,0.6462617428455928,0.013373132914016324,0.6462617428455928,dataset_AP,4
2787445900265100127,20240503,2,Schwann_cell,Schwann_cell,peripheral_glia,False,False,False,0.9512829864062244,0.9512829864062244,0.021371844513435892,0.9512829864062246,dataset_AP,5
2787445900284100038,20240503,1,pericyte,pericyte,astrocyte_1,False,False,False,0.463974344928317,0.463974344928317,0.02102153907491427,0.463974344928317,dataset_AP,1
2787445900287100091,20240503,1,oligodendrocyte_1,oligodendrocyte_1,oligodendrocyte_progenitor_2,False,False,False,0.5282778185974871,0.5282778185974871,0.06991909189711387,0.5282778185974871,dataset_AP,1
2787445900287200061,20240503,1,microglia,microglia,astrocyte_2,False,False,False,0.9952870173606723,0.9952870173606723,0.030182263717268037,0.9952870173606724,dataset_AP,3
2787445900288100218,20240503,1,endothelial,endothelial,oligodendrocyte_progenitor_2,False,False,False,0.468001151651566,0.468001151651566,0.09511007632479634,0.468001151651566,dataset_AP,5
2787445900288100227,20240503,1,oligodendrocyte_2,oligodendrocyte_2,oligodendrocyte_progenitor_2,False,False,False,0.6279698433513019,0.6279698433513019,0.18424304888183216,0.6279698433513019,dataset_AP,4
2787445900289100088,20240503,1,oligodendrocyte_1,oligodendrocyte_1,oligodendrocyte_progenitor_2,False,False,False,0.5052593241989238,0.5052593241989238,0.06991909189711387,0.5052593241989238,dataset_AP,2
2787445900290100088,20240503,1,oligodendrocyte_2,oligodendrocyte_2,oligodendrocyte_progenitor_2,False,False,False,0.4556899631317732,0.4556899631317732,0.20370018957146113,0.45568996313177307,dataset_AP,1
2787445900290100090,20240503,1,oligodendrocyte_1,oligodendrocyte_1,oligodendrocyte_progenitor_2,False,False,False,0.6082996865735951,0.6082996865735951,0.06991909189711387,0.6082996865735951,dataset_AP,2
2787445900290100129,20240503,1,oligodendrocyte_2,oligodendrocyte_2,oligodendrocyte_progenitor_2,False,False,False,0.7018866685583158,0.7018866685583158,0.19347805452728317,0.7018866685583159,dataset_AP,5
2787445900290100144,20240503,1,oligodendrocyte_progenitor_2,oligodendrocyte_progenitor_2,endothelial,False,False,False,0.6228185975375161,0.6228185975375161,0.23766086981298734,0.6228185975375162,dataset_AP,3
2787445900290100191,20240503,1,endothelial,endothelial,pericyte,False,False,False,0.9938777601277929,0.9938777601277929,0.09511007632479634,0.993877760127793,dataset_AP,5
2787445900292100108,20240503,1,oligodendrocyte_2,oligodendrocyte_2,peripheral_glia,False,False,False,0.7619001712696486,0.7619001712696486,0.18424304888183216,0.7619001712696487,dataset_AP,4
2787445900297100021,20240503,3,oligodendrocyte_1,oligodendrocyte_1,oligodendrocyte_progenitor_2,False,False,False,0.42052067246901903,0.42052067246901903,0.09805661174482466,0.4205206724690191,dataset_AP,5
2787445900297100022,20240503,3,oligodendrocyte_1,oligodendrocyte_1,oligodendrocyte_progenitor_2,False,False,False,0.5075164436716988,0.5075164436716988,0.09805661174482466,0.5075164436716988,dataset_AP,5
2787445900298100111,20240503,3,endothelial,endothelial,oligodendrocyte_1,False,False,False,0.2925099973149522,0.2925099973149522,0.13385600029725134,0.29250999731495214,dataset_AP,2
2787445900302100036,20240503,2,oligodendrocyte_1,oligodendrocyte_1,oligodendrocyte_progenitor_2,False,False,False,0.5311027707845642,0.5311027707845642,0.07057945519483981,0.5311027707845642,dataset_AP,2
2787445900303100103,20240503,2,oligodendrocyte_precursor_cell,oligodendrocyte_precursor_cell,oligodendrocyte_progenitor_1,False,False,False,0.5798770036448396,0.5798770036448396,0.016146958454650764,0.5798770036448396,dataset_AP,1
2787445900321100057,20240503,1,oligodendrocyte_2,oligodendrocyte_2,oligodendrocyte_progenitor_2,False,False,False,0.5230370096422358,0.5230370096422358,0.20370018957146113,0.5230370096422357,dataset_AP,1
2787445900321100105,20240503,1,pericyte,pericyte,oligodendrocyte_1,False,False,False,0.9969986770403858,0.9969986770403858,0.018585390409072346,0.9969986770403858,dataset_AP,3
2787445900321100131,20240503,1,astrocyte_2,astrocyte_2,astrocyte_1,False,False,False,0.6027106884609681,0.6027106884609681,0.07264524585181456,0.6027106884609681,dataset_AP,3
2787445900322100033,20240503,1,oligodendrocyte_precursor_cell,oligodendrocyte_precursor_cell,astrocyte_1,False,False,False,0.8323082762670087,0.8323082762670087,0.028007818121886564,0.8323082762670088,dataset_AP,4
2787445900322100059,20240503,1,oligodendrocyte_progenitor_2,oligodendrocyte_progenitor_2,endothelial,False,False,False,0.7305995101012315,0.7305995101012315,0.23528137656866072,0.7305995101012315,dataset_AP,2
2787445900322100195,20240503,1,endothelial,endothelial,oligodendrocyte_progenitor_2,False,False,False,0.46064319036694046,0.46064319036694046,0.10018343770306094,0.46064319036694046,dataset_AP,2
2787445900324100101,20240503,1,pericyte,pericyte,endothelial,False,False,False,0.5695123528264681,0.5695123528264681,0.018585390409072346,0.5695123528264681,dataset_AP,3
2787445900324100313,20240503,1,microglia,microglia,oligodendrocyte_progenitor_2,False,False,False,0.9984052108647824,0.9984052108647824,0.029518516970988454,0.9984052108647825,dataset_AP,4
2787445900325100219,20240503,1,astrocyte_1,astrocyte_1,oligodendrocyte_precursor_cell,False,False,False,0.5043740174197343,0.5043740174197343,0.15391701981541347,0.5043740174197343,dataset_AP,5
2787445900327100116,20240503,1,pericyte,pericyte,endothelial,False,False,False,0.9341648667508897,0.9341648667508897,0.018585390409072346,0.9341648667508899,dataset_AP,3
2787445900327100122,20240503,1,endothelial,endothelial,oligodendrocyte_progenitor_2,False,False,False,0.48509332320893356,0.48509332320893356,0.10018343770306094,0.48509332320893345,dataset_AP,2
2787445900328100064,20240503,1,astrocyte_2,astrocyte_2,oligodendrocyte_progenitor_2,False,False,False,0.31852450438807256,0.31852450438807256,0.07120390687667617,0.3185245043880726,dataset_AP,5
2787445900328100068,20240503,1,oligodendrocyte_1,oligodendrocyte_1,oligodendrocyte_progenitor_2,False,False,False,0.5114600498287072,0.5114600498287072,0.07603217871152185,0.5114600498287071,dataset_AP,3
2787445900328100174,20240503,1,oligodendrocyte_2,oligodendrocyte_2,oligodendrocyte_progenitor_2,False,False,False,0.6870889526146846,0.6870889526146846,0.20370018957146113,0.6870889526146846,dataset_AP,1
2787445900336100117,20240503,3,oligodendrocyte_1,oligodendrocyte_1,oligodendrocyte_progenitor_2,False,False,False,0.3874411553446649,0.3874411553446649,0.09805661174482466,0.3874411553446649,dataset_AP,5
2787445900353100090,20240503,4,astrocyte_2,astrocyte_2,astrocyte_1,False,False,False,0.9537848699921789,0.9537848699921789,0.0934581366101066,0.9537848699921787,dataset_AP,2
2787445900358100017,20240503,1,astrocyte_2,astrocyte_2,oligodendrocyte_2,False,False,False,0.5211690457093929,0.5211690457093929,0.06423386486180835,0.521169045709393,dataset_AP,1
2787445900359100085,20240503,1,oligodendrocyte_1,oligodendrocyte_1,oligodendrocyte_progenitor_2,False,False,False,0.3824519616222545,0.3824519616222545,0.06991909189711387,0.3824519616222545,dataset_AP,2
2787445900359100176,20240503,1,oligodendrocyte_progenitor_2,oligodendrocyte_progenitor_2,astrocyte_1,False,False,False,0.9922607529202646,0.9922607529202646,0.23681016912956077,0.9922607529202644,dataset_AP,4
2787445900360100047,20240503,1,oligodendrocyte_progenitor_1,oligodendrocyte_progenitor_1,oligodendrocyte_precursor_cell,False,False,False,0.9207949156862819,0.9207949156862819,0.00981784655254043,0.9207949156862821,dataset_AP,1
2787445900360100061,20240503,1,oligodendrocyte_1,oligodendrocyte_1,oligodendrocyte_progenitor_2,False,False,False,0.596052747692471,0.596052747692471,0.06991909189711387,0.5960527476924711,dataset_AP,2
2787445900360100208,20240503,1,oligodendrocyte_progenitor_2,oligodendrocyte_progenitor_2,astrocyte_1,False,False,False,0.7633354057230033,0.7633354057230033,0.2284594874861751,0.7633354057230034,dataset_AP,1
2787445900362100027,20240503,1,pericyte,pericyte,astrocyte_1,False,False,False,0.823931920362544,0.823931920362544,0.02102153907491427,0.823931920362544,dataset_AP,1
2787445900362200146,20240503,1,oligodendrocyte_1,oligodendrocyte_1,oligodendrocyte_progenitor_2,False,False,False,0.5523652533676834,0.5523652533676834,0.07603217871152185,0.5523652533676834,dataset_AP,3
2787445900363100042,20240503,1,pericyte,pericyte,astrocyte_1,False,False,False,0.4974107377000138,0.4974107377000138,0.01381141949976643,0.4974107377000138,dataset_AP,5
2787445900364100130,20240503,1,peripheral_glia,peripheral_glia,astrocyte_1,False,False,False,0.9368249386745381,0.9368249386745381,0.002532068691764509,0.9368249386745382,dataset_AP,4
2787445900364100165,20240503,1,microglia,microglia,oligodendrocyte_1,False,False,False,0.6667962955136998,0.6667962955136998,0.03499117313873986,0.6667962955136998,dataset_AP,1
2787445900364100179,20240503,1,oligodendrocyte_progenitor_2,oligodendrocyte_progenitor_2,oligodendrocyte_2,False,False,False,0.8514974805778858,0.8514974805778858,0.23766086981298734,0.8514974805778858,dataset_AP,3
2787445900365100104,20240503,1,microglia,microglia,oligodendrocyte_2,False,False,False,0.4313989390995652,0.4313989390995652,0.02299421748007199,0.43139893909956534,dataset_AP,5
2787445900391100109,20240503,4,Schwann_cell,Schwann_cell,peripheral_glia,False,False,False,0.9532834672755409,0.9532834672755409,0.014521618423089739,0.9532834672755407,dataset_AP,4
2787445900396100248,20240503,1,oligodendrocyte_progenitor_1,oligodendrocyte_progenitor_1,oligodendrocyte_precursor_cell,False,False,False,0.659685155680056,0.659685155680056,0.00981784655254043,0.6596851556800561,dataset_AP,1
2787445900396100255,20240503,1,endothelial,endothelial,astrocyte_1,False,False,False,0.3740591209042729,0.3740591209042729,0.09511007632479634,0.3740591209042729,dataset_AP,5
2787445900397100094,20240503,1,oligodendrocyte_1,oligodendrocyte_1,endothelial,False,False,False,0.28451861311280713,0.28451861311280713,0.06991909189711387,0.28451861311280713,dataset_AP,1
2787445900398100118,20240503,1,astrocyte_1,astrocyte_1,pericyte,False,False,False,0.45878234735960344,0.45878234735960344,0.15390365782830462,0.45878234735960344,dataset_AP,2
2787445900400100148,20240503,1,endothelial,endothelial,oligodendrocyte_1,False,False,False,0.2559208149853858,0.2559208149853858,0.08806595306163155,0.2559208149853859,dataset_AP,3
2787445900401100112,20240503,1,oligodendrocyte_progenitor_2,oligodendrocyte_progenitor_2,astrocyte_1,False,False,False,0.9439913436753734,0.9439913436753734,0.2284594874861751,0.9439913436753732,dataset_AP,1
2787445900402100022,20240503,1,microglia,microglia,oligodendrocyte_2,False,False,False,0.9818956539192172,0.9818956539192172,0.03499117313873986,0.9818956539192172,dataset_AP,1
2787445900402100051,20240503,1,oligodendrocyte_1,oligodendrocyte_1,astrocyte_2,False,False,False,0.5253870787101813,0.5253870787101813,0.0789099010066833,0.5253870787101813,dataset_AP,5
2787445900403100045,20240503,1,meninges_2,meninges_2,meninges_1,False,False,False,0.8185396158877996,0.8185396158877996,0.02480721644219743,0.8185396158877997,dataset_AP,4
2787445900425100025,20240503,4,pericyte,pericyte,astrocyte_1,False,False,False,0.8655553527723985,0.8655553527723985,0.02056917441532826,0.8655553527723985,dataset_AP,1
2787445900426100052,20240503,4,astrocyte_2,astrocyte_2,astrocyte_1,False,False,False,0.7094366829973484,0.7094366829973484,0.06495053084312881,0.7094366829973483,dataset_AP,1
2787445900428100033,20240503,4,oligodendrocyte_2,oligodendrocyte_2,oligodendrocyte_progenitor_2,False,False,False,0.6788412483119282,0.6788412483119282,0.20019989686172562,0.6788412483119282,dataset_AP,1
2787445900432100051,20240503,1,microglia,microglia,oligodendrocyte_progenitor_2,False,False,False,0.6002968155428213,0.6002968155428213,0.030456025746449608,0.6002968155428214,dataset_AP,2
2787445900434100022,20240503,1,oligodendrocyte_1,oligodendrocyte_1,astrocyte_1,False,False,False,0.3998155060056421,0.3998155060056421,0.06991909189711387,0.399815506005642,dataset_AP,2
2787445900437100053,20240503,1,oligodendrocyte_progenitor_2,oligodendrocyte_progenitor_2,astrocyte_2,False,False,False,0.874649895199833,0.874649895199833,0.23528137656866072,0.8746498951998332,dataset_AP,2
2787445900437100077,20240503,1,oligodendrocyte_progenitor_2,oligodendrocyte_progenitor_2,oligodendrocyte_2,False,False,False,0.5700740062254781,0.5700740062254781,0.23681016912956077,0.5700740062254781,dataset_AP,4
2787445900437100097,20240503,1,oligodendrocyte_2,oligodendrocyte_2,oligodendrocyte_1,False,False,False,0.5168529559362961,0.5168529559362961,0.19236232109073553,0.516852955936296,dataset_AP,2
2787445900440100096,20240503,1,meninges_2,meninges_2,meninges_1,False,False,False,0.6053479102999493,0.6053479102999493,0.0231177638264933,0.6053479102999493,dataset_AP,3
2787445900462100125,20240503,4,oligodendrocyte_1,oligodendrocyte_1,oligodendrocyte_progenitor_2,False,False,False,0.6165049894708863,0.6165049894708863,0.022688281222646267,0.6165049894708863,dataset_AP,3
2787445900463100044,20240503,4,oligodendrocyte_1,oligodendrocyte_1,astrocyte_1,False,False,False,0.7219055643761771,0.7219055643761771,0.022688281222646267,0.7219055643761771,dataset_AP,3
2787445900463100156,20240503,4,oligodendrocyte_2,oligodendrocyte_2,oligodendrocyte_progenitor_2,False,False,False,0.39165481830637916,0.39165481830637916,0.1728607903182213,0.3916548183063792,dataset_AP,4
2787445900500100017,20240503,4,microglia,microglia,oligodendrocyte_progenitor_2,False,False,False,0.4016775668013933,0.4016775668013933,0.014385250616475014,0.4016775668013934,dataset_AP,3
2787445900502100020,20240503,4,oligodendrocyte_1,oligodendrocyte_1,oligodendrocyte_progenitor_2,False,False,False,0.47074232767421165,0.47074232767421165,0.03034650979266805,0.47074232767421165,dataset_AP,5
2787445900509100078,20240503,1,meninges_3,meninges_3,meninges_1,False,False,False,0.4380888437721722,0.4380888437721722,0.00688709848522917,0.4380888437721721,dataset_AP,5
2787445900510100083,20240503,1,oligodendrocyte_2,oligodendrocyte_2,astrocyte_2,False,False,False,0.2690235508153832,0.2690235508153832,0.20636355865396486,0.26902355081538326,dataset_AP,3
2787445900512100028,20240503,1,astrocyte_2,astrocyte_2,oligodendrocyte_progenitor_2,False,False,False,0.4554381836133041,0.4554381836133041,0.06650143855795347,0.4554381836133041,dataset_AP,2
2787445900544100110,20240503,1,meninges_1,meninges_1,meninges_2,False,False,False,0.984230906585118,0.984230906585118,0.04185139820932599,0.984230906585118,dataset_AP,2
2787445900545100063,20240503,1,astrocyte_2,astrocyte_2,oligodendrocyte_progenitor_2,False,False,False,0.7292641923727372,0.7292641923727372,0.06423386486180835,0.7292641923727373,dataset_AP,1
2787445900545200035,20240503,1,oligodendrocyte_progenitor_2,oligodendrocyte_progenitor_2,astrocyte_2,False,False,False,0.7072287487086383,0.7072287487086383,0.23766086981298734,0.7072287487086383,dataset_AP,3
2787445900548100167,20240503,1,astrocyte_2,astrocyte_2,astrocyte_1,False,False,False,0.9694446176905694,0.9694446176905694,0.06650143855795347,0.9694446176905692,dataset_AP,2
2787445900550100232,20240503,1,meninges_3,meninges_3,oligodendrocyte_1,False,False,False,0.8993680163068468,0.8993680163068468,0.00688709848522917,0.8993680163068466,dataset_AP,5
2787445900580100037,20240503,1,meninges_2,meninges_2,meninges_1,False,False,False,0.7833394895960955,0.7833394895960955,0.02480721644219743,0.7833394895960952,dataset_AP,4
2787445900580100145,20240503,1,astrocyte_2,astrocyte_2,oligodendrocyte_progenitor_2,False,False,False,0.49551363226169537,0.49551363226169537,0.07264524585181456,0.49551363226169526,dataset_AP,3
2787445900581100149,20240503,1,oligodendrocyte_progenitor_1,oligodendrocyte_progenitor_1,oligodendrocyte_precursor_cell,False,False,False,0.6964825131439885,0.6964825131439885,0.016127429815642743,0.6964825131439885,dataset_AP,4
2787445900582100058,20240503,1,oligodendrocyte_progenitor_2,oligodendrocyte_progenitor_2,oligodendrocyte_1,False,False,False,0.3980959909142681,0.3980959909142681,0.2284594874861751,0.3980959909142681,dataset_AP,1
2787445900583100201,20240503,1,oligodendrocyte_1,oligodendrocyte_1,astrocyte_1,False,False,False,0.405699743476458,0.405699743476458,0.06991909189711387,0.405699743476458,dataset_AP,2
2787445900584100022,20240503,1,pericyte,pericyte,astrocyte_2,False,False,False,0.47658202372394276,0.47658202372394276,0.02102153907491427,0.47658202372394276,dataset_AP,1
2787445900584100046,20240503,1,oligodendrocyte_2,oligodendrocyte_2,oligodendrocyte_progenitor_2,False,False,False,0.8981992082050022,0.8981992082050022,0.19347805452728317,0.8981992082050023,dataset_AP,5
2787445900585100050,20240503,1,astrocyte_1,astrocyte_1,oligodendrocyte_1,False,False,False,0.6133091777989166,0.6133091777989166,0.16236994944219277,0.6133091777989166,dataset_AP,4
2787445900585100131,20240503,1,endothelial,endothelial,astrocyte_1,False,False,False,0.9754235197948455,0.9754235197948455,0.08806595306163155,0.9754235197948458,dataset_AP,3
2787445900585100216,20240503,1,oligodendrocyte_1,oligodendrocyte_1,oligodendrocyte_progenitor_2,False,False,False,0.6061776089463213,0.6061776089463213,0.06991909189711387,0.6061776089463212,dataset_AP,1
2787445900587100057,20240503,1,oligodendrocyte_1,oligodendrocyte_1,oligodendrocyte_2,False,False,False,0.36601094876372464,0.36601094876372464,0.07435943861799374,0.3660109487637246,dataset_AP,4
2787445900588100088,20240503,1,oligodendrocyte_progenitor_2,oligodendrocyte_progenitor_2,astrocyte_2,False,False,False,0.40638824458141704,0.40638824458141704,0.23528137656866072,0.40638824458141704,dataset_AP,2
2787445900597100100,20240503,3,oligodendrocyte_1,oligodendrocyte_1,oligodendrocyte_progenitor_2,False,False,False,0.3464673707394714,0.3464673707394714,0.0851472235998604,0.3464673707394714,dataset_AP,4
2787445900597100130,20240503,3,ependymal,ependymal,oligodendrocyte_1,False,False,False,0.5731274962722278,0.5731274962722278,0.0007510679247054405,0.5731274962722278,dataset_AP,5
2787445900617100074,20240503,1,oligodendrocyte_2,oligodendrocyte_2,oligodendrocyte_progenitor_2,False,False,False,0.6787539120025615,0.6787539120025615,0.18424304888183216,0.6787539120025615,dataset_AP,4
2787445900617100165,20240503,1,astrocyte_2,astrocyte_2,oligodendrocyte_progenitor_2,False,False,False,0.4392665254797087,0.4392665254797087,0.06423386486180835,0.43926652547970857,dataset_AP,1
2787445900618100086,20240503,1,pericyte,pericyte,endothelial,False,False,False,0.39288871986857055,0.39288871986857055,0.01381141949976643,0.39288871986857055,dataset_AP,5
2787445900618100098,20240503,1,oligodendrocyte_1,oligodendrocyte_1,oligodendrocyte_progenitor_2,False,False,False,0.42099504372618246,0.42099504372618246,0.07603217871152185,0.42099504372618246,dataset_AP,3
2787445900620100087,20240503,1,oligodendrocyte_1,oligodendrocyte_1,astrocyte_1,False,False,False,0.325660200862059,0.325660200862059,0.0789099010066833,0.325660200862059,dataset_AP,5
2787445900620100233,20240503,1,endothelial,endothelial,astrocyte_1,False,False,False,0.5586013814124409,0.5586013814124409,0.10018343770306094,0.558601381412441,dataset_AP,2
2787445900623100048,20240503,1,pericyte,pericyte,endothelial,False,False,False,0.4913461903748058,0.4913461903748058,0.02102153907491427,0.4913461903748059,dataset_AP,1
2787445900625100013,20240503,1,oligodendrocyte_progenitor_2,oligodendrocyte_progenitor_2,oligodendrocyte_progenitor_1,False,False,False,0.47352324606033586,0.47352324606033586,0.2284594874861751,0.47352324606033575,dataset_AP,1
2787445900625100100,20240503,1,oligodendrocyte_progenitor_2,oligodendrocyte_progenitor_2,oligodendrocyte_2,False,False,False,0.4358199310704204,0.4358199310704204,0.23528137656866072,0.4358199310704204,dataset_AP,2
2787445900634100017,20240503,3,meninges_1,meninges_1,oligodendrocyte_progenitor_2,False,False,False,0.2695097379818609,0.2695097379818609,0.005016116596843562,0.2695097379818609,dataset_AP,2
2787445900645100103,20240503,2,meninges_2,meninges_2,meninges_1,False,False,False,0.5849236752133921,0.5849236752133921,0.011732421716026559,0.5849236752133922,dataset_AP,5
2787445900653100023,20240503,1,meninges_1,meninges_1,meninges_2,False,False,False,0.7787050767668886,0.7787050767668886,0.04185139820932599,0.7787050767668887,dataset_AP,2
2787445900654100050,20240503,1,pericyte,pericyte,oligodendrocyte_progenitor_2,False,False,False,0.6479057014180524,0.6479057014180524,0.018585390409072346,0.6479057014180525,dataset_AP,3
2787445900654100063,20240503,1,astrocyte_1,astrocyte_1,astrocyte_2,False,False,False,0.8028792246983507,0.8028792246983507,0.15843880522059486,0.8028792246983508,dataset_AP,1
2787445900657100072,20240503,1,endothelial,endothelial,oligodendrocyte_1,False,False,False,0.6757475675413556,0.6757475675413556,0.09111314291848044,0.6757475675413556,dataset_AP,1
2787445900657100147,20240503,1,oligodendrocyte_2,oligodendrocyte_2,oligodendrocyte_progenitor_2,False,False,False,0.8498999670496361,0.8498999670496361,0.19236232109073553,0.8498999670496361,dataset_AP,2
2787445900657100164,20240503,1,astrocyte_1,astrocyte_1,oligodendrocyte_progenitor_2,False,False,False,0.4167037956233358,0.4167037956233358,0.1480258721399603,0.4167037956233358,dataset_AP,3
2787445900657100203,20240503,1,oligodendrocyte_precursor_cell,oligodendrocyte_precursor_cell,oligodendrocyte_progenitor_2,False,False,False,0.33463216159391734,0.33463216159391734,0.03247479569484226,0.33463216159391734,dataset_AP,5
2787445900658100034,20240503,1,oligodendrocyte_progenitor_2,oligodendrocyte_progenitor_2,oligodendrocyte_1,False,False,False,0.4496604784903903,0.4496604784903903,0.24173706377522058,0.4496604784903903,dataset_AP,5
2787445900659100089,20240503,1,oligodendrocyte_1,oligodendrocyte_1,pericyte,False,False,False,0.3114170871053236,0.3114170871053236,0.0789099010066833,0.3114170871053236,dataset_AP,5
2787445900659100212,20240503,1,oligodendrocyte_1,oligodendrocyte_1,endothelial,False,False,False,0.5542922852333347,0.5542922852333347,0.06991909189711387,0.5542922852333347,dataset_AP,1
2787445900660100194,20240503,1,oligodendrocyte_progenitor_2,oligodendrocyte_progenitor_2,endothelial,False,False,False,0.3662547255569825,0.3662547255569825,0.24173706377522058,0.36625472555698246,dataset_AP,5
2787445900660100214,20240503,1,oligodendrocyte_1,oligodendrocyte_1,oligodendrocyte_progenitor_2,False,False,False,0.5320260052297454,0.5320260052297454,0.07603217871152185,0.5320260052297454,dataset_AP,3
2787445900661100019,20240503,1,oligodendrocyte_precursor_cell,oligodendrocyte_precursor_cell,oligodendrocyte_2,False,False,False,0.5399924954517534,0.5399924954517534,0.03247479569484226,0.5399924954517534,dataset_AP,5
2787445900681100180,20240503,2,oligodendrocyte_1,oligodendrocyte_1,oligodendrocyte_progenitor_2,False,False,False,0.5023672111651639,0.5023672111651639,0.08405401304809589,0.5023672111651639,dataset_AP,3
2787445900682100128,20240503,2,oligodendrocyte_1,oligodendrocyte_1,oligodendrocyte_2,False,False,False,0.4314067478643049,0.4314067478643049,0.09013848676178184,0.4314067478643049,dataset_AP,5
2787445900687100090,20240503,4,oligodendrocyte_2,oligodendrocyte_2,oligodendrocyte_precursor_cell,False,False,False,0.6390915169905701,0.6390915169905701,0.20018806864505545,0.6390915169905701,dataset_AP,3
2787445900692200021,20240503,1,pericyte,pericyte,oligodendrocyte_2,False,False,False,0.9064879774997476,0.9064879774997476,0.018585390409072346,0.9064879774997476,dataset_AP,3
2787445900695100107,20240503,1,astrocyte_1,astrocyte_1,astrocyte_2,False,False,False,0.8233064329038373,0.8233064329038373,0.16236994944219277,0.8233064329038374,dataset_AP,4
2787445900696100046,20240503,1,astrocyte_2,astrocyte_2,astrocyte_1,False,False,False,0.3899288751666656,0.3899288751666656,0.06423386486180835,0.3899288751666656,dataset_AP,1
2787445900698100019,20240503,1,microglia,microglia,oligodendrocyte_1,False,False,False,0.2807233051979378,0.2807233051979378,0.03499117313873986,0.2807233051979378,dataset_AP,1
2787445900698100134,20240503,1,oligodendrocyte_1,oligodendrocyte_1,oligodendrocyte_2,False,False,False,0.5397092396977367,0.5397092396977367,0.06991909189711387,0.5397092396977367,dataset_AP,2
2787445900700100017,20240503,1,meninges_2,meninges_2,meninges_3,False,False,False,0.7634144176685163,0.7634144176685163,0.0231177638264933,0.7634144176685163,dataset_AP,3
2787445900715100150,20240503,2,oligodendrocyte_1,oligodendrocyte_1,astrocyte_1,False,False,False,0.323393889644105,0.323393889644105,0.09190228571202949,0.323393889644105,dataset_AP,4
2787445900715100162,20240503,2,oligodendrocyte_progenitor_1,oligodendrocyte_progenitor_1,astrocyte_1,False,False,False,0.3135828266200689,0.3135828266200689,0.012197532586830385,0.3135828266200689,dataset_AP,5
2787445900716100043,20240503,2,oligodendrocyte_1,oligodendrocyte_1,oligodendrocyte_progenitor_2,False,False,False,0.6252293463068926,0.6252293463068926,0.08405401304809589,0.6252293463068926,dataset_AP,3
2787445900717100055,20240503,2,astrocyte_2,astrocyte_2,astrocyte_1,False,False,False,0.4955978326731696,0.4955978326731696,0.05904788979306587,0.4955978326731696,dataset_AP,4
2787445900718100196,20240503,2,pericyte,pericyte,endothelial,False,False,False,0.5058364198572384,0.5058364198572384,0.0024805913109537483,0.5058364198572384,dataset_AP,5
2787445900720100012,20240503,2,oligodendrocyte_1,oligodendrocyte_1,oligodendrocyte_progenitor_2,False,False,False,0.5287147324383957,0.5287147324383957,0.09190228571202949,0.5287147324383957,dataset_AP,4
2787445900723100091,20240503,4,astrocyte_1,astrocyte_1,oligodendrocyte_progenitor_2,False,False,False,0.35580452082843217,0.35580452082843217,0.14831259003849515,0.3558045208284322,dataset_AP,4
2787445900726100287,20240503,4,astrocyte_2,astrocyte_2,astrocyte_1,False,False,False,0.6932746188907627,0.6932746188907627,0.08272126837178911,0.6932746188907626,dataset_AP,4
2787445900752100090,20240503,2,oligodendrocyte_precursor_cell,oligodendrocyte_precursor_cell,oligodendrocyte_1,False,False,False,0.37071764170379656,0.37071764170379656,0.016146958454650764,0.37071764170379656,dataset_AP,1
2787445900753200023,20240503,2,oligodendrocyte_progenitor_2,oligodendrocyte_progenitor_2,oligodendrocyte_1,False,False,False,0.7978374970692284,0.7978374970692284,0.2714451886049519,0.7978374970692281,dataset_AP,3
2787445900755100112,20240503,2,meninges_1,meninges_1,oligodendrocyte_precursor_cell,False,False,False,0.4822424485294818,0.4822424485294818,0.013531067757996439,0.4822424485294818,dataset_AP,4
2787445900756100063,20240503,2,oligodendrocyte_1,oligodendrocyte_1,oligodendrocyte_progenitor_2,False,False,False,0.6240942952710188,0.6240942952710188,0.07253999561691869,0.6240942952710188,dataset_AP,1
2787445900760100107,20240503,4,endothelial,endothelial,oligodendrocyte_1,False,False,False,0.4187416235261748,0.4187416235261748,0.14402747928950607,0.4187416235261748,dataset_AP,4
2787445900760100109,20240503,4,pericyte,pericyte,astrocyte_1,False,False,False,0.38667970904191046,0.38667970904191046,0.026857763854678987,0.38667970904191057,dataset_AP,5
2787445900760200154,20240503,4,oligodendrocyte_1,oligodendrocyte_1,oligodendrocyte_progenitor_2,False,False,False,0.5337013030590517,0.5337013030590517,0.02947755808919036,0.5337013030590517,dataset_AP,2
2787445900762100145,20240503,4,oligodendrocyte_progenitor_1,oligodendrocyte_progenitor_1,astrocyte_1,False,False,False,0.8759361027031014,0.8759361027031014,0.020941322828115283,0.8759361027031012,dataset_AP,1
2787445900764100034,20240503,4,meninges_3,meninges_3,meninges_2,False,False,False,0.42770259273571903,0.42770259273571903,0.000797123976692095,0.42770259273571903,dataset_AP,5
2787445900770100037,20240503,1,astrocyte_2,astrocyte_2,astrocyte_1,False,False,False,0.43278752536212983,0.43278752536212983,0.06650143855795347,0.43278752536212983,dataset_AP,2
2787445900774200005,20240503,1,meninges_3,meninges_3,meninges_1,False,False,False,0.43270884128365006,0.43270884128365006,0.0025321264733537854,0.43270884128365006,dataset_AP,3
2787445900774200023,20240503,1,meninges_3,meninges_3,meninges_2,False,False,False,0.9172251894441018,0.9172251894441018,0.006871962005041853,0.9172251894441019,dataset_AP,4
2787445900789100118,20240503,2,oligodendrocyte_1,oligodendrocyte_1,oligodendrocyte_progenitor_2,False,False,False,0.6358176313603635,0.6358176313603635,0.07253999561691869,0.6358176313603635,dataset_AP,1
2787445900790100045,20240503,2,pericyte,pericyte,astrocyte_2,False,False,False,0.2777751877851401,0.2777751877851401,0.0024805913109537483,0.2777751877851401,dataset_AP,5
2787445900798100050,20240503,4,oligodendrocyte_1,oligodendrocyte_1,oligodendrocyte_progenitor_2,False,False,False,0.5597886832607943,0.5597886832607943,0.03034650979266805,0.5597886832607945,dataset_AP,5
2787445900803100037,20240503,1,meninges_2,meninges_2,meninges_1,False,False,False,0.8226256099247957,0.8226256099247957,0.021040707068964527,0.8226256099247958,dataset_AP,1
2787445900822100028,20240503,3,oligodendrocyte_2,oligodendrocyte_2,astrocyte_2,False,False,False,0.9655998829081307,0.9655998829081307,0.09821151950429517,0.9655998829081309,dataset_AP,5
2787445900822100202,20240503,3,pericyte,pericyte,endothelial,False,False,False,0.36749273907939095,0.36749273907939095,0.014115382809932872,0.36749273907939095,dataset_AP,5
2787445900824100123,20240503,3,astrocyte_2,astrocyte_2,oligodendrocyte_progenitor_2,False,False,False,0.4685023739412026,0.4685023739412026,0.04861948768603911,0.46850237394120264,dataset_AP,3
2787445900826100009,20240503,2,oligodendrocyte_1,oligodendrocyte_1,oligodendrocyte_progenitor_2,False,False,False,0.527934252106982,0.527934252106982,0.07057945519483981,0.527934252106982,dataset_AP,2
2787445900840100017,20240503,1,astrocyte_2,astrocyte_2,meninges_1,False,False,False,0.2805574590260735,0.2805574590260735,0.07264524585181456,0.2805574590260735,dataset_AP,3
2787445900840100059,20240503,1,endothelial,endothelial,microglia,False,False,False,0.7026573689014727,0.7026573689014727,0.09711741574859446,0.7026573689014726,dataset_AP,4
2787445900858100202,20240503,3,astrocyte_2,astrocyte_2,oligodendrocyte_progenitor_2,False,False,False,0.5194988999691051,0.5194988999691051,0.06952894949513715,0.5194988999691051,dataset_AP,2
2787445900860100172,20240503,3,astrocyte_2,astrocyte_2,oligodendrocyte_progenitor_2,False,False,False,0.5115759814570048,0.5115759814570048,0.07954482834628314,0.5115759814570047,dataset_AP,4
2787445900896100105,20240503,3,oligodendrocyte_2,oligodendrocyte_2,oligodendrocyte_progenitor_2,False,False,False,0.3950922208436866,0.3950922208436866,0.09012024082667724,0.39509222084368667,dataset_AP,1
2787445900897100196,20240503,3,oligodendrocyte_progenitor_2,oligodendrocyte_progenitor_2,oligodendrocyte_2,False,False,False,0.47835693418009495,0.47835693418009495,0.37931558501999296,0.47835693418009495,dataset_AP,3
2787445900932100014,20240503,3,microglia,microglia,oligodendrocyte_2,False,False,False,0.9497020942983402,0.9497020942983402,0.004683969802171158,0.9497020942983403,dataset_AP,4
2787445900933100079,20240503,3,oligodendrocyte_1,oligodendrocyte_1,astrocyte_1,False,False,False,0.33007683929758663,0.33007683929758663,0.0851472235998604,0.33007683929758663,dataset_AP,4
2787889600021100026,20240503,1,oligodendrocyte_precursor_cell,oligodendrocyte_precursor_cell,oligodendrocyte_2,False,False,False,0.6099193986991704,0.6099193986991704,0.028897667830163908,0.6099193986991706,dataset_AP,1
2787889600056100038,20240503,1,oligodendrocyte_progenitor_2,oligodendrocyte_progenitor_2,astrocyte_1,False,False,False,0.8164647764032468,0.8164647764032468,0.23766086981298734,0.8164647764032468,dataset_AP,3
2787889600056100086,20240503,1,oligodendrocyte_1,oligodendrocyte_1,astrocyte_1,False,False,False,0.29227441923913,0.29227441923913,0.07435943861799374,0.29227441923913,dataset_AP,4
2787889600056100182,20240503,1,oligodendrocyte_1,oligodendrocyte_1,oligodendrocyte_progenitor_2,False,False,False,0.5448096839603035,0.5448096839603035,0.07435943861799374,0.5448096839603035,dataset_AP,4
2787889600057100130,20240503,1,oligodendrocyte_2,oligodendrocyte_2,oligodendrocyte_1,False,False,False,0.712997246823164,0.712997246823164,0.19347805452728317,0.712997246823164,dataset_AP,5
2787889600058100136,20240503,1,endothelial,endothelial,oligodendrocyte_progenitor_2,False,False,False,0.27952511389602885,0.27952511389602885,0.09711741574859446,0.27952511389602885,dataset_AP,4
2787889600058100143,20240503,1,astrocyte_2,astrocyte_2,oligodendrocyte_progenitor_2,False,False,False,0.34393580330932616,0.34393580330932616,0.07264524585181456,0.34393580330932616,dataset_AP,3
2787889600060100090,20240503,1,oligodendrocyte_1,oligodendrocyte_1,oligodendrocyte_progenitor_2,False,False,False,0.6199087030301459,0.6199087030301459,0.07435943861799374,0.6199087030301459,dataset_AP,4
2787889600093100312,20240503,1,oligodendrocyte_1,oligodendrocyte_1,astrocyte_1,False,False,False,0.6213212378194048,0.6213212378194048,0.07603217871152185,0.621321237819405,dataset_AP,3
2787889600094100056,20240503,1,pericyte,pericyte,oligodendrocyte_1,False,False,False,0.6893325351865175,0.6893325351865175,0.018585390409072346,0.6893325351865175,dataset_AP,3
2787889600094100080,20240503,1,oligodendrocyte_precursor_cell,oligodendrocyte_precursor_cell,astrocyte_1,False,False,False,0.9081431842559764,0.9081431842559764,0.03247479569484226,0.9081431842559764,dataset_AP,5
2787889600095100121,20240503,1,oligodendrocyte_2,oligodendrocyte_2,oligodendrocyte_progenitor_2,False,False,False,0.9823142093904035,0.9823142093904035,0.19347805452728317,0.9823142093904035,dataset_AP,5
2787889600095100150,20240503,1,oligodendrocyte_2,oligodendrocyte_2,oligodendrocyte_1,False,False,False,0.43550209550454866,0.43550209550454866,0.20370018957146113,0.43550209550454866,dataset_AP,1
2787889600095100179,20240503,1,oligodendrocyte_2,oligodendrocyte_2,oligodendrocyte_progenitor_2,False,False,False,0.7135651406382599,0.7135651406382599,0.18424304888183216,0.7135651406382599,dataset_AP,4
2787889600097100013,20240503,1,oligodendrocyte_2,oligodendrocyte_2,oligodendrocyte_progenitor_2,False,False,False,0.772407228345192,0.772407228345192,0.18424304888183216,0.772407228345192,dataset_AP,4
2787889600097100017,20240503,1,oligodendrocyte_progenitor_2,oligodendrocyte_progenitor_2,oligodendrocyte_2,False,False,False,0.4587819416714472,0.4587819416714472,0.23766086981298734,0.4587819416714472,dataset_AP,3
2787889600097100071,20240503,1,oligodendrocyte_1,oligodendrocyte_1,oligodendrocyte_progenitor_2,False,False,False,0.3739686323733971,0.3739686323733971,0.07603217871152185,0.37396863237339706,dataset_AP,3
2787889600127100032,20240503,1,oligodendrocyte_1,oligodendrocyte_1,oligodendrocyte_progenitor_2,False,False,False,0.5549359252520509,0.5549359252520509,0.06991909189711387,0.5549359252520509,dataset_AP,2
2787889600127100176,20240503,1,endothelial,endothelial,astrocyte_1,False,False,False,0.6069816082546479,0.6069816082546479,0.09711741574859446,0.606981608254648,dataset_AP,4
2787889600128100040,20240503,1,oligodendrocyte_1,oligodendrocyte_1,oligodendrocyte_progenitor_2,False,False,False,0.6770417254393316,0.6770417254393316,0.07603217871152185,0.6770417254393317,dataset_AP,3
2787889600130100224,20240503,1,oligodendrocyte_2,oligodendrocyte_2,oligodendrocyte_1,False,False,False,0.9508186286982655,0.9508186286982655,0.19236232109073553,0.9508186286982656,dataset_AP,2
2787889600132100226,20240503,1,oligodendrocyte_1,oligodendrocyte_1,oligodendrocyte_progenitor_2,False,False,False,0.48396951766769575,0.48396951766769575,0.06991909189711387,0.4839695176676958,dataset_AP,1
2787889600160100005,20240503,4,peripheral_glia,peripheral_glia,Schwann_cell,False,False,False,0.8913484774732743,0.8913484774732743,0.007299425296522539,0.8913484774732743,dataset_AP,1
2787889600163100050,20240503,1,microglia,microglia,astrocyte_1,False,False,False,0.850904235229913,0.850904235229913,0.030456025746449608,0.850904235229913,dataset_AP,2
2787889600163100092,20240503,1,endothelial,endothelial,pericyte,False,False,False,0.9859185459821481,0.9859185459821481,0.09711741574859446,0.9859185459821481,dataset_AP,4
2787889600165100140,20240503,1,oligodendrocyte_1,oligodendrocyte_1,oligodendrocyte_progenitor_2,False,False,False,0.5922645702419732,0.5922645702419732,0.06991909189711387,0.5922645702419732,dataset_AP,1
2787889600169100065,20240503,1,oligodendrocyte_progenitor_1,oligodendrocyte_progenitor_1,astrocyte_2,False,False,False,0.5731010977059221,0.5731010977059221,0.014223978268922088,0.5731010977059221,dataset_AP,3
2787889600194100079,20240503,4,astrocyte_2,astrocyte_2,oligodendrocyte_progenitor_2,False,False,False,0.816184605743537,0.816184605743537,0.09661026274590226,0.816184605743537,dataset_AP,3
2787889600194100119,20240503,4,oligodendrocyte_1,oligodendrocyte_1,oligodendrocyte_progenitor_2,False,False,False,0.662141251311397,0.662141251311397,0.03040452532469949,0.6621412513113971,dataset_AP,1
2787889600197100027,20240503,4,astrocyte_2,astrocyte_2,oligodendrocyte_progenitor_2,False,False,False,0.9938101067854211,0.9938101067854211,0.09661026274590226,0.9938101067854211,dataset_AP,3
2787889600230100269,20240503,4,oligodendrocyte_progenitor_2,oligodendrocyte_progenitor_2,oligodendrocyte_1,False,False,False,0.9922384077040143,0.9922384077040143,0.2707638287975111,0.9922384077040144,dataset_AP,3
2787889600230100272,20240503,4,astrocyte_2,astrocyte_2,astrocyte_1,False,False,False,0.3070758725699626,0.3070758725699626,0.08272126837178911,0.30707587256996266,dataset_AP,4
2787889600231100070,20240503,4,oligodendrocyte_precursor_cell,oligodendrocyte_precursor_cell,oligodendrocyte_progenitor_1,False,False,False,0.7023740943281342,0.7023740943281342,0.041121167762818794,0.7023740943281344,dataset_AP,2
2787889600231100134,20240503,4,astrocyte_2,astrocyte_2,astrocyte_1,False,False,False,0.49161098661338626,0.49161098661338626,0.0934581366101066,0.49161098661338626,dataset_AP,2
2787889600231100319,20240503,4,oligodendrocyte_1,oligodendrocyte_1,oligodendrocyte_2,False,False,False,0.3587287515846514,0.3587287515846514,0.01759965572165936,0.3587287515846514,dataset_AP,4
2787889600231200090,20240503,4,oligodendrocyte_1,oligodendrocyte_1,oligodendrocyte_progenitor_2,False,False,False,0.520904912526157,0.520904912526157,0.03034650979266805,0.520904912526157,dataset_AP,5
2787889600243100078,20240503,1,meninges_1,meninges_1,meninges_2,False,False,False,0.9914078007883892,0.9914078007883892,0.04145621016839686,0.9914078007883893,dataset_AP,3
2787889600266100096,20240503,4,pericyte,pericyte,astrocyte_1,False,False,False,0.7200839952459203,0.7200839952459203,0.026857763854678987,0.7200839952459203,dataset_AP,5
2787889600276100013,20240503,1,meninges_2,meninges_2,meninges_1,False,False,False,0.4898794799332682,0.4898794799332682,0.0231177638264933,0.48987947993326825,dataset_AP,3
2787889600276200065,20240503,1,meninges_2,meninges_2,meninges_1,False,False,False,0.7521858937832694,0.7521858937832694,0.01823531710803281,0.7521858937832696,dataset_AP,5
2787889600277100011,20240503,1,astrocyte_2,astrocyte_2,oligodendrocyte_progenitor_2,False,False,False,0.5332056670735132,0.5332056670735132,0.07264524585181456,0.5332056670735134,dataset_AP,3
2787889600277100054,20240503,1,meninges_1,meninges_1,meninges_2,False,False,False,0.815340995762083,0.815340995762083,0.04865411929776137,0.815340995762083,dataset_AP,1
2787889600277100068,20240503,1,meninges_3,meninges_3,meninges_2,False,False,False,0.88297335916875,0.88297335916875,0.0025321264733537854,0.8829733591687497,dataset_AP,3
2787889600279100182,20240503,1,astrocyte_1,astrocyte_1,pericyte,False,False,False,0.7784293502725951,0.7784293502725951,0.1480258721399603,0.7784293502725951,dataset_AP,3
2787889600301100030,20240503,4,oligodendrocyte_1,oligodendrocyte_1,oligodendrocyte_2,False,False,False,0.4065806456459023,0.4065806456459023,0.01759965572165936,0.4065806456459023,dataset_AP,4
2787889600311100120,20240503,1,meninges_1,meninges_1,meninges_2,False,False,False,0.5481701077052049,0.5481701077052049,0.04505787172744175,0.5481701077052049,dataset_AP,5
2787889600311100164,20240503,1,Schwann_cell,Schwann_cell,astrocyte_2,False,False,False,0.44987487179828634,0.44987487179828634,0.007550272856395306,0.44987487179828634,dataset_AP,2
2787889600312100244,20240503,1,oligodendrocyte_1,oligodendrocyte_1,oligodendrocyte_progenitor_2,False,False,False,0.37533336247715343,0.37533336247715343,0.06991909189711387,0.37533336247715343,dataset_AP,2
2787889600313100231,20240503,1,endothelial,endothelial,oligodendrocyte_progenitor_2,False,False,False,0.4411907589113481,0.4411907589113481,0.09111314291848044,0.4411907589113482,dataset_AP,1
2787889600314100043,20240503,1,astrocyte_2,astrocyte_2,oligodendrocyte_progenitor_2,False,False,False,0.6786447721958734,0.6786447721958734,0.06650143855795347,0.6786447721958735,dataset_AP,2
2787889600314100106,20240503,1,oligodendrocyte_1,oligodendrocyte_1,oligodendrocyte_progenitor_2,False,False,False,0.3996109787897327,0.3996109787897327,0.07435943861799374,0.3996109787897327,dataset_AP,4
2787889600315100058,20240503,1,oligodendrocyte_2,oligodendrocyte_2,oligodendrocyte_progenitor_2,False,False,False,0.410455272596692,0.410455272596692,0.18424304888183216,0.410455272596692,dataset_AP,4
2787889600316100144,20240503,1,oligodendrocyte_1,oligodendrocyte_1,endothelial,False,False,False,0.5492242804137075,0.5492242804137075,0.06991909189711387,0.5492242804137075,dataset_AP,1
2787889600317100098,20240503,1,oligodendrocyte_1,oligodendrocyte_1,astrocyte_1,False,False,False,0.3981146909510596,0.3981146909510596,0.06991909189711387,0.3981146909510595,dataset_AP,1
2787889600317100172,20240503,1,microglia,microglia,endothelial,False,False,False,0.382960865535642,0.382960865535642,0.030456025746449608,0.382960865535642,dataset_AP,2
2787889600326100171,20240503,3,pericyte,pericyte,astrocyte_1,False,False,False,0.5211244834016393,0.5211244834016393,0.003039311595923523,0.5211244834016393,dataset_AP,3
2787889600346100131,20240503,1,meninges_3,meninges_3,meninges_2,False,False,False,0.8132488029475661,0.8132488029475661,0.00688709848522917,0.8132488029475662,dataset_AP,5
2787889600347100126,20240503,1,astrocyte_2,astrocyte_2,oligodendrocyte_progenitor_2,False,False,False,0.6240028259785965,0.6240028259785965,0.07102884441287483,0.6240028259785965,dataset_AP,4
2787889600350100266,20240503,1,oligodendrocyte_1,oligodendrocyte_1,astrocyte_1,False,False,False,0.4666536238789678,0.4666536238789678,0.07435943861799374,0.4666536238789678,dataset_AP,4
2787889600351100169,20240503,1,oligodendrocyte_1,oligodendrocyte_1,pericyte,False,False,False,0.34469300796556246,0.34469300796556246,0.07603217871152185,0.34469300796556246,dataset_AP,3
2787889600353100120,20240503,1,astrocyte_2,astrocyte_2,astrocyte_1,False,False,False,0.8492005950162418,0.8492005950162418,0.06650143855795347,0.8492005950162418,dataset_AP,2
2787889600353100134,20240503,1,oligodendrocyte_1,oligodendrocyte_1,oligodendrocyte_progenitor_2,False,False,False,0.60475810675746,0.60475810675746,0.06991909189711387,0.60475810675746,dataset_AP,2
2787889600353100141,20240503,1,oligodendrocyte_2,oligodendrocyte_2,oligodendrocyte_progenitor_2,False,False,False,0.9768926312644098,0.9768926312644098,0.19347805452728317,0.9768926312644098,dataset_AP,5
2787889600354100054,20240503,1,astrocyte_2,astrocyte_2,oligodendrocyte_progenitor_2,False,False,False,0.4092482049646789,0.4092482049646789,0.06423386486180835,0.4092482049646789,dataset_AP,1
2787889600354100180,20240503,1,oligodendrocyte_progenitor_2,oligodendrocyte_progenitor_2,astrocyte_1,False,False,False,0.3602796695071101,0.3602796695071101,0.23766086981298734,0.3602796695071101,dataset_AP,3
2787889600355100025,20240503,1,oligodendrocyte_2,oligodendrocyte_2,oligodendrocyte_progenitor_2,False,False,False,0.5691586591925825,0.5691586591925825,0.19347805452728317,0.5691586591925825,dataset_AP,5
2787889600355100079,20240503,1,astrocyte_2,astrocyte_2,oligodendrocyte_progenitor_2,False,False,False,0.4026515236620063,0.4026515236620063,0.06650143855795347,0.4026515236620064,dataset_AP,2
2787889600360100127,20240503,3,astrocyte_2,astrocyte_2,astrocyte_1,False,False,False,0.6560746806792273,0.6560746806792273,0.04861948768603911,0.6560746806792273,dataset_AP,3
2787889600360100172,20240503,3,oligodendrocyte_1,oligodendrocyte_1,oligodendrocyte_progenitor_2,False,False,False,0.44224528722994594,0.44224528722994594,0.09805661174482466,0.44224528722994594,dataset_AP,5
2787889600360100197,20240503,3,oligodendrocyte_1,oligodendrocyte_1,oligodendrocyte_progenitor_2,False,False,False,0.5154119076795887,0.5154119076795887,0.09926201715311482,0.5154119076795887,dataset_AP,3
2787889600360100223,20240503,3,astrocyte_2,astrocyte_2,endothelial,False,False,False,0.6347992927636509,0.6347992927636509,0.07476667759242328,0.634799292763651,dataset_AP,1
2787889600361100093,20240503,3,oligodendrocyte_1,oligodendrocyte_1,oligodendrocyte_progenitor_2,False,False,False,0.41792374562080015,0.41792374562080015,0.09926201715311482,0.41792374562080015,dataset_AP,3
2787889600361100107,20240503,3,astrocyte_2,astrocyte_2,astrocyte_1,False,False,False,0.634551578131555,0.634551578131555,0.059184152466788716,0.6345515781315552,dataset_AP,5
2787889600361100117,20240503,3,oligodendrocyte_1,oligodendrocyte_1,oligodendrocyte_progenitor_2,False,False,False,0.5249941732192006,0.5249941732192006,0.09926201715311482,0.5249941732192006,dataset_AP,3
2787889600362100215,20240503,3,pericyte,pericyte,oligodendrocyte_1,False,False,False,0.32911935040942836,0.32911935040942836,0.013808526661890853,0.3291193504094284,dataset_AP,4
2787889600370100102,20240503,2,meninges_1,meninges_1,meninges_2,False,False,False,0.8395206382294647,0.8395206382294647,0.01237618397381711,0.8395206382294648,dataset_AP,3
2787889600384100079,20240503,1,meninges_1,meninges_1,oligodendrocyte_progenitor_2,False,False,False,0.5393369962247915,0.5393369962247915,0.04185139820932599,0.5393369962247915,dataset_AP,2
2787889600386200022,20240503,1,endothelial,endothelial,pericyte,False,False,False,0.8931117678107524,0.8931117678107524,0.09511007632479634,0.8931117678107524,dataset_AP,5
2787889600388100023,20240503,1,endothelial,endothelial,oligodendrocyte_progenitor_2,False,False,False,0.34592647225020307,0.34592647225020307,0.09111314291848044,0.34592647225020307,dataset_AP,1
2787889600388100027,20240503,1,microglia,microglia,oligodendrocyte_progenitor_2,False,False,False,0.452460244474404,0.452460244474404,0.03499117313873986,0.452460244474404,dataset_AP,1
2787889600388100127,20240503,1,oligodendrocyte_precursor_cell,oligodendrocyte_precursor_cell,oligodendrocyte_progenitor_1,False,False,False,0.49864021046712037,0.49864021046712037,0.03247479569484226,0.49864021046712037,dataset_AP,5
2787889600388100134,20240503,1,astrocyte_2,astrocyte_2,astrocyte_1,False,False,False,0.4362160012593897,0.4362160012593897,0.07102884441287483,0.4362160012593897,dataset_AP,4
2787889600390100077,20240503,1,oligodendrocyte_1,oligodendrocyte_1,oligodendrocyte_progenitor_2,False,False,False,0.3066155051225035,0.3066155051225035,0.06991909189711387,0.3066155051225035,dataset_AP,2
2787889600396100089,20240503,3,astrocyte_2,astrocyte_2,astrocyte_1,False,False,False,0.7657437065454739,0.7657437065454739,0.06952894949513715,0.765743706545474,dataset_AP,2
2787889600396100207,20240503,3,oligodendrocyte_1,oligodendrocyte_1,oligodendrocyte_progenitor_2,False,False,False,0.34194988292758294,0.34194988292758294,0.07510241238051889,0.341949882927583,dataset_AP,2
2787889600397100193,20240503,3,astrocyte_1,astrocyte_1,oligodendrocyte_progenitor_2,False,False,False,0.34509395861490066,0.34509395861490066,0.233382786757983,0.34509395861490066,dataset_AP,1
2787889600405100262,20240503,2,oligodendrocyte_2,oligodendrocyte_2,oligodendrocyte_progenitor_2,False,False,False,0.45715815620501593,0.45715815620501593,0.16095541539328523,0.457158156205016,dataset_AP,3
2787889600405100288,20240503,2,oligodendrocyte_1,oligodendrocyte_1,astrocyte_1,False,False,False,0.3980018497027435,0.3980018497027435,0.07057945519483981,0.3980018497027435,dataset_AP,2
2787889600407100145,20240503,2,astrocyte_2,astrocyte_2,astrocyte_1,False,False,False,0.4432884640674306,0.4432884640674306,0.06262508037655967,0.4432884640674306,dataset_AP,3
2787889600410100270,20240503,2,oligodendrocyte_2,oligodendrocyte_2,oligodendrocyte_progenitor_2,False,False,False,0.5130187520092107,0.5130187520092107,0.12696363995767493,0.5130187520092108,dataset_AP,5
2787889600412100201,20240503,4,astrocyte_2,astrocyte_2,oligodendrocyte_progenitor_2,False,False,False,0.5631424126301943,0.5631424126301943,0.08272126837178911,0.5631424126301943,dataset_AP,4
2787889600414100093,20240503,4,astrocyte_2,astrocyte_2,oligodendrocyte_progenitor_2,False,False,False,0.19435364856664045,0.19435364856664045,0.06495053084312881,0.19435364856664047,dataset_AP,1
2787889600414100171,20240503,4,oligodendrocyte_2,oligodendrocyte_2,oligodendrocyte_progenitor_2,False,False,False,0.5492591243046525,0.5492591243046525,0.20018806864505545,0.5492591243046525,dataset_AP,3
2787889600414100194,20240503,4,oligodendrocyte_2,oligodendrocyte_2,oligodendrocyte_progenitor_2,False,False,False,0.49154877287770155,0.49154877287770155,0.20019989686172562,0.49154877287770155,dataset_AP,1
2787889600415100032,20240503,4,oligodendrocyte_progenitor_2,oligodendrocyte_progenitor_2,oligodendrocyte_precursor_cell,False,False,False,0.8318325905206587,0.8318325905206587,0.28415296244689536,0.8318325905206587,dataset_AP,4
2787889600422100054,20240503,1,oligodendrocyte_precursor_cell,oligodendrocyte_precursor_cell,oligodendrocyte_progenitor_1,False,False,False,0.8176489051350773,0.8176489051350773,0.028897667830163908,0.8176489051350773,dataset_AP,1
2787889600422100129,20240503,1,astrocyte_2,astrocyte_2,oligodendrocyte_2,False,False,False,0.6983708280215257,0.6983708280215257,0.07102884441287483,0.6983708280215258,dataset_AP,4
2787889600422100176,20240503,1,oligodendrocyte_1,oligodendrocyte_1,oligodendrocyte_progenitor_2,False,False,False,0.5115637839729448,0.5115637839729448,0.07603217871152185,0.5115637839729448,dataset_AP,3
2787889600442100063,20240503,2,oligodendrocyte_1,oligodendrocyte_1,oligodendrocyte_progenitor_2,False,False,False,0.5240920690941977,0.5240920690941977,0.07057945519483981,0.5240920690941977,dataset_AP,2
2787889600443100119,20240503,2,oligodendrocyte_2,oligodendrocyte_2,oligodendrocyte_progenitor_2,False,False,False,0.565453923045282,0.565453923045282,0.16095541539328523,0.565453923045282,dataset_AP,3
2787889600444100168,20240503,2,oligodendrocyte_1,oligodendrocyte_1,oligodendrocyte_progenitor_2,False,False,False,0.5215399398328386,0.5215399398328386,0.09190228571202949,0.5215399398328386,dataset_AP,4
2787889600444100248,20240503,2,oligodendrocyte_1,oligodendrocyte_1,astrocyte_1,False,False,False,0.47027724150183625,0.47027724150183625,0.07057945519483981,0.47027724150183625,dataset_AP,2
2787889600444200032,20240503,2,astrocyte_2,astrocyte_2,astrocyte_1,False,False,False,0.7278364075880663,0.7278364075880663,0.04886764882578885,0.7278364075880664,dataset_AP,5
2787889600449100032,20240503,4,oligodendrocyte_precursor_cell,oligodendrocyte_precursor_cell,endothelial,False,False,False,0.4783482753992415,0.4783482753992415,0.042412309719864066,0.4783482753992415,dataset_AP,5
2787889600450100232,20240503,4,astrocyte_1,astrocyte_1,oligodendrocyte_progenitor_2,False,False,False,0.634417235959259,0.634417235959259,0.16994825062367275,0.6344172359592589,dataset_AP,2
2787889600450100242,20240503,4,astrocyte_1,astrocyte_1,oligodendrocyte_progenitor_2,False,False,False,0.47776014154247615,0.47776014154247615,0.1753353899131932,0.47776014154247615,dataset_AP,5
2787889600450100291,20240503,4,oligodendrocyte_precursor_cell,oligodendrocyte_precursor_cell,astrocyte_1,False,False,False,0.6217735539952646,0.6217735539952646,0.042412309719864066,0.6217735539952646,dataset_AP,5
2787889600451100046,20240503,4,astrocyte_2,astrocyte_2,oligodendrocyte_progenitor_2,False,False,False,0.48807026533863,0.48807026533863,0.08272126837178911,0.48807026533863,dataset_AP,4
2787889600451100054,20240503,4,oligodendrocyte_progenitor_2,oligodendrocyte_progenitor_2,endothelial,False,False,False,0.5063307431524351,0.5063307431524351,0.27516122000882526,0.5063307431524351,dataset_AP,1
2787889600451100097,20240503,4,microglia,microglia,astrocyte_1,False,False,False,0.3722153969111631,0.3722153969111631,0.01509891442111644,0.3722153969111631,dataset_AP,4
2787889600453100017,20240503,4,oligodendrocyte_2,oligodendrocyte_2,oligodendrocyte_progenitor_2,False,False,False,0.9000625144772573,0.9000625144772573,0.16879897330431803,0.9000625144772573,dataset_AP,5
2787889600456100029,20240503,1,peripheral_glia,peripheral_glia,Schwann_cell,False,False,False,0.7191867602544013,0.7191867602544013,0.002532068691764509,0.7191867602544013,dataset_AP,4
2787889600478100002,20240503,2,oligodendrocyte_1,oligodendrocyte_1,endothelial,False,False,False,0.654326719239664,0.654326719239664,0.07253999561691869,0.654326719239664,dataset_AP,1
2787889600478100141,20240503,2,oligodendrocyte_progenitor_2,oligodendrocyte_progenitor_2,oligodendrocyte_1,False,False,False,0.6193307655965052,0.6193307655965052,0.2951269105115259,0.6193307655965052,dataset_AP,2
2787889600478100185,20240503,2,microglia,microglia,astrocyte_1,False,False,False,0.8724758996881393,0.8724758996881393,0.004030960880299842,0.8724758996881393,dataset_AP,5
2787889600478100231,20240503,2,astrocyte_2,astrocyte_2,astrocyte_1,False,False,False,0.5855129524751339,0.5855129524751339,0.05904788979306587,0.5855129524751339,dataset_AP,4
2787889600479100028,20240503,2,oligodendrocyte_progenitor_2,oligodendrocyte_progenitor_2,oligodendrocyte_2,False,False,False,0.6208208041958904,0.6208208041958904,0.2939873516796594,0.6208208041958904,dataset_AP,1
2787889600479100095,20240503,2,microglia,microglia,oligodendrocyte_progenitor_2,False,False,False,0.8376434257473571,0.8376434257473571,0.004030960880299842,0.8376434257473571,dataset_AP,5
2787889600479100206,20240503,2,oligodendrocyte_1,oligodendrocyte_1,oligodendrocyte_progenitor_2,False,False,False,0.4350764699724038,0.4350764699724038,0.08405401304809589,0.43507646997240385,dataset_AP,3
2787889600480100084,20240503,2,oligodendrocyte_2,oligodendrocyte_2,oligodendrocyte_progenitor_2,False,False,False,0.8405509269215771,0.8405509269215771,0.12696363995767493,0.8405509269215771,dataset_AP,5
2787889600480100113,20240503,2,oligodendrocyte_1,oligodendrocyte_1,oligodendrocyte_progenitor_2,False,False,False,0.6357587045115383,0.6357587045115383,0.09013848676178184,0.6357587045115384,dataset_AP,5
2787889600481100017,20240503,2,oligodendrocyte_1,oligodendrocyte_1,oligodendrocyte_progenitor_2,False,False,False,0.5931557712489703,0.5931557712489703,0.09190228571202949,0.5931557712489705,dataset_AP,4
2787889600481100192,20240503,2,oligodendrocyte_progenitor_2,oligodendrocyte_progenitor_2,oligodendrocyte_1,False,False,False,0.6835928228062368,0.6835928228062368,0.2939873516796594,0.6835928228062369,dataset_AP,1
2787889600482100155,20240503,2,oligodendrocyte_1,oligodendrocyte_1,oligodendrocyte_progenitor_2,False,False,False,0.4697722549370245,0.4697722549370245,0.09013848676178184,0.4697722549370245,dataset_AP,5
2787889600484100030,20240503,4,astrocyte_1,astrocyte_1,astrocyte_2,False,False,False,0.7164630041786092,0.7164630041786092,0.16994825062367275,0.7164630041786093,dataset_AP,2
2787889600485100060,20240503,4,pericyte,pericyte,oligodendrocyte_progenitor_2,False,False,False,0.5530061510842104,0.5530061510842104,0.02056917441532826,0.5530061510842104,dataset_AP,1
2787889600485200069,20240503,4,peripheral_glia,peripheral_glia,oligodendrocyte_2,False,False,False,0.7258587977671318,0.7258587977671318,0.007298998546577282,0.7258587977671319,dataset_AP,5
2787889600486100089,20240503,4,oligodendrocyte_progenitor_1,oligodendrocyte_progenitor_1,oligodendrocyte_precursor_cell,False,False,False,0.9920895178592578,0.9920895178592578,0.02640042883945323,0.9920895178592576,dataset_AP,2
2787889600486100113,20240503,4,oligodendrocyte_1,oligodendrocyte_1,oligodendrocyte_progenitor_2,False,False,False,0.5203586187567327,0.5203586187567327,0.03034650979266805,0.5203586187567327,dataset_AP,5
2787889600486100159,20240503,4,oligodendrocyte_progenitor_2,oligodendrocyte_progenitor_2,astrocyte_2,False,False,False,0.4498667950649908,0.4498667950649908,0.28415296244689536,0.44986679506499083,dataset_AP,4
2787889600487100105,20240503,4,oligodendrocyte_progenitor_1,oligodendrocyte_progenitor_1,oligodendrocyte_precursor_cell,False,False,False,0.826232187383081,0.826232187383081,0.027229755043801963,0.8262321873830812,dataset_AP,5
2787889600515100014,20240503,2,astrocyte_2,astrocyte_2,oligodendrocyte_1,False,False,False,0.5393694429957976,0.5393694429957976,0.04799220183835568,0.5393694429957977,dataset_AP,2
2787889600516100044,20240503,2,oligodendrocyte_2,oligodendrocyte_2,oligodendrocyte_1,False,False,False,0.7072674013175675,0.7072674013175675,0.13361967208121053,0.7072674013175675,dataset_AP,2
2787889600517100093,20240503,2,oligodendrocyte_1,oligodendrocyte_1,oligodendrocyte_progenitor_2,False,False,False,0.47234973648264883,0.47234973648264883,0.07253999561691869,0.47234973648264883,dataset_AP,1
2787889600518100141,20240503,2,oligodendrocyte_1,oligodendrocyte_1,oligodendrocyte_progenitor_2,False,False,False,0.5475149124733473,0.5475149124733473,0.09190228571202949,0.5475149124733473,dataset_AP,4
2787889600522100076,20240503,4,oligodendrocyte_precursor_cell,oligodendrocyte_precursor_cell,oligodendrocyte_progenitor_1,False,False,False,0.8004309405683188,0.8004309405683188,0.04870359442202693,0.8004309405683188,dataset_AP,1
2787889600523100074,20240503,4,astrocyte_1,astrocyte_1,astrocyte_2,False,False,False,0.47519855239768843,0.47519855239768843,0.1753353899131932,0.47519855239768843,dataset_AP,5
2787889600544100140,20240503,3,oligodendrocyte_precursor_cell,oligodendrocyte_precursor_cell,astrocyte_1,False,False,False,0.9853837575627904,0.9853837575627904,0.008174412231893212,0.9853837575627904,dataset_AP,2
2787889600545100042,20240503,3,oligodendrocyte_2,oligodendrocyte_2,oligodendrocyte_progenitor_2,False,False,False,0.7154145067706882,0.7154145067706882,0.09012024082667724,0.7154145067706882,dataset_AP,1
2787889600545100073,20240503,3,astrocyte_2,astrocyte_2,astrocyte_1,False,False,False,0.7941558599281787,0.7941558599281787,0.059184152466788716,0.7941558599281789,dataset_AP,5
2787889600581100124,20240503,3,oligodendrocyte_2,oligodendrocyte_2,oligodendrocyte_progenitor_2,False,False,False,0.9637759154440272,0.9637759154440272,0.09012024082667724,0.9637759154440273,dataset_AP,1
2787889600583100038,20240503,3,oligodendrocyte_1,oligodendrocyte_1,oligodendrocyte_progenitor_2,False,False,False,0.6954513314207803,0.6954513314207803,0.09014611761864509,0.6954513314207803,dataset_AP,1
2787889600584100100,20240503,3,meninges_2,meninges_2,endothelial,False,False,False,0.6599696923582661,0.6599696923582661,0.0031226465347807715,0.659969692358266,dataset_AP,4
2787889600617100209,20240503,3,oligodendrocyte_1,oligodendrocyte_1,oligodendrocyte_progenitor_2,False,False,False,0.45231760638195867,0.45231760638195867,0.0851472235998604,0.45231760638195867,dataset_AP,4
2787889600618200020,20240503,3,oligodendrocyte_1,oligodendrocyte_1,oligodendrocyte_progenitor_2,False,False,False,0.5580822533851212,0.5580822533851212,0.07510241238051889,0.5580822533851213,dataset_AP,2
2795103300029100113,20240610,3,pericyte,pericyte,oligodendrocyte_progenitor_1,False,False,False,0.8712340784618838,0.8712340784618838,0.003606649760495914,0.8712340784618838,dataset_AP,3
2795103300098100192,20240610,3,oligodendrocyte_1,oligodendrocyte_1,astrocyte_1,False,False,False,0.3089101331074666,0.3089101331074666,0.05112426035502959,0.3089101331074666,dataset_AP,3
2795103300108100026,20240610,1,astrocyte_2,astrocyte_2,oligodendrocyte_1,False,False,False,0.3807356676780058,0.3807356676780058,0.040817082842297965,0.3807356676780058,dataset_AP,5
2795103300120100086,20240610,4,oligodendrocyte_1,oligodendrocyte_1,astrocyte_1,False,False,False,0.47105501098271085,0.47105501098271085,0.09554048203203926,0.47105501098271085,dataset_AP,2
2795103300121100090,20240610,4,astrocyte_2,astrocyte_2,astrocyte_1,False,False,False,0.4716608396839654,0.4716608396839654,0.06565585441800059,0.4716608396839654,dataset_AP,4
2795103300125100103,20240610,2,oligodendrocyte_progenitor_2,oligodendrocyte_progenitor_2,endothelial,False,False,False,0.8916884765958675,0.8916884765958675,0.24059914444529829,0.8916884765958673,dataset_AP,2
2795103300125100241,20240610,2,endothelial,endothelial,oligodendrocyte_1,False,False,False,0.3296730411915239,0.3296730411915239,0.09316645542881284,0.32967304119152396,dataset_AP,5
2795103300131100028,20240610,3,astrocyte_2,astrocyte_2,oligodendrocyte_progenitor_2,False,False,False,0.4502678025118746,0.4502678025118746,0.11514980745749978,0.45026780251187465,dataset_AP,1
2795103300153100228,20240610,4,astrocyte_2,astrocyte_2,astrocyte_1,False,False,False,0.5873548932027064,0.5873548932027064,0.02674867131100553,0.5873548932027065,dataset_AP,3
2795103300160100024,20240610,2,oligodendrocyte_2,oligodendrocyte_2,oligodendrocyte_1,False,False,False,0.34183864988056306,0.34183864988056306,0.16539230000768465,0.3418386498805631,dataset_AP,2
2795103300160100095,20240610,2,oligodendrocyte_progenitor_2,oligodendrocyte_progenitor_2,oligodendrocyte_1,False,False,False,0.47510267206525253,0.47510267206525253,0.26851710710474896,0.47510267206525264,dataset_AP,3
2795103300162100262,20240610,2,oligodendrocyte_progenitor_2,oligodendrocyte_progenitor_2,oligodendrocyte_2,False,False,False,0.554478140537216,0.554478140537216,0.26851710710474896,0.554478140537216,dataset_AP,3
2795103300163100169,20240610,2,meninges_3,meninges_3,oligodendrocyte_progenitor_2,False,False,False,0.39547951085695937,0.39547951085695937,0.009389522602450358,0.39547951085695926,dataset_AP,5
2795103300164100027,20240610,2,oligodendrocyte_1,oligodendrocyte_1,oligodendrocyte_progenitor_2,False,False,False,0.6268595090359713,0.6268595090359713,0.1596063099253149,0.6268595090359713,dataset_AP,4
2795103300164100198,20240610,2,oligodendrocyte_progenitor_2,oligodendrocyte_progenitor_2,oligodendrocyte_1,False,False,False,0.5418590428765196,0.5418590428765196,0.25623855794958456,0.5418590428765196,dataset_AP,5
2795103300165100044,20240610,2,astrocyte_2,astrocyte_2,oligodendrocyte_progenitor_2,False,False,False,0.41936837907341934,0.41936837907341934,0.0610547810167582,0.41936837907341934,dataset_AP,5
2795103300182100065,20240610,1,oligodendrocyte_precursor_cell,oligodendrocyte_precursor_cell,oligodendrocyte_progenitor_1,False,False,False,0.5621172762943292,0.5621172762943292,0.07650898782997397,0.5621172762943292,dataset_AP,4
2795103300189100043,20240610,4,oligodendrocyte_progenitor_2,oligodendrocyte_progenitor_2,oligodendrocyte_2,False,False,False,0.6641793208575943,0.6641793208575943,0.2205956938988613,0.6641793208575945,dataset_AP,1
2795103300193100190,20240610,2,endothelial,endothelial,oligodendrocyte_progenitor_2,False,False,False,0.7272121786510812,0.7272121786510812,0.09316645542881284,0.7272121786510812,dataset_AP,5
2795103300195100284,20240610,2,astrocyte_1,astrocyte_1,oligodendrocyte_1,False,False,False,0.3422789624184272,0.3422789624184272,0.19388412708642133,0.3422789624184272,dataset_AP,4
2795103300196100077,20240610,2,peripheral_glia,peripheral_glia,oligodendrocyte_1,False,False,False,0.8028054125368548,0.8028054125368548,0.001337839740881566,0.8028054125368546,dataset_AP,5
2795103300196100110,20240610,2,astrocyte_2,astrocyte_2,oligodendrocyte_2,False,False,False,0.38928035089528257,0.38928035089528257,0.04366503609883181,0.3892803508952826,dataset_AP,3
2795103300197100230,20240610,2,pericyte,pericyte,astrocyte_1,False,False,False,0.4548161279755883,0.4548161279755883,0.0022172027216163406,0.4548161279755883,dataset_AP,3
2795103300198200066,20240610,2,oligodendrocyte_2,oligodendrocyte_2,oligodendrocyte_1,False,False,False,0.7917759805913679,0.7917759805913679,0.16532530629488804,0.7917759805913679,dataset_AP,5
2795103300219100123,20240610,1,meninges_2,meninges_2,meninges_3,False,False,False,0.9510205560609533,0.9510205560609533,0.03812341504649197,0.9510205560609533,dataset_AP,2
2795103300230100016,20240610,2,astrocyte_2,astrocyte_2,oligodendrocyte_progenitor_2,False,False,False,0.7217408807542512,0.7217408807542512,0.045068849219136,0.7217408807542514,dataset_AP,4
2795103300230100111,20240610,2,oligodendrocyte_2,oligodendrocyte_2,endothelial,False,False,False,0.6143025514671897,0.6143025514671897,0.15110667153587823,0.6143025514671897,dataset_AP,4
2795103300233100072,20240610,2,oligodendrocyte_1,oligodendrocyte_1,oligodendrocyte_progenitor_2,False,False,False,0.579017984177986,0.579017984177986,0.14618294693956738,0.5790179841779861,dataset_AP,3
2795103300233100358,20240610,2,meninges_3,meninges_3,meninges_2,False,False,False,0.8339155490480357,0.8339155490480357,0.0010740907821529077,0.8339155490480358,dataset_AP,4
2795103300267100083,20240610,2,meninges_2,meninges_2,meninges_1,False,False,False,0.581909844957893,0.581909844957893,0.010314127559785127,0.581909844957893,dataset_AP,1
2795103300268100072,20240610,2,meninges_2,meninges_2,meninges_1,False,False,False,0.6420612099413788,0.6420612099413788,0.010552499203192773,0.6420612099413789,dataset_AP,3
2795103300297100128,20240610,4,oligodendrocyte_1,oligodendrocyte_1,oligodendrocyte_progenitor_2,False,False,False,0.5574362169149922,0.5574362169149922,0.12129746983992865,0.5574362169149922,dataset_AP,5
2795103300331100022,20240610,4,oligodendrocyte_1,oligodendrocyte_1,oligodendrocyte_progenitor_2,False,False,False,0.7053728483252,0.7053728483252,0.09671042680477972,0.7053728483252,dataset_AP,4
2795103300331100141,20240610,4,pericyte,pericyte,endothelial,False,False,False,0.9127899561329145,0.9127899561329145,0.0033380796653575133,0.9127899561329145,dataset_AP,4
2795103300332100030,20240610,4,oligodendrocyte_1,oligodendrocyte_1,astrocyte_1,False,False,False,0.3932325865201603,0.3932325865201603,0.09554048203203926,0.3932325865201603,dataset_AP,2
2795103300332100065,20240610,4,astrocyte_2,astrocyte_2,astrocyte_1,False,False,False,0.5808353257469546,0.5808353257469546,0.02674867131100553,0.5808353257469547,dataset_AP,3
2795103300344100019,20240610,3,oligodendrocyte_1,oligodendrocyte_1,oligodendrocyte_progenitor_2,False,False,False,0.6683438466585813,0.6683438466585813,0.0382911428538805,0.6683438466585813,dataset_AP,4
2795103300345100017,20240610,3,oligodendrocyte_1,oligodendrocyte_1,oligodendrocyte_progenitor_2,False,False,False,0.4251001259566947,0.4251001259566947,0.040490278951817414,0.4251001259566947,dataset_AP,2
2795103300346100246,20240610,3,oligodendrocyte_1,oligodendrocyte_1,oligodendrocyte_progenitor_2,False,False,False,0.47368849614557534,0.47368849614557534,0.047337278106508875,0.47368849614557534,dataset_AP,1
2795103300366100035,20240610,4,oligodendrocyte_1,oligodendrocyte_1,oligodendrocyte_progenitor_2,False,False,False,0.43326628914885956,0.43326628914885956,0.07855539685778412,0.4332662891488596,dataset_AP,3
2795103300367100037,20240610,4,oligodendrocyte_progenitor_2,oligodendrocyte_progenitor_2,oligodendrocyte_1,False,False,False,0.5193843299556935,0.5193843299556935,0.20677317227098946,0.5193843299556935,dataset_AP,4
2795103300367100069,20240610,4,astrocyte_2,astrocyte_2,astrocyte_1,False,False,False,0.5326871617761264,0.5326871617761264,0.06496505370801806,0.5326871617761264,dataset_AP,2
2795103300377100032,20240610,2,endothelial,endothelial,astrocyte_1,False,False,False,0.3930793959122021,0.3930793959122021,0.10329173021703794,0.393079395912202,dataset_AP,4
2795103300378100099,20240610,2,oligodendrocyte_2,oligodendrocyte_2,microglia,False,False,False,0.744777761115393,0.744777761115393,0.11961115807269654,0.744777761115393,dataset_AP,1
2795103300381100107,20240610,3,oligodendrocyte_progenitor_1,oligodendrocyte_progenitor_1,oligodendrocyte_progenitor_2,False,False,False,0.9281838675108839,0.9281838675108839,0.01899529042386185,0.928183867510884,dataset_AP,2
2795103300382100107,20240610,3,oligodendrocyte_1,oligodendrocyte_1,astrocyte_1,False,False,False,0.42644768542971906,0.42644768542971906,0.040490278951817414,0.42644768542971906,dataset_AP,2
2795103300405100111,20240610,2,astrocyte_2,astrocyte_2,oligodendrocyte_progenitor_2,False,False,False,0.8153681175496391,0.8153681175496391,0.045068849219136,0.8153681175496392,dataset_AP,4
2795103300415100059,20240610,3,astrocyte_2,astrocyte_2,oligodendrocyte_precursor_cell,False,False,False,0.45857492752970197,0.45857492752970197,0.12592059740348713,0.45857492752970197,dataset_AP,4
2795103300445100084,20240610,2,oligodendrocyte_1,oligodendrocyte_1,oligodendrocyte_progenitor_2,False,False,False,0.28099159608858515,0.28099159608858515,0.15025999641384258,0.2809915960885852,dataset_AP,2
2795584800081100241,20240610,1,oligodendrocyte_1,oligodendrocyte_1,oligodendrocyte_progenitor_2,False,False,False,0.35270253081536795,0.35270253081536795,0.08465079047428456,0.35270253081536795,dataset_AP,5
2795584800086100062,20240610,4,oligodendrocyte_1,oligodendrocyte_1,oligodendrocyte_2,False,False,False,0.40518363766173165,0.40518363766173165,0.07855539685778412,0.40518363766173154,dataset_AP,3
2795584800086100203,20240610,4,oligodendrocyte_progenitor_2,oligodendrocyte_progenitor_2,oligodendrocyte_1,False,False,False,0.5014934012693723,0.5014934012693723,0.20437911057048014,0.5014934012693723,dataset_AP,2
2795584800088100011,20240610,4,meninges_3,meninges_3,oligodendrocyte_1,False,False,False,0.4287013918636293,0.4287013918636293,0.024445934260257866,0.4287013918636293,dataset_AP,3
2795584800090100014,20240610,4,pericyte,pericyte,oligodendrocyte_2,False,False,False,0.44021529356959793,0.44021529356959793,0.0031823380239669827,0.440215293569598,dataset_AP,1
2795584800100100106,20240610,3,oligodendrocyte_1,oligodendrocyte_1,oligodendrocyte_progenitor_2,False,False,False,0.5492786978711185,0.5492786978711185,0.040490278951817414,0.5492786978711186,dataset_AP,2
2795584800102100067,20240610,3,oligodendrocyte_1,oligodendrocyte_1,oligodendrocyte_2,False,False,False,0.46081944109745093,0.46081944109745093,0.0382911428538805,0.46081944109745093,dataset_AP,4
2795584800122100023,20240610,4,astrocyte_2,astrocyte_2,endothelial,False,False,False,0.2871734281579737,0.2871734281579737,0.06496505370801806,0.28717342815797364,dataset_AP,2
2795584800123100172,20240610,4,oligodendrocyte_1,oligodendrocyte_1,oligodendrocyte_progenitor_2,False,False,False,0.47053223421190726,0.47053223421190726,0.12129746983992865,0.47053223421190726,dataset_AP,5
2795584800136100096,20240610,3,oligodendrocyte_1,oligodendrocyte_1,oligodendrocyte_progenitor_2,False,False,False,0.415568861520741,0.415568861520741,0.0382911428538805,0.4155688615207409,dataset_AP,4
2795584800136100120,20240610,3,oligodendrocyte_2,oligodendrocyte_2,oligodendrocyte_1,False,False,False,0.6577274112541244,0.6577274112541244,0.169025480014491,0.6577274112541245,dataset_AP,2
2795584800139100104,20240610,3,oligodendrocyte_progenitor_2,oligodendrocyte_progenitor_2,astrocyte_2,False,False,False,0.49450484000464034,0.49450484000464034,0.3537012438111339,0.49450484000464034,dataset_AP,2
2795584800154100202,20240610,1,meninges_3,meninges_3,oligodendrocyte_progenitor_2,False,False,False,0.5429436100464957,0.5429436100464957,0.08703812484777283,0.5429436100464957,dataset_AP,1
2795584800161100313,20240610,4,meninges_3,meninges_3,meninges_2,False,False,False,0.9568569344898007,0.9568569344898007,0.013910403855482012,0.9568569344898005,dataset_AP,4
2795584800166100035,20240610,2,oligodendrocyte_precursor_cell,oligodendrocyte_precursor_cell,astrocyte_1,False,False,False,0.6750508202871012,0.6750508202871012,0.022490750107395756,0.6750508202871011,dataset_AP,3
2795584800168100157,20240610,2,pericyte,pericyte,astrocyte_1,False,False,False,0.6625622606404764,0.6625622606404764,0.002181441387396722,0.6625622606404765,dataset_AP,1
2795584800172100184,20240610,3,astrocyte_2,astrocyte_2,oligodendrocyte_progenitor_2,False,False,False,0.695311535899399,0.695311535899399,0.1376951253874331,0.695311535899399,dataset_AP,3
2795584800175100098,20240610,3,oligodendrocyte_1,oligodendrocyte_1,oligodendrocyte_progenitor_2,False,False,False,0.5267661628981023,0.5267661628981023,0.04781368821292776,0.5267661628981024,dataset_AP,5
2795584800185100100,20240610,1,astrocyte_2,astrocyte_2,oligodendrocyte_precursor_cell,False,False,False,0.7174272661345035,0.7174272661345035,0.040817082842297965,0.7174272661345035,dataset_AP,5
2795584800202100076,20240610,2,astrocyte_2,astrocyte_2,astrocyte_1,False,False,False,0.4328730408914521,0.4328730408914521,0.0610547810167582,0.4328730408914522,dataset_AP,5
2795584800203100322,20240610,2,astrocyte_2,astrocyte_2,oligodendrocyte_progenitor_2,False,False,False,0.6140253652864369,0.6140253652864369,0.05102527745207646,0.6140253652864368,dataset_AP,1
2795584800204100209,20240610,2,oligodendrocyte_1,oligodendrocyte_1,oligodendrocyte_progenitor_2,False,False,False,0.6282527090686154,0.6282527090686154,0.11520912547528517,0.6282527090686154,dataset_AP,5
2795584800222100100,20240610,1,meninges_3,meninges_3,astrocyte_2,False,False,False,0.5450117410508508,0.5450117410508508,0.054855135303404266,0.5450117410508507,dataset_AP,5
2795584800226100077,20240610,1,oligodendrocyte_2,oligodendrocyte_2,oligodendrocyte_progenitor_2,False,False,False,0.7710261802840914,0.7710261802840914,0.13752696062081696,0.7710261802840916,dataset_AP,5
2795584800226100153,20240610,1,oligodendrocyte_1,oligodendrocyte_1,oligodendrocyte_progenitor_2,False,False,False,0.5505455293998978,0.5505455293998978,0.0819376190953766,0.5505455293998976,dataset_AP,1
2795584800237100067,20240610,2,oligodendrocyte_1,oligodendrocyte_1,oligodendrocyte_progenitor_2,False,False,False,0.5007905706958921,0.5007905706958921,0.1596063099253149,0.5007905706958921,dataset_AP,4
2795584800237100106,20240610,2,oligodendrocyte_2,oligodendrocyte_2,endothelial,False,False,False,0.58881537005838,0.58881537005838,0.16532530629488804,0.58881537005838,dataset_AP,5
2795584800238200179,20240610,2,astrocyte_1,astrocyte_1,oligodendrocyte_progenitor_1,False,False,False,0.5214005673366118,0.5214005673366118,0.18747141887116667,0.5214005673366118,dataset_AP,3
2795584800241100160,20240610,2,astrocyte_2,astrocyte_2,endothelial,False,False,False,0.3041724843318795,0.3041724843318795,0.04366503609883181,0.3041724843318795,dataset_AP,3
2795584800313100072,20240610,2,microglia,microglia,oligodendrocyte_2,False,False,False,0.48255671671762257,0.48255671671762257,0.0034766722111635264,0.48255671671762257,dataset_AP,1
2795584800345100081,20240610,2,oligodendrocyte_progenitor_1,oligodendrocyte_progenitor_1,oligodendrocyte_precursor_cell,False,False,False,0.890336737044289,0.890336737044289,0.027746092099704266,0.8903367370442891,dataset_AP,5
2795584800349100151,20240610,2,oligodendrocyte_1,oligodendrocyte_1,oligodendrocyte_progenitor_2,False,False,False,0.45377735324507606,0.45377735324507606,0.1596063099253149,0.45377735324507606,dataset_AP,4
2795584800352100059,20240610,3,oligodendrocyte_1,oligodendrocyte_1,astrocyte_1,False,False,False,0.6815956914106521,0.6815956914106521,0.040490278951817414,0.6815956914106522,dataset_AP,2
2795584800353100107,20240610,3,oligodendrocyte_1,oligodendrocyte_1,oligodendrocyte_progenitor_2,False,False,False,0.4789503592354602,0.4789503592354602,0.04781368821292776,0.47895035923546025,dataset_AP,5
2795584800353100199,20240610,3,oligodendrocyte_1,oligodendrocyte_1,oligodendrocyte_progenitor_2,False,False,False,0.4765515292410979,0.4765515292410979,0.0382911428538805,0.4765515292410979,dataset_AP,4
2795584800354100043,20240610,3,oligodendrocyte_1,oligodendrocyte_1,oligodendrocyte_progenitor_2,False,False,False,0.5790489147235489,0.5790489147235489,0.047337278106508875,0.5790489147235489,dataset_AP,1
2795584800362100019,20240610,1,astrocyte_2,astrocyte_2,oligodendrocyte_precursor_cell,False,False,False,0.6676023323945204,0.6676023323945204,0.05366345812995937,0.6676023323945204,dataset_AP,3
2795584800371100068,20240610,1,oligodendrocyte_progenitor_2,oligodendrocyte_progenitor_2,oligodendrocyte_2,False,False,False,0.44287525808939154,0.44287525808939154,0.25417882365773187,0.44287525808939143,dataset_AP,3
2795584800375100070,20240610,4,pericyte,pericyte,astrocyte_1,False,False,False,0.9919857163599712,0.9919857163599712,0.0031823380239669827,0.9919857163599712,dataset_AP,1
2795584800381100069,20240610,2,oligodendrocyte_1,oligodendrocyte_1,oligodendrocyte_progenitor_2,False,False,False,0.5325040281022734,0.5325040281022734,0.15188967360183242,0.5325040281022735,dataset_AP,1
2795584800382100052,20240610,2,oligodendrocyte_1,oligodendrocyte_1,astrocyte_1,False,False,False,0.42407536115200184,0.42407536115200184,0.14618294693956738,0.42407536115200184,dataset_AP,3
2795584800382100074,20240610,2,oligodendrocyte_2,oligodendrocyte_2,oligodendrocyte_1,False,False,False,0.5424148929029108,0.5424148929029108,0.1297687180411014,0.5424148929029108,dataset_AP,3
2795584800385100149,20240610,2,oligodendrocyte_1,oligodendrocyte_1,oligodendrocyte_progenitor_2,False,False,False,0.6042180228313223,0.6042180228313223,0.15025999641384258,0.6042180228313223,dataset_AP,2
2795584800385200012,20240610,2,oligodendrocyte_1,oligodendrocyte_1,endothelial,False,False,False,0.5424474508316207,0.5424474508316207,0.11520912547528517,0.5424474508316207,dataset_AP,5
2795584800386200020,20240610,2,oligodendrocyte_progenitor_2,oligodendrocyte_progenitor_2,astrocyte_1,False,False,False,0.46832874651674355,0.46832874651674355,0.26851710710474896,0.46832874651674355,dataset_AP,3
2795584800398100095,20240610,1,oligodendrocyte_progenitor_1,oligodendrocyte_progenitor_1,oligodendrocyte_precursor_cell,False,False,False,0.7598813470010929,0.7598813470010929,0.05841282547306161,0.7598813470010929,dataset_AP,5
2795584800398200029,20240610,1,meninges_3,meninges_3,meninges_2,False,False,False,0.5777810038342543,0.5777810038342543,0.08269026259100701,0.5777810038342543,dataset_AP,3
2795584800400100402,20240610,1,astrocyte_2,astrocyte_2,oligodendrocyte_progenitor_2,False,False,False,0.3748560920813945,0.3748560920813945,0.038785573400958014,0.3748560920813945,dataset_AP,2
2795584800411100147,20240610,4,pericyte,pericyte,astrocyte_1,False,False,False,0.5681863939264409,0.5681863939264409,0.0033380796653575133,0.568186393926441,dataset_AP,5
2795584800412100093,20240610,4,oligodendrocyte_1,oligodendrocyte_1,endothelial,False,False,False,0.5319668119537986,0.5319668119537986,0.10393317090149669,0.5319668119537986,dataset_AP,1
2795584800413100059,20240610,4,oligodendrocyte_1,oligodendrocyte_1,oligodendrocyte_progenitor_2,False,False,False,0.5130197816139058,0.5130197816139058,0.07855539685778412,0.5130197816139059,dataset_AP,3
2795584800413100082,20240610,4,astrocyte_2,astrocyte_2,astrocyte_1,False,False,False,0.5014808198195266,0.5014808198195266,0.06267216945949977,0.5014808198195267,dataset_AP,1
2795584800413100180,20240610,4,pericyte,pericyte,astrocyte_1,False,False,False,0.7537311666704328,0.7537311666704328,0.0031823380239669827,0.7537311666704326,dataset_AP,1
2795584800413100228,20240610,4,oligodendrocyte_1,oligodendrocyte_1,oligodendrocyte_progenitor_2,False,False,False,0.6744407946523402,0.6744407946523402,0.09554048203203926,0.6744407946523403,dataset_AP,2
2795584800415100082,20240610,4,oligodendrocyte_1,oligodendrocyte_1,oligodendrocyte_progenitor_2,False,False,False,0.47112396650591404,0.47112396650591404,0.09671042680477972,0.47112396650591415,dataset_AP,4
2795584800418100037,20240610,2,astrocyte_1,astrocyte_1,endothelial,False,False,False,0.6078195641734213,0.6078195641734213,0.18231939163498098,0.6078195641734213,dataset_AP,5
2795584800418100055,20240610,2,oligodendrocyte_precursor_cell,oligodendrocyte_precursor_cell,oligodendrocyte_progenitor_2,False,False,False,0.9280969482660218,0.9280969482660218,0.031196310378819883,0.9280969482660218,dataset_AP,5
2795584800418100073,20240610,2,astrocyte_2,astrocyte_2,astrocyte_1,False,False,False,0.8192033049714813,0.8192033049714813,0.05102527745207646,0.8192033049714814,dataset_AP,1
2795584800419100041,20240610,2,endothelial,endothelial,oligodendrocyte_1,False,False,False,0.5257778843053696,0.5257778843053696,0.09316645542881284,0.5257778843053696,dataset_AP,5
2795584800419100238,20240610,2,oligodendrocyte_1,oligodendrocyte_1,oligodendrocyte_progenitor_2,False,False,False,0.6382944358431013,0.6382944358431013,0.11520912547528517,0.6382944358431013,dataset_AP,5
2795584800421100152,20240610,2,oligodendrocyte_1,oligodendrocyte_1,endothelial,False,False,False,0.38672823949322804,0.38672823949322804,0.15188967360183242,0.38672823949322804,dataset_AP,1
2795584800421100200,20240610,2,astrocyte_1,astrocyte_1,oligodendrocyte_progenitor_2,False,False,False,0.983308425641424,0.983308425641424,0.19388412708642133,0.983308425641424,dataset_AP,4
2795584800421100246,20240610,2,oligodendrocyte_precursor_cell,oligodendrocyte_precursor_cell,oligodendrocyte_progenitor_2,False,False,False,0.7637423503574047,0.7637423503574047,0.028362662978047595,0.7637423503574048,dataset_AP,2
2795584800425100122,20240610,3,oligodendrocyte_1,oligodendrocyte_1,oligodendrocyte_progenitor_2,False,False,False,0.5220312775930241,0.5220312775930241,0.04781368821292776,0.522031277593024,dataset_AP,5
2795584800446100124,20240610,4,pericyte,pericyte,astrocyte_1,False,False,False,0.5937939076342176,0.5937939076342176,0.0033380796653575133,0.5937939076342176,dataset_AP,5
2795584800446100145,20240610,4,astrocyte_1,astrocyte_1,oligodendrocyte_precursor_cell,False,False,False,0.48081269750009653,0.48081269750009653,0.19848838943861566,0.48081269750009653,dataset_AP,1
2795584800448100039,20240610,4,oligodendrocyte_1,oligodendrocyte_1,endothelial,False,False,False,0.542993601255266,0.542993601255266,0.10393317090149669,0.542993601255266,dataset_AP,1
2795584800448100083,20240610,4,pericyte,pericyte,endothelial,False,False,False,0.7197484731108182,0.7197484731108182,0.0032987650248438236,0.7197484731108182,dataset_AP,2
2795584800448100140,20240610,4,oligodendrocyte_progenitor_1,oligodendrocyte_progenitor_1,oligodendrocyte_precursor_cell,False,False,False,0.9987210764837189,0.9987210764837189,0.016413963604500148,0.9987210764837187,dataset_AP,5
2795584800449100102,20240610,4,oligodendrocyte_precursor_cell,oligodendrocyte_precursor_cell,oligodendrocyte_progenitor_2,False,False,False,0.5480457053067734,0.5480457053067734,0.045656969671979054,0.5480457053067734,dataset_AP,2
2795584800449100206,20240610,4,oligodendrocyte_2,oligodendrocyte_2,oligodendrocyte_progenitor_2,False,False,False,0.7853955817878039,0.7853955817878039,0.12136527458313123,0.7853955817878041,dataset_AP,4
2795584800450100076,20240610,4,oligodendrocyte_precursor_cell,oligodendrocyte_precursor_cell,microglia,False,False,False,0.6064253630172742,0.6064253630172742,0.046216756116770195,0.6064253630172742,dataset_AP,4
2795584800457100131,20240610,2,endothelial,endothelial,astrocyte_1,False,False,False,0.5496173963582492,0.5496173963582492,0.11500678808371115,0.5496173963582492,dataset_AP,2
2795584800457100271,20240610,2,oligodendrocyte_precursor_cell,oligodendrocyte_precursor_cell,oligodendrocyte_progenitor_1,False,False,False,0.7487509366979739,0.7487509366979739,0.04019963767337615,0.748750936697974,dataset_AP,4
2795584800471100091,20240610,1,pericyte,pericyte,astrocyte_2,False,False,False,0.5646562746743717,0.5646562746743717,0.03784164553395322,0.5646562746743717,dataset_AP,2
2795584800472100176,20240610,1,meninges_2,meninges_2,meninges_1,False,False,False,0.8603777713065897,0.8603777713065897,0.036891669051610176,0.8603777713065897,dataset_AP,4
2795584800476100046,20240610,1,oligodendrocyte_1,oligodendrocyte_1,oligodendrocyte_progenitor_2,False,False,False,0.4240063285965024,0.4240063285965024,0.0819376190953766,0.42400632859650245,dataset_AP,1
2795584800484100091,20240610,4,meninges_2,meninges_2,meninges_3,False,False,False,0.4898376990771279,0.4898376990771279,0.015046491969568893,0.4898376990771279,dataset_AP,1
2795584800493100084,20240610,2,astrocyte_2,astrocyte_2,astrocyte_1,False,False,False,0.46987436561697066,0.46987436561697066,0.0610547810167582,0.46987436561697066,dataset_AP,5
2795584800589100125,20240610,1,astrocyte_1,astrocyte_1,oligodendrocyte_progenitor_2,False,False,False,0.7054357429274645,0.7054357429274645,0.13821626309118804,0.7054357429274644,dataset_AP,5
2795584800589100202,20240610,1,oligodendrocyte_1,oligodendrocyte_1,pericyte,False,False,False,0.3394383128054468,0.3394383128054468,0.0819376190953766,0.3394383128054468,dataset_AP,1
2795584800624100037,20240610,1,pericyte,pericyte,endothelial,False,False,False,0.5455674525017685,0.5455674525017685,0.00458472427181684,0.5455674525017685,dataset_AP,1
2795584800639100111,20240610,2,oligodendrocyte_progenitor_2,oligodendrocyte_progenitor_2,oligodendrocyte_1,False,False,False,0.4252568317924762,0.4252568317924762,0.26851710710474896,0.4252568317924762,dataset_AP,3
2795584800639100140,20240610,2,oligodendrocyte_1,oligodendrocyte_1,oligodendrocyte_progenitor_2,False,False,False,0.4936519013849733,0.4936519013849733,0.1596063099253149,0.4936519013849733,dataset_AP,4
2795584800660100134,20240610,1,oligodendrocyte_1,oligodendrocyte_1,oligodendrocyte_progenitor_2,False,False,False,0.4088346394275782,0.4088346394275782,0.08057199211045366,0.4088346394275782,dataset_AP,2
2795584800670100065,20240610,2,astrocyte_2,astrocyte_2,oligodendrocyte_1,False,False,False,0.3155202805179646,0.3155202805179646,0.0610547810167582,0.3155202805179646,dataset_AP,5
2795584800671100252,20240610,2,meninges_1,meninges_1,oligodendrocyte_1,False,False,False,0.5932802318488554,0.5932802318488554,0.011745698470264227,0.5932802318488554,dataset_AP,1
2795584800711100172,20240610,2,meninges_1,meninges_1,oligodendrocyte_progenitor_2,False,False,False,0.5467529153475933,0.5467529153475933,0.020468948035487957,0.5467529153475933,dataset_AP,5
2795584800713100064,20240610,3,astrocyte_2,astrocyte_2,endothelial,False,False,False,0.7909593979824477,0.7909593979824477,0.11895906291510688,0.7909593979824479,dataset_AP,2
2795903600031100202,20240613,3,oligodendrocyte_1,oligodendrocyte_1,endothelial,False,False,False,0.5553788236145591,0.5553788236145591,0.14482491027257735,0.5553788236145591,dataset_AP,1
2795903600057100096,20240613,3,oligodendrocyte_1,oligodendrocyte_1,oligodendrocyte_progenitor_2,False,False,False,0.4628434237576414,0.4628434237576414,0.14507999123383739,0.4628434237576414,dataset_AP,3
2795903600089100200,20240613,2,astrocyte_2,astrocyte_2,astrocyte_1,False,False,False,0.7973150380691012,0.7973150380691012,0.08328775297101089,0.7973150380691012,dataset_AP,3
2795903600114100055,20240613,2,endothelial,endothelial,oligodendrocyte_1,False,False,False,0.3574370988291004,0.3574370988291004,0.07837249358161906,0.35743709882910035,dataset_AP,4
2795903600115100030,20240613,2,oligodendrocyte_1,oligodendrocyte_1,oligodendrocyte_progenitor_2,False,False,False,0.5528191481813794,0.5528191481813794,0.1384876435781413,0.5528191481813796,dataset_AP,3
2795903600115100200,20240613,2,oligodendrocyte_progenitor_2,oligodendrocyte_progenitor_2,astrocyte_1,False,False,False,0.31930882418353884,0.31930882418353884,0.2988618567966177,0.31930882418353884,dataset_AP,5
2795903600140100177,20240613,2,oligodendrocyte_precursor_cell,oligodendrocyte_precursor_cell,astrocyte_1,False,False,False,0.679114948393077,0.679114948393077,0.013111815887987086,0.679114948393077,dataset_AP,2
2795903600141100184,20240613,2,oligodendrocyte_2,oligodendrocyte_2,oligodendrocyte_progenitor_2,False,False,False,0.8402142004474475,0.8402142004474475,0.09653411094275613,0.8402142004474475,dataset_AP,5
2795903600166100037,20240613,2,astrocyte_2,astrocyte_2,oligodendrocyte_progenitor_2,False,False,False,0.3117365215574067,0.3117365215574067,0.0626058174587292,0.3117365215574067,dataset_AP,5
2795903600167100157,20240613,2,astrocyte_2,astrocyte_2,astrocyte_1,False,False,False,0.30012960533384847,0.30012960533384847,0.07593481179454031,0.30012960533384847,dataset_AP,1
2795903600169100089,20240613,2,endothelial,endothelial,oligodendrocyte_progenitor_2,False,False,False,0.5939127925991968,0.5939127925991968,0.06015364725771965,0.5939127925991968,dataset_AP,1
2795903600185100124,20240613,3,oligodendrocyte_1,oligodendrocyte_1,oligodendrocyte_progenitor_2,False,False,False,0.31045192701372765,0.31045192701372765,0.14507999123383739,0.31045192701372765,dataset_AP,3
2795903600193100019,20240613,2,oligodendrocyte_1,oligodendrocyte_1,oligodendrocyte_progenitor_2,False,False,False,0.6491165612242733,0.6491165612242733,0.13409262801975352,0.6491165612242734,dataset_AP,2
2795903600194100088,20240613,2,oligodendrocyte_1,oligodendrocyte_1,oligodendrocyte_progenitor_2,False,False,False,0.609014981554782,0.609014981554782,0.14487341977836277,0.609014981554782,dataset_AP,4
2795903600242100166,20240613,2,oligodendrocyte_1,oligodendrocyte_1,oligodendrocyte_progenitor_2,False,False,False,0.5426408203830907,0.5426408203830907,0.1384876435781413,0.5426408203830907,dataset_AP,3
2795903600243100183,20240613,2,oligodendrocyte_1,oligodendrocyte_1,oligodendrocyte_progenitor_2,False,False,False,0.32290689617466684,0.32290689617466684,0.1716172560679265,0.32290689617466684,dataset_AP,5
2795903600268100244,20240613,2,pericyte,pericyte,endothelial,False,False,False,0.45341646609885605,0.45341646609885605,0.0019889612649793644,0.45341646609885594,dataset_AP,1
2795903600268100291,20240613,2,oligodendrocyte_precursor_cell,oligodendrocyte_precursor_cell,oligodendrocyte_progenitor_2,False,False,False,0.9610017978239782,0.9610017978239782,0.02879659419583374,0.961001797823978,dataset_AP,4
2795903600294100147,20240613,2,astrocyte_2,astrocyte_2,oligodendrocyte_progenitor_2,False,False,False,0.693750603157531,0.693750603157531,0.08328775297101089,0.693750603157531,dataset_AP,3
2795903600301100052,20240613,4,astrocyte_1,astrocyte_1,astrocyte_2,False,False,False,0.5535495286649024,0.5535495286649024,0.2723610356690204,0.5535495286649025,dataset_AP,5
2795903600302100045,20240613,4,meninges_2,meninges_2,meninges_3,False,False,False,0.4157922325645979,0.4157922325645979,0.014533543379697226,0.4157922325645979,dataset_AP,1
2795903600302100050,20240613,4,meninges_2,meninges_2,meninges_1,False,False,False,0.6036840900707423,0.6036840900707423,0.015224213893415415,0.6036840900707424,dataset_AP,5
2795903600320100064,20240613,2,oligodendrocyte_1,oligodendrocyte_1,oligodendrocyte_progenitor_2,False,False,False,0.5348963166083203,0.5348963166083203,0.1384876435781413,0.5348963166083203,dataset_AP,3
2795903600320100084,20240613,2,oligodendrocyte_1,oligodendrocyte_1,oligodendrocyte_progenitor_2,False,False,False,0.276809654518972,0.276809654518972,0.1384876435781413,0.276809654518972,dataset_AP,3
2795903600321100032,20240613,2,oligodendrocyte_1,oligodendrocyte_1,astrocyte_1,False,False,False,0.33672197255498054,0.33672197255498054,0.14487341977836277,0.3367219725549806,dataset_AP,4
2795903600322100199,20240613,2,astrocyte_2,astrocyte_2,astrocyte_1,False,False,False,0.495339432604367,0.495339432604367,0.08328775297101089,0.495339432604367,dataset_AP,3
2795903600323100066,20240613,2,oligodendrocyte_1,oligodendrocyte_1,astrocyte_2,False,False,False,0.3163177053903668,0.3163177053903668,0.14487341977836277,0.3163177053903668,dataset_AP,4
2795903600346100138,20240613,2,oligodendrocyte_1,oligodendrocyte_1,oligodendrocyte_progenitor_2,False,False,False,0.5224626695687816,0.5224626695687816,0.14487341977836277,0.5224626695687816,dataset_AP,4
2795903600346100148,20240613,2,oligodendrocyte_1,oligodendrocyte_1,oligodendrocyte_progenitor_2,False,False,False,0.42710483916175357,0.42710483916175357,0.14487341977836277,0.42710483916175357,dataset_AP,4
2795903600346200057,20240613,2,oligodendrocyte_progenitor_1,oligodendrocyte_progenitor_1,oligodendrocyte_precursor_cell,False,False,False,0.2786443107736882,0.2786443107736882,0.01751631826819797,0.2786443107736882,dataset_AP,2
2795903600352100050,20240613,4,oligodendrocyte_1,oligodendrocyte_1,endothelial,False,False,False,0.6320299311443985,0.6320299311443985,0.06783191361845531,0.6320299311443986,dataset_AP,4
2795903600353100318,20240613,4,oligodendrocyte_1,oligodendrocyte_1,endothelial,False,False,False,0.40667527690317745,0.40667527690317745,0.04915794264906691,0.40667527690317745,dataset_AP,2
2795903600353200105,20240613,4,oligodendrocyte_1,oligodendrocyte_1,microglia,False,False,False,0.3963484558646453,0.3963484558646453,0.07428608181116543,0.3963484558646453,dataset_AP,3
2795903600374100028,20240613,2,astrocyte_2,astrocyte_2,oligodendrocyte_progenitor_2,False,False,False,0.4449851082657833,0.4449851082657833,0.07937018621429268,0.44498510826578336,dataset_AP,4
2795903600374100128,20240613,2,oligodendrocyte_progenitor_2,oligodendrocyte_progenitor_2,astrocyte_2,False,False,False,0.5568778524086083,0.5568778524086083,0.2988618567966177,0.5568778524086083,dataset_AP,5
2795903600379100167,20240613,4,oligodendrocyte_precursor_cell,oligodendrocyte_precursor_cell,astrocyte_1,False,False,False,0.5312167813913976,0.5312167813913976,0.031180358103435026,0.5312167813913977,dataset_AP,1
2795903600380200032,20240613,4,oligodendrocyte_progenitor_2,oligodendrocyte_progenitor_2,oligodendrocyte_2,False,False,False,0.3974314495770905,0.3974314495770905,0.22768060342024837,0.3974314495770906,dataset_AP,2
2795903600381100038,20240613,4,astrocyte_2,astrocyte_2,oligodendrocyte_1,False,False,False,0.7648607409646019,0.7648607409646019,0.0939376205648395,0.7648607409646019,dataset_AP,2
2795903600402100076,20240613,4,oligodendrocyte_precursor_cell,oligodendrocyte_precursor_cell,oligodendrocyte_2,False,False,False,0.4926576932513965,0.4926576932513965,0.03190182843556263,0.4926576932513964,dataset_AP,4
2795903600409100079,20240613,1,oligodendrocyte_precursor_cell,oligodendrocyte_precursor_cell,astrocyte_2,False,False,False,0.7996639458412599,0.7996639458412599,0.06210330354394383,0.7996639458412599,dataset_AP,1
2795903600410100025,20240613,1,oligodendrocyte_progenitor_1,oligodendrocyte_progenitor_1,oligodendrocyte_precursor_cell,False,False,False,0.6458402832007285,0.6458402832007285,0.029169292711024305,0.6458402832007285,dataset_AP,4
2795903600411100019,20240613,1,Schwann_cell,Schwann_cell,peripheral_glia,False,False,False,0.8725439167321065,0.8725439167321065,0.01338810949404892,0.8725439167321066,dataset_AP,5
2795903600427100147,20240613,4,oligodendrocyte_precursor_cell,oligodendrocyte_precursor_cell,astrocyte_1,False,False,False,0.4415765289903539,0.4415765289903539,0.029824690359807417,0.4415765289903539,dataset_AP,3
2795903600427100241,20240613,4,astrocyte_2,astrocyte_2,oligodendrocyte_progenitor_2,False,False,False,0.8833792215508235,0.8833792215508235,0.0939376205648395,0.8833792215508237,dataset_AP,2
2795903600434100226,20240613,1,microglia,microglia,oligodendrocyte_2,False,False,False,0.9459683299786028,0.9459683299786028,0.00781926350710244,0.9459683299786029,dataset_AP,4
2795903600435100030,20240613,1,astrocyte_1,astrocyte_1,oligodendrocyte_precursor_cell,False,False,False,0.7556022565363291,0.7556022565363291,0.19928618390156852,0.7556022565363291,dataset_AP,3
2795903600437100058,20240613,1,pericyte,pericyte,astrocyte_1,False,False,False,0.4202369840268673,0.4202369840268673,0.0073010600741032095,0.4202369840268673,dataset_AP,5
2795903600453100052,20240613,4,oligodendrocyte_1,oligodendrocyte_1,astrocyte_1,False,False,False,0.35487882546333543,0.35487882546333543,0.04915794264906691,0.3548788254633354,dataset_AP,2
2795903600454100124,20240613,4,pericyte,pericyte,astrocyte_1,False,False,False,0.37079548292123243,0.37079548292123243,0.0032188625344518875,0.37079548292123243,dataset_AP,5
2795903600455100171,20240613,4,astrocyte_2,astrocyte_2,astrocyte_1,False,False,False,0.7283371939188097,0.7283371939188097,0.05021074660300056,0.7283371939188097,dataset_AP,4
2795903600462100093,20240613,1,oligodendrocyte_precursor_cell,oligodendrocyte_precursor_cell,endothelial,False,False,False,0.78594999273203,0.78594999273203,0.07323883474401371,0.78594999273203,dataset_AP,5
2795903600463100205,20240613,1,oligodendrocyte_precursor_cell,oligodendrocyte_precursor_cell,pericyte,False,False,False,0.38843333278245484,0.38843333278245484,0.07323883474401371,0.38843333278245473,dataset_AP,5
2795903600464200107,20240613,1,oligodendrocyte_2,oligodendrocyte_2,endothelial,False,False,False,0.9476654822737449,0.9476654822737449,0.09151320000586341,0.947665482273745,dataset_AP,1
2795903600480100040,20240613,4,oligodendrocyte_precursor_cell,oligodendrocyte_precursor_cell,astrocyte_1,False,False,False,0.6204456026519123,0.6204456026519123,0.031180358103435026,0.6204456026519123,dataset_AP,1
2795903600481100047,20240613,4,oligodendrocyte_precursor_cell,oligodendrocyte_precursor_cell,astrocyte_1,False,False,False,0.7429453032476238,0.7429453032476238,0.03190182843556263,0.7429453032476238,dataset_AP,4
2795903600481100163,20240613,4,astrocyte_2,astrocyte_2,astrocyte_1,False,False,False,0.9465200566829391,0.9465200566829391,0.09462652731883502,0.9465200566829395,dataset_AP,1
2795903600489100162,20240613,1,pericyte,pericyte,astrocyte_1,False,False,False,0.4215001813092152,0.4215001813092152,0.007058326289095519,0.4215001813092152,dataset_AP,3
2795903600515100071,20240613,1,oligodendrocyte_1,oligodendrocyte_1,endothelial,False,False,False,0.6748633062066965,0.6748633062066965,0.11464924581865445,0.6748633062066965,dataset_AP,1
2795903600516100102,20240613,1,oligodendrocyte_1,oligodendrocyte_1,oligodendrocyte_progenitor_2,False,False,False,0.603360930813057,0.603360930813057,0.12477346760211562,0.6033609308130569,dataset_AP,4
2795903600516100151,20240613,1,oligodendrocyte_1,oligodendrocyte_1,endothelial,False,False,False,0.361287301790131,0.361287301790131,0.125431580787553,0.361287301790131,dataset_AP,5
2795903600518100091,20240613,1,meninges_2,meninges_2,meninges_1,False,False,False,0.5103023218036661,0.5103023218036661,0.03608525268417755,0.5103023218036661,dataset_AP,5
2795903600518100164,20240613,1,astrocyte_1,astrocyte_1,astrocyte_2,False,False,False,0.8911234773809645,0.8911234773809645,0.2189104803600135,0.8911234773809643,dataset_AP,1
2795903600570100094,20240613,1,meninges_1,meninges_1,meninges_2,False,False,False,0.9834204885186422,0.9834204885186422,0.040088530162971855,0.9834204885186422,dataset_AP,2
2795903600570200068,20240613,1,Schwann_cell,Schwann_cell,peripheral_glia,False,False,False,0.9660743645547719,0.9660743645547719,0.01252510929930285,0.9660743645547719,dataset_AP,2
2795903600590100039,20240613,1,meninges_2,meninges_2,meninges_1,False,False,False,0.5811082625261337,0.5811082625261337,0.03608525268417755,0.5811082625261337,dataset_AP,5
2795903600615100051,20240613,1,oligodendrocyte_progenitor_2,oligodendrocyte_progenitor_2,oligodendrocyte_precursor_cell,False,False,False,0.3802985455418162,0.3802985455418162,0.20300584444505038,0.3802985455418162,dataset_AP,2
2795903600616100113,20240613,1,astrocyte_1,astrocyte_1,oligodendrocyte_1,False,False,False,0.2659085246108338,0.2659085246108338,0.2004501551505616,0.2659085246108338,dataset_AP,5
2795903600642100171,20240613,1,oligodendrocyte_1,oligodendrocyte_1,oligodendrocyte_progenitor_2,False,False,False,0.4320741433386396,0.4320741433386396,0.12477346760211562,0.4320741433386396,dataset_AP,4
2795903600667100156,20240613,1,oligodendrocyte_precursor_cell,oligodendrocyte_precursor_cell,astrocyte_1,False,False,False,0.6702087460661156,0.6702087460661156,0.05968817507279046,0.6702087460661155,dataset_AP,3
2795903600668100127,20240613,1,oligodendrocyte_1,oligodendrocyte_1,endothelial,False,False,False,0.27744286715222977,0.27744286715222977,0.13351784691735064,0.27744286715222977,dataset_AP,2
2795903600669100153,20240613,1,oligodendrocyte_1,oligodendrocyte_1,oligodendrocyte_progenitor_2,False,False,False,0.3185482306449099,0.3185482306449099,0.12477346760211562,0.3185482306449099,dataset_AP,4
2795903600670100187,20240613,1,oligodendrocyte_1,oligodendrocyte_1,oligodendrocyte_progenitor_2,False,False,False,0.5721313101354117,0.5721313101354117,0.12477346760211562,0.5721313101354117,dataset_AP,4
2795903600693100176,20240613,1,oligodendrocyte_1,oligodendrocyte_1,oligodendrocyte_progenitor_2,False,False,False,0.4075698732165001,0.4075698732165001,0.11464924581865445,0.4075698732165001,dataset_AP,1
2796212800046100088,20240613,3,oligodendrocyte_1,oligodendrocyte_1,oligodendrocyte_progenitor_2,False,False,False,0.31025437568149794,0.31025437568149794,0.14482491027257735,0.31025437568149794,dataset_AP,1
2796212800079100090,20240613,3,astrocyte_1,astrocyte_1,oligodendrocyte_1,False,False,False,0.3800399300213281,0.3800399300213281,0.14576876115337653,0.3800399300213281,dataset_AP,3
2796212800109100030,20240613,3,oligodendrocyte_1,oligodendrocyte_1,oligodendrocyte_progenitor_2,False,False,False,0.5345992713717642,0.5345992713717642,0.14507999123383739,0.5345992713717642,dataset_AP,3
2796212800109100154,20240613,3,pericyte,pericyte,endothelial,False,False,False,0.3557931601279722,0.3557931601279722,0.0047435868928764665,0.3557931601279722,dataset_AP,5
2796212800111100031,20240613,3,oligodendrocyte_1,oligodendrocyte_1,oligodendrocyte_progenitor_2,False,False,False,0.3974680740023055,0.3974680740023055,0.13728236942165298,0.3974680740023055,dataset_AP,5
2796212800174100040,20240613,2,oligodendrocyte_2,oligodendrocyte_2,astrocyte_2,False,False,False,0.6775115454126556,0.6775115454126556,0.09653411094275613,0.6775115454126556,dataset_AP,5
2796212800175100064,20240613,2,oligodendrocyte_1,oligodendrocyte_1,astrocyte_2,False,False,False,0.5926470567291406,0.5926470567291406,0.10907587887225896,0.5926470567291406,dataset_AP,1
2796212800232100166,20240613,3,oligodendrocyte_1,oligodendrocyte_1,oligodendrocyte_progenitor_2,False,False,False,0.5347751295859956,0.5347751295859956,0.13728236942165298,0.5347751295859956,dataset_AP,5
2796212800238100173,20240613,2,oligodendrocyte_progenitor_2,oligodendrocyte_progenitor_2,microglia,False,False,False,0.46479577634935576,0.46479577634935576,0.2996991696086719,0.4647957763493558,dataset_AP,3
2796212800249100014,20240613,4,oligodendrocyte_precursor_cell,oligodendrocyte_precursor_cell,oligodendrocyte_progenitor_1,False,False,False,0.8477660566411793,0.8477660566411793,0.031180358103435026,0.8477660566411795,dataset_AP,1
2796212800264100108,20240613,3,oligodendrocyte_1,oligodendrocyte_1,oligodendrocyte_progenitor_2,False,False,False,0.5586765490734489,0.5586765490734489,0.13728236942165298,0.5586765490734489,dataset_AP,5
2796212800264100110,20240613,3,pericyte,pericyte,endothelial,False,False,False,0.6121647946040328,0.6121647946040328,0.005009235778466547,0.6121647946040328,dataset_AP,3
2796212800271100055,20240613,2,endothelial,endothelial,oligodendrocyte_progenitor_2,False,False,False,0.3423670229524374,0.3423670229524374,0.06015364725771965,0.3423670229524374,dataset_AP,1
2796212800296100103,20240613,3,oligodendrocyte_progenitor_2,oligodendrocyte_progenitor_2,oligodendrocyte_1,False,False,False,0.746445174747299,0.746445174747299,0.32378088494103624,0.746445174747299,dataset_AP,1
2796212800305100059,20240613,2,oligodendrocyte_precursor_cell,oligodendrocyte_precursor_cell,astrocyte_1,False,False,False,0.41041282447927263,0.41041282447927263,0.013111815887987086,0.41041282447927263,dataset_AP,2
2796212800329100152,20240613,2,oligodendrocyte_1,oligodendrocyte_1,oligodendrocyte_progenitor_2,False,False,False,0.5808047816887338,0.5808047816887338,0.1716172560679265,0.580804781688734,dataset_AP,5
2796212800330100077,20240613,2,oligodendrocyte_1,oligodendrocyte_1,oligodendrocyte_2,False,False,False,0.31570375010006113,0.31570375010006113,0.14487341977836277,0.3157037501000612,dataset_AP,4
2796212800333100220,20240613,2,astrocyte_2,astrocyte_2,astrocyte_1,False,False,False,0.8016838003556915,0.8016838003556915,0.07764762709817656,0.8016838003556916,dataset_AP,2
2796212800343100066,20240613,4,oligodendrocyte_progenitor_1,oligodendrocyte_progenitor_1,oligodendrocyte_precursor_cell,False,False,False,0.9999892234083296,0.9999892234083296,0.01704705550859397,0.9999892234083294,dataset_AP,2
2796212800343100093,20240613,4,oligodendrocyte_progenitor_2,oligodendrocyte_progenitor_2,oligodendrocyte_1,False,False,False,0.48865948183619395,0.48865948183619395,0.25289101109244355,0.48865948183619395,dataset_AP,4
2796212800354100094,20240613,3,oligodendrocyte_1,oligodendrocyte_1,oligodendrocyte_progenitor_2,False,False,False,0.5734264642325995,0.5734264642325995,0.14507999123383739,0.5734264642325995,dataset_AP,3
2796212800355100039,20240613,3,astrocyte_2,astrocyte_2,oligodendrocyte_1,False,False,False,0.2912660852159971,0.2912660852159971,0.08013211859365706,0.29126608521599706,dataset_AP,3
2796212800355100068,20240613,3,oligodendrocyte_1,oligodendrocyte_1,oligodendrocyte_2,False,False,False,0.5023100086550057,0.5023100086550057,0.14244217321140398,0.5023100086550057,dataset_AP,2
2796212800356100047,20240613,3,astrocyte_1,astrocyte_1,astrocyte_2,False,False,False,0.8985080781287534,0.8985080781287534,0.12915290157701179,0.8985080781287532,dataset_AP,4
2796212800362100078,20240613,2,astrocyte_2,astrocyte_2,oligodendrocyte_progenitor_2,False,False,False,0.7432013688942977,0.7432013688942977,0.07764762709817656,0.7432013688942978,dataset_AP,2
2796212800364100230,20240613,2,endothelial,endothelial,oligodendrocyte_progenitor_2,False,False,False,0.40642439172600264,0.40642439172600264,0.07654116279291384,0.40642439172600264,dataset_AP,5
2796212800364100254,20240613,2,astrocyte_2,astrocyte_2,astrocyte_1,False,False,False,0.3673275340240024,0.3673275340240024,0.0626058174587292,0.3673275340240025,dataset_AP,5
2796212800364200078,20240613,2,oligodendrocyte_1,oligodendrocyte_1,oligodendrocyte_progenitor_2,False,False,False,0.49525465012450814,0.49525465012450814,0.1384876435781413,0.49525465012450814,dataset_AP,3
2796212800365100110,20240613,2,oligodendrocyte_1,oligodendrocyte_1,oligodendrocyte_progenitor_2,False,False,False,0.46552626621785714,0.46552626621785714,0.14487341977836277,0.4655262662178572,dataset_AP,4
2796212800365100159,20240613,2,endothelial,endothelial,astrocyte_1,False,False,False,0.3883384126531851,0.3883384126531851,0.06015364725771965,0.3883384126531851,dataset_AP,1
2796212800371200067,20240613,2,peripheral_glia,peripheral_glia,Schwann_cell,False,False,False,0.9632202782932026,0.9632202782932026,0.0011187907115508926,0.9632202782932027,dataset_AP,3
2796212800377100126,20240613,4,oligodendrocyte_1,oligodendrocyte_1,endothelial,False,False,False,0.43759874523526354,0.43759874523526354,0.06934636972659786,0.43759874523526354,dataset_AP,5
2796212800386100109,20240613,3,oligodendrocyte_precursor_cell,oligodendrocyte_precursor_cell,astrocyte_1,False,False,False,0.33020918039283764,0.33020918039283764,0.03229391690930153,0.33020918039283764,dataset_AP,3
2796212800388100154,20240613,3,oligodendrocyte_1,oligodendrocyte_1,oligodendrocyte_progenitor_2,False,False,False,0.5066962981647021,0.5066962981647021,0.14507999123383739,0.5066962981647022,dataset_AP,3
2796212800406100093,20240613,4,pericyte,pericyte,endothelial,False,False,False,0.8850701127345625,0.8850701127345625,0.0032188625344518875,0.8850701127345625,dataset_AP,5
2796212800408100142,20240613,4,oligodendrocyte_1,oligodendrocyte_1,oligodendrocyte_progenitor_2,False,False,False,0.7078390039933937,0.7078390039933937,0.04915794264906691,0.7078390039933937,dataset_AP,2
2796212800408100181,20240613,4,astrocyte_2,astrocyte_2,astrocyte_1,False,False,False,0.7302361718654189,0.7302361718654189,0.09462652731883502,0.7302361718654188,dataset_AP,1
2796212800420100197,20240613,3,oligodendrocyte_1,oligodendrocyte_1,oligodendrocyte_2,False,False,False,0.3476803132730186,0.3476803132730186,0.14482491027257735,0.3476803132730186,dataset_AP,1
2796212800429100245,20240613,2,oligodendrocyte_1,oligodendrocyte_1,endothelial,False,False,False,0.7537332019128761,0.7537332019128761,0.10907587887225896,0.7537332019128761,dataset_AP,1
2796212800431100265,20240613,2,oligodendrocyte_progenitor_2,oligodendrocyte_progenitor_2,astrocyte_1,False,False,False,0.34354093243000317,0.34354093243000317,0.321695838098553,0.3435409324300032,dataset_AP,1
2796212800439100064,20240613,4,meninges_3,meninges_3,oligodendrocyte_progenitor_2,False,False,False,0.4025597129876506,0.4025597129876506,0.014446106162082493,0.4025597129876506,dataset_AP,2
2796212800456100223,20240613,2,astrocyte_2,astrocyte_2,oligodendrocyte_progenitor_2,False,False,False,0.47487567813568626,0.47487567813568626,0.07937018621429268,0.47487567813568626,dataset_AP,4
2796212800456100226,20240613,2,pericyte,pericyte,oligodendrocyte_progenitor_2,False,False,False,0.3779452995051611,0.3779452995051611,0.0019889612649793644,0.3779452995051612,dataset_AP,3
2796212800456100245,20240613,2,oligodendrocyte_1,oligodendrocyte_1,endothelial,False,False,False,0.2894871480574352,0.2894871480574352,0.1384876435781413,0.2894871480574352,dataset_AP,3
2796212800456100305,20240613,2,pericyte,pericyte,oligodendrocyte_progenitor_2,False,False,False,0.7948135485013785,0.7948135485013785,0.0020798804068766046,0.7948135485013783,dataset_AP,4
2796212800457100043,20240613,2,oligodendrocyte_1,oligodendrocyte_1,oligodendrocyte_progenitor_2,False,False,False,0.4065964745350058,0.4065964745350058,0.13409262801975352,0.40659647453500586,dataset_AP,2
2796212800461100025,20240613,2,oligodendrocyte_precursor_cell,oligodendrocyte_precursor_cell,microglia,False,False,False,0.8417423294217999,0.8417423294217999,0.013111815887987086,0.8417423294217999,dataset_AP,2
2796212800461100225,20240613,2,oligodendrocyte_1,oligodendrocyte_1,oligodendrocyte_progenitor_2,False,False,False,0.6131778521305199,0.6131778521305199,0.1716172560679265,0.61317785213052,dataset_AP,5
2796212800462100027,20240613,2,oligodendrocyte_progenitor_1,oligodendrocyte_progenitor_1,oligodendrocyte_1,False,False,False,0.5202335481924254,0.5202335481924254,0.01751631826819797,0.5202335481924255,dataset_AP,2
2796212800462100157,20240613,2,oligodendrocyte_precursor_cell,oligodendrocyte_precursor_cell,astrocyte_1,False,False,False,0.41659013339383183,0.41659013339383183,0.027528467008105018,0.4165901333938319,dataset_AP,1
2796212800463100101,20240613,2,astrocyte_2,astrocyte_2,oligodendrocyte_progenitor_2,False,False,False,0.4277017822497489,0.4277017822497489,0.07937018621429268,0.4277017822497489,dataset_AP,4
2796212800483100024,20240613,3,astrocyte_2,astrocyte_2,oligodendrocyte_progenitor_2,False,False,False,0.3568391236990663,0.3568391236990663,0.07590480214054358,0.3568391236990663,dataset_AP,5
2796212800487100024,20240613,2,oligodendrocyte_1,oligodendrocyte_1,oligodendrocyte_progenitor_2,False,False,False,0.6799497102046983,0.6799497102046983,0.13409262801975352,0.6799497102046984,dataset_AP,2
2796212800487100153,20240613,2,microglia,microglia,oligodendrocyte_1,False,False,False,0.37249317047621305,0.37249317047621305,0.01787578936900204,0.372493170476213,dataset_AP,3
2796212800488100280,20240613,2,astrocyte_2,astrocyte_2,astrocyte_1,False,False,False,0.7178194379373919,0.7178194379373919,0.07764762709817656,0.717819437937392,dataset_AP,2
2796212800489100071,20240613,2,astrocyte_2,astrocyte_2,astrocyte_1,False,False,False,0.3286696664281612,0.3286696664281612,0.0626058174587292,0.32866966642816126,dataset_AP,5
2796212800494100029,20240613,2,astrocyte_1,astrocyte_1,oligodendrocyte_progenitor_2,False,False,False,0.28809190738760426,0.28809190738760426,0.22214097689382858,0.28809190738760426,dataset_AP,4
2796212800494200034,20240613,2,astrocyte_2,astrocyte_2,oligodendrocyte_1,False,False,False,0.6767225527016669,0.6767225527016669,0.07937018621429268,0.6767225527016669,dataset_AP,4
2796212800522100026,20240613,2,astrocyte_1,astrocyte_1,astrocyte_2,False,False,False,0.6846398477274089,0.6846398477274089,0.20209268418193774,0.6846398477274089,dataset_AP,5
2796212800537100149,20240613,1,oligodendrocyte_precursor_cell,oligodendrocyte_precursor_cell,oligodendrocyte_progenitor_1,False,False,False,0.5086929218801075,0.5086929218801075,0.06210330354394383,0.5086929218801074,dataset_AP,1
2796212800537200010,20240613,1,astrocyte_2,astrocyte_2,peripheral_glia,False,False,False,0.48452067090279705,0.48452067090279705,0.024039635578097115,0.48452067090279705,dataset_AP,3
2796212800552100138,20240613,2,pericyte,pericyte,astrocyte_1,False,False,False,0.41946555314118333,0.41946555314118333,0.0019889612649793644,0.41946555314118333,dataset_AP,3
2796212800553100031,20240613,2,oligodendrocyte_1,oligodendrocyte_1,endothelial,False,False,False,0.3334197650614786,0.3334197650614786,0.1384876435781413,0.33341976506147863,dataset_AP,3
2796212800553100213,20240613,2,oligodendrocyte_1,oligodendrocyte_1,oligodendrocyte_progenitor_2,False,False,False,0.582530307073237,0.582530307073237,0.13409262801975352,0.5825303070732372,dataset_AP,2
2796212800561100084,20240613,4,oligodendrocyte_1,oligodendrocyte_1,oligodendrocyte_progenitor_2,False,False,False,0.5635587741872661,0.5635587741872661,0.06934636972659786,0.5635587741872662,dataset_AP,5
2796212800562100175,20240613,4,oligodendrocyte_progenitor_1,oligodendrocyte_progenitor_1,astrocyte_2,False,False,False,0.8382791874617036,0.8382791874617036,0.027185820536249395,0.8382791874617038,dataset_AP,4
2796212800585100050,20240613,2,meninges_1,meninges_1,oligodendrocyte_progenitor_2,False,False,False,0.5052717575021579,0.5052717575021579,0.0034448019238893764,0.505271757502158,dataset_AP,4
2796212800585100122,20240613,2,pericyte,pericyte,oligodendrocyte_1,False,False,False,0.5425948827743057,0.5425948827743057,0.0019889612649793644,0.5425948827743057,dataset_AP,1
2796212800592100013,20240613,4,pericyte,pericyte,oligodendrocyte_progenitor_2,False,False,False,0.6791261734501806,0.6791261734501806,0.0030738492276953812,0.6791261734501806,dataset_AP,1
2796212800593200044,20240613,4,oligodendrocyte_progenitor_2,oligodendrocyte_progenitor_2,astrocyte_1,False,False,False,0.4372349609261768,0.4372349609261768,0.21129317802321604,0.4372349609261769,dataset_AP,5
2796212800594100218,20240613,4,oligodendrocyte_precursor_cell,oligodendrocyte_precursor_cell,astrocyte_1,False,False,False,0.7023521536942651,0.7023521536942651,0.029824690359807417,0.7023521536942651,dataset_AP,3
2796212800625100073,20240613,4,pericyte,pericyte,endothelial,False,False,False,0.5913784740698278,0.5913784740698278,0.003467932462015302,0.5913784740698278,dataset_AP,2
2796212800625100214,20240613,4,pericyte,pericyte,astrocyte_1,False,False,False,0.3260394000845497,0.3260394000845497,0.003467932462015302,0.3260394000845497,dataset_AP,2
2796212800625100259,20240613,4,oligodendrocyte_progenitor_2,oligodendrocyte_progenitor_2,oligodendrocyte_2,False,False,False,0.7709856304452806,0.7709856304452806,0.25825094637803664,0.7709856304452806,dataset_AP,3
2796212800627100042,20240613,4,oligodendrocyte_1,oligodendrocyte_1,oligodendrocyte_progenitor_2,False,False,False,0.5552186169870718,0.5552186169870718,0.04915794264906691,0.5552186169870718,dataset_AP,2
2796212800633100043,20240613,1,endothelial,endothelial,oligodendrocyte_1,False,False,False,0.32584318468134554,0.32584318468134554,0.11387578509166597,0.32584318468134554,dataset_AP,2
2796212800657100066,20240613,4,oligodendrocyte_1,oligodendrocyte_1,oligodendrocyte_progenitor_2,False,False,False,0.5840775749799144,0.5840775749799144,0.07766272189349112,0.5840775749799144,dataset_AP,1
2796212800667100273,20240613,1,oligodendrocyte_progenitor_1,oligodendrocyte_progenitor_1,oligodendrocyte_1,False,False,False,0.7981174576666015,0.7981174576666015,0.02502699612526202,0.7981174576666015,dataset_AP,1
2796212800684100065,20240613,4,meninges_3,meninges_3,meninges_2,False,False,False,0.7960408650174411,0.7960408650174411,0.01310165944527957,0.7960408650174413,dataset_AP,4
2796212800714100218,20240613,4,oligodendrocyte_precursor_cell,oligodendrocyte_precursor_cell,astrocyte_1,False,False,False,0.578251983471291,0.578251983471291,0.029824690359807417,0.578251983471291,dataset_AP,3
2796212800715100159,20240613,4,pericyte,pericyte,oligodendrocyte_progenitor_2,False,False,False,0.4133125054570029,0.4133125054570029,0.003467932462015302,0.4133125054570029,dataset_AP,2
2796212800715100169,20240613,4,oligodendrocyte_progenitor_2,oligodendrocyte_progenitor_2,endothelial,False,False,False,0.3991118923273239,0.3991118923273239,0.25289101109244355,0.3991118923273239,dataset_AP,4
2796212800747100097,20240613,4,oligodendrocyte_precursor_cell,oligodendrocyte_precursor_cell,oligodendrocyte_1,False,False,False,0.8612353222968883,0.8612353222968883,0.020756633874504597,0.8612353222968884,dataset_AP,5
2796212800759100295,20240613,1,oligodendrocyte_precursor_cell,oligodendrocyte_precursor_cell,oligodendrocyte_1,False,False,False,0.33307802172970435,0.33307802172970435,0.05968817507279046,0.33307802172970435,dataset_AP,3
2796212800779100235,20240613,4,oligodendrocyte_1,oligodendrocyte_1,oligodendrocyte_progenitor_2,False,False,False,0.46684897295646866,0.46684897295646866,0.06934636972659786,0.46684897295646866,dataset_AP,5
2796212800783100090,20240613,1,meninges_3,meninges_3,meninges_2,False,False,False,0.8118020219901634,0.8118020219901634,0.006157064001606792,0.8118020219901636,dataset_AP,4
2796212800790100101,20240613,1,astrocyte_1,astrocyte_1,endothelial,False,False,False,0.3503158650646117,0.3503158650646117,0.20152091254752852,0.3503158650646117,dataset_AP,4
2796212800790100225,20240613,1,astrocyte_2,astrocyte_2,astrocyte_1,False,False,False,0.287580685472734,0.287580685472734,0.03061249265523554,0.287580685472734,dataset_AP,5
2796212800791100086,20240613,1,microglia,microglia,oligodendrocyte_1,False,False,False,0.6661676994624338,0.6661676994624338,0.002395040856579318,0.6661676994624338,dataset_AP,3
2796212800816200003,20240613,1,meninges_3,meninges_3,meninges_2,False,False,False,0.47383449206646167,0.47383449206646167,0.006157064001606792,0.47383449206646167,dataset_AP,4
2796212800822100098,20240613,1,oligodendrocyte_1,oligodendrocyte_1,oligodendrocyte_progenitor_2,False,False,False,0.3766113429007734,0.3766113429007734,0.12477346760211562,0.37661134290077347,dataset_AP,4
2796212800822100176,20240613,1,oligodendrocyte_precursor_cell,oligodendrocyte_precursor_cell,oligodendrocyte_1,False,False,False,0.9146367900661976,0.9146367900661976,0.06210330354394383,0.9146367900661976,dataset_AP,1
2796212800855100114,20240613,1,oligodendrocyte_1,oligodendrocyte_1,endothelial,False,False,False,0.417897784417908,0.417897784417908,0.13351784691735064,0.417897784417908,dataset_AP,2
2796212800855100235,20240613,1,oligodendrocyte_1,oligodendrocyte_1,oligodendrocyte_progenitor_2,False,False,False,0.4195891666751845,0.4195891666751845,0.13351784691735064,0.41958916667518453,dataset_AP,2
2796212800880100058,20240613,1,astrocyte_2,astrocyte_2,astrocyte_1,False,False,False,0.3374393154079736,0.3374393154079736,0.02906078802108223,0.3374393154079737,dataset_AP,4
2796212800880100075,20240613,1,oligodendrocyte_precursor_cell,oligodendrocyte_precursor_cell,oligodendrocyte_progenitor_1,False,False,False,0.8071363607258194,0.8071363607258194,0.06851543824248539,0.8071363607258195,dataset_AP,2
2796212800882100157,20240613,1,oligodendrocyte_progenitor_1,oligodendrocyte_progenitor_1,oligodendrocyte_precursor_cell,False,False,False,0.987103995169264,0.987103995169264,0.029169292711024305,0.9871039951692641,dataset_AP,4
2796212800882100193,20240613,1,oligodendrocyte_progenitor_1,oligodendrocyte_progenitor_1,oligodendrocyte_precursor_cell,False,False,False,0.9520260532267701,0.9520260532267701,0.02502699612526202,0.9520260532267701,dataset_AP,1
2796212800886100208,20240613,1,oligodendrocyte_progenitor_2,oligodendrocyte_progenitor_2,oligodendrocyte_1,False,False,False,0.3221627078451424,0.3221627078451424,0.21694613191925374,0.3221627078451424,dataset_AP,5
2796212800887200134,20240613,1,astrocyte_2,astrocyte_2,astrocyte_1,False,False,False,0.35582525798843784,0.35582525798843784,0.02906078802108223,0.35582525798843784,dataset_AP,4
2796212800888100079,20240613,1,oligodendrocyte_precursor_cell,oligodendrocyte_precursor_cell,astrocyte_1,False,False,False,0.6598654416835089,0.6598654416835089,0.05968817507279046,0.659865441683509,dataset_AP,3
2796212800889100168,20240613,1,oligodendrocyte_progenitor_2,oligodendrocyte_progenitor_2,astrocyte_1,False,False,False,0.7628505400346162,0.7628505400346162,0.20627665002158552,0.7628505400346162,dataset_AP,4
2796212800889100232,20240613,1,pericyte,pericyte,astrocyte_1,False,False,False,0.5325392914587455,0.5325392914587455,0.012206982430307491,0.5325392914587455,dataset_AP,2
2796212800890100038,20240613,1,meninges_3,meninges_3,meninges_2,False,False,False,0.5722509546973814,0.5722509546973814,0.012222659266057718,0.5722509546973813,dataset_AP,5
2796212800913100070,20240613,1,endothelial,endothelial,astrocyte_1,False,False,False,0.3976440873136371,0.3976440873136371,0.11387578509166597,0.3976440873136371,dataset_AP,2
2796212800913100090,20240613,1,oligodendrocyte_1,oligodendrocyte_1,astrocyte_1,False,False,False,0.40893938991443474,0.40893938991443474,0.12477346760211562,0.4089393899144346,dataset_AP,4
2796212800913100146,20240613,1,meninges_3,meninges_3,oligodendrocyte_1,False,False,False,0.4474676810157059,0.4474676810157059,0.006157064001606792,0.4474676810157059,dataset_AP,4
2796212800913100230,20240613,1,oligodendrocyte_progenitor_2,oligodendrocyte_progenitor_2,oligodendrocyte_2,False,False,False,0.6719116424093156,0.6719116424093156,0.21694613191925374,0.6719116424093156,dataset_AP,5
2796212800913100297,20240613,1,oligodendrocyte_1,oligodendrocyte_1,oligodendrocyte_progenitor_2,False,False,False,0.44425848855311434,0.44425848855311434,0.11464924581865445,0.44425848855311434,dataset_AP,1
2796212800918100044,20240613,1,endothelial,endothelial,oligodendrocyte_progenitor_2,False,False,False,0.4471779800234984,0.4471779800234984,0.11597686581297438,0.4471779800234984,dataset_AP,5
2796212800920100156,20240613,1,meninges_3,meninges_3,oligodendrocyte_1,False,False,False,0.441638646523115,0.441638646523115,0.012222659266057718,0.441638646523115,dataset_AP,5
2796212800922100019,20240613,1,oligodendrocyte_precursor_cell,oligodendrocyte_precursor_cell,oligodendrocyte_progenitor_2,False,False,False,0.5265765415541607,0.5265765415541607,0.05968817507279046,0.5265765415541608,dataset_AP,3
2796212800922100131,20240613,1,meninges_3,meninges_3,meninges_1,False,False,False,0.5815464488695282,0.5815464488695282,0.011434388605604485,0.5815464488695282,dataset_AP,2
2796212800944100093,20240613,1,astrocyte_1,astrocyte_1,oligodendrocyte_progenitor_2,False,False,False,0.9474165858560962,0.9474165858560962,0.2036102854961416,0.9474165858560963,dataset_AP,2
2796212800945100041,20240613,1,astrocyte_1,astrocyte_1,endothelial,False,False,False,0.8679593099333349,0.8679593099333349,0.2004501551505616,0.8679593099333347,dataset_AP,5
2796212800945100053,20240613,1,oligodendrocyte_progenitor_2,oligodendrocyte_progenitor_2,endothelial,False,False,False,0.5455238717443387,0.5455238717443387,0.20421715037099653,0.5455238717443387,dataset_AP,3
2796212800945100155,20240613,1,oligodendrocyte_precursor_cell,oligodendrocyte_precursor_cell,astrocyte_1,False,False,False,0.6233444001297359,0.6233444001297359,0.07323883474401371,0.623344400129736,dataset_AP,5
2796212800946100284,20240613,1,astrocyte_1,astrocyte_1,oligodendrocyte_precursor_cell,False,False,False,0.9373783260904185,0.9373783260904185,0.2189104803600135,0.9373783260904183,dataset_AP,1
2796212800951100086,20240613,1,oligodendrocyte_1,oligodendrocyte_1,oligodendrocyte_progenitor_2,False,False,False,0.6027677994083743,0.6027677994083743,0.12477346760211562,0.6027677994083743,dataset_AP,4
2796212800951100097,20240613,1,meninges_3,meninges_3,oligodendrocyte_1,False,False,False,0.7999768087314789,0.7999768087314789,0.00656213506369131,0.7999768087314787,dataset_AP,1
2796212800980100276,20240613,1,endothelial,endothelial,astrocyte_2,False,False,False,0.44145285375221793,0.44145285375221793,0.11216305062458909,0.44145285375221793,dataset_AP,3
2796212800986100038,20240613,1,microglia,microglia,oligodendrocyte_2,False,False,False,0.953127691546671,0.953127691546671,0.008272296844995823,0.9531276915466708,dataset_AP,1
2796212801008100063,20240613,1,pericyte,pericyte,oligodendrocyte_2,False,False,False,0.3046622406612749,0.3046622406612749,0.007058326289095519,0.3046622406612749,dataset_AP,3
2796212801009100041,20240613,1,oligodendrocyte_1,oligodendrocyte_1,oligodendrocyte_progenitor_2,False,False,False,0.39867929359893506,0.39867929359893506,0.1324128862590401,0.39867929359893495,dataset_AP,3
2796212801009100122,20240613,1,endothelial,endothelial,astrocyte_1,False,False,False,0.521491813494234,0.521491813494234,0.11597686581297438,0.521491813494234,dataset_AP,5
2796212801010100023,20240613,1,oligodendrocyte_1,oligodendrocyte_1,oligodendrocyte_2,False,False,False,0.5323016694088708,0.5323016694088708,0.12477346760211562,0.5323016694088708,dataset_AP,4
2796212801011100022,20240613,1,oligodendrocyte_1,oligodendrocyte_1,oligodendrocyte_progenitor_2,False,False,False,0.6010905826995352,0.6010905826995352,0.13351784691735064,0.6010905826995353,dataset_AP,2
2796212801012100179,20240613,1,oligodendrocyte_precursor_cell,oligodendrocyte_precursor_cell,oligodendrocyte_progenitor_2,False,False,False,0.582011694889974,0.582011694889974,0.05968817507279046,0.5820116948899741,dataset_AP,3
2796212801012100215,20240613,1,endothelial,endothelial,oligodendrocyte_precursor_cell,False,False,False,0.5315328735067661,0.5315328735067661,0.11216305062458909,0.5315328735067661,dataset_AP,3
2796212801016100049,20240613,1,meninges_3,meninges_3,meninges_1,False,False,False,0.5051689620507931,0.5051689620507931,0.011815534892457968,0.5051689620507931,dataset_AP,3
2796212801018100056,20240613,1,oligodendrocyte_1,oligodendrocyte_1,oligodendrocyte_progenitor_2,False,False,False,0.6024291501170896,0.6024291501170896,0.125431580787553,0.6024291501170896,dataset_AP,5
2796212801042100136,20240613,1,oligodendrocyte_1,oligodendrocyte_1,oligodendrocyte_progenitor_2,False,False,False,0.397465532855925,0.397465532855925,0.11464924581865445,0.39746553285592506,dataset_AP,1
2796212801048100215,20240613,1,meninges_3,meninges_3,meninges_1,False,False,False,0.42945235049084957,0.42945235049084957,0.00656213506369131,0.4294523504908497,dataset_AP,1
2796212801076100050,20240613,1,meninges_3,meninges_3,meninges_1,False,False,False,0.7326745557914791,0.7326745557914791,0.012222659266057718,0.732674555791479,dataset_AP,5
2796212801076200052,20240613,1,meninges_1,meninges_1,meninges_2,False,False,False,0.9250901151333123,0.9250901151333123,0.04888130988620095,0.9250901151333123,dataset_AP,1
2796212801137100119,20240613,1,meninges_3,meninges_3,meninges_2,False,False,False,0.7872777958397853,0.7872777958397853,0.011815534892457968,0.7872777958397853,dataset_AP,3
2945606900000000710,20240328,1,meninges_3,meninges_3,meninges_2,False,False,False,0.5825639538466517,0.5825639538466517,0.0007547397657287766,0.5825639538466518,dataset_AP,3
2945606900000001077,20240328,1,astrocyte_1,astrocyte_1,astrocyte_2,False,False,False,0.5689907396020994,0.5689907396020994,0.28105808343802396,0.5689907396020996,dataset_AP,2
2945606900000001401,20240328,1,astrocyte_2,astrocyte_2,astrocyte_1,False,False,False,0.6797442653560639,0.6797442653560639,0.0523490124036969,0.6797442653560639,dataset_AP,4
2945606900000001645,20240328,1,astrocyte_2,astrocyte_2,astrocyte_1,False,False,False,0.7947966269663009,0.7947966269663009,0.0523490124036969,0.7947966269663009,dataset_AP,4
2945606900000001942,20240328,1,astrocyte_1,astrocyte_1,pericyte,False,False,False,0.4650974352771979,0.4650974352771979,0.2858332977314479,0.46509743527719777,dataset_AP,4
2945606900000002040,20240328,1,meninges_3,meninges_3,meninges_1,False,False,False,0.7853748803049319,0.7853748803049319,0.011947992765696872,0.7853748803049319,dataset_AP,4
2945606900000003404,20240328,1,microglia,microglia,pericyte,False,False,False,0.9886273296953879,0.9886273296953879,0.02637563901300165,0.9886273296953877,dataset_AP,3
2945606900000003671,20240328,1,oligodendrocyte_precursor_cell,oligodendrocyte_precursor_cell,oligodendrocyte_progenitor_1,False,False,False,0.8856688360850482,0.8856688360850482,0.02823733043513263,0.8856688360850483,dataset_AP,3
2945606900000005064,20240328,1,oligodendrocyte_1,oligodendrocyte_1,oligodendrocyte_progenitor_2,False,False,False,0.6743837526100974,0.6743837526100974,0.06611351690853196,0.6743837526100974,dataset_AP,1
2945606900000005080,20240328,1,astrocyte_2,astrocyte_2,ependymal,False,False,False,0.9318537914611428,0.9318537914611428,0.051244910560499915,0.9318537914611428,dataset_AP,5
2945606900000005288,20240328,1,oligodendrocyte_precursor_cell,oligodendrocyte_precursor_cell,oligodendrocyte_progenitor_2,False,False,False,0.5817380675114816,0.5817380675114816,0.02823733043513263,0.5817380675114816,dataset_AP,3
2945606900000005485,20240328,1,astrocyte_2,astrocyte_2,endothelial,False,False,False,0.4828148759792553,0.4828148759792553,0.05551865716700882,0.4828148759792553,dataset_AP,3
2945606900000006224,20240328,1,meninges_2,meninges_2,meninges_1,False,False,False,0.8455745997946899,0.8455745997946899,0.018467884725841748,0.8455745997946899,dataset_AP,4
2945606900000006766,20240328,1,astrocyte_1,astrocyte_1,oligodendrocyte_precursor_cell,False,False,False,0.6420364162206805,0.6420364162206805,0.28105808343802396,0.6420364162206805,dataset_AP,2
2945606900000006860,20240328,1,oligodendrocyte_1,oligodendrocyte_1,oligodendrocyte_progenitor_2,False,False,False,0.4226379008623838,0.4226379008623838,0.055244632422399756,0.4226379008623837,dataset_AP,4
2945606900000008074,20240328,1,microglia,microglia,meninges_1,False,False,False,0.9525099097545477,0.9525099097545477,0.018956394222012583,0.9525099097545479,dataset_AP,2
2945606900000010097,20240328,1,oligodendrocyte_progenitor_2,oligodendrocyte_progenitor_2,oligodendrocyte_2,False,False,False,0.2976645094663061,0.2976645094663061,0.16523266111178198,0.2976645094663061,dataset_AP,3
2945606900000011838,20240328,1,meninges_2,meninges_2,meninges_3,False,False,False,0.6465375519144366,0.6465375519144366,0.013615505373747132,0.6465375519144366,dataset_AP,3
2945606900000014789,20240328,4,oligodendrocyte_precursor_cell,oligodendrocyte_precursor_cell,astrocyte_1,False,False,False,0.7297941295645058,0.7297941295645058,0.05743557245458386,0.7297941295645058,dataset_AP,4
2945606900000014812,20240328,4,oligodendrocyte_1,oligodendrocyte_1,oligodendrocyte_progenitor_2,False,False,False,0.7160452518421007,0.7160452518421007,0.11169401573842494,0.7160452518421008,dataset_AP,3
2945606900000016917,20240328,4,oligodendrocyte_progenitor_2,oligodendrocyte_progenitor_2,oligodendrocyte_1,False,False,False,0.7645095517832113,0.7645095517832113,0.16246481512143685,0.7645095517832113,dataset_AP,3
2945606900000016928,20240328,4,oligodendrocyte_2,oligodendrocyte_2,oligodendrocyte_progenitor_2,False,False,False,0.5797366851114473,0.5797366851114473,0.1309365673572895,0.5797366851114473,dataset_AP,1
2945606900000021324,20240328,4,endothelial,endothelial,oligodendrocyte_progenitor_2,False,False,False,0.3822465616789443,0.3822465616789443,0.08742833001388135,0.3822465616789443,dataset_AP,5
2946331700000000560,20240415,1,astrocyte_1,astrocyte_1,astrocyte_2,False,False,False,0.5559264611991325,0.5559264611991325,0.24917788510944405,0.5559264611991325,dataset_AP,4
2946331700000000856,20240415,1,meninges_2,meninges_2,oligodendrocyte_progenitor_2,False,False,False,0.9937880226969557,0.9937880226969557,0.0019363469933812141,0.9937880226969557,dataset_AP,5
2946331700000001546,20240415,1,oligodendrocyte_1,oligodendrocyte_1,oligodendrocyte_progenitor_2,False,False,False,0.34615351362777413,0.34615351362777413,0.08122987042169126,0.34615351362777413,dataset_AP,3
2946331700000001574,20240415,1,oligodendrocyte_progenitor_2,oligodendrocyte_progenitor_2,oligodendrocyte_2,False,False,False,0.3628737824832494,0.3628737824832494,0.27172724711186247,0.3628737824832494,dataset_AP,2
2946331700000001926,20240415,1,pericyte,pericyte,oligodendrocyte_progenitor_2,False,False,False,0.528042629919865,0.528042629919865,0.015136658213581289,0.528042629919865,dataset_AP,2
2946331700000001984,20240415,1,astrocyte_1,astrocyte_1,oligodendrocyte_precursor_cell,False,False,False,0.5358877222038303,0.5358877222038303,0.24917788510944405,0.5358877222038304,dataset_AP,4
2946331700000002516,20240415,1,meninges_3,meninges_3,meninges_1,False,False,False,0.6180292851918553,0.6180292851918553,0.0008453085376162299,0.6180292851918552,dataset_AP,2
2946331700000002594,20240415,1,oligodendrocyte_1,oligodendrocyte_1,oligodendrocyte_progenitor_2,False,False,False,0.30424074235082965,0.30424074235082965,0.0751742712294043,0.30424074235082954,dataset_AP,5
2946331700000002612,20240415,1,pericyte,pericyte,endothelial,False,False,False,0.6976025909160558,0.6976025909160558,0.015136658213581289,0.6976025909160559,dataset_AP,2
2946331700000002881,20240415,1,oligodendrocyte_1,oligodendrocyte_1,oligodendrocyte_progenitor_2,False,False,False,0.5985349740820345,0.5985349740820345,0.08122987042169126,0.5985349740820345,dataset_AP,3
2946331700000002928,20240415,1,endothelial,endothelial,oligodendrocyte_1,False,False,False,0.48756527074951445,0.48756527074951445,0.11512246273687365,0.48756527074951445,dataset_AP,3
2946331700000003012,20240415,1,oligodendrocyte_1,oligodendrocyte_1,oligodendrocyte_progenitor_2,False,False,False,0.6756032960625172,0.6756032960625172,0.0751742712294043,0.6756032960625172,dataset_AP,5
2946331700000003192,20240415,1,oligodendrocyte_1,oligodendrocyte_1,oligodendrocyte_progenitor_2,False,False,False,0.6182576874819168,0.6182576874819168,0.10022665250802132,0.6182576874819169,dataset_AP,4
2946331700000003288,20240415,1,oligodendrocyte_1,oligodendrocyte_1,oligodendrocyte_progenitor_2,False,False,False,0.4984546234079765,0.4984546234079765,0.10022665250802132,0.4984546234079765,dataset_AP,4
2946331700000003291,20240415,1,ependymal,ependymal,astrocyte_1,False,False,False,0.9999996173768074,0.9999996173768074,0.00042265426880811494,0.9999996173768074,dataset_AP,1
2946331700000003300,20240415,1,oligodendrocyte_precursor_cell,oligodendrocyte_precursor_cell,oligodendrocyte_progenitor_2,False,False,False,0.9811006986273251,0.9811006986273251,0.05377470309346102,0.9811006986273251,dataset_AP,5
2946331700000004620,20240415,1,oligodendrocyte_1,oligodendrocyte_1,endothelial,False,False,False,0.37950759944324614,0.37950759944324614,0.10022665250802132,0.37950759944324614,dataset_AP,4
2946331700000004869,20240415,1,oligodendrocyte_1,oligodendrocyte_1,oligodendrocyte_progenitor_2,False,False,False,0.6680890088776371,0.6680890088776371,0.10022665250802132,0.6680890088776371,dataset_AP,4
2946331700000004910,20240415,1,oligodendrocyte_1,oligodendrocyte_1,oligodendrocyte_2,False,False,False,0.3459160537609802,0.3459160537609802,0.10022665250802132,0.3459160537609803,dataset_AP,4
2946331700000004996,20240415,1,oligodendrocyte_progenitor_2,oligodendrocyte_progenitor_2,oligodendrocyte_1,False,False,False,0.510557912603705,0.510557912603705,0.2832853611821479,0.5105579126037051,dataset_AP,3
2946331700000005061,20240415,1,pericyte,pericyte,astrocyte_1,False,False,False,0.4448498716191803,0.4448498716191803,0.015136658213581289,0.4448498716191802,dataset_AP,2
2946331700000005165,20240415,1,astrocyte_2,astrocyte_2,astrocyte_1,False,False,False,0.6252902446506642,0.6252902446506642,0.029176514917959785,0.6252902446506641,dataset_AP,4
2946331700000006978,20240415,4,meninges_3,meninges_3,meninges_1,False,False,False,0.7417534527520748,0.7417534527520748,0.0009592153618340197,0.7417534527520748,dataset_AP,1
2946331700000007362,20240415,4,pericyte,pericyte,oligodendrocyte_progenitor_2,False,False,False,0.27255033820339947,0.27255033820339947,0.016102827886788604,0.27255033820339947,dataset_AP,1
2946331700000008207,20240415,1,microglia,microglia,astrocyte_2,False,False,False,0.3527003943158756,0.3527003943158756,0.021715869330280236,0.3527003943158756,dataset_AP,3
2946331700000008386,20240415,4,meninges_2,meninges_2,meninges_1,False,False,False,0.5192073617356256,0.5192073617356256,0.0161084852309121,0.5192073617356255,dataset_AP,3
2946331700000008417,20240415,4,oligodendrocyte_progenitor_1,oligodendrocyte_progenitor_1,oligodendrocyte_precursor_cell,False,False,False,0.7449340808369872,0.7449340808369872,0.00886354034643008,0.7449340808369871,dataset_AP,5
2946331700000008780,20240415,4,oligodendrocyte_1,oligodendrocyte_1,astrocyte_1,False,False,False,0.49317645400248233,0.49317645400248233,0.05889029714124771,0.4931764540024824,dataset_AP,4
2946331700000008820,20240415,4,oligodendrocyte_1,oligodendrocyte_1,oligodendrocyte_progenitor_2,False,False,False,0.38413145566456086,0.38413145566456086,0.055171264272022666,0.384131455664561,dataset_AP,3
2946331700000008879,20240415,4,endothelial,endothelial,oligodendrocyte_1,False,False,False,0.5223939114441658,0.5223939114441658,0.12809400783398617,0.5223939114441657,dataset_AP,3
2946331700000009174,20240415,4,oligodendrocyte_progenitor_1,oligodendrocyte_progenitor_1,peripheral_glia,False,False,False,0.4834292447138843,0.4834292447138843,0.016522484607590992,0.4834292447138843,dataset_AP,1
2946331700000010492,20240415,4,astrocyte_2,astrocyte_2,astrocyte_1,False,False,False,0.9323013060081518,0.9323013060081518,0.0821771581467399,0.9323013060081515,dataset_AP,5
2946331700000010505,20240415,4,peripheral_glia,peripheral_glia,Schwann_cell,False,False,False,0.4706254836619247,0.4706254836619247,0.008231266823738183,0.47062548366192475,dataset_AP,1
2946331700000010663,20240415,4,oligodendrocyte_1,oligodendrocyte_1,oligodendrocyte_progenitor_2,False,False,False,0.3165480969912328,0.3165480969912328,0.06265474841579588,0.3165480969912328,dataset_AP,1
2946331700000010782,20240415,4,pericyte,pericyte,oligodendrocyte_progenitor_2,False,False,False,0.3523979527556252,0.3523979527556252,0.01598942769040277,0.35239795275562524,dataset_AP,3
2946331700000011070,20240415,4,astrocyte_1,astrocyte_1,oligodendrocyte_precursor_cell,False,False,False,0.9181476430078587,0.9181476430078587,0.1962782612836784,0.9181476430078584,dataset_AP,3
2946331700000011498,20240415,2,meninges_3,meninges_3,meninges_2,False,False,False,0.8243139005261475,0.8243139005261475,0.004067663221278134,0.8243139005261475,dataset_AP,4
2946331700000012393,20240415,4,microglia,microglia,astrocyte_1,False,False,False,0.8947639814289489,0.8947639814289489,0.017241896128966507,0.8947639814289489,dataset_AP,1
2946331700000012429,20240415,4,oligodendrocyte_progenitor_2,oligodendrocyte_progenitor_2,oligodendrocyte_1,False,False,False,0.8729690888135492,0.8729690888135492,0.23328246353543203,0.8729690888135492,dataset_AP,2
2946331700000012697,20240415,4,oligodendrocyte_2,oligodendrocyte_2,oligodendrocyte_1,False,False,False,0.9004154231290654,0.9004154231290654,0.13355874894336434,0.9004154231290654,dataset_AP,1
2946331700000013083,20240415,2,meninges_1,meninges_1,meninges_2,False,False,False,0.647438502952019,0.647438502952019,0.012084873301603339,0.647438502952019,dataset_AP,5
2946331700000014009,20240415,4,oligodendrocyte_2,oligodendrocyte_2,oligodendrocyte_progenitor_2,False,False,False,0.6251269785210098,0.6251269785210098,0.13355874894336434,0.6251269785210098,dataset_AP,1
2946331700000014165,20240415,2,endothelial,endothelial,oligodendrocyte_2,False,False,False,0.44582865314622017,0.44582865314622017,0.12207462866803527,0.4458286531462202,dataset_AP,1
2946331700000014829,20240415,3,oligodendrocyte_precursor_cell,oligodendrocyte_precursor_cell,oligodendrocyte_progenitor_2,False,False,False,0.427547359968758,0.427547359968758,0.05587867930003407,0.427547359968758,dataset_AP,1
2946331700000014942,20240415,3,oligodendrocyte_1,oligodendrocyte_1,oligodendrocyte_progenitor_2,False,False,False,0.6562343097032933,0.6562343097032933,0.05625139789756207,0.6562343097032934,dataset_AP,5
2946331700000015824,20240415,2,oligodendrocyte_1,oligodendrocyte_1,oligodendrocyte_progenitor_2,False,False,False,0.5992233863442724,0.5992233863442724,0.06532717775321326,0.5992233863442724,dataset_AP,3
2946331700000015941,20240415,2,oligodendrocyte_1,oligodendrocyte_1,endothelial,False,False,False,0.6404980534679706,0.6404980534679706,0.06799113563605472,0.6404980534679707,dataset_AP,4
2946331700000016015,20240415,2,astrocyte_1,astrocyte_1,astrocyte_2,False,False,False,0.798275370127152,0.798275370127152,0.17169052418418437,0.798275370127152,dataset_AP,3
2946331700000016189,20240415,3,oligodendrocyte_1,oligodendrocyte_1,oligodendrocyte_progenitor_2,False,False,False,0.6266078337210904,0.6266078337210904,0.08579881656804733,0.6266078337210904,dataset_AP,3
2946331700000016260,20240415,3,oligodendrocyte_1,oligodendrocyte_1,oligodendrocyte_progenitor_2,False,False,False,0.36524241880836933,0.36524241880836933,0.07214245628637547,0.3652424188083694,dataset_AP,4
2946331700000017216,20240415,2,astrocyte_1,astrocyte_1,astrocyte_2,False,False,False,0.926277107631552,0.926277107631552,0.17169052418418437,0.926277107631552,dataset_AP,3
2946331700000017243,20240415,2,endothelial,endothelial,oligodendrocyte_progenitor_2,False,False,False,0.4492097826356762,0.4492097826356762,0.12157270737152394,0.4492097826356762,dataset_AP,3
2946331700000017344,20240415,2,oligodendrocyte_precursor_cell,oligodendrocyte_precursor_cell,oligodendrocyte_progenitor_1,False,False,False,0.39729008967829865,0.39729008967829865,0.04600562182475952,0.39729008967829876,dataset_AP,4
2946331700000017356,20240415,2,oligodendrocyte_1,oligodendrocyte_1,oligodendrocyte_precursor_cell,False,False,False,0.36351753044174356,0.36351753044174356,0.06232550719242735,0.36351753044174356,dataset_AP,5
2946331700000017600,20240415,2,endothelial,endothelial,oligodendrocyte_progenitor_2,False,False,False,0.7549089852641142,0.7549089852641142,0.12207462866803527,0.7549089852641142,dataset_AP,1
2946331700000018412,20240415,2,oligodendrocyte_precursor_cell,oligodendrocyte_precursor_cell,oligodendrocyte_2,False,False,False,0.29983085643006546,0.29983085643006546,0.04106138897013422,0.2998308564300655,dataset_AP,5
2946331700000018420,20240415,2,pericyte,pericyte,endothelial,False,False,False,0.9566698035084065,0.9566698035084065,0.014931414170957898,0.9566698035084062,dataset_AP,5
2946331700000018728,20240415,2,endothelial,endothelial,oligodendrocyte_1,False,False,False,0.762908758416078,0.762908758416078,0.13064413056177068,0.7629087584160777,dataset_AP,4
2946331700000018987,20240415,2,oligodendrocyte_1,oligodendrocyte_1,oligodendrocyte_progenitor_2,False,False,False,0.5756679218407524,0.5756679218407524,0.06532717775321326,0.5756679218407524,dataset_AP,3
2946331700000019031,20240415,2,oligodendrocyte_2,oligodendrocyte_2,oligodendrocyte_precursor_cell,False,False,False,0.8614598017871283,0.8614598017871283,0.16261035972574434,0.8614598017871283,dataset_AP,2
2946331700000020146,20240415,2,astrocyte_1,astrocyte_1,endothelial,False,False,False,0.8575319766729189,0.8575319766729189,0.16740673774894307,0.857531976672919,dataset_AP,5
2946331700000020347,20240415,2,oligodendrocyte_1,oligodendrocyte_1,oligodendrocyte_progenitor_2,False,False,False,0.3362437085332976,0.3362437085332976,0.07440828402366864,0.33624370853329766,dataset_AP,1
2946331700000021478,20240415,2,meninges_1,meninges_1,oligodendrocyte_progenitor_2,False,False,False,0.8960030664817751,0.8960030664817751,0.0087730950368313,0.8960030664817751,dataset_AP,1
