model,number_of_genes,accuracy,accuracy_sd,balanced_accuracy,balanced_accuracy_sd,macro_f1,macro_f1_sd,section,ei_group,outer_fold
ExtraTrees,2,0.421875,0.08118988160479113,0.3248106060606061,0.08811907945972948,0.2702865117338802,0.06067465994722883,10,excitatory,1
LogisticRegression,10,0.40625,0.06987712429686843,0.3200757575757575,0.10881501835017594,0.24979748278896888,0.05558851755448514,10,excitatory,1
LogisticRegression,2,0.453125,0.1616262567623219,0.31079545454545454,0.13859741856530383,0.29363553113553115,0.12872714436745378,10,excitatory,1
LogisticRegression,3,0.453125,0.15546678704790937,0.2956439393939394,0.1519976927821969,0.29228647599390634,0.13044412146070564,10,excitatory,1
LogisticRegression,40,0.5,0.11692679333668567,0.2839015151515152,0.07123906445488817,0.25064223057644114,0.06729277183431719,10,excitatory,1
RandomForest,20,0.40625,0.06987712429686843,0.2799242424242424,0.15155444566227674,0.22433381247235737,0.08844723849768596,10,excitatory,1
ExtraTrees,5,0.46875,0.09375,0.2767045454545455,0.1165477736871165,0.26208728342595616,0.08121521666026639,10,excitatory,1
LogisticRegression,1,0.359375,0.120017902310447,0.2609848484848485,0.10558130334562846,0.24076157652976538,0.10807155897245951,10,excitatory,1
ExtraTrees,20,0.515625,0.05182226234930312,0.24943181818181817,0.107929123801052,0.19885128458498025,0.04536524802580146,10,excitatory,1
ExtraTrees,3,0.390625,0.06810779599282303,0.24147727272727273,0.10755091342438969,0.22789834434571277,0.08371232798539138,10,excitatory,1
RandomForest,1,0.34375,0.06987712429686843,0.24053030303030304,0.0967764112957668,0.22368682121971595,0.06893081624779582,10,excitatory,1
RandomForest,2,0.34375,0.11267347735824966,0.2399621212121212,0.12409379390401147,0.23878849586086426,0.11765397015756952,10,excitatory,1
ExtraTrees,10,0.4375,0.04419417382415922,0.23503787878787877,0.09867460594361004,0.19111201298701297,0.036722622298674776,10,excitatory,1
ExtraTrees,1,0.3125,0.04419417382415922,0.22859848484848486,0.07194651739960767,0.2030519005847953,0.02711418694417528,10,excitatory,1
RandomForest,10,0.375,0.11692679333668567,0.22575757575757577,0.13403311543442484,0.19442855326722602,0.07672404032006741,10,excitatory,1
LogisticRegression,20,0.4375,0.07654655446197431,0.21893939393939393,0.03513142712326346,0.22708993017496854,0.05024601269471049,10,excitatory,1
LogisticRegression,5,0.421875,0.16755945773068137,0.21856060606060607,0.1421878074573614,0.2253237259816207,0.12031165239053074,10,excitatory,1
ExtraTrees,40,0.5625,0.04419417382415922,0.2096590909090909,0.01834972188858539,0.18953804347826086,0.015148424094496897,10,excitatory,1
RandomForest,5,0.34375,0.03125,0.19772727272727272,0.10330011462857781,0.1899393090569561,0.06551567387058059,10,excitatory,1
RandomForest,40,0.4375,0.07654655446197431,0.17708333333333331,0.03381358157454,0.17570203918888128,0.037299404932017007,10,excitatory,1
RandomForest,3,0.328125,0.027063293868263706,0.17689393939393938,0.0651548184504374,0.17998167767904608,0.05056498086872384,10,excitatory,1
RandomForest,10,0.8198830409356723,0.07770519411402614,0.5791666666666666,0.1130772228759326,0.5813795518207283,0.13028742565250262,10,inhibitory,1
LogisticRegression,10,0.724561403508772,0.11552335181160933,0.5770833333333333,0.1555679558549539,0.5641959319879231,0.13212031431132928,10,inhibitory,1
RandomForest,2,0.7549707602339182,0.10909842215149945,0.5687499999999999,0.09213893494789992,0.5626338435060545,0.11288371954727267,10,inhibitory,1
ExtraTrees,1,0.7017543859649122,0.09862083735126453,0.5645833333333333,0.13903811427886317,0.5432878242138531,0.12328350600460379,10,inhibitory,1
LogisticRegression,20,0.7444444444444445,0.12669425649751703,0.5625,0.15988819878624908,0.5445832009110652,0.1512023974767506,10,inhibitory,1
LogisticRegression,40,0.7771929824561403,0.05964912280701754,0.5541666666666666,0.09533384323872958,0.5362768817204302,0.09138187345043847,10,inhibitory,1
ExtraTrees,2,0.7228070175438597,0.12325731979123015,0.5499999999999999,0.11569536147429016,0.5500157910604158,0.12507915424160082,10,inhibitory,1
RandomForest,3,0.7549707602339181,0.09841950636917626,0.5416666666666666,0.12447807705241379,0.5450261420677078,0.13202435459209358,10,inhibitory,1
LogisticRegression,3,0.6918128654970761,0.1380860142848008,0.5416666666666666,0.1866880568101654,0.5278332921352944,0.14634709054812978,10,inhibitory,1
ExtraTrees,10,0.8192982456140351,0.05309735421200547,0.5354166666666667,0.075863089400138,0.527132999827497,0.1060297692266302,10,inhibitory,1
LogisticRegression,2,0.6701754385964912,0.13471125488036817,0.5354166666666667,0.1963866297214078,0.5062845487845488,0.13517604106601644,10,inhibitory,1
ExtraTrees,20,0.8187134502923976,0.044073552471150336,0.5083333333333333,0.08159648344819223,0.49951680672268906,0.11074421166837377,10,inhibitory,1
RandomForest,20,0.764327485380117,0.09802258170646527,0.5041666666666667,0.1181453906563152,0.5103588222122706,0.12035269761223374,10,inhibitory,1
LogisticRegression,1,0.6596491228070175,0.15075474427326901,0.5020833333333333,0.20192218660772382,0.4686600545424075,0.13331637875421543,10,inhibitory,1
ExtraTrees,3,0.7543859649122806,0.09480179709548277,0.4979166666666666,0.12593401049756175,0.5175267379679144,0.14041770497473208,10,inhibitory,1
ExtraTrees,5,0.7982456140350878,0.07647191129018725,0.4958333333333333,0.09095366647059612,0.4925537942449707,0.11559676710917444,10,inhibitory,1
ExtraTrees,40,0.7859649122807018,0.07225003607710177,0.4895833333333333,0.09569736731546541,0.48882352941176466,0.11697454843981643,10,inhibitory,1
RandomForest,1,0.6701754385964912,0.05132890820465891,0.475,0.075863089400138,0.47012096774193546,0.06427650426237513,10,inhibitory,1
RandomForest,5,0.7339181286549709,0.12016085339986933,0.4583333333333333,0.11655500608916135,0.4701698744013735,0.12889940301857405,10,inhibitory,1
LogisticRegression,5,0.6608187134502923,0.14156395832643515,0.4416666666666666,0.13414466693337707,0.45336832223928997,0.1157822826872967,10,inhibitory,1
RandomForest,40,0.6906432748538012,0.06596532702785296,0.4333333333333333,0.09095366647059612,0.4402132419860451,0.08345036407727892,10,inhibitory,1
LogisticRegression,20,0.9555555555555555,0.041573970964154924,0.9466666666666667,0.061824123303304716,0.9268973462577467,0.06396468402031011,19,inhibitory,1
LogisticRegression,40,0.9333333333333333,0.06478835438717,0.8800000000000001,0.19160143817599884,0.8410322436184504,0.202414606740127,19,inhibitory,1
RandomForest,3,0.9209150326797386,0.026176450188889932,0.8728571428571428,0.06395151224456971,0.8631936425540431,0.03891312526702246,19,inhibitory,1
RandomForest,2,0.9091503267973856,0.02760615958423906,0.8657142857142857,0.06970296551338791,0.8461657279399215,0.04480769206542015,19,inhibitory,1
LogisticRegression,5,0.8751633986928106,0.05399183379885851,0.8447619047619048,0.12086611096599971,0.7963456801818871,0.0852574787384532,19,inhibitory,1
RandomForest,20,0.9098039215686274,0.04348247680648337,0.8395238095238096,0.06710062839546112,0.8421345292535504,0.06553728610817273,19,inhibitory,1
ExtraTrees,5,0.8869281045751635,0.06031514768658471,0.8257142857142858,0.11343332923530851,0.8055897120121258,0.09139875753621417,19,inhibitory,1
LogisticRegression,1,0.8398692810457516,0.08596697018278367,0.8238095238095239,0.10762326161155542,0.7697324323186392,0.10535525331385502,19,inhibitory,1
LogisticRegression,10,0.8745098039215685,0.0682560757675957,0.818095238095238,0.08126829115585175,0.800198189731004,0.08900848711278449,19,inhibitory,1
RandomForest,1,0.8516339869281045,0.048189042068409835,0.8047619047619048,0.11691421744322977,0.761910866910867,0.08544286240102957,19,inhibitory,1
RandomForest,5,0.8869281045751635,0.03418744269443664,0.799047619047619,0.08547055293784601,0.7944074460022736,0.061622282104189297,19,inhibitory,1
ExtraTrees,3,0.8862745098039216,0.06094223634478451,0.799047619047619,0.1436612291219676,0.7896812290416295,0.11591016999731271,19,inhibitory,1
LogisticRegression,2,0.7941176470588236,0.06234896741287225,0.7957142857142856,0.10356896548795348,0.7100336666605951,0.06821896331124035,19,inhibitory,1
RandomForest,40,0.8758169934640522,0.053419128736477244,0.7923809523809524,0.09892162315866371,0.7809986772486772,0.07957200647594385,19,inhibitory,1
ExtraTrees,10,0.8758169934640522,0.053419128736477244,0.7919047619047619,0.14210596155119612,0.7730682743182744,0.10622775102743438,19,inhibitory,1
LogisticRegression,3,0.8287581699346405,0.06345594073213057,0.7904761904761906,0.12133983685941849,0.7375849274937151,0.09643690217301802,19,inhibitory,1
ExtraTrees,20,0.8869281045751635,0.03418744269443664,0.7728571428571428,0.07100828733850931,0.7863981143069019,0.07476407191924196,19,inhibitory,1
RandomForest,10,0.8764705882352942,0.06344920836345933,0.7661904761904761,0.12032081077548029,0.76834917250796,0.10706722080372807,19,inhibitory,1
ExtraTrees,2,0.8758169934640524,0.08097720061022136,0.7657142857142857,0.1716506498042792,0.764504577735946,0.17539070756755548,19,inhibitory,1
ExtraTrees,40,0.8529411764705882,0.0425590080943783,0.7519047619047619,0.12062197090060163,0.7371540824766631,0.09339316018655927,19,inhibitory,1
ExtraTrees,1,0.8405228758169934,0.0567687601323097,0.7447619047619047,0.12899753025461916,0.7263553113553114,0.10596678346109724,19,inhibitory,1
RandomForest,2,0.7222222222222222,0.1638653467083625,0.73,0.15604486534327236,0.72,0.16613247725836147,2,excitatory,1
ExtraTrees,2,0.65,0.1234158882862392,0.6599999999999999,0.12206555615733704,0.6343145743145744,0.12981099022230322,2,excitatory,1
RandomForest,5,0.65,0.1077262190536962,0.65,0.0987420882906575,0.6366666666666667,0.11224972160321822,2,excitatory,1
RandomForest,40,0.6472222222222223,0.16657404833961054,0.645,0.16077935190813528,0.6443217893217893,0.16463195747969117,2,excitatory,1
ExtraTrees,40,0.65,0.1077262190536962,0.645,0.10295630140987,0.6366666666666667,0.11224972160321822,2,excitatory,1
RandomForest,3,0.6277777777777778,0.16629588385661961,0.6399999999999999,0.16170961628796232,0.6208946608946608,0.173368372911142,2,excitatory,1
RandomForest,1,0.6055555555555555,0.13425606637327303,0.61,0.11895377253370319,0.5864502164502164,0.14026325419145913,2,excitatory,1
LogisticRegression,40,0.6083333333333334,0.10333930687632374,0.605,0.11768602295939819,0.5786813186813188,0.15031873625881687,2,excitatory,1
RandomForest,10,0.6055555555555555,0.08268264481187342,0.6,0.07745966692414834,0.5867643467643469,0.07580022783484054,2,excitatory,1
ExtraTrees,1,0.5833333333333333,0.1111111111111111,0.59,0.10074720839804943,0.5663203463203463,0.12128542928525504,2,excitatory,1
RandomForest,20,0.5805555555555555,0.11533633051125941,0.575,0.11510864433221339,0.5676984126984127,0.11829486881904085,2,excitatory,1
ExtraTrees,10,0.5777777777777777,0.17427096823731247,0.5700000000000001,0.1698528775146303,0.5700000000000001,0.1698528775146303,2,excitatory,1
ExtraTrees,20,0.5555555555555556,0.1531560972454469,0.5549999999999999,0.16,0.5498701298701298,0.15239453218218987,2,excitatory,1
LogisticRegression,20,0.5583333333333333,0.1460382158677213,0.5549999999999999,0.15604486534327236,0.5438095238095239,0.14887979293297052,2,excitatory,1
ExtraTrees,3,0.5277777777777778,0.14881216928865418,0.5349999999999999,0.14966629547095767,0.5210317460317461,0.15153909314038752,2,excitatory,1
ExtraTrees,5,0.525,0.1913241706413618,0.525,0.1864135188230725,0.5163492063492063,0.18555046362858832,2,excitatory,1
LogisticRegression,10,0.5333333333333333,0.2038593681323197,0.525,0.19748417658131504,0.5131929181929182,0.19567876993523806,2,excitatory,1
LogisticRegression,5,0.5111111111111111,0.1077262190536962,0.51,0.1031988372027515,0.49833333333333335,0.10806376718298216,2,excitatory,1
LogisticRegression,1,0.5083333333333334,0.0992253949971764,0.51,0.09027735042633894,0.496002886002886,0.10005528519727773,2,excitatory,1
LogisticRegression,3,0.48611111111111105,0.12108052620946315,0.49000000000000005,0.11467344941179716,0.47121933621933626,0.11883069659114258,2,excitatory,1
LogisticRegression,2,0.4416666666666666,0.0806991058129664,0.44499999999999995,0.08276472678623424,0.4311327561327561,0.08335596227056555,2,excitatory,1
ExtraTrees,2,0.9666666666666668,0.06666666666666665,0.9666666666666666,0.0666666666666667,0.9657142857142856,0.06857142857142859,20,excitatory,1
LogisticRegression,3,0.9666666666666666,0.06666666666666665,0.9666666666666666,0.0666666666666667,0.9657142857142856,0.06857142857142859,20,excitatory,1
RandomForest,3,0.9666666666666666,0.06666666666666665,0.9666666666666666,0.0666666666666667,0.9657142857142856,0.06857142857142859,20,excitatory,1
ExtraTrees,3,0.9666666666666666,0.06666666666666665,0.9666666666666666,0.0666666666666667,0.9657142857142856,0.06857142857142859,20,excitatory,1
ExtraTrees,5,0.9666666666666666,0.06666666666666665,0.9666666666666666,0.0666666666666667,0.9657142857142856,0.06857142857142859,20,excitatory,1
LogisticRegression,1,0.9333333333333333,0.08164965809277258,0.9333333333333332,0.08164965809277264,0.9314285714285713,0.08398250546685185,20,excitatory,1
RandomForest,1,0.9333333333333333,0.08164965809277258,0.9333333333333332,0.08164965809277264,0.9314285714285713,0.08398250546685185,20,excitatory,1
LogisticRegression,2,0.9333333333333333,0.08164965809277258,0.9333333333333332,0.08164965809277264,0.9314285714285713,0.08398250546685185,20,excitatory,1
RandomForest,2,0.9333333333333333,0.08164965809277258,0.9333333333333332,0.08164965809277264,0.9314285714285713,0.08398250546685185,20,excitatory,1
LogisticRegression,5,0.9333333333333333,0.08164965809277258,0.9333333333333332,0.08164965809277264,0.9314285714285713,0.08398250546685185,20,excitatory,1
RandomForest,5,0.9333333333333333,0.08164965809277258,0.9333333333333332,0.08164965809277264,0.9314285714285713,0.08398250546685185,20,excitatory,1
ExtraTrees,10,0.9333333333333333,0.08164965809277258,0.9333333333333332,0.08164965809277264,0.9314285714285713,0.08398250546685185,20,excitatory,1
RandomForest,10,0.9047619047619048,0.07824607964359515,0.9083333333333332,0.07637626158259736,0.9028571428571428,0.08000000000000003,20,excitatory,1
RandomForest,20,0.9,0.13333333333333333,0.9,0.13333333333333336,0.8907142857142857,0.14852334386711535,20,excitatory,1
LogisticRegression,10,0.8761904761904763,0.11004019055515564,0.875,0.11180339887498952,0.8730952380952381,0.11253520487207953,20,excitatory,1
ExtraTrees,40,0.8761904761904763,0.11004019055515564,0.875,0.11180339887498952,0.8730952380952381,0.11253520487207953,20,excitatory,1
ExtraTrees,1,0.8714285714285716,0.0649437223665993,0.8749999999999998,0.0645497224367903,0.8685714285714285,0.06663945022680347,20,excitatory,1
ExtraTrees,20,0.8761904761904761,0.0628138378965377,0.8666666666666666,0.0666666666666667,0.8692063492063491,0.06578096456091133,20,excitatory,1
RandomForest,40,0.8428571428571429,0.13932132226978852,0.8416666666666666,0.14043582955293932,0.8323809523809522,0.15139450050969655,20,excitatory,1
LogisticRegression,20,0.819047619047619,0.20898198340468277,0.825,0.19790570145063197,0.8147619047619047,0.21330144319468222,20,excitatory,1
LogisticRegression,40,0.8142857142857143,0.17327052760628814,0.8166666666666667,0.16996731711975951,0.8049999999999999,0.18086526725150737,20,excitatory,1
LogisticRegression,40,0.7592885375494072,0.09200575852083177,0.7368253968253968,0.1271879316886872,0.7068658289347944,0.12747838935004208,22,__NA__,1
ExtraTrees,40,0.6972332015810278,0.0721427793050164,0.7346031746031746,0.07801001931889613,0.6335552685765815,0.0654369983605792,22,__NA__,1
LogisticRegression,20,0.6964426877470355,0.07186288175407755,0.7279365079365079,0.08410961186309293,0.6350558083891418,0.0524539964189661,22,__NA__,1
LogisticRegression,10,0.6790513833992093,0.07371938867523253,0.7206349206349205,0.12592814901776953,0.6179779855142173,0.08989596105138617,22,__NA__,1
ExtraTrees,10,0.6881422924901186,0.07063275390252358,0.7206349206349205,0.09594972228385658,0.6141842237204556,0.08583341337822721,22,__NA__,1
RandomForest,40,0.6790513833992095,0.048370145583488865,0.7187301587301588,0.07945011317643957,0.621631578298245,0.048245599629647945,22,__NA__,1
RandomForest,20,0.6782608695652174,0.0945267473924582,0.7012698412698413,0.08110722818649854,0.622974358974359,0.09283142878402995,22,__NA__,1
RandomForest,10,0.6517786561264821,0.0889231439634644,0.7,0.08420182355476087,0.5907371344852604,0.08840194799879322,22,__NA__,1
ExtraTrees,20,0.6881422924901186,0.1060615062278186,0.6898412698412699,0.09880413703682062,0.614254239587573,0.08954834305559677,22,__NA__,1
ExtraTrees,5,0.6237154150197628,0.08215831231773034,0.6736507936507936,0.05272709106832164,0.5600697120482068,0.06965057194222757,22,__NA__,1
LogisticRegression,5,0.5802371541501976,0.04634123980144519,0.6387301587301587,0.0661552568932602,0.5239543172876506,0.062081928422263115,22,__NA__,1
ExtraTrees,3,0.5790513833992095,0.09229058575618193,0.6206349206349205,0.10545704915474975,0.5200537240537241,0.08403406108298617,22,__NA__,1
RandomForest,5,0.6233201581027668,0.08874904158536721,0.6165079365079364,0.11681763259223549,0.5507464880798214,0.09316020175815894,22,__NA__,1
LogisticRegression,2,0.5075098814229249,0.09879367375133392,0.6063492063492064,0.021647907455533053,0.47266299990937666,0.06593786986734426,22,__NA__,1
LogisticRegression,3,0.508300395256917,0.07815099885322208,0.5796825396825396,0.10021594220385545,0.4651704591704592,0.06911063603513282,22,__NA__,1
RandomForest,3,0.642292490118577,0.06554594447342686,0.5682539682539682,0.1236262379594969,0.5432483605601885,0.09257109817264648,22,__NA__,1
ExtraTrees,2,0.5533596837944664,0.14079692745820604,0.5453968253968253,0.14905294376613792,0.49428656475033284,0.1311983160170692,22,__NA__,1
RandomForest,2,0.5715415019762846,0.11854676819546746,0.5253968253968254,0.09905067150363614,0.49372064328586074,0.09553897845922991,22,__NA__,1
LogisticRegression,1,0.4632411067193676,0.06488235898958633,0.5174603174603174,0.12928471551934756,0.4532844932844933,0.060652768657658264,22,__NA__,1
ExtraTrees,1,0.5806324110671938,0.09470012597134483,0.4819047619047619,0.12223087992424284,0.47279207534279993,0.0746853589426148,22,__NA__,1
RandomForest,1,0.5968379446640316,0.08054905402232629,0.4431746031746032,0.06898026271326411,0.454943204943205,0.05381367475763284,22,__NA__,1
RandomForest,40,0.9217948717948719,0.04871794871794872,0.8805555555555555,0.08678055195451839,0.894861172539191,0.06986080949464586,3,excitatory,1
ExtraTrees,40,0.9217948717948719,0.04871794871794872,0.8666666666666666,0.08079466429027217,0.8923057644110276,0.06930772164156007,3,excitatory,1
LogisticRegression,20,0.8910256410256409,0.07798413500382333,0.8444444444444444,0.09018157267082183,0.8608742444346159,0.09016564035871738,3,excitatory,1
RandomForest,20,0.873076923076923,0.08391317011258242,0.8333333333333334,0.09899183156225258,0.8405024816944321,0.10336380601721479,3,excitatory,1
ExtraTrees,20,0.8743589743589745,0.06301643962792056,0.8055555555555556,0.09781564923143894,0.8255555555555556,0.0872487574640026,3,excitatory,1
LogisticRegression,10,0.8282051282051281,0.10179196533989338,0.8,0.10266510340320185,0.7962418300653594,0.10894054436246015,3,excitatory,1
RandomForest,5,0.8448717948717949,0.107905771346158,0.7972222222222222,0.1253390463630942,0.8077568922305766,0.12661421740840897,3,excitatory,1
RandomForest,10,0.8435897435897436,0.08442091093925295,0.7972222222222222,0.11235415786753715,0.8021512113617376,0.10791996149985068,3,excitatory,1
ExtraTrees,10,0.8589743589743589,0.0548442298364293,0.7861111111111111,0.05527707983925664,0.8113826232247284,0.06254466741926115,3,excitatory,1
LogisticRegression,2,0.8128205128205128,0.12445806255909328,0.775,0.1384437310486346,0.7758305076416531,0.13942381200807913,3,excitatory,1
LogisticRegression,40,0.8256410256410257,0.06005147912118136,0.7694444444444445,0.08268264481187343,0.7757447540419677,0.0874989564517791,3,excitatory,1
LogisticRegression,1,0.7628205128205129,0.04514568426066414,0.7694444444444444,0.06370747189544286,0.7350350140056022,0.04736667759871964,3,excitatory,1
LogisticRegression,3,0.8141025641025641,0.13311125489658882,0.7611111111111111,0.14337208778404378,0.7724762887611185,0.14803911793067506,3,excitatory,1
RandomForest,2,0.8128205128205128,0.15030103476669585,0.7611111111111111,0.14969103983674975,0.7713888888888889,0.15466910119412194,3,excitatory,1
RandomForest,3,0.8128205128205128,0.12445806255909328,0.7611111111111111,0.13676148472323524,0.7686082854194309,0.1379045403277985,3,excitatory,1
ExtraTrees,2,0.826923076923077,0.10462669622104187,0.75,0.13721210039142745,0.7653216374269005,0.1360305570010471,3,excitatory,1
ExtraTrees,3,0.8282051282051283,0.10179196533989338,0.7499999999999999,0.13028932666176193,0.765797827903091,0.12576011508543442,3,excitatory,1
LogisticRegression,5,0.8128205128205128,0.10371153033926504,0.7388888888888888,0.13217085837078135,0.7504845446950709,0.12734418241537257,3,excitatory,1
RandomForest,1,0.75,0.12897206502522351,0.7027777777777778,0.15,0.6925742051206447,0.1402982973713984,3,excitatory,1
ExtraTrees,1,0.75,0.12897206502522351,0.7027777777777778,0.15,0.6925742051206447,0.1402982973713984,3,excitatory,1
ExtraTrees,5,0.7628205128205128,0.08714177163059707,0.6833333333333332,0.09060836905722269,0.6963324979114452,0.10467979738202354,3,excitatory,1
LogisticRegression,1,0.9743589743589745,0.03626188621469472,0.986111111111111,0.01964185503295969,0.9371980676328503,0.08881534449686102,4,inhibitory,1
RandomForest,2,0.9487179487179488,0.03626188621469472,0.8194444444444443,0.22652092264305682,0.763864734299517,0.2149551528878518,4,inhibitory,1
LogisticRegression,2,0.923076923076923,1.1102230246251565e-16,0.8055555555555555,0.21606040536255616,0.7010628019323671,0.15631500631447548,4,inhibitory,1
RandomForest,10,0.9487179487179488,0.03626188621469472,0.6666666666666666,0.23570226039551584,0.6533333333333333,0.2451303508113365,4,inhibitory,1
RandomForest,40,0.9487179487179488,0.03626188621469472,0.6666666666666666,0.23570226039551584,0.6533333333333333,0.2451303508113365,4,inhibitory,1
RandomForest,1,0.923076923076923,0.06280742930213278,0.6527777777777778,0.24611173814818546,0.6461111111111111,0.2503935174485292,4,inhibitory,1
ExtraTrees,1,0.923076923076923,1.1102230246251565e-16,0.6527777777777778,0.21606040536255616,0.5905314009661836,0.15631500631447548,4,inhibitory,1
ExtraTrees,2,0.923076923076923,1.1102230246251565e-16,0.6527777777777778,0.21606040536255616,0.5905314009661836,0.15631500631447548,4,inhibitory,1
ExtraTrees,3,0.923076923076923,1.1102230246251565e-16,0.6527777777777778,0.21606040536255616,0.5905314009661836,0.15631500631447548,4,inhibitory,1
RandomForest,5,0.923076923076923,1.1102230246251565e-16,0.6527777777777778,0.21606040536255616,0.5905314009661836,0.15631500631447548,4,inhibitory,1
ExtraTrees,5,0.923076923076923,1.1102230246251565e-16,0.6527777777777778,0.21606040536255616,0.5905314009661836,0.15631500631447548,4,inhibitory,1
LogisticRegression,3,0.8974358974358975,0.036261886214694776,0.6388888888888888,0.22652092264305676,0.5833091787439614,0.16166405558246855,4,inhibitory,1
LogisticRegression,5,0.8974358974358975,0.036261886214694776,0.6388888888888888,0.22652092264305676,0.5833091787439614,0.16166405558246855,4,inhibitory,1
ExtraTrees,10,0.923076923076923,1.1102230246251565e-16,0.5,0.0,0.48,0.0,4,inhibitory,1
RandomForest,20,0.923076923076923,1.1102230246251565e-16,0.5,0.0,0.48,0.0,4,inhibitory,1
ExtraTrees,20,0.923076923076923,1.1102230246251565e-16,0.5,0.0,0.48,0.0,4,inhibitory,1
ExtraTrees,40,0.923076923076923,1.1102230246251565e-16,0.5,0.0,0.48,0.0,4,inhibitory,1
RandomForest,3,0.8974358974358975,0.036261886214694776,0.4861111111111111,0.019641855032959663,0.47277777777777774,0.01021376461713902,4,inhibitory,1
LogisticRegression,40,0.8974358974358975,0.036261886214694776,0.4861111111111111,0.019641855032959663,0.47277777777777774,0.01021376461713902,4,inhibitory,1
LogisticRegression,20,0.8717948717948718,0.036261886214694776,0.47222222222222215,0.019641855032959663,0.4655555555555555,0.01021376461713902,4,inhibitory,1
LogisticRegression,10,0.8461538461538461,0.06280742930213278,0.4583333333333333,0.03402069087198858,0.4577053140096618,0.018465263339503286,4,inhibitory,1
LogisticRegression,1,0.9818181818181818,0.036363636363636376,0.9857142857142858,0.02857142857142856,0.9811965811965813,0.037606837606837605,5,excitatory,1
RandomForest,1,0.9818181818181818,0.036363636363636376,0.9857142857142858,0.02857142857142856,0.9811965811965813,0.037606837606837605,5,excitatory,1
ExtraTrees,1,0.9818181818181818,0.036363636363636376,0.9857142857142858,0.02857142857142856,0.9811965811965813,0.037606837606837605,5,excitatory,1
LogisticRegression,2,0.9818181818181818,0.036363636363636376,0.9857142857142858,0.02857142857142856,0.9811965811965813,0.037606837606837605,5,excitatory,1
RandomForest,2,0.9818181818181818,0.036363636363636376,0.9857142857142858,0.02857142857142856,0.9811965811965813,0.037606837606837605,5,excitatory,1
RandomForest,3,0.9818181818181818,0.036363636363636376,0.9857142857142858,0.02857142857142856,0.9811965811965813,0.037606837606837605,5,excitatory,1
RandomForest,10,0.9818181818181818,0.036363636363636376,0.9857142857142858,0.02857142857142856,0.9811965811965813,0.037606837606837605,5,excitatory,1
RandomForest,20,0.9818181818181818,0.036363636363636376,0.9857142857142858,0.02857142857142856,0.9811965811965813,0.037606837606837605,5,excitatory,1
RandomForest,40,0.9818181818181818,0.036363636363636376,0.9857142857142858,0.02857142857142856,0.9811965811965813,0.037606837606837605,5,excitatory,1
ExtraTrees,2,0.9636363636363636,0.07272727272727271,0.9714285714285715,0.05714285714285712,0.9633333333333333,0.07333333333333333,5,excitatory,1
LogisticRegression,3,0.9636363636363636,0.07272727272727271,0.9714285714285715,0.05714285714285712,0.9633333333333333,0.07333333333333333,5,excitatory,1
ExtraTrees,3,0.9636363636363636,0.07272727272727271,0.9714285714285715,0.05714285714285712,0.9633333333333333,0.07333333333333333,5,excitatory,1
RandomForest,5,0.9636363636363636,0.07272727272727271,0.9714285714285715,0.05714285714285712,0.9633333333333333,0.07333333333333333,5,excitatory,1
ExtraTrees,5,0.9636363636363636,0.07272727272727271,0.9714285714285715,0.05714285714285712,0.9633333333333333,0.07333333333333333,5,excitatory,1
LogisticRegression,5,0.9454545454545455,0.07272727272727272,0.9514285714285714,0.06101187572589318,0.9445299145299145,0.07357400786723159,5,excitatory,1
LogisticRegression,10,0.9454545454545455,0.07272727272727272,0.9514285714285714,0.06101187572589318,0.9445299145299145,0.07357400786723159,5,excitatory,1
ExtraTrees,10,0.9454545454545455,0.07272727272727272,0.9514285714285714,0.06101187572589318,0.9445299145299145,0.07357400786723159,5,excitatory,1
ExtraTrees,20,0.9454545454545455,0.07272727272727272,0.9514285714285714,0.06101187572589318,0.9445299145299145,0.07357400786723159,5,excitatory,1
ExtraTrees,40,0.9272727272727274,0.06803013430498074,0.9314285714285713,0.05813425699821656,0.9257264957264957,0.06885749321695936,5,excitatory,1
LogisticRegression,20,0.9090909090909092,0.09958591954639383,0.9123809523809523,0.09780354226621135,0.9078477078477079,0.09959755868442494,5,excitatory,1
LogisticRegression,40,0.8363636363636363,0.16663911618021238,0.8273809523809523,0.17168301223284266,0.8274114774114775,0.17275110760048476,5,excitatory,1
ExtraTrees,40,0.6606060606060605,0.09208831150922876,0.6422222222222221,0.11566234381931648,0.6267436267436267,0.11115795193403037,6,excitatory,1
RandomForest,20,0.6439393939393939,0.061917626490007704,0.6311111111111111,0.07573508083534213,0.6185954785954786,0.09587915970196931,6,excitatory,1
LogisticRegression,1,0.6454545454545453,0.07642133462374844,0.6255555555555555,0.08941510906102537,0.627008177008177,0.08406035746543271,6,excitatory,1
LogisticRegression,20,0.6272727272727272,0.11189576022810155,0.6155555555555555,0.13781361541078802,0.623068783068783,0.12636925651624853,6,excitatory,1
LogisticRegression,40,0.6272727272727272,0.11189576022810155,0.6144444444444443,0.14523714111925307,0.599047619047619,0.13986766232036252,6,excitatory,1
LogisticRegression,2,0.6287878787878787,0.07902063521457756,0.6088888888888888,0.08795341078739245,0.6118759018759019,0.08058291713634458,6,excitatory,1
RandomForest,1,0.6257575757575757,0.1173240041370057,0.6088888888888888,0.1331758329019789,0.5952380952380952,0.14982983545287878,6,excitatory,1
ExtraTrees,1,0.6090909090909091,0.04900291402665523,0.5922222222222222,0.06291283407507582,0.586002886002886,0.07074298937489201,6,excitatory,1
ExtraTrees,20,0.6075757575757577,0.12340813754119537,0.5922222222222222,0.1347425528760516,0.5756854256854258,0.13942605218670082,6,excitatory,1
LogisticRegression,3,0.5954545454545455,0.10460033693389821,0.5811111111111111,0.115822341604782,0.5774603174603175,0.10560340245096966,6,excitatory,1
RandomForest,40,0.593939393939394,0.09371919451025525,0.5755555555555556,0.11025223605694151,0.5447330447330447,0.11759620717277429,6,excitatory,1
ExtraTrees,2,0.5757575757575758,0.054839275972284406,0.5588888888888889,0.07274172134814626,0.539153439153439,0.09568384808852752,6,excitatory,1
ExtraTrees,3,0.5757575757575757,0.07606000241218867,0.5588888888888888,0.09581360505471155,0.5325396825396825,0.11606975156689611,6,excitatory,1
RandomForest,2,0.5590909090909091,0.06217661978388845,0.5422222222222222,0.07475061418468516,0.5338864838864839,0.08836642576002829,6,excitatory,1
LogisticRegression,5,0.5409090909090909,0.12959639260814,0.5199999999999999,0.1480156815182386,0.5257383357383357,0.13325970570215503,6,excitatory,1
ExtraTrees,5,0.5227272727272727,0.1136868574685095,0.5033333333333333,0.1261294651352674,0.4926695526695527,0.11247883896935984,6,excitatory,1
RandomForest,3,0.509090909090909,0.05575263482719424,0.49222222222222217,0.0652251560952852,0.48330447330447324,0.06970509610642815,6,excitatory,1
RandomForest,10,0.509090909090909,0.09308013668731921,0.49222222222222217,0.11598211867288788,0.48092352092352086,0.0989459054829508,6,excitatory,1
LogisticRegression,10,0.5075757575757576,0.11338355717496792,0.49000000000000005,0.13418248123956025,0.4897354497354497,0.13256586039783963,6,excitatory,1
RandomForest,5,0.5060606060606061,0.1325562756248449,0.4866666666666667,0.14876445878478792,0.47759018759018756,0.13709848833323657,6,excitatory,1
ExtraTrees,10,0.48939393939393944,0.12691146419013288,0.47555555555555556,0.1375984496036686,0.4634632034632034,0.12690507108121574,6,excitatory,1
LogisticRegression,5,0.6916666666666667,0.042491829279939886,0.6620833333333331,0.047372642912848484,0.6480602455679854,0.03789910198280933,8,excitatory,1
ExtraTrees,5,0.6833333333333333,0.042491829279939886,0.6500992063492064,0.06100472599397852,0.6322285763771832,0.05771377940530226,8,excitatory,1
RandomForest,5,0.6833333333333333,0.042491829279939886,0.6409920634920634,0.06116759397576524,0.6290187152029256,0.05907104764458707,8,excitatory,1
RandomForest,40,0.675,0.06123724356957946,0.6298809523809524,0.07879873325639056,0.6158479532163742,0.07464479093378017,8,excitatory,1
RandomForest,20,0.6833333333333333,0.062360956446232345,0.6286904761904762,0.0746252922296644,0.61910552897395,0.08079072915656034,8,excitatory,1
ExtraTrees,40,0.6666666666666667,0.052704627669472995,0.6229166666666666,0.05651056987354318,0.6170525973854147,0.0665492538399084,8,excitatory,1
RandomForest,10,0.6666666666666666,0.06972166887783961,0.6201587301587301,0.0788114219947558,0.6085664919875446,0.08240334644131468,8,excitatory,1
ExtraTrees,10,0.6583333333333334,0.04859126579037751,0.6167460317460318,0.06157198406309779,0.6033681231049652,0.0685920887485972,8,excitatory,1
ExtraTrees,20,0.65,0.08579691784155834,0.5991865079365079,0.10281416742565978,0.5900699455343418,0.1083011627590182,8,excitatory,1
LogisticRegression,10,0.6083333333333334,0.049999999999999996,0.5659920634920634,0.0569476383153874,0.5611427023269128,0.060981488146510436,8,excitatory,1
RandomForest,3,0.6083333333333334,0.05651941652604392,0.5517063492063492,0.07041427102599264,0.5288156872367399,0.07152367573642392,8,excitatory,1
LogisticRegression,20,0.5916666666666667,0.016666666666666653,0.55140873015873,0.02471352620378249,0.5396261633103739,0.028709644108971536,8,excitatory,1
LogisticRegression,3,0.6,0.10069204977995476,0.5409325396825396,0.1039670725729559,0.5314762220064078,0.119094329275379,8,excitatory,1
ExtraTrees,2,0.5916666666666668,0.06666666666666668,0.5353174603174603,0.093488896919991,0.5147028994397415,0.09070243855716192,8,excitatory,1
LogisticRegression,40,0.575,0.07168604389202189,0.5259722222222222,0.06775636487521708,0.5200464619659666,0.05952795132549723,8,excitatory,1
ExtraTrees,3,0.5833333333333334,0.05270462766947298,0.5212896825396826,0.0552756412034816,0.5063970274651389,0.059320194783159225,8,excitatory,1
ExtraTrees,1,0.5666666666666667,0.10069204977995479,0.5061507936507936,0.10095724756164355,0.49002674226358434,0.1008696964365292,8,excitatory,1
LogisticRegression,1,0.5583333333333333,0.042491829279939886,0.5057142857142857,0.04020673616016427,0.4472580953618105,0.03672705010102575,8,excitatory,1
LogisticRegression,2,0.5666666666666667,0.07728015412913086,0.5040476190476191,0.08217683907171529,0.4657794106478317,0.09581588892260692,8,excitatory,1
RandomForest,2,0.5666666666666667,0.033333333333333354,0.5023412698412699,0.045240601434337606,0.4796093818462239,0.05051743586878657,8,excitatory,1
RandomForest,1,0.5416666666666667,0.058925565098878974,0.4751984126984127,0.05964749055284473,0.4526818649187069,0.04857704477217298,8,excitatory,1
RandomForest,40,0.8333333333333334,0.10540925533894599,0.74,0.20591260281974003,0.6623737373737374,0.20740856891099846,9,inhibitory,1
ExtraTrees,40,0.8,0.12472191289246472,0.64,0.22449944320643647,0.5868181818181818,0.22003192856214496,9,inhibitory,1
ExtraTrees,20,0.8,0.0666666666666667,0.64,0.17435595774162696,0.5532828282828283,0.13022176621864076,9,inhibitory,1
LogisticRegression,20,0.7666666666666667,0.08164965809277264,0.62,0.1469693845669907,0.5227272727272727,0.08350533214033562,9,inhibitory,1
RandomForest,20,0.7666666666666667,0.08164965809277264,0.62,0.1469693845669907,0.5227272727272727,0.08350533214033562,9,inhibitory,1
RandomForest,10,0.7333333333333333,0.08164965809277264,0.6,0.16733200530681513,0.5118181818181818,0.09453452734056553,9,inhibitory,1
ExtraTrees,10,0.7333333333333333,0.08164965809277264,0.6,0.16733200530681513,0.5118181818181818,0.09453452734056553,9,inhibitory,1
LogisticRegression,40,0.8,0.0666666666666667,0.5599999999999999,0.17435595774162693,0.5082828282828282,0.13639341238695096,9,inhibitory,1
LogisticRegression,10,0.7,0.12472191289246475,0.5,0.16733200530681513,0.4534848484848485,0.09666096686910279,9,inhibitory,1
LogisticRegression,2,0.7666666666666667,0.08164965809277264,0.45999999999999996,0.04898979485566355,0.43272727272727274,0.02672170628490738,9,inhibitory,1
LogisticRegression,3,0.7666666666666667,0.08164965809277264,0.45999999999999996,0.04898979485566355,0.43272727272727274,0.02672170628490738,9,inhibitory,1
RandomForest,3,0.7333333333333333,0.08164965809277264,0.44000000000000006,0.04898979485566354,0.42181818181818187,0.026721706284907377,9,inhibitory,1
ExtraTrees,3,0.7333333333333333,0.08164965809277264,0.44000000000000006,0.04898979485566354,0.42181818181818187,0.026721706284907377,9,inhibitory,1
RandomForest,2,0.7,0.0666666666666667,0.42000000000000004,0.039999999999999994,0.41090909090909095,0.021818181818181803,9,inhibitory,1
ExtraTrees,2,0.7,0.0666666666666667,0.42000000000000004,0.039999999999999994,0.41090909090909095,0.021818181818181803,9,inhibitory,1
ExtraTrees,1,0.6666666666666666,0.10540925533894599,0.4,0.0632455532033676,0.3975757575757576,0.03844545824764535,9,inhibitory,1
RandomForest,5,0.6333333333333332,0.06666666666666665,0.38,0.040000000000000015,0.3866666666666666,0.026666666666666686,9,inhibitory,1
RandomForest,1,0.6333333333333333,0.12472191289246473,0.38,0.07483314773547883,0.3842424242424243,0.04609249294989466,9,inhibitory,1
LogisticRegression,1,0.6333333333333333,0.12472191289246473,0.38,0.07483314773547883,0.3842424242424242,0.046092492949894655,9,inhibitory,1
ExtraTrees,5,0.5999999999999999,0.0816496580927726,0.36,0.04898979485566358,0.37333333333333335,0.03265986323710906,9,inhibitory,1
LogisticRegression,5,0.5666666666666667,0.16996731711975951,0.34,0.10198039027185571,0.35424242424242425,0.06913077000064112,9,inhibitory,1
ExtraTrees,40,0.5644104607080898,0.026070534838956015,0.6236635631570697,0.021780618286640612,0.4903965583687377,0.04566281985338289,__NA__,__NA__,1
LogisticRegression,40,0.5922894043564866,0.026216538907646685,0.5809649790440876,0.016105781273140714,0.5273749829362103,0.012007169758624361,__NA__,__NA__,1
RandomForest,40,0.5207993317483776,0.00844830850395112,0.5710267685485594,0.02335013453572153,0.4635624035700624,0.02459896991732492,__NA__,__NA__,1
ExtraTrees,20,0.5035648653858511,0.016383451071990806,0.5643438521577789,0.013761181438705439,0.4224780376429759,0.021506654738517022,__NA__,__NA__,1
LogisticRegression,20,0.5405924307652766,0.027896498202881242,0.5446937950046167,0.041330368788328305,0.4846739467018879,0.03074834778255932,__NA__,__NA__,1
RandomForest,20,0.48479599049026534,0.011514629620915096,0.5268476324235289,0.0371629545061768,0.42630670827838363,0.026618698582998347,__NA__,__NA__,1
ExtraTrees,10,0.43103514746514177,0.008660154237447315,0.48655295164479656,0.030924727319303902,0.36834302947937536,0.024213369699183983,__NA__,__NA__,1
LogisticRegression,10,0.4411822913320053,0.021404835635452694,0.47924735204062036,0.03826939490394465,0.38850040331573943,0.030732643320172778,__NA__,__NA__,1
RandomForest,10,0.42291074985542637,0.014700750796051735,0.4675062369814887,0.03306175627673912,0.38151033437334575,0.02774683958053455,__NA__,__NA__,1
LogisticRegression,5,0.3037293580929127,0.03772683529339929,0.39706285009544284,0.03728490469958889,0.2926066335559864,0.03428108754389123,__NA__,__NA__,1
ExtraTrees,5,0.30678532416629184,0.03459410530031935,0.39214683920674953,0.025819072559148212,0.27231249712274697,0.024676686797690476,__NA__,__NA__,1
RandomForest,5,0.3017284585234209,0.02816195559331187,0.37880019999039055,0.032755521180843794,0.29266191832312416,0.027053253456091234,__NA__,__NA__,1
LogisticRegression,3,0.1617528754096254,0.043079649933457476,0.3499254095950777,0.024696349230929365,0.19196725302471745,0.017675952142155806,__NA__,__NA__,1
ExtraTrees,3,0.18254449656235944,0.04346417799599873,0.3310727209273073,0.03437071575353624,0.20090726294230105,0.015755111846550127,__NA__,__NA__,1
RandomForest,3,0.18306239156974874,0.04989347230132106,0.29591710894392115,0.043204694945525375,0.20530524605300568,0.0282909031457844,__NA__,__NA__,1
LogisticRegression,2,0.10750883505750819,0.014072141362324072,0.22695029507529513,0.025786591865834894,0.14073557500718356,0.009358101961864925,__NA__,__NA__,1
RandomForest,2,0.1262777099530939,0.026560765750430152,0.21810389461121793,0.03442281632456647,0.14231510199832875,0.03203434099436224,__NA__,__NA__,1
ExtraTrees,2,0.12881321082053587,0.022959913711691524,0.21689499734225232,0.030622295658561203,0.14133432138843066,0.022130628339786705,__NA__,__NA__,1
LogisticRegression,1,0.09382252779027181,0.01936506906819677,0.16223870337242433,0.030472854773093357,0.09006240969083001,0.01369532247467203,__NA__,__NA__,1
RandomForest,1,0.0958555548416115,0.016379763128173554,0.14584507764154736,0.031936960400788986,0.09392436939749263,0.02397500792100728,__NA__,__NA__,1
ExtraTrees,1,0.09737068688556191,0.014278750928607366,0.1283145364376061,0.0373058899495674,0.08455666146947108,0.024424938565869015,__NA__,__NA__,1
RandomForest,2,0.375,0.09882117688026186,0.35113636363636364,0.0669940737891421,0.3076371996166888,0.11566487598751944,10,excitatory,2
ExtraTrees,1,0.40625,0.05412658773652741,0.2916666666666667,0.09222376418992582,0.25104166666666666,0.07592901345912868,10,excitatory,2
RandomForest,1,0.359375,0.12789613706050704,0.28920454545454544,0.12977824976308722,0.2650062656641604,0.11993326784154769,10,excitatory,2
ExtraTrees,2,0.390625,0.0924387466109315,0.2859848484848485,0.11604332195850912,0.2477048933608531,0.08641003039575533,10,excitatory,2
ExtraTrees,10,0.515625,0.0924387466109315,0.281060606060606,0.06482033515343098,0.27700647782169524,0.0640751515533998,10,excitatory,2
RandomForest,10,0.421875,0.11158481919598204,0.27121212121212124,0.10149394848674807,0.28530287114845937,0.10404107714911288,10,excitatory,2
RandomForest,3,0.34375,0.06987712429686843,0.24223484848484844,0.12388202416568189,0.23068831699346404,0.13455818292651126,10,excitatory,2
LogisticRegression,40,0.515625,0.027063293868263706,0.2414772727272727,0.02532714669093484,0.23908161584792018,0.04468329362477597,10,excitatory,2
ExtraTrees,5,0.375,0.11692679333668567,0.24128787878787877,0.10078676382881535,0.22928882478031085,0.084496732941943,10,excitatory,2
RandomForest,5,0.296875,0.05182226234930312,0.2350378787878788,0.09048254572715789,0.24461644306845548,0.10032456444532487,10,excitatory,2
RandomForest,40,0.515625,0.05182226234930312,0.22575757575757577,0.037547796292564425,0.2261610671936759,0.054515702587511795,10,excitatory,2
LogisticRegression,20,0.40625,0.10364452469860624,0.21458333333333335,0.06428550361991221,0.20059016360167256,0.05186649396013028,10,excitatory,2
ExtraTrees,20,0.46875,0.06987712429686843,0.20814393939393938,0.037823349582573274,0.20636724386724387,0.04002379746693016,10,excitatory,2
RandomForest,20,0.421875,0.0924387466109315,0.2051136363636364,0.07187269180227925,0.20898646071700994,0.06313057640764184,10,excitatory,2
ExtraTrees,40,0.484375,0.06810779599282303,0.19924242424242422,0.04205057298902399,0.19507575757575757,0.0513296012202755,10,excitatory,2
LogisticRegression,1,0.21875,0.10364452469860624,0.19507575757575757,0.10112643238039767,0.16171418128654969,0.0795592417777755,10,excitatory,2
LogisticRegression,10,0.359375,0.06810779599282303,0.18295454545454543,0.02174981396962969,0.19719158496732025,0.05056255139497949,10,excitatory,2
ExtraTrees,3,0.28125,0.03125,0.16420454545454546,0.10278124839026406,0.15074604403164774,0.05357155225419972,10,excitatory,2
LogisticRegression,5,0.25,0.0625,0.1263257575757576,0.04073819171249104,0.14651318860877682,0.04942922992641019,10,excitatory,2
LogisticRegression,3,0.234375,0.05182226234930312,0.12007575757575757,0.03262197215120472,0.13832866479925304,0.03374754413530937,10,excitatory,2
LogisticRegression,2,0.21875,0.06987712429686843,0.11439393939393938,0.03258896842763248,0.1254714309812994,0.034349261495522414,10,excitatory,2
ExtraTrees,40,0.808187134502924,0.02802140011862205,0.5833333333333333,0.10561493213030476,0.5673376623376624,0.10140738032765577,10,inhibitory,2
ExtraTrees,20,0.8087719298245613,0.04091896066558106,0.5291666666666666,0.0875,0.5258110516934047,0.10554911339592124,10,inhibitory,2
LogisticRegression,40,0.7666666666666667,0.09634758047541038,0.5041666666666667,0.10532687216470446,0.5042201426024955,0.10765690413521325,10,inhibitory,2
RandomForest,20,0.776608187134503,0.020392509677383288,0.4833333333333333,0.04639803635691683,0.4646482786663052,0.048802627965232735,10,inhibitory,2
RandomForest,40,0.7666666666666667,0.06964713417992703,0.4770833333333333,0.044390157818046894,0.45682295645530935,0.03861563171181613,10,inhibitory,2
ExtraTrees,10,0.7970760233918128,0.04421300157061004,0.46875,0.03423265984407288,0.44319869883437246,0.013896672851219717,10,inhibitory,2
LogisticRegression,3,0.7444444444444445,0.04058327853309351,0.4645833333333333,0.07353901081134494,0.4590380800414007,0.07342128090361089,10,inhibitory,2
LogisticRegression,2,0.6818713450292397,0.08535608089131666,0.4541666666666666,0.0741268619777383,0.4495527859237537,0.06388379507593052,10,inhibitory,2
LogisticRegression,5,0.7228070175438597,0.06412514695613007,0.4520833333333333,0.08426561840065283,0.45133646713817493,0.07868488239312424,10,inhibitory,2
ExtraTrees,5,0.7444444444444445,0.023215711393309028,0.4375,0.01976423537605237,0.4266517164050371,0.007505024641636476,10,inhibitory,2
LogisticRegression,1,0.6491228070175439,0.052043498155057266,0.4354166666666666,0.08970437559004577,0.44127937567314646,0.07381928843521564,10,inhibitory,2
LogisticRegression,20,0.6923976608187135,0.06673844499502737,0.4333333333333333,0.026841872347344,0.42627705627705625,0.019416270613383753,10,inhibitory,2
RandomForest,10,0.7228070175438596,0.06412514695613003,0.425,0.042389562394532926,0.4187770562770563,0.020824202474236383,10,inhibitory,2
ExtraTrees,3,0.7134502923976608,0.07669518741873683,0.41875,0.042389562394532926,0.4151671122994653,0.027163998221328353,10,inhibitory,2
LogisticRegression,10,0.7017543859649122,0.055478555441550524,0.4125,0.036443449342783124,0.4117531338048416,0.018963500880866978,10,inhibitory,2
RandomForest,2,0.6485380116959065,0.0730502758812968,0.4083333333333333,0.09890897892057682,0.4248674453096033,0.08996025568142443,10,inhibitory,2
RandomForest,3,0.6380116959064327,0.05303290783043101,0.4020833333333333,0.08655240865767076,0.41647650828963395,0.07324958669020819,10,inhibitory,2
RandomForest,1,0.6385964912280702,0.03612501803855087,0.4020833333333333,0.07083333333333332,0.4131720430107527,0.05692378061610118,10,inhibitory,2
ExtraTrees,2,0.6807017543859649,0.08834861973343279,0.4,0.053764532919016415,0.4032992962075112,0.032593949836392716,10,inhibitory,2
RandomForest,5,0.6491228070175438,0.052043498155057266,0.38125,0.03061862178478973,0.39302052785923747,0.018911517971156908,10,inhibitory,2
ExtraTrees,1,0.6274853801169591,0.03427918336784291,0.36875,0.023385358667337132,0.3852841119762699,0.012871947118087831,10,inhibitory,2
LogisticRegression,1,0.838562091503268,0.0786380718572289,0.8776190476190477,0.04295227536677977,0.7788024926930474,0.07746575425067767,19,inhibitory,2
LogisticRegression,40,0.9209150326797386,0.05616353218023747,0.8461904761904762,0.16103125708891797,0.8326348867936743,0.1282620334459596,19,inhibitory,2
LogisticRegression,2,0.8156862745098039,0.0862547016278359,0.8376190476190477,0.06505535755404976,0.7475448614354162,0.09378316955658417,19,inhibitory,2
LogisticRegression,3,0.7928104575163399,0.08831030459636358,0.7976190476190474,0.04051818549749072,0.7163148079639833,0.09058418128761832,19,inhibitory,2
RandomForest,40,0.8516339869281045,0.11782122184830063,0.7628571428571429,0.21361057665305314,0.7359344598054276,0.2185626726947239,19,inhibitory,2
ExtraTrees,5,0.8509803921568627,0.04531066669918173,0.7619047619047619,0.09484442446769185,0.7379941734202023,0.0868708614784176,19,inhibitory,2
LogisticRegression,5,0.8045751633986928,0.0794164715246224,0.7609523809523808,0.06633591421499536,0.7109179825671579,0.0966312543112817,19,inhibitory,2
LogisticRegression,20,0.8620915032679738,0.02776047134849058,0.759047619047619,0.12765457927539195,0.730745352317933,0.05965998399316055,19,inhibitory,2
LogisticRegression,10,0.8392156862745097,0.04146078830628418,0.7552380952380953,0.08299113413293735,0.7233694581280788,0.05667357022057722,19,inhibitory,2
ExtraTrees,3,0.8392156862745097,0.11310022690887982,0.7542857142857142,0.061156651759410166,0.7507068700672705,0.1098779431371935,19,inhibitory,2
ExtraTrees,10,0.8392156862745097,0.04146078830628418,0.7285714285714284,0.1044041510543025,0.7076551724137932,0.07488382158629427,19,inhibitory,2
RandomForest,1,0.8065359477124183,0.08926774319792335,0.7247619047619048,0.19117490893155584,0.6746098839980931,0.1669104778971229,19,inhibitory,2
ExtraTrees,1,0.8052287581699347,0.10689022452547838,0.7238095238095237,0.17452234781431664,0.67299635477611,0.15990366036673664,19,inhibitory,2
ExtraTrees,40,0.8287581699346405,0.09468330380345809,0.7219047619047618,0.20142012815806387,0.6879078341013826,0.19324841514301125,19,inhibitory,2
ExtraTrees,2,0.8163398692810457,0.10037309187164686,0.7142857142857143,0.07019570956777454,0.7009219238307114,0.10207814291425901,19,inhibitory,2
RandomForest,3,0.8281045751633986,0.06226669471275584,0.7052380952380952,0.16217344652368218,0.6839219238307115,0.14926324026125887,19,inhibitory,2
RandomForest,5,0.8274509803921568,0.0735519210281579,0.7047619047619047,0.16338261091995196,0.686551724137931,0.15740731984692619,19,inhibitory,2
RandomForest,2,0.8169934640522876,0.07409009182192572,0.6985714285714286,0.17221776016456536,0.6760131362889984,0.16044764641617382,19,inhibitory,2
RandomForest,10,0.838562091503268,0.06708824794957564,0.6852380952380951,0.16498745915373242,0.6814408602150538,0.15417716503894907,19,inhibitory,2
RandomForest,20,0.8287581699346405,0.0995010835763925,0.6523809523809524,0.2101937341970298,0.65427608311229,0.2015205972842554,19,inhibitory,2
ExtraTrees,20,0.8052287581699347,0.043433327387806926,0.6290476190476191,0.0966608020740381,0.6159126984126985,0.10556065747307396,19,inhibitory,2
RandomForest,3,0.763888888888889,0.08425417160057277,0.77,0.08276472678623424,0.7604329004329005,0.08434975232997112,2,excitatory,2
ExtraTrees,2,0.7416666666666666,0.09196080754026026,0.745,0.1004987562112089,0.7364574314574315,0.09620492243785941,2,excitatory,2
ExtraTrees,5,0.7222222222222222,0.10971343143406388,0.73,0.0966953980290686,0.7164935064935065,0.11156789038194312,2,excitatory,2
ExtraTrees,3,0.7194444444444444,0.06236095644623237,0.73,0.0620483682299543,0.7136796536796537,0.06623138240907248,2,excitatory,2
ExtraTrees,10,0.725,0.1077262190536962,0.725,0.10839741694339398,0.722936507936508,0.10866479323584834,2,excitatory,2
RandomForest,20,0.7194444444444444,0.06236095644623237,0.725,0.07416198487095664,0.7136796536796537,0.06623138240907249,2,excitatory,2
RandomForest,5,0.7194444444444444,0.16905693394114377,0.725,0.15890248582070704,0.7113275613275614,0.1780532221782525,2,excitatory,2
RandomForest,2,0.7194444444444444,0.11732617823301597,0.72,0.11335784048754637,0.7115873015873017,0.11752529305401709,2,excitatory,2
LogisticRegression,3,0.7,0.08897565210026093,0.7150000000000001,0.0845576726264388,0.6914862914862915,0.09205127776140319,2,excitatory,2
LogisticRegression,2,0.7,0.1133796201775475,0.71,0.11683321445547923,0.6932828282828283,0.11571735828225178,2,excitatory,2
LogisticRegression,5,0.7,0.20611784954543497,0.71,0.19078784028338913,0.680036075036075,0.235011396183215,2,excitatory,2
ExtraTrees,1,0.6944444444444444,0.12668615834434865,0.6950000000000001,0.13076696830622023,0.6843145743145743,0.137891088709728,2,excitatory,2
RandomForest,10,0.675,0.0812707713240433,0.68,0.08276472678623424,0.6653463203463204,0.08043676801870167,2,excitatory,2
RandomForest,40,0.6722222222222223,0.055970671332249686,0.6799999999999999,0.04847679857416328,0.6573593073593074,0.04826208876899232,2,excitatory,2
LogisticRegression,1,0.65,0.0816496580927726,0.6599999999999999,0.08602325267042626,0.6329437229437229,0.09182351893148741,2,excitatory,2
LogisticRegression,10,0.65,0.1077262190536962,0.65,0.108397416943394,0.6483333333333333,0.10806376718298218,2,excitatory,2
ExtraTrees,20,0.65,0.12341588828623924,0.65,0.1341640786499874,0.6407359307359307,0.13242934047520985,2,excitatory,2
ExtraTrees,40,0.65,0.07317744373510827,0.65,0.08366600265340755,0.6324891774891774,0.08775918972333417,2,excitatory,2
LogisticRegression,20,0.625,0.13777329741819158,0.635,0.1392838827718412,0.6049206349206349,0.15098100307820644,2,excitatory,2
LogisticRegression,40,0.6083333333333334,0.14337208778404378,0.61,0.15215124054702941,0.6008152958152959,0.14945977846537184,2,excitatory,2
RandomForest,1,0.6027777777777777,0.16329931618554522,0.61,0.16170961628796232,0.591002886002886,0.16991324773354266,2,excitatory,2
LogisticRegression,5,0.9428571428571428,0.06998542122237654,0.95,0.06123724356957946,0.9428571428571428,0.06998542122237654,20,excitatory,2
RandomForest,3,0.9428571428571428,0.11428571428571428,0.95,0.09999999999999999,0.9416666666666667,0.1166666666666667,20,excitatory,2
RandomForest,5,0.9428571428571428,0.11428571428571428,0.95,0.09999999999999999,0.9416666666666667,0.1166666666666667,20,excitatory,2
RandomForest,10,0.9428571428571428,0.11428571428571428,0.95,0.09999999999999999,0.9416666666666667,0.1166666666666667,20,excitatory,2
RandomForest,20,0.9428571428571428,0.11428571428571428,0.95,0.09999999999999999,0.9416666666666667,0.1166666666666667,20,excitatory,2
ExtraTrees,40,0.9428571428571428,0.11428571428571428,0.95,0.09999999999999999,0.9416666666666667,0.1166666666666667,20,excitatory,2
ExtraTrees,1,0.9142857142857143,0.11428571428571428,0.925,0.1,0.9130952380952382,0.11637475628428513,20,excitatory,2
RandomForest,2,0.9142857142857143,0.11428571428571428,0.925,0.1,0.9130952380952382,0.11637475628428513,20,excitatory,2
ExtraTrees,5,0.9142857142857143,0.11428571428571428,0.925,0.1,0.9130952380952382,0.11637475628428513,20,excitatory,2
LogisticRegression,1,0.9142857142857143,0.11428571428571428,0.9166666666666666,0.10540925533894599,0.9105555555555556,0.11769913516994547,20,excitatory,2
LogisticRegression,2,0.9142857142857143,0.11428571428571428,0.9166666666666666,0.10540925533894599,0.9105555555555556,0.11769913516994547,20,excitatory,2
LogisticRegression,3,0.9142857142857143,0.11428571428571428,0.9166666666666666,0.10540925533894599,0.9105555555555556,0.11769913516994547,20,excitatory,2
ExtraTrees,3,0.9095238095238095,0.11703053073756674,0.9166666666666666,0.10540925533894599,0.9073809523809523,0.11963758576399663,20,excitatory,2
RandomForest,1,0.8857142857142858,0.13997084244475302,0.9,0.1224744871391589,0.8833333333333332,0.14288690166235207,20,excitatory,2
RandomForest,40,0.8857142857142858,0.13997084244475302,0.9,0.1224744871391589,0.8833333333333332,0.14288690166235207,20,excitatory,2
ExtraTrees,10,0.8857142857142858,0.13997084244475302,0.8916666666666666,0.13333333333333336,0.8833333333333332,0.14288690166235207,20,excitatory,2
ExtraTrees,2,0.880952380952381,0.10858813572372743,0.8916666666666666,0.09718253158075502,0.8788095238095238,0.11084196426933217,20,excitatory,2
LogisticRegression,20,0.8857142857142858,0.1665986255670086,0.8833333333333332,0.16329931618554522,0.8831746031746033,0.16711082163336727,20,excitatory,2
LogisticRegression,40,0.8857142857142858,0.1665986255670086,0.8833333333333332,0.16329931618554522,0.8831746031746033,0.16711082163336727,20,excitatory,2
ExtraTrees,20,0.8571428571428573,0.12777531299998798,0.8666666666666666,0.12190615698606497,0.8547619047619047,0.130442731198212,20,excitatory,2
LogisticRegression,10,0.8571428571428571,0.18070158058105026,0.8666666666666666,0.16541194367732673,0.8483333333333334,0.19382122346808842,20,excitatory,2
LogisticRegression,5,0.7233201581027668,0.13254373626171712,0.7761904761904762,0.14049188325942102,0.6931981166981167,0.14968462056819873,22,__NA__,2
RandomForest,10,0.6889328063241107,0.14427473050676803,0.7142857142857142,0.1467717619754518,0.6543127551460884,0.16222484136182125,22,__NA__,2
RandomForest,3,0.6770750988142293,0.15760593874204204,0.7130158730158731,0.13101306915050043,0.6416206690820997,0.1564972399455557,22,__NA__,2
ExtraTrees,40,0.732411067193676,0.06148246436474551,0.7006349206349206,0.12321632414028381,0.6275588115588115,0.0885323178388319,22,__NA__,2
ExtraTrees,5,0.6881422924901186,0.14384528237901106,0.6888888888888889,0.1978340769318189,0.6393989477258872,0.18205038634807078,22,__NA__,2
ExtraTrees,3,0.633596837944664,0.17610725053069554,0.6888888888888889,0.21006423809631214,0.6242850748285532,0.19599709662455897,22,__NA__,2
RandomForest,2,0.6766798418972332,0.1262943268524365,0.6866666666666668,0.17003430655871626,0.6051748090878526,0.1276929916330751,22,__NA__,2
LogisticRegression,10,0.6881422924901186,0.10868055949834447,0.686031746031746,0.13498000561134976,0.6198574114057985,0.142731648096044,22,__NA__,2
ExtraTrees,10,0.6885375494071145,0.12122601169192733,0.6841269841269841,0.14952684255340556,0.6199320124320125,0.15910829113433844,22,__NA__,2
RandomForest,20,0.7498023715415021,0.11007461618501717,0.6730158730158731,0.17179560942728814,0.6311115551115551,0.12805043273992225,22,__NA__,2
RandomForest,5,0.7051383399209487,0.1269900870676083,0.6650793650793652,0.18783888498396212,0.6388446430113096,0.1731992750610748,22,__NA__,2
LogisticRegression,3,0.6790513833992096,0.13736301031792592,0.6574603174603174,0.19827017103080466,0.5932944495118408,0.14990534061407784,22,__NA__,2
RandomForest,40,0.7055335968379447,0.07279598060535235,0.6542857142857142,0.13631732724134238,0.5876413586413587,0.09240513173263643,22,__NA__,2
ExtraTrees,20,0.7320158102766798,0.0571771612170941,0.6374603174603175,0.12897487162508825,0.6152296405169969,0.09987930755357255,22,__NA__,2
LogisticRegression,1,0.5873517786561264,0.11025755284845842,0.6114285714285714,0.2052606206718402,0.536020868020868,0.12364866713973825,22,__NA__,2
RandomForest,1,0.6853754940711463,0.1372993046748384,0.6104761904761904,0.11599949609363967,0.5863593036056804,0.12074378418397613,22,__NA__,2
LogisticRegression,2,0.5608695652173913,0.09377173595974093,0.5974603174603175,0.2021167899384074,0.5232377284551198,0.11695299404309735,22,__NA__,2
LogisticRegression,20,0.7241106719367589,0.15856946927484208,0.592063492063492,0.1481897145013817,0.5652795233440394,0.11813639859507563,22,__NA__,2
LogisticRegression,40,0.6972332015810276,0.08280986153735422,0.5911111111111111,0.1313058241310844,0.5550104216770884,0.09501913623534956,22,__NA__,2
ExtraTrees,2,0.5339920948616601,0.10716055780446192,0.5834920634920635,0.21009446099238915,0.5061118591553374,0.12620836036971306,22,__NA__,2
ExtraTrees,1,0.5861660079051384,0.16009417778530358,0.5704761904761904,0.22368813549267982,0.5332135754744451,0.16893377650028646,22,__NA__,2
LogisticRegression,40,0.8576923076923076,0.10179196533989338,0.8,0.14635488747021658,0.8042763772175536,0.13113029385205283,3,excitatory,2
LogisticRegression,2,0.8076923076923077,0.03140371465106638,0.7944444444444444,0.09558139185602917,0.7590806561859192,0.048898380892865814,3,excitatory,2
LogisticRegression,3,0.7756410256410257,0.09173612215383753,0.7722222222222221,0.111665284679121,0.7317655547067311,0.09406403005812297,3,excitatory,2
ExtraTrees,3,0.8076923076923077,0.06135121084105331,0.7583333333333334,0.09844469525927417,0.7497007223942208,0.07668082220819385,3,excitatory,2
ExtraTrees,20,0.8256410256410257,0.11434000072565793,0.7555555555555555,0.18872541946070032,0.7346773797238193,0.2005521362873658,3,excitatory,2
RandomForest,10,0.7923076923076923,0.1272141185272402,0.7472222222222221,0.18888888888888888,0.7175426534250062,0.19160348334739133,3,excitatory,2
RandomForest,5,0.7769230769230769,0.09958823838942794,0.736111111111111,0.161970885967925,0.6906117231581628,0.16396584601181532,3,excitatory,2
RandomForest,20,0.8230769230769232,0.059390947804617775,0.7333333333333334,0.14337208778404376,0.7191218241682638,0.15782866573048746,3,excitatory,2
RandomForest,40,0.8230769230769232,0.059390947804617775,0.7333333333333334,0.14337208778404376,0.7191218241682638,0.15782866573048746,3,excitatory,2
LogisticRegression,20,0.8243589743589743,0.07293057770937379,0.7333333333333332,0.07157832625958402,0.754736842105263,0.07989241594744204,3,excitatory,2
ExtraTrees,2,0.7782051282051282,0.10875543620742818,0.7222222222222222,0.11947673982003645,0.7117822966507177,0.11724395926938026,3,excitatory,2
LogisticRegression,10,0.7589743589743589,0.11107330060148961,0.711111111111111,0.17795130420052185,0.6781979458450047,0.17373983795643205,3,excitatory,2
ExtraTrees,5,0.7615384615384615,0.125837104976327,0.6972222222222222,0.15475986974649023,0.6923477812177502,0.13987616943595596,3,excitatory,2
RandomForest,2,0.7615384615384615,0.10536246569899668,0.6888888888888889,0.1577719091240325,0.655647228588405,0.1650175564398372,3,excitatory,2
LogisticRegression,5,0.7294871794871794,0.12145025469528246,0.6888888888888889,0.17338318371474704,0.6424906629318394,0.1654106108210967,3,excitatory,2
ExtraTrees,40,0.7923076923076924,0.07677335857220445,0.6888888888888888,0.11573703697777586,0.6851378446115288,0.15004332564088732,3,excitatory,2
RandomForest,3,0.7269230769230769,0.07709382758139954,0.6805555555555556,0.1242259987499883,0.6357797903850535,0.12665223541349035,3,excitatory,2
ExtraTrees,10,0.7628205128205129,0.17447205985850256,0.675,0.21037884698623874,0.6636689763624748,0.22363318711262184,3,excitatory,2
LogisticRegression,1,0.6961538461538461,0.1288190429444151,0.6583333333333333,0.15355861067872503,0.6156568740856667,0.15748237205062768,3,excitatory,2
ExtraTrees,1,0.7128205128205127,0.12319705675420743,0.6055555555555555,0.18100371730716566,0.5890424590888986,0.17350500558889287,3,excitatory,2
RandomForest,1,0.6807692307692307,0.12694250045627245,0.5833333333333333,0.1848840143588193,0.5648653496486313,0.17506604347487786,3,excitatory,2
LogisticRegression,1,0.9743589743589745,0.03626188621469472,0.986111111111111,0.01964185503295969,0.9371980676328503,0.08881534449686102,4,inhibitory,2
RandomForest,1,0.9487179487179488,0.03626188621469472,0.8194444444444443,0.22652092264305682,0.763864734299517,0.2149551528878518,4,inhibitory,2
ExtraTrees,1,0.9487179487179488,0.03626188621469472,0.8194444444444443,0.22652092264305682,0.763864734299517,0.2149551528878518,4,inhibitory,2
LogisticRegression,2,0.9487179487179488,0.03626188621469472,0.8194444444444443,0.22652092264305682,0.763864734299517,0.2149551528878518,4,inhibitory,2
RandomForest,2,0.9487179487179488,0.03626188621469472,0.8194444444444443,0.22652092264305682,0.763864734299517,0.2149551528878518,4,inhibitory,2
LogisticRegression,3,0.9487179487179488,0.03626188621469472,0.8194444444444443,0.22652092264305682,0.763864734299517,0.2149551528878518,4,inhibitory,2
RandomForest,3,0.9487179487179488,0.03626188621469472,0.8194444444444443,0.22652092264305682,0.763864734299517,0.2149551528878518,4,inhibitory,2
LogisticRegression,5,0.9487179487179488,0.03626188621469472,0.8194444444444443,0.22652092264305682,0.763864734299517,0.2149551528878518,4,inhibitory,2
LogisticRegression,10,0.9487179487179488,0.03626188621469472,0.8194444444444443,0.22652092264305682,0.763864734299517,0.2149551528878518,4,inhibitory,2
RandomForest,5,0.9487179487179488,0.03626188621469472,0.6666666666666666,0.23570226039551584,0.6533333333333333,0.2451303508113365,4,inhibitory,2
ExtraTrees,2,0.923076923076923,1.1102230246251565e-16,0.6527777777777778,0.21606040536255616,0.5905314009661836,0.15631500631447548,4,inhibitory,2
ExtraTrees,3,0.923076923076923,1.1102230246251565e-16,0.6527777777777778,0.21606040536255616,0.5905314009661836,0.15631500631447548,4,inhibitory,2
ExtraTrees,5,0.923076923076923,1.1102230246251565e-16,0.5,0.0,0.48,0.0,4,inhibitory,2
RandomForest,10,0.923076923076923,1.1102230246251565e-16,0.5,0.0,0.48,0.0,4,inhibitory,2
ExtraTrees,10,0.923076923076923,1.1102230246251565e-16,0.5,0.0,0.48,0.0,4,inhibitory,2
RandomForest,20,0.923076923076923,1.1102230246251565e-16,0.5,0.0,0.48,0.0,4,inhibitory,2
ExtraTrees,20,0.923076923076923,1.1102230246251565e-16,0.5,0.0,0.48,0.0,4,inhibitory,2
LogisticRegression,40,0.923076923076923,1.1102230246251565e-16,0.5,0.0,0.48,0.0,4,inhibitory,2
RandomForest,40,0.923076923076923,1.1102230246251565e-16,0.5,0.0,0.48,0.0,4,inhibitory,2
ExtraTrees,40,0.923076923076923,1.1102230246251565e-16,0.5,0.0,0.48,0.0,4,inhibitory,2
LogisticRegression,20,0.8974358974358975,0.036261886214694776,0.4861111111111111,0.019641855032959663,0.47277777777777774,0.01021376461713902,4,inhibitory,2
LogisticRegression,1,0.9818181818181818,0.036363636363636376,0.9833333333333334,0.033333333333333305,0.9818181818181818,0.036363636363636376,5,excitatory,2
RandomForest,1,0.9818181818181818,0.036363636363636376,0.9833333333333334,0.033333333333333305,0.9818181818181818,0.036363636363636376,5,excitatory,2
ExtraTrees,1,0.9818181818181818,0.036363636363636376,0.9833333333333334,0.033333333333333305,0.9818181818181818,0.036363636363636376,5,excitatory,2
LogisticRegression,2,0.9818181818181818,0.036363636363636376,0.9833333333333334,0.033333333333333305,0.9818181818181818,0.036363636363636376,5,excitatory,2
RandomForest,2,0.9818181818181818,0.036363636363636376,0.9833333333333334,0.033333333333333305,0.9818181818181818,0.036363636363636376,5,excitatory,2
ExtraTrees,2,0.9818181818181818,0.036363636363636376,0.9833333333333334,0.033333333333333305,0.9818181818181818,0.036363636363636376,5,excitatory,2
LogisticRegression,3,0.9818181818181818,0.036363636363636376,0.9833333333333334,0.033333333333333305,0.9818181818181818,0.036363636363636376,5,excitatory,2
RandomForest,3,0.9818181818181818,0.036363636363636376,0.9833333333333334,0.033333333333333305,0.9818181818181818,0.036363636363636376,5,excitatory,2
ExtraTrees,3,0.9818181818181818,0.036363636363636376,0.9833333333333334,0.033333333333333305,0.9818181818181818,0.036363636363636376,5,excitatory,2
LogisticRegression,5,0.9818181818181818,0.036363636363636376,0.9833333333333334,0.033333333333333305,0.9818181818181818,0.036363636363636376,5,excitatory,2
RandomForest,5,0.9818181818181818,0.036363636363636376,0.9833333333333334,0.033333333333333305,0.9818181818181818,0.036363636363636376,5,excitatory,2
ExtraTrees,5,0.9818181818181818,0.036363636363636376,0.9833333333333334,0.033333333333333305,0.9818181818181818,0.036363636363636376,5,excitatory,2
LogisticRegression,10,0.9818181818181818,0.036363636363636376,0.9833333333333334,0.033333333333333305,0.9818181818181818,0.036363636363636376,5,excitatory,2
RandomForest,10,0.9818181818181818,0.036363636363636376,0.9833333333333334,0.033333333333333305,0.9818181818181818,0.036363636363636376,5,excitatory,2
ExtraTrees,10,0.9818181818181818,0.036363636363636376,0.9833333333333334,0.033333333333333305,0.9818181818181818,0.036363636363636376,5,excitatory,2
RandomForest,20,0.9818181818181818,0.036363636363636376,0.9833333333333334,0.033333333333333305,0.9818181818181818,0.036363636363636376,5,excitatory,2
ExtraTrees,20,0.9818181818181818,0.036363636363636376,0.9833333333333334,0.033333333333333305,0.9818181818181818,0.036363636363636376,5,excitatory,2
RandomForest,40,0.9818181818181818,0.036363636363636376,0.9833333333333334,0.033333333333333305,0.9818181818181818,0.036363636363636376,5,excitatory,2
ExtraTrees,40,0.9818181818181818,0.036363636363636376,0.9833333333333334,0.033333333333333305,0.9818181818181818,0.036363636363636376,5,excitatory,2
LogisticRegression,20,0.9636363636363636,0.04453617714151235,0.9583333333333334,0.05270462766947298,0.9608658008658008,0.048129184056836055,5,excitatory,2
LogisticRegression,40,0.9454545454545455,0.04453617714151235,0.9440476190476191,0.04902681019517618,0.942062382062382,0.04752871890815473,5,excitatory,2
LogisticRegression,5,0.7166666666666667,0.08498365855987976,0.7122222222222222,0.07596295393394314,0.7087301587301587,0.07831045322885083,6,excitatory,2
LogisticRegression,10,0.7000000000000001,0.09999999999999999,0.6922222222222223,0.09568466729604877,0.6838768638768637,0.09983195817670006,6,excitatory,2
ExtraTrees,20,0.6833333333333333,0.097182531580755,0.6866666666666668,0.09392668535736914,0.6455747955747955,0.10855766552779078,6,excitatory,2
RandomForest,20,0.6666666666666666,0.09128709291752769,0.6733333333333333,0.08602325267042628,0.622077922077922,0.10439709058268408,6,excitatory,2
LogisticRegression,1,0.6833333333333333,0.11055415967851334,0.6733333333333332,0.11107777277627723,0.6703174603174602,0.10735088564153612,6,excitatory,2
RandomForest,40,0.6666666666666667,0.09128709291752769,0.6677777777777778,0.09029444290626687,0.6303848003848003,0.10664839766869294,6,excitatory,2
ExtraTrees,10,0.6666666666666666,0.13944333775567924,0.6644444444444444,0.14083525091834986,0.6406349206349206,0.14916446558378085,6,excitatory,2
LogisticRegression,3,0.6666666666666667,0.09128709291752769,0.6622222222222222,0.08023114754904749,0.6404377104377104,0.09516490597070537,6,excitatory,2
LogisticRegression,2,0.65,0.11055415967851333,0.6399999999999999,0.10803520231050436,0.6241414141414141,0.11428363357529868,6,excitatory,2
LogisticRegression,20,0.6333333333333332,0.06666666666666665,0.6377777777777777,0.045188220905917245,0.6121693121693121,0.05926398318283957,6,excitatory,2
ExtraTrees,5,0.65,0.12247448713915891,0.6366666666666666,0.11949482141782969,0.6134535834535835,0.1373700301169257,6,excitatory,2
ExtraTrees,40,0.6333333333333333,0.04082482904638626,0.62,0.04015402444353919,0.6034920634920635,0.0346915687317694,6,excitatory,2
RandomForest,10,0.6166666666666668,0.11303883305208781,0.6177777777777779,0.1119082516623482,0.5793410293410293,0.11703519620533218,6,excitatory,2
ExtraTrees,2,0.6333333333333333,0.04082482904638626,0.6144444444444445,0.038264834128272335,0.5894853294853295,0.06190922492006201,6,excitatory,2
RandomForest,5,0.6166666666666667,0.08498365855987974,0.6122222222222222,0.07498147919467994,0.586945646945647,0.08408597000705906,6,excitatory,2
LogisticRegression,40,0.6166666666666666,0.1452966314513558,0.6066666666666666,0.14104547905017667,0.603068783068783,0.1302518916392702,6,excitatory,2
ExtraTrees,1,0.6166666666666667,0.04082482904638626,0.6011111111111112,0.032848323331321046,0.5913227513227512,0.04354416992193066,6,excitatory,2
RandomForest,2,0.5833333333333334,0.10540925533894598,0.5622222222222223,0.11676715249261914,0.544035594035594,0.11587601085598503,6,excitatory,2
RandomForest,3,0.5666666666666667,0.0816496580927726,0.5455555555555556,0.09212176590299616,0.5059403559403559,0.061984316926116466,6,excitatory,2
RandomForest,1,0.5666666666666667,0.0816496580927726,0.54,0.08666666666666667,0.5238624338624338,0.07872055753028274,6,excitatory,2
ExtraTrees,3,0.55,0.06666666666666667,0.5255555555555556,0.049266220616434174,0.48858585858585857,0.029745030854319805,6,excitatory,2
RandomForest,5,0.6916666666666667,0.07728015412913085,0.6501785714285714,0.07736987100141444,0.6389178490068582,0.09668392439524803,8,excitatory,2
RandomForest,40,0.6916666666666667,0.08164965809277261,0.6466071428571428,0.08495647144753796,0.6366213056809031,0.08932206928194765,8,excitatory,2
ExtraTrees,5,0.6833333333333333,0.08975274678557507,0.6376785714285714,0.09824090548342927,0.625220157809167,0.11228056209041265,8,excitatory,2
RandomForest,10,0.675,0.06666666666666667,0.6298214285714286,0.06717609359750246,0.6156435772689643,0.07715465348894483,8,excitatory,2
ExtraTrees,40,0.6666666666666666,0.045643546458763846,0.6160515873015873,0.06533590069307349,0.6060169130834765,0.07766142098344217,8,excitatory,2
ExtraTrees,10,0.6666666666666667,0.05892556509887895,0.6151785714285715,0.0763317143279574,0.6021130881502399,0.08647931582315875,8,excitatory,2
LogisticRegression,10,0.65,0.08579691784155834,0.6140674603174603,0.1093509678273449,0.6063369963369963,0.10997159143369581,8,excitatory,2
ExtraTrees,20,0.6666666666666667,0.052704627669472995,0.6139087301587302,0.07351854231756688,0.6028816273166118,0.08890638046921764,8,excitatory,2
LogisticRegression,3,0.6583333333333333,0.0927960727138337,0.6133730158730157,0.09701140083600623,0.5986138422980528,0.11777234994047733,8,excitatory,2
LogisticRegression,5,0.65,0.08579691784155835,0.6131746031746032,0.09357859740703632,0.6026086495204142,0.10456528692956481,8,excitatory,2
ExtraTrees,2,0.6583333333333333,0.09646530752325187,0.6130357142857144,0.12066672774080463,0.5950865903961879,0.13398084905965166,8,excitatory,2
RandomForest,20,0.6666666666666667,0.09128709291752769,0.6116071428571428,0.09863869340545166,0.5961241639337616,0.11186958489017158,8,excitatory,2
RandomForest,3,0.6666666666666666,0.09501461875826152,0.6069642857142857,0.11523932506230818,0.598271689610699,0.12406444855316155,8,excitatory,2
ExtraTrees,3,0.6583333333333333,0.08498365855987976,0.5969642857142857,0.10553798039626518,0.591760072143199,0.11823387146699191,8,excitatory,2
ExtraTrees,1,0.6333333333333334,0.07637626158259735,0.5830357142857142,0.10197038385567385,0.5661087626683602,0.08942196858122514,8,excitatory,2
LogisticRegression,20,0.6083333333333334,0.10736748938937606,0.5687103174603175,0.1373833594463277,0.5546588280140912,0.14438606138215576,8,excitatory,2
RandomForest,2,0.6166666666666666,0.09279607271383372,0.5505357142857142,0.12664932301598836,0.5469118729567646,0.1239803762328048,8,excitatory,2
LogisticRegression,40,0.5916666666666666,0.0927960727138337,0.5504166666666667,0.13034926651086065,0.53960038241772,0.11541232516394044,8,excitatory,2
RandomForest,1,0.6,0.07264831572567788,0.5280357142857143,0.10840859499775725,0.5181627707517802,0.09892527913506585,8,excitatory,2
LogisticRegression,2,0.5833333333333334,0.0950146187582615,0.5196428571428571,0.11760253884528658,0.5033792454535488,0.12939728607488224,8,excitatory,2
LogisticRegression,1,0.5333333333333334,0.06666666666666668,0.45375,0.07736987100141444,0.4300729928825904,0.058685500111186104,8,excitatory,2
RandomForest,40,0.7761904761904762,0.0715871256112996,0.6399999999999999,0.21540659228538014,0.5653535353535353,0.174342263886423,9,inhibitory,2
RandomForest,1,0.7142857142857143,0.2347382389307855,0.6,0.30331501776206204,0.5691919191919192,0.27798706532666173,9,inhibitory,2
ExtraTrees,1,0.7142857142857143,0.2347382389307855,0.6,0.30331501776206204,0.5691919191919192,0.27798706532666173,9,inhibitory,2
ExtraTrees,40,0.8428571428571429,0.09110060223670947,0.6,0.2,0.556060606060606,0.2224539654816116,9,inhibitory,2
ExtraTrees,2,0.7428571428571429,0.2240626734479732,0.54,0.2576819745345025,0.5151515151515151,0.25394047877109716,9,inhibitory,2
RandomForest,2,0.7142857142857143,0.18132793109199782,0.52,0.24819347291981714,0.5103030303030303,0.24815647186218834,9,inhibitory,2
RandomForest,3,0.7142857142857143,0.18132793109199782,0.52,0.24819347291981714,0.5103030303030303,0.24815647186218834,9,inhibitory,2
LogisticRegression,2,0.719047619047619,0.15893637398360608,0.52,0.16000000000000003,0.4577272727272727,0.10284787771467735,9,inhibitory,2
ExtraTrees,3,0.6857142857142857,0.257935286932397,0.5,0.27568097504180444,0.4918181818181818,0.26694475857793387,9,inhibitory,2
RandomForest,5,0.6761904761904762,0.1071163988495428,0.5,0.20976176963403032,0.4655555555555556,0.15871396742816968,9,inhibitory,2
ExtraTrees,5,0.6761904761904762,0.1502831794100905,0.5,0.21908902300206645,0.46313131313131317,0.16427422754195703,9,inhibitory,2
ExtraTrees,20,0.8095238095238095,0.04761904761904762,0.5,0.0,0.44696969696969696,0.015151515151515136,9,inhibitory,2
LogisticRegression,20,0.7428571428571429,0.0758922735738535,0.48999999999999994,0.09165151389911681,0.4718181818181818,0.09237007851549481,9,inhibitory,2
RandomForest,20,0.7761904761904762,0.0715871256112996,0.48,0.039999999999999994,0.43606060606060604,0.023244616861533444,9,inhibitory,2
LogisticRegression,40,0.7428571428571429,0.12988744473319866,0.45999999999999996,0.08,0.42272727272727273,0.04704295362503037,9,inhibitory,2
LogisticRegression,10,0.6761904761904761,0.10711639884954281,0.45,0.11832159566199234,0.44757575757575757,0.1082611541703472,9,inhibitory,2
ExtraTrees,10,0.7095238095238094,0.06459361888690734,0.43999999999999995,0.04898979485566355,0.41424242424242425,0.021160109394055854,9,inhibitory,2
LogisticRegression,3,0.6857142857142857,0.182201204473419,0.42000000000000004,0.09797958971132713,0.3993939393939394,0.06836406619250218,9,inhibitory,2
RandomForest,10,0.6095238095238095,0.1393213222697885,0.38,0.09797958971132713,0.37333333333333335,0.06200358412579426,9,inhibitory,2
LogisticRegression,1,0.6142857142857143,0.19483116709979797,0.38,0.11661903789690602,0.3712121212121212,0.07755444783072561,9,inhibitory,2
LogisticRegression,5,0.5857142857142856,0.14646244284980667,0.36,0.08,0.3642424242424242,0.0556256674210122,9,inhibitory,2
ExtraTrees,40,0.5164891087836535,0.030223305422588193,0.5734493211692441,0.04011253552715719,0.4553629111043275,0.03471836111446248,__NA__,__NA__,2
RandomForest,40,0.5073661890381032,0.022899857729475587,0.5678715353427275,0.023375227862187046,0.45112326595092134,0.01649339024650247,__NA__,__NA__,2
LogisticRegression,40,0.5748390413159417,0.02316206810922383,0.5638468268266208,0.031646228425832985,0.5106176570574784,0.037745196051952874,__NA__,__NA__,2
LogisticRegression,20,0.5129306688941722,0.024315554723426194,0.5477365299412702,0.02891167561651134,0.47692466749587803,0.025914062508937664,__NA__,__NA__,2
ExtraTrees,20,0.4819829081796569,0.016575693461095668,0.5471434288629247,0.03794784386753949,0.4156935140705585,0.024792249336869944,__NA__,__NA__,2
RandomForest,20,0.47133586069523875,0.016280290688772694,0.5330012864521492,0.02044078117478618,0.42307043591096977,0.020281433650342948,__NA__,__NA__,2
LogisticRegression,10,0.41959647882798945,0.014918573174688546,0.4835557906339306,0.02614678650159195,0.39792484540205625,0.0210093500113239,__NA__,__NA__,2
ExtraTrees,10,0.38560174773501255,0.018991123588380246,0.47530862536386087,0.025965536982988275,0.35164166669920655,0.010620412441399921,__NA__,__NA__,2
RandomForest,10,0.3932121056351603,0.028355268792117826,0.47139032413294923,0.021867493253843913,0.36628754536409047,0.01305698573199277,__NA__,__NA__,2
RandomForest,5,0.2420381674484354,0.07196232077052181,0.36589971698510937,0.014688496731259328,0.2754076343161308,0.03553373949255937,__NA__,__NA__,2
LogisticRegression,5,0.21817515903103518,0.04234152619347248,0.3504007872842647,0.019302687466490106,0.26420413826029426,0.016958503490942887,__NA__,__NA__,2
ExtraTrees,5,0.2232500160637409,0.028669657153000502,0.33496812636529605,0.014976866634766267,0.2179714351275507,0.02503747378159266,__NA__,__NA__,2
LogisticRegression,3,0.11974298014521623,0.007171105666900091,0.28841814596901805,0.01873655518307426,0.1892358527074069,0.010884460332825351,__NA__,__NA__,2
ExtraTrees,3,0.15525541348069138,0.010136853460490172,0.28626551715645965,0.0206656872553913,0.18302880959437737,0.014447671573047525,__NA__,__NA__,2
RandomForest,3,0.12784810126582277,0.011346880808616403,0.268585773883739,0.01786839508926311,0.1905105752707571,0.011907623671090403,__NA__,__NA__,2
LogisticRegression,2,0.09386750626485896,0.008555624638618385,0.2431233236712953,0.014500357429163857,0.15055023624922997,0.019921115874349374,__NA__,__NA__,2
ExtraTrees,2,0.138510569941528,0.017934081628643607,0.22665142741299746,0.02341609434351862,0.14696797823200697,0.01882114505384807,__NA__,__NA__,2
RandomForest,2,0.10654629570134293,0.017071852149947022,0.2257973635107236,0.027140014109319727,0.15594951013855057,0.011361354606889768,__NA__,__NA__,2
RandomForest,1,0.0664550536528947,0.011667917725065525,0.15408807353789775,0.013605524275369036,0.09761881089070688,0.013980485181748423,__NA__,__NA__,2
LogisticRegression,1,0.059366446057957975,0.012722048856227281,0.15383622914492884,0.02114007019656909,0.08325484781900085,0.0038086180307453166,__NA__,__NA__,2
ExtraTrees,1,0.07255156460836601,0.010473692637303548,0.1363014620295036,0.0371765169549124,0.0822703448281531,0.025894191962459987,__NA__,__NA__,2
LogisticRegression,20,0.53125,0.05412658773652741,0.40265151515151515,0.1042712973139117,0.3356060606060606,0.10546776954701914,10,excitatory,3
LogisticRegression,2,0.4375,0.11692679333668567,0.39356060606060606,0.12948396999184295,0.30344304388422033,0.10966425496268177,10,excitatory,3
LogisticRegression,1,0.40625,0.11267347735824966,0.38522727272727275,0.15436105680703882,0.2929042770954536,0.12357727302050074,10,excitatory,3
RandomForest,20,0.515625,0.027063293868263706,0.3710227272727273,0.10519175366456548,0.33568154369784803,0.05730359586111841,10,excitatory,3
ExtraTrees,20,0.640625,0.08118988160479113,0.36117424242424245,0.14813790539612579,0.31599637681159415,0.13607026119402973,10,excitatory,3
ExtraTrees,1,0.453125,0.06810779599282303,0.3507575757575757,0.11428351081766676,0.27256652661064423,0.061543534575545615,10,excitatory,3
ExtraTrees,10,0.625,0.04419417382415922,0.3397727272727273,0.11251147783505513,0.3216979578392622,0.11806599017594643,10,excitatory,3
ExtraTrees,2,0.453125,0.08118988160479113,0.33617424242424243,0.1465418395282495,0.26780492898913955,0.08503957317991817,10,excitatory,3
RandomForest,1,0.4375,0.09882117688026186,0.3340909090909091,0.09197762184417575,0.2580700549450549,0.050245676141825645,10,excitatory,3
LogisticRegression,5,0.453125,0.06810779599282303,0.33238636363636365,0.13236929269570163,0.27847222222222223,0.09581438366331041,10,excitatory,3
RandomForest,40,0.5625,0.07654655446197431,0.3318181818181818,0.08018144025197817,0.345596049164413,0.08361396146879371,10,excitatory,3
LogisticRegression,40,0.515625,0.08118988160479113,0.32973484848484846,0.18037254755473903,0.349024797666102,0.1898587967128262,10,excitatory,3
RandomForest,2,0.453125,0.0924387466109315,0.3251893939393939,0.11734280533823309,0.2718404467049978,0.06196864222060331,10,excitatory,3
LogisticRegression,3,0.40625,0.11267347735824966,0.3143939393939394,0.07604113598441185,0.2586475379625534,0.07500690304543385,10,excitatory,3
ExtraTrees,40,0.625,0.04419417382415922,0.30435606060606063,0.13482760201768856,0.252566889632107,0.1115910191291104,10,excitatory,3
LogisticRegression,10,0.46875,0.06987712429686843,0.2975378787878788,0.12321425897883119,0.284375,0.1014810036273894,10,excitatory,3
RandomForest,3,0.4375,0.07654655446197431,0.2799242424242424,0.10689807349779054,0.2422877045555064,0.05638757094289919,10,excitatory,3
RandomForest,5,0.46875,0.09375,0.2755681818181818,0.08913092889803122,0.23365038538472038,0.03528178280615264,10,excitatory,3
ExtraTrees,5,0.515625,0.08118988160479113,0.2628787878787879,0.07958873281554729,0.22940423976608187,0.05120994584016068,10,excitatory,3
RandomForest,10,0.4375,0.09882117688026186,0.24450757575757576,0.08221595053854722,0.2471002037178508,0.06890087957657148,10,excitatory,3
ExtraTrees,3,0.46875,0.06987712429686843,0.234469696969697,0.05593120815710744,0.2315160533910534,0.04864678047689868,10,excitatory,3
ExtraTrees,40,0.7836257309941519,0.08681798156676321,0.5591666666666667,0.12281846359566626,0.5595784457478006,0.1269970806196313,10,inhibitory,3
RandomForest,40,0.7298245614035088,0.09821428071774317,0.5112499999999999,0.11841399832790038,0.5247267466497166,0.12341434549910198,10,inhibitory,3
RandomForest,3,0.727485380116959,0.052644572794979666,0.51,0.09054618220063787,0.5092532467532467,0.08541740970404957,10,inhibitory,3
LogisticRegression,5,0.6643274853801169,0.08774658445009648,0.49874999999999997,0.09804158698112642,0.4783330889540567,0.07801717757445648,10,inhibitory,3
LogisticRegression,3,0.5684210526315789,0.1677924428821987,0.49625,0.21347570119336767,0.46417076027420856,0.15938484632802435,10,inhibitory,3
ExtraTrees,10,0.7514619883040936,0.13317421509931962,0.49624999999999997,0.12708265027138835,0.5078963826910075,0.1353508885770303,10,inhibitory,3
LogisticRegression,40,0.6853801169590643,0.1039982479668697,0.48583333333333323,0.13122949575288154,0.4988569309815139,0.11682932978552221,10,inhibitory,3
ExtraTrees,20,0.7292397660818712,0.11918352470509472,0.48374999999999996,0.10694949483024425,0.4818551276309897,0.10257469162527436,10,inhibitory,3
RandomForest,2,0.672514619883041,0.07424828186247429,0.4770833333333333,0.08349983366583565,0.474885531135531,0.07707705241868895,10,inhibitory,3
ExtraTrees,5,0.7076023391812866,0.04832971581612723,0.47125000000000006,0.08539532253648971,0.4701612903225807,0.0799095482411461,10,inhibitory,3
ExtraTrees,1,0.7064327485380117,0.09908096548282201,0.47041666666666665,0.12242769975241169,0.483975460949877,0.11953893168735669,10,inhibitory,3
ExtraTrees,2,0.6947368421052632,0.05936752703256365,0.46416666666666667,0.10205696938475096,0.4692754515599343,0.09240672143552706,10,inhibitory,3
RandomForest,1,0.6502923976608187,0.09477654211131656,0.46374999999999994,0.08141116494546541,0.4605614478114478,0.07764391226820555,10,inhibitory,3
LogisticRegression,10,0.6426900584795321,0.10786898058637502,0.45958333333333334,0.11100550536897807,0.4666031583050493,0.10438329563805299,10,inhibitory,3
RandomForest,5,0.6754385964912281,0.10351042388082782,0.4520833333333333,0.11811599759934675,0.46402113459399336,0.11161289491147199,10,inhibitory,3
RandomForest,20,0.7076023391812866,0.09741714180677007,0.44416666666666665,0.08465001476668506,0.44004688952130555,0.0695910766061439,10,inhibitory,3
LogisticRegression,20,0.6526315789473685,0.09182217705230701,0.43916666666666665,0.09746259966434986,0.44106627881655686,0.07667864055128562,10,inhibitory,3
ExtraTrees,3,0.6947368421052632,0.05936752703256365,0.43708333333333327,0.08682677518420737,0.44181637004078606,0.08219819690658553,10,inhibitory,3
LogisticRegression,2,0.5456140350877192,0.12080801342993852,0.4295833333333333,0.1725845203564522,0.4103563103563104,0.10930812749305954,10,inhibitory,3
RandomForest,10,0.6754385964912281,0.09218644894990904,0.425,0.10607420096852538,0.44080830552465705,0.10682952778207408,10,inhibitory,3
LogisticRegression,1,0.49064327485380116,0.1362008265831385,0.37083333333333335,0.15799854957140164,0.3679510489510489,0.10292581914285522,10,inhibitory,3
LogisticRegression,5,0.8764705882352942,0.04130594852111098,0.8733333333333334,0.10624918300339486,0.804567597153804,0.06597807402773898,19,inhibitory,3
LogisticRegression,10,0.8986928104575164,0.02301544687798564,0.8595238095238095,0.07462681152060849,0.829646962233169,0.043700581921479444,19,inhibitory,3
RandomForest,10,0.9333333333333332,0.041573970964154924,0.8533333333333333,0.07483314773547882,0.8735483870967743,0.07351442339738896,19,inhibitory,3
RandomForest,20,0.9333333333333332,0.041573970964154924,0.8533333333333333,0.07483314773547882,0.8735483870967743,0.07351442339738896,19,inhibitory,3
RandomForest,3,0.9215686274509803,0.026709564368238643,0.8466666666666665,0.06182412330330468,0.855591927538535,0.04653041233354754,19,inhibitory,3
LogisticRegression,3,0.8542483660130721,0.05594252006936118,0.8333333333333334,0.11352924243950935,0.772424740010947,0.07908147921703507,19,inhibitory,3
RandomForest,40,0.8993464052287582,0.06435170779162146,0.8333333333333333,0.07601169500660919,0.8313062132528206,0.08499671924836465,19,inhibitory,3
RandomForest,5,0.9098039215686274,0.02838438006615486,0.8133333333333332,0.09568466729604884,0.8223735367339373,0.06909455523116764,19,inhibitory,3
LogisticRegression,20,0.8986928104575164,0.02301544687798564,0.8066666666666669,0.09521904571390467,0.8055993431855502,0.06193877798660859,19,inhibitory,3
ExtraTrees,20,0.8986928104575164,0.06506469471761994,0.8066666666666666,0.11035296904831235,0.813703585995021,0.1111345522402035,19,inhibitory,3
LogisticRegression,40,0.8986928104575164,0.07394580718290693,0.8066666666666666,0.15832456116050558,0.8055993431855502,0.1408417985488484,19,inhibitory,3
ExtraTrees,5,0.8980392156862745,0.05691906158713003,0.8066666666666666,0.17178798302300166,0.7784268234546321,0.17619702552770847,19,inhibitory,3
RandomForest,2,0.8764705882352942,0.04130594852111098,0.7933333333333332,0.08793937305515281,0.7815607288521639,0.06713675386610364,19,inhibitory,3
LogisticRegression,2,0.818954248366013,0.06995601652423344,0.7857142857142857,0.1933591350364415,0.7097427476737822,0.1592164368212506,19,inhibitory,3
ExtraTrees,2,0.8653594771241829,0.05620154987374027,0.76,0.11813363431112901,0.7516362095449971,0.09424136207133275,19,inhibitory,3
LogisticRegression,1,0.7960784313725491,0.07450980392156863,0.7452380952380951,0.18600709517591613,0.6832785987958402,0.1465251747157999,19,inhibitory,3
ExtraTrees,3,0.85359477124183,0.029039032537938617,0.7266666666666666,0.11430952132988165,0.7039186397584618,0.12956082081307152,19,inhibitory,3
ExtraTrees,10,0.8653594771241832,0.0262579208190858,0.7066666666666667,0.11430952132988166,0.7155856374807987,0.06855350067197934,19,inhibitory,3
RandomForest,1,0.7725490196078432,0.12654445496168462,0.6776190476190476,0.19817535010125528,0.6508231911457718,0.16245933981771774,19,inhibitory,3
ExtraTrees,40,0.8202614379084967,0.06457040018420113,0.6528571428571428,0.08067740413160905,0.6647352216748769,0.0864385074806425,19,inhibitory,3
ExtraTrees,1,0.7620915032679739,0.10316450512708797,0.6180952380952381,0.1531942581352956,0.6114409896946048,0.14338190115242094,19,inhibitory,3
LogisticRegression,1,0.65,0.14994855084739755,0.655,0.14089002803605372,0.6099511599511599,0.19613726712197416,2,excitatory,3
LogisticRegression,10,0.6027777777777777,0.1540602735984672,0.6,0.15083103128998357,0.5888095238095239,0.16146930234848675,2,excitatory,3
RandomForest,10,0.6027777777777777,0.13709958532503408,0.6,0.14230249470757705,0.5651315351315351,0.17550751272542964,2,excitatory,3
RandomForest,40,0.5972222222222222,0.08606629658238704,0.6,0.08803408430829504,0.5371428571428571,0.13378833928220785,2,excitatory,3
LogisticRegression,20,0.5944444444444444,0.059186877090729194,0.5900000000000001,0.048989794855663564,0.53012654012654,0.10111520298073247,2,excitatory,3
LogisticRegression,2,0.5722222222222222,0.14038087520548087,0.58,0.1298075498574717,0.5382339882339882,0.17137945561185633,2,excitatory,3
RandomForest,20,0.5777777777777777,0.11804738533819878,0.575,0.12349089035228468,0.5278588078588079,0.15026246394797063,2,excitatory,3
LogisticRegression,5,0.5527777777777778,0.17751717009633844,0.5549999999999999,0.16837458240482736,0.523015873015873,0.20152167410676863,2,excitatory,3
RandomForest,1,0.5527777777777778,0.1129705522647931,0.5549999999999999,0.12786711852544425,0.5214285714285715,0.1433325423170706,2,excitatory,3
ExtraTrees,40,0.5527777777777778,0.13788526273323173,0.55,0.13322912594474226,0.5288095238095238,0.138710452270768,2,excitatory,3
RandomForest,5,0.5527777777777778,0.17751717009633844,0.55,0.1864135188230725,0.5145454545454544,0.21936045282699163,2,excitatory,3
LogisticRegression,40,0.5444444444444445,0.1022131638498561,0.545,0.09924716620639605,0.5182251082251081,0.13339420660228585,2,excitatory,3
ExtraTrees,10,0.5527777777777778,0.08845379626717034,0.545,0.09924716620639604,0.5107736707736708,0.1199020986828611,2,excitatory,3
RandomForest,2,0.5305555555555556,0.19903315686303175,0.5349999999999999,0.20285462775100796,0.4829670329670329,0.232184578962974,2,excitatory,3
LogisticRegression,3,0.5083333333333333,0.19790570145063197,0.51,0.1978635893740938,0.473015873015873,0.23002732975970913,2,excitatory,3
RandomForest,3,0.5083333333333333,0.21311186420907371,0.51,0.21307275752662516,0.4714285714285714,0.24184090729114746,2,excitatory,3
ExtraTrees,1,0.5027777777777778,0.06596856715021066,0.505,0.0714142842854285,0.4468864468864469,0.12168121056317283,2,excitatory,3
ExtraTrees,2,0.5,0.03513641844631534,0.5,0.06324555320336757,0.45487179487179485,0.07471356656103946,2,excitatory,3
ExtraTrees,5,0.5,0.08651339723554133,0.5,0.0806225774829855,0.4548051948051947,0.11300396283603892,2,excitatory,3
ExtraTrees,20,0.5,0.08651339723554133,0.495,0.07968688725254613,0.39956709956709957,0.11891452615334647,2,excitatory,3
ExtraTrees,3,0.4305555555555555,0.0668977476599572,0.43,0.057879184513951125,0.3594172494172494,0.10337185631180795,2,excitatory,3
LogisticRegression,1,1.0,0.0,1.0,0.0,1.0,0.0,20,excitatory,3
ExtraTrees,1,0.9,0.13333333333333336,0.9,0.13333333333333336,0.8990476190476191,0.13382223291619275,20,excitatory,3
RandomForest,2,0.8761904761904761,0.0628138378965377,0.8666666666666666,0.0666666666666667,0.8692063492063491,0.06578096456091133,20,excitatory,3
RandomForest,1,0.8714285714285716,0.12380952380952381,0.8666666666666666,0.12472191289246475,0.867936507936508,0.12449302582661353,20,excitatory,3
LogisticRegression,2,0.8476190476190476,0.09110060223670946,0.8499999999999999,0.09354143466934856,0.8445238095238095,0.09315459074988082,20,excitatory,3
RandomForest,3,0.8428571428571429,0.10605265453009566,0.8333333333333334,0.10540925533894599,0.8368253968253969,0.1056069811476504,20,excitatory,3
RandomForest,5,0.8428571428571429,0.10605265453009566,0.8333333333333334,0.10540925533894599,0.8368253968253969,0.1056069811476504,20,excitatory,3
RandomForest,40,0.8380952380952381,0.18282241733764254,0.8333333333333333,0.18257418583505539,0.8317460317460318,0.1878978939310225,20,excitatory,3
ExtraTrees,5,0.8190476190476191,0.1487666604934601,0.8166666666666667,0.15046225071056493,0.8166666666666667,0.15046225071056493,20,excitatory,3
RandomForest,20,0.8142857142857143,0.11703053073756674,0.7999999999999999,0.12472191289246473,0.7979365079365078,0.12887833251007313,20,excitatory,3
LogisticRegression,3,0.7857142857142858,0.12046772038736685,0.7833333333333333,0.12190615698606497,0.7823809523809524,0.12152983639331887,20,excitatory,3
LogisticRegression,10,0.7857142857142857,0.12046772038736685,0.7833333333333333,0.12190615698606497,0.7740476190476191,0.13029140547302442,20,excitatory,3
ExtraTrees,3,0.780952380952381,0.07589227357385347,0.7749999999999999,0.07264831572567787,0.7753174603174602,0.07313327345723646,20,excitatory,3
ExtraTrees,20,0.7857142857142857,0.15058465048420855,0.7749999999999999,0.15723301886761007,0.7746031746031746,0.16028445361936525,20,excitatory,3
ExtraTrees,2,0.7857142857142858,0.1075389503870116,0.7749999999999998,0.11666666666666665,0.7726984126984127,0.11984032376374171,20,excitatory,3
RandomForest,10,0.780952380952381,0.12988744473319863,0.7666666666666666,0.13333333333333333,0.7655555555555555,0.13718510519156135,20,excitatory,3
LogisticRegression,5,0.7523809523809524,0.16399214626402442,0.75,0.16457014715109583,0.7461904761904762,0.16847555788731547,20,excitatory,3
ExtraTrees,10,0.7238095238095237,0.14568627181693672,0.7166666666666666,0.1522972240208089,0.715,0.154236470683457,20,excitatory,3
LogisticRegression,20,0.7238095238095238,0.1798210246523734,0.7166666666666666,0.18521758975744057,0.7111904761904763,0.1895626904362833,20,excitatory,3
ExtraTrees,40,0.7238095238095238,0.1798210246523734,0.7083333333333333,0.18633899812498247,0.6995238095238095,0.1911677920481201,20,excitatory,3
LogisticRegression,40,0.6238095238095238,0.24807650052630678,0.6083333333333333,0.24664414311581237,0.5966666666666666,0.25312379447376765,20,excitatory,3
LogisticRegression,5,0.7019762845849803,0.09994921299350906,0.7565079365079364,0.06866689415750211,0.6488612409302065,0.09048293708948715,22,__NA__,3
ExtraTrees,10,0.7114624505928854,0.11047413153061295,0.7453968253968255,0.11522803751640302,0.6619589137979942,0.11527618681046886,22,__NA__,3
RandomForest,20,0.7280632411067194,0.12713271458007666,0.7304761904761905,0.12040663445826874,0.667192807192807,0.13115757626852065,22,__NA__,3
ExtraTrees,20,0.6932806324110672,0.15496087631950106,0.7257142857142858,0.13481190763770506,0.6389532689532689,0.15597006209470107,22,__NA__,3
RandomForest,5,0.6849802371541502,0.07233957497380772,0.7187301587301587,0.09712625649213688,0.6323755563295793,0.08007165049677838,22,__NA__,3
ExtraTrees,5,0.6932806324110672,0.07147923829538225,0.7168253968253968,0.09314417717981306,0.6304784104784105,0.07644175116342113,22,__NA__,3
LogisticRegression,3,0.6849802371541502,0.15290671052152688,0.7136507936507936,0.20277639548499138,0.6291021681596394,0.16262888648361945,22,__NA__,3
RandomForest,40,0.7201581027667985,0.1294947561663411,0.7038095238095238,0.15666787281824504,0.6520744313158107,0.14920760217771076,22,__NA__,3
RandomForest,10,0.7197628458498023,0.11102709810358374,0.7038095238095238,0.16972878636856692,0.6408089058663771,0.13455451509432872,22,__NA__,3
ExtraTrees,3,0.667588932806324,0.10660512110510538,0.6828571428571428,0.17043036835034497,0.606034632034632,0.12844303366334506,22,__NA__,3
LogisticRegression,10,0.6833992094861661,0.08783601228945989,0.6723809523809523,0.12004702194537833,0.6042468642468641,0.10220194484004211,22,__NA__,3
ExtraTrees,40,0.667588932806324,0.14029337898168548,0.6663492063492062,0.13016415010008478,0.5903436112631515,0.14733225732666494,22,__NA__,3
RandomForest,3,0.6762845849802371,0.08728289452146713,0.6584126984126983,0.13967315985822784,0.5963569763569764,0.11084305047691981,22,__NA__,3
LogisticRegression,40,0.6671936758893281,0.05630989349725891,0.6250793650793651,0.029515274410589078,0.5882913275340591,0.06991353150577129,22,__NA__,3
LogisticRegression,20,0.6395256916996047,0.10028626868703909,0.6209523809523809,0.1546439110635299,0.5605236738570072,0.11153585684240593,22,__NA__,3
LogisticRegression,1,0.5529644268774703,0.06134000232273944,0.5936507936507937,0.11767033990742079,0.5229420820725168,0.07707783828079391,22,__NA__,3
LogisticRegression,2,0.5790513833992094,0.05782110212777784,0.5726984126984127,0.11576381024812778,0.5296737765723273,0.07794968903548732,22,__NA__,3
ExtraTrees,2,0.5612648221343873,0.0828720955318759,0.5193650793650795,0.09489568074595305,0.4963707612838048,0.08390140347496002,22,__NA__,3
ExtraTrees,1,0.5177865612648221,0.11545291488984742,0.45460317460317456,0.14772175979508373,0.46182934939456677,0.11288257444327063,22,__NA__,3
RandomForest,2,0.5972332015810276,0.07139175908221745,0.4450793650793651,0.06333790809749558,0.45938505938505936,0.06353355391973614,22,__NA__,3
RandomForest,1,0.5889328063241107,0.11238093245840922,0.44063492063492066,0.08454582767096437,0.4540009866676534,0.07944479056208438,22,__NA__,3
ExtraTrees,5,0.9179487179487179,0.05276696314681198,0.8555555555555555,0.11439589045541113,0.8724802201582389,0.09780013455887847,3,excitatory,3
LogisticRegression,20,0.8846153846153847,0.06735346429007023,0.8263888888888887,0.08169689538807079,0.8467128605828297,0.07631606186823531,3,excitatory,3
LogisticRegression,5,0.8705128205128204,0.09571695617912866,0.825,0.11902380714238082,0.8264114832535885,0.1270553959797904,3,excitatory,3
RandomForest,3,0.8692307692307694,0.039013138601802375,0.8208333333333332,0.09382969863363634,0.820014619883041,0.07439380889349982,3,excitatory,3
RandomForest,40,0.885897435897436,0.03790191153613967,0.8194444444444444,0.07954345035153529,0.8368056169836355,0.07116789654327373,3,excitatory,3
RandomForest,20,0.8846153846153847,0.06735346429007023,0.8194444444444444,0.1118033988749895,0.8365226792471374,0.10888205754430719,3,excitatory,3
ExtraTrees,20,0.8846153846153847,0.04193699290716953,0.8180555555555555,0.0887585850481692,0.8349802201582388,0.07500588531310487,3,excitatory,3
ExtraTrees,10,0.8679487179487179,0.06766996523280332,0.8152777777777777,0.08374896350934075,0.8275315740331219,0.07912735260380824,3,excitatory,3
RandomForest,10,0.8692307692307694,0.039013138601802375,0.8083333333333332,0.0806991058129664,0.817624330433928,0.07156674348199306,3,excitatory,3
ExtraTrees,2,0.8525641025641025,0.03243361702736797,0.7972222222222222,0.08031573497111645,0.7984430438842203,0.06665496635237834,3,excitatory,3
LogisticRegression,2,0.8666666666666668,0.08498365855987973,0.7930555555555555,0.11983141450068328,0.8097881959801464,0.11485182044938913,3,excitatory,3
LogisticRegression,40,0.8384615384615384,0.09750335047093098,0.7930555555555555,0.05699523480189772,0.8018015627303553,0.08806575102496099,3,excitatory,3
LogisticRegression,3,0.8371794871794872,0.07052447456141057,0.7930555555555555,0.05699523480189773,0.7972523108126823,0.06804068658757796,3,excitatory,3
LogisticRegression,10,0.8358974358974359,0.052953529302726614,0.7930555555555555,0.06695539329552193,0.792843751535702,0.06012946849175095,3,excitatory,3
RandomForest,2,0.8205128205128206,0.05861092025980748,0.7874999999999999,0.10573814617041269,0.7702711323763954,0.09193343265301375,3,excitatory,3
ExtraTrees,40,0.8679487179487181,0.04244344963396626,0.7847222222222221,0.10632032893891465,0.8002433780529756,0.08811110500310126,3,excitatory,3
ExtraTrees,3,0.8371794871794872,0.046860684314095014,0.7847222222222221,0.062422791817345086,0.7855196703880913,0.0571897794411195,3,excitatory,3
RandomForest,5,0.8179487179487179,0.09852628747097873,0.7652777777777777,0.1610392560070638,0.7561059511523907,0.1471148075783438,3,excitatory,3
ExtraTrees,1,0.8179487179487179,0.06443503524681574,0.711111111111111,0.0875771265024136,0.724157452454666,0.09405155337932382,3,excitatory,3
LogisticRegression,1,0.7525641025641026,0.05684563917280863,0.6888888888888889,0.07586944602082035,0.6768057398397955,0.07703744054852082,3,excitatory,3
RandomForest,1,0.7346153846153846,0.11268931765818326,0.6541666666666667,0.13222922483791005,0.6544282274313232,0.14094323513798296,3,excitatory,3
LogisticRegression,1,0.95,0.04999999999999999,0.9722222222222222,0.02777777777777779,0.9019607843137255,0.0980392156862745,4,inhibitory,3
LogisticRegression,2,0.9249999999999999,0.04330127018922192,0.9583333333333333,0.024056261216234418,0.8529411764705883,0.08490445135141553,4,inhibitory,3
RandomForest,3,0.95,0.04999999999999999,0.8611111111111112,0.20971762320196524,0.8194014447884417,0.21505331253018276,4,inhibitory,3
LogisticRegression,3,0.9249999999999999,0.04330127018922192,0.8472222222222223,0.20174776453241597,0.7703818369453044,0.18907922250335657,4,inhibitory,3
RandomForest,2,0.9249999999999999,0.04330127018922192,0.8472222222222222,0.20174776453241597,0.7703818369453045,0.18907922250335657,4,inhibitory,3
LogisticRegression,5,0.9,0.0,0.8333333333333333,0.19245008972987523,0.7213622291021671,0.14299697069712095,4,inhibitory,3
RandomForest,1,0.9,0.07071067811865474,0.7222222222222222,0.2515384760593727,0.6805125558995528,0.23227576770733285,4,inhibitory,3
ExtraTrees,1,0.9,0.07071067811865474,0.7222222222222222,0.2515384760593727,0.6805125558995528,0.23227576770733285,4,inhibitory,3
ExtraTrees,2,0.9,0.07071067811865474,0.7222222222222222,0.2515384760593727,0.6805125558995528,0.23227576770733285,4,inhibitory,3
LogisticRegression,40,0.925,0.043301270189221926,0.625,0.21650635094610965,0.6052631578947368,0.2279014220485365,4,inhibitory,3
RandomForest,10,0.9,0.07071067811865474,0.6111111111111112,0.22566773346211,0.597953216374269,0.2324285540290153,4,inhibitory,3
LogisticRegression,10,0.875,0.043301270189221926,0.5972222222222222,0.20174776453241597,0.5489336085311318,0.1477005323329872,4,inhibitory,3
LogisticRegression,20,0.875,0.043301270189221926,0.5972222222222222,0.20174776453241597,0.5489336085311318,0.1477005323329872,4,inhibitory,3
RandomForest,5,0.875,0.043301270189221926,0.5972222222222222,0.20174776453241597,0.5489336085311317,0.1477005323329872,4,inhibitory,3
ExtraTrees,10,0.9,0.0,0.5,0.0,0.47368421052631576,0.0,4,inhibitory,3
RandomForest,20,0.9,0.0,0.5,0.0,0.47368421052631576,0.0,4,inhibitory,3
ExtraTrees,20,0.9,0.0,0.5,0.0,0.47368421052631576,0.0,4,inhibitory,3
RandomForest,40,0.9,0.0,0.5,0.0,0.47368421052631576,0.0,4,inhibitory,3
ExtraTrees,40,0.9,0.0,0.5,0.0,0.47368421052631576,0.0,4,inhibitory,3
ExtraTrees,3,0.875,0.043301270189221926,0.4861111111111111,0.024056261216234418,0.46637426900584794,0.012661190113807582,4,inhibitory,3
ExtraTrees,5,0.875,0.043301270189221926,0.4861111111111111,0.024056261216234418,0.46637426900584794,0.012661190113807582,4,inhibitory,3
LogisticRegression,1,1.0,0.0,1.0,0.0,1.0,0.0,5,excitatory,3
RandomForest,1,1.0,0.0,1.0,0.0,1.0,0.0,5,excitatory,3
ExtraTrees,1,1.0,0.0,1.0,0.0,1.0,0.0,5,excitatory,3
LogisticRegression,2,1.0,0.0,1.0,0.0,1.0,0.0,5,excitatory,3
RandomForest,2,1.0,0.0,1.0,0.0,1.0,0.0,5,excitatory,3
ExtraTrees,2,1.0,0.0,1.0,0.0,1.0,0.0,5,excitatory,3
LogisticRegression,3,1.0,0.0,1.0,0.0,1.0,0.0,5,excitatory,3
RandomForest,3,1.0,0.0,1.0,0.0,1.0,0.0,5,excitatory,3
RandomForest,5,1.0,0.0,1.0,0.0,1.0,0.0,5,excitatory,3
RandomForest,10,1.0,0.0,1.0,0.0,1.0,0.0,5,excitatory,3
LogisticRegression,5,0.9818181818181818,0.036363636363636376,0.9857142857142858,0.02857142857142856,0.9811965811965813,0.0376068376068376,5,excitatory,3
RandomForest,20,0.9818181818181818,0.036363636363636376,0.9857142857142858,0.02857142857142856,0.9811965811965813,0.0376068376068376,5,excitatory,3
RandomForest,40,0.9818181818181818,0.036363636363636376,0.9857142857142858,0.02857142857142856,0.9811965811965813,0.0376068376068376,5,excitatory,3
ExtraTrees,3,0.9818181818181818,0.036363636363636376,0.9833333333333334,0.033333333333333305,0.9818181818181818,0.036363636363636376,5,excitatory,3
ExtraTrees,5,0.9818181818181818,0.036363636363636376,0.9833333333333334,0.033333333333333305,0.9818181818181818,0.036363636363636376,5,excitatory,3
ExtraTrees,10,0.9818181818181818,0.036363636363636376,0.9833333333333334,0.033333333333333305,0.9818181818181818,0.036363636363636376,5,excitatory,3
LogisticRegression,10,0.9636363636363636,0.04453617714151235,0.9690476190476192,0.038095238095238064,0.963014763014763,0.04530814055567883,5,excitatory,3
LogisticRegression,20,0.9636363636363636,0.04453617714151235,0.9690476190476192,0.038095238095238064,0.963014763014763,0.04530814055567883,5,excitatory,3
ExtraTrees,20,0.9636363636363636,0.04453617714151235,0.9690476190476192,0.038095238095238064,0.963014763014763,0.04530814055567883,5,excitatory,3
ExtraTrees,40,0.9454545454545455,0.07272727272727271,0.9547619047619047,0.05851526536878334,0.9451515151515151,0.07325816332690319,5,excitatory,3
LogisticRegression,40,0.8290909090909091,0.13291394096361503,0.8204761904761904,0.1720333248315794,0.7828632478632478,0.21491607224549525,5,excitatory,3
LogisticRegression,5,0.7272727272727273,0.08730218358113902,0.72,0.10101949451271741,0.7064021164021164,0.10116568150770498,6,excitatory,3
RandomForest,20,0.7257575757575757,0.13229624213904895,0.7166666666666666,0.13988531457793524,0.7,0.14683697938012574,6,excitatory,3
LogisticRegression,10,0.7121212121212122,0.038030001206094365,0.6977777777777778,0.03984538017120248,0.6906012506012507,0.04750894710759498,6,excitatory,3
ExtraTrees,20,0.7090909090909091,0.12258690064344718,0.6944444444444444,0.11653431646335016,0.6878306878306878,0.12817606378951663,6,excitatory,3
ExtraTrees,40,0.7106060606060606,0.10369659777132528,0.6944444444444444,0.09938079899999065,0.6865319865319865,0.1088582962923704,6,excitatory,3
LogisticRegression,1,0.693939393939394,0.07067820478600363,0.6777777777777778,0.06938886664887108,0.6527176527176526,0.05357148336550693,6,excitatory,3
ExtraTrees,10,0.6772727272727272,0.08375924218839549,0.6666666666666667,0.08784104611578834,0.6520105820105819,0.08226477077952536,6,excitatory,3
RandomForest,40,0.6757575757575757,0.09171361182073673,0.6611111111111111,0.08854098583616234,0.6446031746031746,0.0998239821508161,6,excitatory,3
LogisticRegression,3,0.6757575757575757,0.1827878185033258,0.6611111111111111,0.1903537966556868,0.6392063492063492,0.19677634935338906,6,excitatory,3
LogisticRegression,2,0.6606060606060605,0.1904154271439122,0.6611111111111111,0.1903537966556868,0.6188023088023088,0.18514648521494026,6,excitatory,3
RandomForest,10,0.6606060606060605,0.05408050999265074,0.6555555555555556,0.05443310539518173,0.6290620490620491,0.04171862667250065,6,excitatory,3
RandomForest,2,0.6454545454545455,0.11905273503371631,0.6388888888888888,0.1178511301977579,0.6241798941798942,0.09660593279516931,6,excitatory,3
ExtraTrees,5,0.6424242424242423,0.0716139533217968,0.6277777777777778,0.08351831321318282,0.588994708994709,0.09498461269905706,6,excitatory,3
LogisticRegression,20,0.6424242424242423,0.0716139533217968,0.6255555555555555,0.06407942602353872,0.6138287638287638,0.059136825133504364,6,excitatory,3
RandomForest,3,0.6272727272727272,0.16251015367020513,0.6166666666666666,0.1545603082582617,0.6071428571428571,0.1468884463511469,6,excitatory,3
ExtraTrees,2,0.6106060606060606,0.14370794789550762,0.611111111111111,0.1438019900616087,0.5671428571428571,0.12274429828468957,6,excitatory,3
RandomForest,5,0.6090909090909091,0.1162428350231311,0.6,0.11600340565456166,0.581005291005291,0.09617796089733588,6,excitatory,3
ExtraTrees,3,0.6090909090909091,0.1162428350231311,0.5944444444444444,0.11992796191623833,0.5649206349206349,0.11421092987248442,6,excitatory,3
RandomForest,1,0.5954545454545455,0.09035182736894287,0.5866666666666667,0.0999135428727393,0.5725925925925925,0.0803141838705431,6,excitatory,3
LogisticRegression,40,0.5909090909090909,0.0777023115452005,0.5822222222222223,0.0775711541142536,0.5694179894179895,0.07483146428720405,6,excitatory,3
ExtraTrees,1,0.5606060606060607,0.09153822707268613,0.5422222222222223,0.0829695764559754,0.5321693121693122,0.0784471787609163,6,excitatory,3
RandomForest,10,0.673,0.07345747068882781,0.6469444444444443,0.08923690023650306,0.6228470703702902,0.09062715693288473,8,excitatory,3
LogisticRegression,5,0.6553333333333333,0.09578564030630526,0.6336706349206349,0.12007577838515021,0.6091808346452309,0.1211115918792031,8,excitatory,3
RandomForest,40,0.6556666666666666,0.048769298174614374,0.6096428571428572,0.07783420369802806,0.5888330288562487,0.0635904226841252,8,excitatory,3
ExtraTrees,5,0.6396666666666666,0.07666956516260034,0.606031746031746,0.09882588552620107,0.5856804951154796,0.10170346952900218,8,excitatory,3
LogisticRegression,10,0.6220000000000001,0.11341859537914309,0.6023412698412698,0.1270807172326543,0.5858843036048919,0.12285224605908386,8,excitatory,3
ExtraTrees,10,0.6313333333333333,0.09031672664081174,0.5989087301587301,0.10365870099155809,0.5749689689395573,0.10191828656128013,8,excitatory,3
RandomForest,20,0.6473333333333333,0.10467197438771386,0.5987301587301588,0.12839135930375126,0.5787571815009895,0.14027840572102127,8,excitatory,3
ExtraTrees,20,0.6303333333333333,0.0763209596958063,0.583531746031746,0.11201278136766506,0.55788889043533,0.11796730735951587,8,excitatory,3
RandomForest,5,0.6313333333333333,0.06734158365296208,0.5828373015873016,0.09312165554352297,0.5659863004212848,0.10008547651610436,8,excitatory,3
ExtraTrees,3,0.6393333333333333,0.05904423953462537,0.5808730158730159,0.06740924770938164,0.5561020588458668,0.08648699263802057,8,excitatory,3
ExtraTrees,2,0.6073333333333333,0.09044089537126197,0.565515873015873,0.11514108908450378,0.5366311131249212,0.10480696464045752,8,excitatory,3
LogisticRegression,3,0.6060000000000001,0.09648028008066956,0.5592460317460317,0.11597405357903351,0.5300145352583434,0.13397588085256634,8,excitatory,3
LogisticRegression,1,0.5820000000000001,0.09962931295557548,0.5576587301587301,0.13300742008221264,0.4940678430616511,0.12190704357023552,8,excitatory,3
LogisticRegression,2,0.5823333333333334,0.0795235814082842,0.5535317460317459,0.09969288630460554,0.5073340213278292,0.10221091798159261,8,excitatory,3
RandomForest,2,0.5983333333333334,0.08591985930052622,0.5521031746031746,0.11368833622186111,0.5329202479666876,0.10640783141634093,8,excitatory,3
RandomForest,3,0.606,0.0850006535922584,0.5513888888888888,0.10973431289049018,0.5271801547265944,0.12225498817967587,8,excitatory,3
LogisticRegression,20,0.5896666666666667,0.04122297094258655,0.5477380952380952,0.0556944974581434,0.535404929178149,0.0514610406342368,8,excitatory,3
ExtraTrees,40,0.598,0.06201612693485462,0.5467460317460318,0.09507580418378934,0.5216878202636718,0.09775912448757641,8,excitatory,3
LogisticRegression,40,0.581,0.048173298274735855,0.5318253968253968,0.07688246027809398,0.524102636699386,0.07916754793134297,8,excitatory,3
ExtraTrees,1,0.5743333333333334,0.07083313725463057,0.5196031746031746,0.09080240897374152,0.5014438004376085,0.08729324298611066,8,excitatory,3
RandomForest,1,0.5666666666666667,0.08881941729649484,0.507638888888889,0.10778193442904437,0.48781252158574145,0.11445872875672918,8,excitatory,3
RandomForest,5,0.8380952380952381,0.10583862271853747,0.6599999999999999,0.20591260281974003,0.5991258741258741,0.2107637666866361,9,inhibitory,3
ExtraTrees,5,0.8380952380952381,0.10583862271853747,0.58,0.2135415650406262,0.5541258741258741,0.2240372603369079,9,inhibitory,3
ExtraTrees,20,0.8380952380952381,0.009523809523809488,0.58,0.16,0.5205905205905206,0.1286221467590116,9,inhibitory,3
ExtraTrees,40,0.8380952380952381,0.009523809523809488,0.58,0.16,0.5205905205905206,0.1286221467590116,9,inhibitory,3
LogisticRegression,2,0.6761904761904762,0.1071163988495428,0.5633333333333332,0.23953658964295577,0.5105555555555555,0.1654996176937884,9,inhibitory,3
RandomForest,10,0.8047619047619048,0.06966066113489428,0.5599999999999999,0.12000000000000002,0.490034965034965,0.06753684540899815,9,inhibitory,3
RandomForest,20,0.8047619047619048,0.06966066113489428,0.5599999999999999,0.12000000000000002,0.490034965034965,0.06753684540899815,9,inhibitory,3
RandomForest,40,0.7714285714285715,0.08597842897746569,0.54,0.1356465996625054,0.47912587412587415,0.07623368768561943,9,inhibitory,3
LogisticRegression,3,0.5809523809523809,0.12918723777381463,0.5066666666666666,0.248014336503177,0.45272727272727276,0.14911169478166747,9,inhibitory,3
RandomForest,3,0.7095238095238094,0.06459361888690734,0.5033333333333333,0.1528979325490629,0.4592424242424243,0.08524043669380295,9,inhibitory,3
ExtraTrees,10,0.8380952380952381,0.009523809523809488,0.5,0.0,0.4559440559440559,0.002797202797202814,9,inhibitory,3
LogisticRegression,20,0.7714285714285715,0.08597842897746569,0.45999999999999996,0.04898979485566354,0.4341258741258741,0.02798041832205579,9,inhibitory,3
LogisticRegression,40,0.7714285714285714,0.08597842897746569,0.45999999999999996,0.04898979485566354,0.4341258741258741,0.02798041832205579,9,inhibitory,3
LogisticRegression,5,0.6095238095238095,0.09110060223670947,0.44333333333333336,0.13482498944104454,0.40714285714285714,0.04860876249590417,9,inhibitory,3
ExtraTrees,2,0.738095238095238,0.08780518530755131,0.44000000000000006,0.04898979485566354,0.4232167832167832,0.028520496999229945,9,inhibitory,3
ExtraTrees,1,0.7380952380952381,0.13718914562750414,0.44000000000000006,0.08,0.42079254079254075,0.04903099255176931,9,inhibitory,3
LogisticRegression,10,0.738095238095238,0.08780518530755131,0.43999999999999995,0.04898979485566355,0.4232167832167832,0.028520496999229945,9,inhibitory,3
RandomForest,2,0.7095238095238094,0.06459361888690734,0.42333333333333334,0.038873012632301994,0.41424242424242425,0.021160109394055854,9,inhibitory,3
RandomForest,1,0.6761904761904762,0.1502831794100905,0.4033333333333333,0.08969082698049141,0.3984848484848485,0.054964718627930474,9,inhibitory,3
ExtraTrees,3,0.6714285714285714,0.11308897225750396,0.4,0.0632455532033676,0.39897435897435896,0.04056147678622604,9,inhibitory,3
LogisticRegression,1,0.5761904761904763,0.2055907918564086,0.3433333333333333,0.12183777921664711,0.3542424242424243,0.08693009340072815,9,inhibitory,3
LogisticRegression,40,0.6000912420484482,0.012977029187364549,0.6086290096795665,0.02632479692201653,0.5515091308492732,0.018733950547929118,__NA__,__NA__,3
ExtraTrees,40,0.5311623722932597,0.015606492039369814,0.5913336151695059,0.01706174932356841,0.4651945886826467,0.03228029095448823,__NA__,__NA__,3
RandomForest,40,0.4931349996787252,0.020336408981935002,0.5746548564657645,0.035688521931609984,0.44656550830093344,0.03278685233935995,__NA__,__NA__,3
ExtraTrees,20,0.4916417143224314,0.010709695683692308,0.5573031981199582,0.029200331221509127,0.43879894989068574,0.02500819884116969,__NA__,__NA__,3
LogisticRegression,20,0.5266041251686693,0.005352600614993509,0.5570981200332629,0.029744743047650277,0.4838092154050191,0.02629779128214054,__NA__,__NA__,3
RandomForest,20,0.4505750819250787,0.007087860166396601,0.536923607201321,0.03596842732575859,0.40696131576613437,0.031331752371218304,__NA__,__NA__,3
LogisticRegression,10,0.4277825612028529,0.03626595971648374,0.4881764580568733,0.02018657867470102,0.39335714871897287,0.03106605246884949,__NA__,__NA__,3
ExtraTrees,10,0.4014097539034891,0.02772295836809538,0.478619201585411,0.017581714680209852,0.3636369409498057,0.02863090395971147,__NA__,__NA__,3
RandomForest,10,0.3857096960740217,0.03793208960172431,0.45729226924027966,0.02337220362486962,0.3592315552600334,0.0237445072785333,__NA__,__NA__,3
LogisticRegression,5,0.23160573154276168,0.019681002905578972,0.37851223563062314,0.03806184871282264,0.2738913628564217,0.024983706708562765,__NA__,__NA__,3
ExtraTrees,5,0.23566793034761932,0.012667132997757907,0.36455399487675355,0.03679172716869134,0.2599943235922212,0.012904066119053828,__NA__,__NA__,3
RandomForest,5,0.24835443037974683,0.021945021973902988,0.3644494977671896,0.0412700666360772,0.2706472456245145,0.02401007194645954,__NA__,__NA__,3
LogisticRegression,3,0.135324808841483,0.01870011076921305,0.3154598738097088,0.034715704660801636,0.19502211158148625,0.017498666102932183,__NA__,__NA__,3
RandomForest,3,0.1525721261967487,0.01954757168033801,0.29953518649739574,0.02946428981515276,0.18904473277192307,0.02209907347235749,__NA__,__NA__,3
ExtraTrees,3,0.14243012272698066,0.012325460495530542,0.2901257605652742,0.024601124253660647,0.17584551539134657,0.017428164523190594,__NA__,__NA__,3
LogisticRegression,2,0.10134292874124526,0.028753329635333624,0.24411896400383246,0.03902531596729023,0.14447481960136846,0.01885757300140299,__NA__,__NA__,3
ExtraTrees,2,0.11400501188716827,0.0359763365230369,0.2317437715038249,0.02736273088103859,0.14870056153333677,0.01491648135974492,__NA__,__NA__,3
RandomForest,2,0.10995437897577587,0.02771902486421913,0.21809618817613002,0.03265048631196933,0.14176923166527008,0.017037199407891335,__NA__,__NA__,3
LogisticRegression,1,0.05321981623080383,0.011444395720062428,0.15257030901652996,0.017480466586842106,0.07880517852904675,0.013600918563562462,__NA__,__NA__,3
ExtraTrees,1,0.05676797532609394,0.00872256472195979,0.11441925163883467,0.021047937654049186,0.06960685115737933,0.016313864908242277,__NA__,__NA__,3
RandomForest,1,0.04206515453318769,0.005671371252393239,0.113431092517804,0.015880950949362527,0.06407584023023818,0.023754711391098894,__NA__,__NA__,3
