MERFISH_cell_type_annotation,_section,_ei,original_row_index,cell_id,predicted_cell_type,prediction_method,chosen_model,chosen_number_of_genes,correct,outer_fold
DH_ex_Prkcg/Nts,8,excitatory,5,2656143800027100179,DH_ex_Prkcg/Nts,subgroup_model,LogisticRegression,5.0,True,1
DH_ex_Gpr83,2,excitatory,10,2656143800028100075,DH_ex_Grpr,subgroup_model,RandomForest,2.0,False,1
microglia,__NA__,__NA__,11,2656143800028100190,microglia,subgroup_model,ExtraTrees,40.0,True,1
MV_in_Gabra1,16,inhibitory,12,2656143800028100205,MV_in_Gabra1,direct_section,,,True,1
endothelial,__NA__,__NA__,16,2656143800029200138,microglia,subgroup_model,ExtraTrees,40.0,False,1
Schwann_cell,__NA__,__NA__,18,2656143800031100019,Schwann_cell,subgroup_model,ExtraTrees,40.0,True,1
oligodendrocyte_progenitor_2,__NA__,__NA__,22,2656143800052100158,oligodendrocyte_progenitor_2,subgroup_model,ExtraTrees,40.0,True,1
astrocyte_1,__NA__,__NA__,23,2656143800052100183,astrocyte_1,subgroup_model,ExtraTrees,40.0,True,1
endothelial,__NA__,__NA__,24,2656143800052100222,oligodendrocyte_2,subgroup_model,ExtraTrees,40.0,False,1
DH_in_Pdyn,2,inhibitory,29,2656143800052100267,DH_in_Pdyn,direct_section_EI,,,True,1
DH_ex_Reln/Npff,1,excitatory,33,2656143800052200085,DH_ex_Reln/Npff,direct_section,,,True,1
DM_ex_Zfhx3,11,excitatory,37,2656143800053100201,DM_ex_Zfhx3,direct_section,,,True,1
MV_in_Esrrb,14,inhibitory,39,2656143800054100054,MV_in_Esrrb,direct_section_EI,,,True,1
oligodendrocyte_progenitor_2,__NA__,__NA__,41,2656143800054100105,oligodendrocyte_progenitor_2,subgroup_model,ExtraTrees,40.0,True,1
MV_in_Esrrb,14,inhibitory,42,2656143800054100156,MV_in_Esrrb,direct_section_EI,,,True,1
oligodendrocyte_2,__NA__,__NA__,47,2656143800055100071,oligodendrocyte_2,subgroup_model,ExtraTrees,40.0,True,1
oligodendrocyte_progenitor_2,__NA__,__NA__,48,2656143800055100113,oligodendrocyte_progenitor_2,subgroup_model,ExtraTrees,40.0,True,1
DH_in_Npy,4,inhibitory,51,2656143800078100083,DH_in_Npy,subgroup_model,LogisticRegression,1.0,True,1
MV_ex_Syt2,14,excitatory,52,2656143800078100256,MV_ex_Syt2,direct_section_EI,,,True,1
endothelial,__NA__,__NA__,55,2656143800079100222,endothelial,subgroup_model,ExtraTrees,40.0,True,1
oligodendrocyte_2,__NA__,__NA__,62,2656143800103100072,oligodendrocyte_2,subgroup_model,ExtraTrees,40.0,True,1
astrocyte_1,__NA__,__NA__,63,2656143800103100093,astrocyte_1,subgroup_model,ExtraTrees,40.0,True,1
astrocyte_1,__NA__,__NA__,67,2656143800104100188,astrocyte_1,subgroup_model,ExtraTrees,40.0,True,1
M_in_Tfap2b,12,inhibitory,69,2656143800104100317,M_in_Tfap2b,direct_section,,,True,1
oligodendrocyte_2,__NA__,__NA__,71,2656143800105100155,oligodendrocyte_2,subgroup_model,ExtraTrees,40.0,True,1
astrocyte_1,__NA__,__NA__,72,2656143800105100194,astrocyte_1,subgroup_model,ExtraTrees,40.0,True,1
astrocyte_2,__NA__,__NA__,73,2656143800106100113,endothelial,subgroup_model,ExtraTrees,40.0,False,1
DH_ex_Reln/Nmur2,3,excitatory,74,2656143800127100130,DH_ex_Reln/Nmur2,subgroup_model,RandomForest,40.0,True,1
oligodendrocyte_1,__NA__,__NA__,78,2656143800129100064,oligodendrocyte_progenitor_2,subgroup_model,ExtraTrees,40.0,False,1
astrocyte_1,__NA__,__NA__,81,2656143800129100095,endothelial,subgroup_model,ExtraTrees,40.0,False,1
oligodendrocyte_progenitor_2,__NA__,__NA__,85,2656143800130100125,oligodendrocyte_2,subgroup_model,ExtraTrees,40.0,False,1
M_ex_Vsx2/Shox2,20,excitatory,86,2656143800130100179,M_ex_Vsx2/Shox2,subgroup_model,ExtraTrees,2.0,True,1
MV_in_Esrrb,14,inhibitory,87,2656143800130100188,MV_in_Esrrb,direct_section_EI,,,True,1
DH_in_Pdyn,2,inhibitory,90,2656143800152100050,DH_in_Pdyn,direct_section_EI,,,True,1
DH_ex_Reln/Npff,1,excitatory,92,2656143800152100094,DH_ex_Reln/Npff,direct_section,,,True,1
DH_ex_Maf/Cck,10,excitatory,95,2656143800153100102,DH_ex_Maf/Cpne4,subgroup_model,ExtraTrees,2.0,False,1
oligodendrocyte_progenitor_2,__NA__,__NA__,96,2656143800153100155,oligodendrocyte_progenitor_2,subgroup_model,ExtraTrees,40.0,True,1
MV_ex_Syt2,14,excitatory,97,2656143800153100191,MV_ex_Syt2,direct_section_EI,,,True,1
DH_ex_Gpr83,2,excitatory,98,2656143800153100207,DH_ex_Grpr,subgroup_model,RandomForest,2.0,False,1
oligodendrocyte_progenitor_2,__NA__,__NA__,102,2656143800154100107,ependymal,subgroup_model,ExtraTrees,40.0,False,1
astrocyte_1,__NA__,__NA__,104,2656143800154100245,endothelial,subgroup_model,ExtraTrees,40.0,False,1
alpha_motoneuron,22,__NA__,115,2656143800190100065,beta_motoneuron,subgroup_model,LogisticRegression,40.0,False,1
oligodendrocyte_progenitor_2,__NA__,__NA__,117,2656143800190100124,astrocyte_1,subgroup_model,ExtraTrees,40.0,False,1
DM_ex_Zfhx3,11,excitatory,119,2656143800191100094,DM_ex_Zfhx3,direct_section,,,True,1
Schwann_cell,__NA__,__NA__,124,2656143800203100023,Schwann_cell,subgroup_model,ExtraTrees,40.0,True,1
DH_in_Npy,4,inhibitory,126,2656143800214100013,DH_in_Npy,subgroup_model,LogisticRegression,1.0,True,1
oligodendrocyte_2,__NA__,__NA__,128,2656143800214100131,oligodendrocyte_2,subgroup_model,ExtraTrees,40.0,True,1
astrocyte_1,__NA__,__NA__,133,2656143800215100166,astrocyte_1,subgroup_model,ExtraTrees,40.0,True,1
oligodendrocyte_precursor_cell,__NA__,__NA__,139,2656143800217100148,oligodendrocyte_precursor_cell,subgroup_model,ExtraTrees,40.0,True,1
oligodendrocyte_2,__NA__,__NA__,148,2656143800242100085,oligodendrocyte_2,subgroup_model,ExtraTrees,40.0,True,1
visceral_motoneuron,20,__NA__,158,2656143800367100223,visceral_motoneuron,direct_section_EI,,,True,1
endothelial,__NA__,__NA__,159,2656143800368100034,endothelial,subgroup_model,ExtraTrees,40.0,True,1
MV_in_Gm26673,19,inhibitory,161,2656143800368100172,MV_in_Chrna2,subgroup_model,LogisticRegression,20.0,False,1
MV_in_Gabra1,16,inhibitory,164,2656143800392100081,MV_in_Gabra1,direct_section,,,True,1
MV_in_Gabra1,16,inhibitory,165,2656143800392100262,MV_in_Gabra1,direct_section,,,True,1
oligodendrocyte_progenitor_2,__NA__,__NA__,168,2656143800393100018,oligodendrocyte_2,subgroup_model,ExtraTrees,40.0,False,1
MV_in_Gabra1,16,inhibitory,169,2656143800393100200,MV_in_Gabra1,direct_section,,,True,1
DH_ex_Reln/Nmur2,3,excitatory,176,2656143800415100018,DH_ex_Reln/Nmur2,subgroup_model,RandomForest,40.0,True,1
meninges_2,__NA__,__NA__,178,2656143800415100109,meninges_3,subgroup_model,ExtraTrees,40.0,False,1
DH_in_Klhl14,10,inhibitory,179,2656143800416100040,DH_in_Cdh3,subgroup_model,RandomForest,10.0,False,1
DH_in_Cdh3,10,inhibitory,180,2656143800416100047,DH_in_Cdh3,subgroup_model,RandomForest,10.0,True,1
microglia,__NA__,__NA__,184,2656143800418100063,endothelial,subgroup_model,ExtraTrees,40.0,False,1
astrocyte_1,__NA__,__NA__,186,2656143800418100120,oligodendrocyte_precursor_cell,subgroup_model,ExtraTrees,40.0,False,1
M_ex_Neurod2,13,excitatory,187,2656143800418100205,M_ex_Neurod2,direct_section,,,True,1
DH_ex_Tac2,8,excitatory,192,2656143800442100187,DH_ex_Tac2,subgroup_model,LogisticRegression,5.0,True,1
endothelial,__NA__,__NA__,196,2656143800444100119,endothelial,subgroup_model,ExtraTrees,40.0,True,1
oligodendrocyte_2,__NA__,__NA__,197,2656143800444100137,oligodendrocyte_2,subgroup_model,ExtraTrees,40.0,True,1
DH_ex_Maf/Cck,10,excitatory,199,2656143800468100032,DH_ex_Rreb1,subgroup_model,ExtraTrees,2.0,False,1
DH_ex_Reln/Nmur2,3,excitatory,200,2656143800468100060,DH_ex_Reln/Nmur2,subgroup_model,RandomForest,40.0,True,1
DH_ex_Reln/Nmur2,3,excitatory,211,2656144300102100095,DH_ex_Reln/Nmur2,subgroup_model,RandomForest,40.0,True,1
meninges_1,__NA__,__NA__,218,2656144300102200009,endothelial,subgroup_model,ExtraTrees,40.0,False,1
oligodendrocyte_precursor_cell,__NA__,__NA__,219,2656144300103100104,oligodendrocyte_precursor_cell,subgroup_model,ExtraTrees,40.0,True,1
DH_ex_Tac2,8,excitatory,220,2656144300103100189,DH_ex_Tac2,subgroup_model,LogisticRegression,5.0,True,1
oligodendrocyte_2,__NA__,__NA__,221,2656144300108100177,oligodendrocyte_2,subgroup_model,ExtraTrees,40.0,True,1
oligodendrocyte_2,__NA__,__NA__,222,2656144300109100140,oligodendrocyte_2,subgroup_model,ExtraTrees,40.0,True,1
astrocyte_2,__NA__,__NA__,223,2656144300123100021,endothelial,subgroup_model,ExtraTrees,40.0,False,1
DH_in_Cdh3,10,inhibitory,225,2656144300125100022,DH_in_Cdh3,subgroup_model,RandomForest,10.0,True,1
DH_ex_Maf/Cck,10,excitatory,229,2656144300125100181,DH_ex_Maf/Slc17a8,subgroup_model,ExtraTrees,2.0,False,1
oligodendrocyte_1,__NA__,__NA__,230,2656144300125100270,meninges_3,subgroup_model,ExtraTrees,40.0,False,1
astrocyte_1,__NA__,__NA__,235,2656144300146100227,astrocyte_2,subgroup_model,ExtraTrees,40.0,False,1
astrocyte_1,__NA__,__NA__,238,2656144300147100136,astrocyte_2,subgroup_model,ExtraTrees,40.0,False,1
MV_in_Gm26673,19,inhibitory,243,2656144300149100130,MV_in_Chrna2,subgroup_model,LogisticRegression,20.0,False,1
DH_ex_Gpr83,2,excitatory,246,2656144300162100043,DH_ex_Grpr,subgroup_model,RandomForest,2.0,False,1
DH_ex_Sox5,5,excitatory,247,2656144300163100024,DH_ex_Sox5,subgroup_model,LogisticRegression,1.0,True,1
endothelial,__NA__,__NA__,249,2656144300163100237,oligodendrocyte_2,subgroup_model,ExtraTrees,40.0,False,1
astrocyte_1,__NA__,__NA__,251,2656144300164100132,endothelial,subgroup_model,ExtraTrees,40.0,False,1
astrocyte_2,__NA__,__NA__,253,2656144300168100024,astrocyte_2,subgroup_model,ExtraTrees,40.0,True,1
VH_in_Chat,17,inhibitory,256,2656144300171100041,VH_in_Chat,direct_section,,,True,1
alpha_motoneuron,22,__NA__,257,2656144300172100154,gamma_motoneuron,subgroup_model,LogisticRegression,40.0,False,1
DM_ex_Zfhx3,11,excitatory,264,2656144300188100109,DM_ex_Zfhx3,direct_section,,,True,1
astrocyte_1,__NA__,__NA__,266,2656144300188100135,astrocyte_1,subgroup_model,ExtraTrees,40.0,True,1
microglia,__NA__,__NA__,268,2656144300188100230,oligodendrocyte_precursor_cell,subgroup_model,ExtraTrees,40.0,False,1
oligodendrocyte_2,__NA__,__NA__,269,2656144300188100231,oligodendrocyte_progenitor_1,subgroup_model,ExtraTrees,40.0,False,1
MV_in_Sema5b,15,inhibitory,275,2656144300210100079,MV_in_Sema5b,direct_section,,,True,1
meninges_1,__NA__,__NA__,281,2656144900008100162,meninges_1,subgroup_model,ExtraTrees,40.0,True,1
meninges_1,__NA__,__NA__,282,2656144900033100041,meninges_1,subgroup_model,ExtraTrees,40.0,True,1
astrocyte_1,__NA__,__NA__,285,2656144900085100067,astrocyte_1,subgroup_model,ExtraTrees,40.0,True,1
oligodendrocyte_progenitor_2,__NA__,__NA__,288,2656144900085100196,oligodendrocyte_progenitor_2,subgroup_model,ExtraTrees,40.0,True,1
DH_ex_Reln,6,excitatory,289,2656144900085100209,DH_ex_Reln,subgroup_model,ExtraTrees,40.0,True,1
MV_ex_Syt2,14,excitatory,294,2656144900086100088,MV_ex_Syt2,direct_section_EI,,,True,1
DH_ex_Reln,6,excitatory,300,2656144900110100032,DH_ex_Reln,subgroup_model,ExtraTrees,40.0,True,1
DH_in_Pdyn,2,inhibitory,302,2656144900110100185,DH_in_Pdyn,direct_section_EI,,,True,1
astrocyte_1,__NA__,__NA__,305,2656144900111100020,astrocyte_1,subgroup_model,ExtraTrees,40.0,True,1
DH_ex_Rreb1,10,excitatory,306,2656144900111100032,DH_ex_Rreb1,subgroup_model,ExtraTrees,2.0,True,1
astrocyte_1,__NA__,__NA__,310,2656144900111100264,astrocyte_1,subgroup_model,ExtraTrees,40.0,True,1
astrocyte_1,__NA__,__NA__,316,2656144900112100048,astrocyte_1,subgroup_model,ExtraTrees,40.0,True,1
endothelial,__NA__,__NA__,319,2656144900112100180,astrocyte_2,subgroup_model,ExtraTrees,40.0,False,1
MV_in_Sema5b,15,inhibitory,320,2656144900112100212,MV_in_Sema5b,direct_section,,,True,1
astrocyte_1,__NA__,__NA__,322,2656144900112200074,oligodendrocyte_2,subgroup_model,ExtraTrees,40.0,False,1
astrocyte_1,__NA__,__NA__,324,2656144900113100021,astrocyte_1,subgroup_model,ExtraTrees,40.0,True,1
alpha_motoneuron,22,__NA__,325,2656144900113100059,alpha_motoneuron,subgroup_model,LogisticRegression,40.0,True,1
MV_ex_Shox2,18,excitatory,329,2656144900113100206,MV_ex_Shox2,direct_section,,,True,1
oligodendrocyte_2,__NA__,__NA__,330,2656144900114100017,oligodendrocyte_2,subgroup_model,ExtraTrees,40.0,True,1
oligodendrocyte_2,__NA__,__NA__,331,2656144900114100154,oligodendrocyte_2,subgroup_model,ExtraTrees,40.0,True,1
astrocyte_1,__NA__,__NA__,337,2656144900138100112,astrocyte_1,subgroup_model,ExtraTrees,40.0,True,1
oligodendrocyte_progenitor_2,__NA__,__NA__,341,2656144900140100117,meninges_1,subgroup_model,ExtraTrees,40.0,False,1
oligodendrocyte_progenitor_2,__NA__,__NA__,344,2656144900164100119,endothelial,subgroup_model,ExtraTrees,40.0,False,1
oligodendrocyte_progenitor_1,__NA__,__NA__,345,2656144900165100125,oligodendrocyte_progenitor_1,subgroup_model,ExtraTrees,40.0,True,1
MV_in_Sema5b,15,inhibitory,346,2656144900165100138,MV_in_Sema5b,direct_section,,,True,1
DM_ex_Zfhx3,11,excitatory,347,2656144900165100167,DM_ex_Zfhx3,direct_section,,,True,1
astrocyte_1,__NA__,__NA__,349,2656144900166100113,astrocyte_1,subgroup_model,ExtraTrees,40.0,True,1
meninges_1,__NA__,__NA__,357,2656144900183100031,endothelial,subgroup_model,ExtraTrees,40.0,False,1
oligodendrocyte_progenitor_2,__NA__,__NA__,359,2656144900184100149,oligodendrocyte_progenitor_2,subgroup_model,ExtraTrees,40.0,True,1
endothelial,__NA__,__NA__,360,2656144900185100079,astrocyte_1,subgroup_model,ExtraTrees,40.0,False,1
microglia,__NA__,__NA__,362,2656144900185100150,microglia,subgroup_model,ExtraTrees,40.0,True,1
M_ex_Vsx2/Shox2,20,excitatory,363,2656144900185100154,M_ex_Vsx2/Shox2,subgroup_model,ExtraTrees,2.0,True,1
oligodendrocyte_2,__NA__,__NA__,365,2656144900186100123,oligodendrocyte_2,subgroup_model,ExtraTrees,40.0,True,1
astrocyte_1,__NA__,__NA__,366,2656144900186200096,microglia,subgroup_model,ExtraTrees,40.0,False,1
astrocyte_1,__NA__,__NA__,369,2656144900190100207,astrocyte_1,subgroup_model,ExtraTrees,40.0,True,1
DH_in_Pdyn,2,inhibitory,370,2656144900190100255,DH_in_Pdyn,direct_section_EI,,,True,1
astrocyte_1,__NA__,__NA__,372,2656144900191100019,oligodendrocyte_progenitor_2,subgroup_model,ExtraTrees,40.0,False,1
DH_in_Npy2r,9,inhibitory,382,2656144900209100046,DH_in_Npy2r,subgroup_model,RandomForest,40.0,True,1
microglia,__NA__,__NA__,384,2656144900209100174,microglia,subgroup_model,ExtraTrees,40.0,True,1
MV_in_Gabra1,16,inhibitory,390,2656144900211100084,MV_in_Gabra1,direct_section,,,True,1
oligodendrocyte_progenitor_2,__NA__,__NA__,393,2656144900212100090,oligodendrocyte_2,subgroup_model,ExtraTrees,40.0,False,1
astrocyte_1,__NA__,__NA__,397,2656144900217100114,astrocyte_1,subgroup_model,ExtraTrees,40.0,True,1
DH_in_Kcnip2,9,inhibitory,398,2656144900217100140,DH_in_Npy2r,subgroup_model,RandomForest,40.0,False,1
DH_ex_Nmu/Tac2,8,excitatory,399,2656144900217100165,DH_ex_Nmu/Tac2,subgroup_model,LogisticRegression,5.0,True,1
DH_in_Cdh3,10,inhibitory,400,2656144900217100217,DH_in_Cdh3,subgroup_model,RandomForest,10.0,True,1
DH_ex_Prkcg/Nts,8,excitatory,401,2656144900217200049,DH_ex_Prkcg/Nts,subgroup_model,LogisticRegression,5.0,True,1
astrocyte_1,__NA__,__NA__,406,2656144900236100102,astrocyte_1,subgroup_model,ExtraTrees,40.0,True,1
M_ex_Vsx2/Shox2,20,excitatory,409,2656144900237100080,M_ex_Vsx2/Shox2,subgroup_model,ExtraTrees,2.0,True,1
oligodendrocyte_1,__NA__,__NA__,411,2656144900238100021,meninges_1,subgroup_model,ExtraTrees,40.0,False,1
endothelial,__NA__,__NA__,412,2656144900238100084,endothelial,subgroup_model,ExtraTrees,40.0,True,1
peripheral_glia,__NA__,__NA__,416,2656144900247100055,astrocyte_2,subgroup_model,ExtraTrees,40.0,False,1
oligodendrocyte_progenitor_2,__NA__,__NA__,417,2656144900262100025,oligodendrocyte_1,subgroup_model,ExtraTrees,40.0,False,1
astrocyte_1,__NA__,__NA__,423,2656144900265100053,astrocyte_1,subgroup_model,ExtraTrees,40.0,True,1
MV_ex_Syt2,14,excitatory,427,2656144900288100266,MV_ex_Syt2,direct_section_EI,,,True,1
endothelial,__NA__,__NA__,428,2656144900289100044,endothelial,subgroup_model,ExtraTrees,40.0,True,1
endothelial,__NA__,__NA__,429,2656144900289100211,oligodendrocyte_precursor_cell,subgroup_model,ExtraTrees,40.0,False,1
DH_ex_Sox5,5,excitatory,434,2656144900314100067,DH_ex_Sox5,subgroup_model,LogisticRegression,1.0,True,1
astrocyte_2,__NA__,__NA__,435,2656144900314100125,microglia,subgroup_model,ExtraTrees,40.0,False,1
DH_in_Npy,4,inhibitory,436,2656144900314100181,DH_in_Npy,subgroup_model,LogisticRegression,1.0,True,1
DH_in_Cdh3,10,inhibitory,441,2656144900315100106,DH_in_Cdh3,subgroup_model,RandomForest,10.0,True,1
astrocyte_1,__NA__,__NA__,443,2656144900315100221,astrocyte_2,subgroup_model,ExtraTrees,40.0,False,1
DH_in_Cdh3,10,inhibitory,444,2656144900323100139,DH_in_Cdh3,subgroup_model,RandomForest,10.0,True,1
astrocyte_1,__NA__,__NA__,446,2656144900323100254,oligodendrocyte_precursor_cell,subgroup_model,ExtraTrees,40.0,False,1
oligodendrocyte_progenitor_2,__NA__,__NA__,451,2656144900325100251,endothelial,subgroup_model,ExtraTrees,40.0,False,1
endothelial,__NA__,__NA__,458,2656144900351100151,endothelial,subgroup_model,ExtraTrees,40.0,True,1
astrocyte_1,__NA__,__NA__,465,2656144900352100214,astrocyte_1,subgroup_model,ExtraTrees,40.0,True,1
DH_ex_Prkcg/Cck,8,excitatory,468,2656144900369100158,DH_ex_Prkcg/Cck,subgroup_model,LogisticRegression,5.0,True,1
oligodendrocyte_1,__NA__,__NA__,469,2656144900370100020,endothelial,subgroup_model,ExtraTrees,40.0,False,1
oligodendrocyte_2,__NA__,__NA__,472,2656144900371100142,endothelial,subgroup_model,ExtraTrees,40.0,False,1
astrocyte_1,__NA__,__NA__,477,2656144900377100073,oligodendrocyte_precursor_cell,subgroup_model,ExtraTrees,40.0,False,1
MV_in_Gabra1,16,inhibitory,478,2656144900377100139,MV_in_Gabra1,direct_section,,,True,1
astrocyte_1,__NA__,__NA__,482,2656144900378100145,astrocyte_1,subgroup_model,ExtraTrees,40.0,True,1
DH_ex_Maf/Cck,10,excitatory,484,2656144900395100146,DH_ex_Maf/Cck,subgroup_model,ExtraTrees,2.0,True,1
MV_in_Esrrb,14,inhibitory,485,2656144900395100181,MV_in_Esrrb,direct_section_EI,,,True,1
DH_in_Npy,4,inhibitory,486,2656144900395100204,DH_in_Npy,subgroup_model,LogisticRegression,1.0,True,1
DH_ex_Tac2,8,excitatory,493,2656144900420100204,DH_ex_Tac2,subgroup_model,LogisticRegression,5.0,True,1
MV_in_Gabra1,16,inhibitory,495,2656144900421100075,MV_in_Gabra1,direct_section,,,True,1
astrocyte_1,__NA__,__NA__,496,2656144900421100083,astrocyte_1,subgroup_model,ExtraTrees,40.0,True,1
oligodendrocyte_precursor_cell,__NA__,__NA__,498,2656144900421100171,oligodendrocyte_precursor_cell,subgroup_model,ExtraTrees,40.0,True,1
M_in_Tfap2b,12,inhibitory,500,2656144900421100282,M_in_Tfap2b,direct_section,,,True,1
oligodendrocyte_progenitor_2,__NA__,__NA__,502,2656144900422100081,endothelial,subgroup_model,ExtraTrees,40.0,False,1
meninges_1,__NA__,__NA__,512,2656144900476200071,meninges_3,subgroup_model,ExtraTrees,40.0,False,1
oligodendrocyte_2,__NA__,__NA__,521,2656144900480100101,oligodendrocyte_2,subgroup_model,ExtraTrees,40.0,True,1
alpha_motoneuron,22,__NA__,522,2656144900480100142,beta_motoneuron,subgroup_model,LogisticRegression,40.0,False,1
meninges_2,__NA__,__NA__,524,2656144900483200003,meninges_2,subgroup_model,ExtraTrees,40.0,True,1
DH_ex_Grpr,2,excitatory,529,2656144900503100067,DH_ex_Grpr,subgroup_model,RandomForest,2.0,True,1
astrocyte_1,__NA__,__NA__,533,2656144900503100206,oligodendrocyte_precursor_cell,subgroup_model,ExtraTrees,40.0,False,1
M_ex_Vsx2,20,excitatory,537,2656144900504100138,M_ex_Vsx2,subgroup_model,ExtraTrees,2.0,True,1
astrocyte_1,__NA__,__NA__,538,2656144900504100144,astrocyte_2,subgroup_model,ExtraTrees,40.0,False,1
astrocyte_1,__NA__,__NA__,539,2656144900504100163,endothelial,subgroup_model,ExtraTrees,40.0,False,1
astrocyte_1,__NA__,__NA__,540,2656144900504100170,astrocyte_1,subgroup_model,ExtraTrees,40.0,True,1
alpha_motoneuron,22,__NA__,547,2656144900506100017,alpha_motoneuron,subgroup_model,LogisticRegression,40.0,True,1
oligodendrocyte_progenitor_1,__NA__,__NA__,550,2656144900510100004,oligodendrocyte_precursor_cell,subgroup_model,ExtraTrees,40.0,False,1
DH_ex_Gpr83,2,excitatory,553,2656144900515100178,DH_ex_Grpr,subgroup_model,RandomForest,2.0,False,1
peripheral_glia,__NA__,__NA__,555,2656144900516100033,Schwann_cell,subgroup_model,ExtraTrees,40.0,False,1
DH_ex_Nmu/Tac2,8,excitatory,559,2656144900529200056,DH_ex_Nmu/Tac2,subgroup_model,LogisticRegression,5.0,True,1
oligodendrocyte_progenitor_2,__NA__,__NA__,563,2656144900530100093,meninges_3,subgroup_model,ExtraTrees,40.0,False,1
oligodendrocyte_1,__NA__,__NA__,565,2656144900530100190,oligodendrocyte_1,subgroup_model,ExtraTrees,40.0,True,1
oligodendrocyte_2,__NA__,__NA__,571,2656144900533100092,endothelial,subgroup_model,ExtraTrees,40.0,False,1
pericyte,__NA__,__NA__,576,2656144900535100189,endothelial,subgroup_model,ExtraTrees,40.0,False,1
DH_ex_Reln,6,excitatory,577,2656144900536100014,DH_ex_Reln,subgroup_model,ExtraTrees,40.0,True,1
astrocyte_1,__NA__,__NA__,583,2656144900537100175,astrocyte_1,subgroup_model,ExtraTrees,40.0,True,1
oligodendrocyte_progenitor_2,__NA__,__NA__,585,2656144900537200153,microglia,subgroup_model,ExtraTrees,40.0,False,1
oligodendrocyte_progenitor_2,__NA__,__NA__,586,2656144900540100204,oligodendrocyte_2,subgroup_model,ExtraTrees,40.0,False,1
MV_ex_Syt2,14,excitatory,589,2656144900541100087,MV_ex_Syt2,direct_section_EI,,,True,1
astrocyte_1,__NA__,__NA__,591,2656144900541100117,astrocyte_1,subgroup_model,ExtraTrees,40.0,True,1
MV_in_Sema5b,15,inhibitory,595,2656144900541200056,MV_in_Sema5b,direct_section,,,True,1
astrocyte_2,__NA__,__NA__,601,2656144900555100187,astrocyte_1,subgroup_model,ExtraTrees,40.0,False,1
endothelial,__NA__,__NA__,603,2656144900557100072,endothelial,subgroup_model,ExtraTrees,40.0,True,1
DM_ex_Zfhx3,11,excitatory,610,2656144900558100063,DM_ex_Zfhx3,direct_section,,,True,1
DH_ex_Cpne4,3,excitatory,613,2656144900561100046,DH_ex_Reln/Nmur2,subgroup_model,RandomForest,40.0,False,1
DH_ex_Gpr83,2,excitatory,614,2656144900561100195,DH_ex_Grpr,subgroup_model,RandomForest,2.0,False,1
endothelial,__NA__,__NA__,618,2656144900563100121,endothelial,subgroup_model,ExtraTrees,40.0,True,1
oligodendrocyte_2,__NA__,__NA__,620,2656144900564100021,microglia,subgroup_model,ExtraTrees,40.0,False,1
oligodendrocyte_2,__NA__,__NA__,621,2656144900564100070,oligodendrocyte_2,subgroup_model,ExtraTrees,40.0,True,1
pericyte,__NA__,__NA__,622,2656144900565100145,pericyte,subgroup_model,ExtraTrees,40.0,True,1
oligodendrocyte_1,__NA__,__NA__,624,2656144900565100156,oligodendrocyte_1,subgroup_model,ExtraTrees,40.0,True,1
Schwann_cell,__NA__,__NA__,627,2656144900566100136,Schwann_cell,subgroup_model,ExtraTrees,40.0,True,1
DH_in_Npy2r,9,inhibitory,630,2656144900582100180,DH_in_Npy2r,subgroup_model,RandomForest,40.0,True,1
DH_in_Npy2r,9,inhibitory,631,2656144900582100186,DH_in_Npy2r,subgroup_model,RandomForest,40.0,True,1
oligodendrocyte_1,__NA__,__NA__,637,2656144900584100215,oligodendrocyte_2,subgroup_model,ExtraTrees,40.0,False,1
astrocyte_1,__NA__,__NA__,648,2656144900590100237,oligodendrocyte_progenitor_2,subgroup_model,ExtraTrees,40.0,False,1
oligodendrocyte_2,__NA__,__NA__,653,2656144900609100037,oligodendrocyte_2,subgroup_model,ExtraTrees,40.0,True,1
MV_ex_Syt2,14,excitatory,654,2656144900609100056,MV_ex_Syt2,direct_section_EI,,,True,1
DH_in_Cdh3,10,inhibitory,656,2656144900609100183,DH_in_Cdh3,subgroup_model,RandomForest,10.0,True,1
MV_in_Gabra1,16,inhibitory,658,2656144900615100019,MV_in_Gabra1,direct_section,,,True,1
astrocyte_1,__NA__,__NA__,661,2656144900615100103,astrocyte_1,subgroup_model,ExtraTrees,40.0,True,1
endothelial,__NA__,__NA__,666,2656144900616200135,endothelial,subgroup_model,ExtraTrees,40.0,True,1
oligodendrocyte_progenitor_2,__NA__,__NA__,669,2656144900635100073,oligodendrocyte_1,subgroup_model,ExtraTrees,40.0,False,1
meninges_1,__NA__,__NA__,671,2656144900635100149,meninges_3,subgroup_model,ExtraTrees,40.0,False,1
meninges_3,__NA__,__NA__,672,2656144900639100150,meninges_3,subgroup_model,ExtraTrees,40.0,True,1
DH_ex_Grp,6,excitatory,678,2656144900641100240,DH_ex_Grp,subgroup_model,ExtraTrees,40.0,True,1
DH_ex_Reln/Nmur2,3,excitatory,681,2656144900641200190,DH_ex_Reln/Nmur2,subgroup_model,RandomForest,40.0,True,1
oligodendrocyte_2,__NA__,__NA__,688,2707604000024100087,microglia,subgroup_model,ExtraTrees,40.0,False,1
endothelial,__NA__,__NA__,691,2707604000025100103,endothelial,subgroup_model,ExtraTrees,40.0,True,1
astrocyte_2,__NA__,__NA__,692,2707604000026100018,oligodendrocyte_2,subgroup_model,ExtraTrees,40.0,False,1
oligodendrocyte_progenitor_2,__NA__,__NA__,698,2707604000040200169,oligodendrocyte_progenitor_2,subgroup_model,ExtraTrees,40.0,True,1
MV_in_Esrrb,14,inhibitory,702,2707604000041100154,MV_in_Esrrb,direct_section_EI,,,True,1
DH_ex_Grpr,2,excitatory,705,2707604000042100020,DH_ex_Gpr83,subgroup_model,RandomForest,2.0,False,1
oligodendrocyte_progenitor_2,__NA__,__NA__,707,2707604000042100187,oligodendrocyte_precursor_cell,subgroup_model,ExtraTrees,40.0,False,1
microglia,__NA__,__NA__,708,2707604000042100196,microglia,subgroup_model,ExtraTrees,40.0,True,1
astrocyte_1,__NA__,__NA__,709,2707604000042100205,astrocyte_1,subgroup_model,ExtraTrees,40.0,True,1
astrocyte_1,__NA__,__NA__,717,2707604000054100161,astrocyte_1,subgroup_model,ExtraTrees,40.0,True,1
oligodendrocyte_progenitor_2,__NA__,__NA__,723,2707604000055100295,oligodendrocyte_2,subgroup_model,ExtraTrees,40.0,False,1
DH_ex_Tac2,8,excitatory,729,2707604000057100100,DH_ex_Tac2,subgroup_model,LogisticRegression,5.0,True,1
oligodendrocyte_2,__NA__,__NA__,732,2707604000057100275,oligodendrocyte_2,subgroup_model,ExtraTrees,40.0,True,1
oligodendrocyte_2,__NA__,__NA__,735,2707604000068100023,oligodendrocyte_2,subgroup_model,ExtraTrees,40.0,True,1
oligodendrocyte_progenitor_2,__NA__,__NA__,737,2707604000069100107,oligodendrocyte_progenitor_2,subgroup_model,ExtraTrees,40.0,True,1
oligodendrocyte_1,__NA__,__NA__,741,2707604000070100198,oligodendrocyte_1,subgroup_model,ExtraTrees,40.0,True,1
oligodendrocyte_2,__NA__,__NA__,748,2707604000083100028,oligodendrocyte_2,subgroup_model,ExtraTrees,40.0,True,1
oligodendrocyte_2,__NA__,__NA__,750,2707604000083100153,oligodendrocyte_2,subgroup_model,ExtraTrees,40.0,True,1
astrocyte_2,__NA__,__NA__,751,2707604000083100157,astrocyte_2,subgroup_model,ExtraTrees,40.0,True,1
oligodendrocyte_2,__NA__,__NA__,755,2707604000085100151,oligodendrocyte_precursor_cell,subgroup_model,ExtraTrees,40.0,False,1
oligodendrocyte_progenitor_2,__NA__,__NA__,756,2707604000085100204,oligodendrocyte_progenitor_2,subgroup_model,ExtraTrees,40.0,True,1
DH_ex_Maf/Cck,10,excitatory,757,2707604000085100206,DH_ex_Rreb1,subgroup_model,ExtraTrees,2.0,False,1
DH_ex_Reln/Npff,1,excitatory,770,2707604000087100224,DH_ex_Reln/Npff,direct_section,,,True,1
meninges_2,__NA__,__NA__,771,2707604000095100011,oligodendrocyte_progenitor_2,subgroup_model,ExtraTrees,40.0,False,1
astrocyte_1,__NA__,__NA__,773,2707604000095100114,astrocyte_2,subgroup_model,ExtraTrees,40.0,False,1
oligodendrocyte_2,__NA__,__NA__,776,2707604000099100034,oligodendrocyte_2,subgroup_model,ExtraTrees,40.0,True,1
Schwann_cell,__NA__,__NA__,780,2707604000100100216,Schwann_cell,subgroup_model,ExtraTrees,40.0,True,1
DH_ex_Grp,6,excitatory,784,2707604000101100111,DH_ex_Prkcg/Rxfp1,subgroup_model,ExtraTrees,40.0,False,1
oligodendrocyte_progenitor_2,__NA__,__NA__,785,2707604000101200039,meninges_1,subgroup_model,ExtraTrees,40.0,False,1
alpha_motoneuron,22,__NA__,786,2707604000107100089,gamma_motoneuron,subgroup_model,LogisticRegression,40.0,False,1
DM_ex_Zfhx3,11,excitatory,789,2707604000109100213,DM_ex_Zfhx3,direct_section,,,True,1
DH_in_Pdyn/Gal,5,inhibitory,790,2707604000110100019,DH_in_Pdyn/Gal,direct_section_EI,,,True,1
DH_ex_Prkcg/Nts,8,excitatory,792,2707604000110100036,DH_ex_Prkcg/Nts,subgroup_model,LogisticRegression,5.0,True,1
endothelial,__NA__,__NA__,793,2707604000110100065,endothelial,subgroup_model,ExtraTrees,40.0,True,1
DM_ex_Zfhx3,11,excitatory,794,2707604000110100144,DM_ex_Zfhx3,direct_section,,,True,1
oligodendrocyte_progenitor_2,__NA__,__NA__,797,2707604000110100282,meninges_3,subgroup_model,ExtraTrees,40.0,False,1
oligodendrocyte_2,__NA__,__NA__,801,2707604000122100133,oligodendrocyte_2,subgroup_model,ExtraTrees,40.0,True,1
DM_ex_Zfhx3,11,excitatory,804,2707604000123100275,DM_ex_Zfhx3,direct_section,,,True,1
MV_in_Sema5b,15,inhibitory,807,2707604000124100114,MV_in_Sema5b,direct_section,,,True,1
DH_ex_Gpr83,2,excitatory,808,2707604000124100126,DH_ex_Grpr,subgroup_model,RandomForest,2.0,False,1
endothelial,__NA__,__NA__,809,2707604000124100144,endothelial,subgroup_model,ExtraTrees,40.0,True,1
oligodendrocyte_progenitor_2,__NA__,__NA__,813,2707604000124200185,meninges_3,subgroup_model,ExtraTrees,40.0,False,1
oligodendrocyte_2,__NA__,__NA__,815,2707604000126100060,oligodendrocyte_2,subgroup_model,ExtraTrees,40.0,True,1
peripheral_glia,__NA__,__NA__,818,2707604000126100141,peripheral_glia,subgroup_model,ExtraTrees,40.0,True,1
M_in_Tfap2b,12,inhibitory,825,2707604000139100111,M_in_Tfap2b,direct_section,,,True,1
DH_ex_Prkcg/Rxfp1,6,excitatory,829,2707604000140100070,DH_ex_Reln,subgroup_model,ExtraTrees,40.0,False,1
astrocyte_1,__NA__,__NA__,831,2707604000140100290,oligodendrocyte_progenitor_1,subgroup_model,ExtraTrees,40.0,False,1
MV_ex_Shox2,18,excitatory,833,2707604000153100049,MV_ex_Shox2,direct_section,,,True,1
astrocyte_1,__NA__,__NA__,836,2707604000153200053,astrocyte_1,subgroup_model,ExtraTrees,40.0,True,1
DM_ex_Zfhx3,11,excitatory,837,2707604000154100042,DM_ex_Zfhx3,direct_section,,,True,1
DM_ex_Zfhx3,11,excitatory,838,2707604000154100091,DM_ex_Zfhx3,direct_section,,,True,1
DH_in_Npy,4,inhibitory,842,2707604000155100045,DH_in_Npy,subgroup_model,LogisticRegression,1.0,True,1
astrocyte_2,__NA__,__NA__,845,2707604000155100180,astrocyte_1,subgroup_model,ExtraTrees,40.0,False,1
DH_ex_Prkcg/Nts,8,excitatory,847,2707604000155100195,DH_ex_Tac2,subgroup_model,LogisticRegression,5.0,False,1
oligodendrocyte_2,__NA__,__NA__,850,2707604700014100024,oligodendrocyte_2,subgroup_model,ExtraTrees,40.0,True,1
oligodendrocyte_2,__NA__,__NA__,851,2707604700034100014,oligodendrocyte_2,subgroup_model,ExtraTrees,40.0,True,1
astrocyte_1,__NA__,__NA__,854,2707604700035100093,astrocyte_1,subgroup_model,ExtraTrees,40.0,True,1
oligodendrocyte_progenitor_2,__NA__,__NA__,864,2707604700044100041,endothelial,subgroup_model,ExtraTrees,40.0,False,1
endothelial,__NA__,__NA__,865,2707604700044100101,ependymal,subgroup_model,ExtraTrees,40.0,False,1
oligodendrocyte_progenitor_2,__NA__,__NA__,867,2707604700058100151,astrocyte_1,subgroup_model,ExtraTrees,40.0,False,1
oligodendrocyte_2,__NA__,__NA__,871,2707604700059100090,oligodendrocyte_precursor_cell,subgroup_model,ExtraTrees,40.0,False,1
astrocyte_2,__NA__,__NA__,872,2707604700059100115,astrocyte_2,subgroup_model,ExtraTrees,40.0,True,1
endothelial,__NA__,__NA__,874,2707604700060100017,endothelial,subgroup_model,ExtraTrees,40.0,True,1
endothelial,__NA__,__NA__,877,2707604700060100131,endothelial,subgroup_model,ExtraTrees,40.0,True,1
oligodendrocyte_1,__NA__,__NA__,878,2707604700060100196,oligodendrocyte_progenitor_2,subgroup_model,ExtraTrees,40.0,False,1
DM_ex_Zfhx3,11,excitatory,880,2707604700061100217,DM_ex_Zfhx3,direct_section,,,True,1
MV_in_Sema5b,15,inhibitory,886,2707604700067100081,MV_in_Sema5b,direct_section,,,True,1
MV_ex_Shox2,18,excitatory,887,2707604700067100194,MV_ex_Shox2,direct_section,,,True,1
MV_ex_Syt2,14,excitatory,889,2707604700067100218,MV_ex_Syt2,direct_section_EI,,,True,1
ependymal,__NA__,__NA__,890,2707604700067200029,ependymal,subgroup_model,ExtraTrees,40.0,True,1
oligodendrocyte_progenitor_2,__NA__,__NA__,892,2707604700068100176,meninges_1,subgroup_model,ExtraTrees,40.0,False,1
astrocyte_1,__NA__,__NA__,894,2707604700068100243,endothelial,subgroup_model,ExtraTrees,40.0,False,1
MV_ex_Syt2,14,excitatory,898,2707604700069100159,MV_ex_Syt2,direct_section_EI,,,True,1
DH_in_Rorb,7,inhibitory,902,2707604700070100133,DH_in_Rorb,direct_section,,,True,1
oligodendrocyte_2,__NA__,__NA__,903,2707604700080100044,oligodendrocyte_2,subgroup_model,ExtraTrees,40.0,True,1
MV_in_Esrrb,14,inhibitory,905,2707604700082100018,MV_in_Esrrb,direct_section_EI,,,True,1
MV_in_Gm26673,19,inhibitory,908,2707604700082100036,MV_in_Gm26673,subgroup_model,LogisticRegression,20.0,True,1
oligodendrocyte_progenitor_2,__NA__,__NA__,909,2707604700082100045,oligodendrocyte_progenitor_2,subgroup_model,ExtraTrees,40.0,True,1
oligodendrocyte_progenitor_2,__NA__,__NA__,912,2707604700083100181,oligodendrocyte_progenitor_2,subgroup_model,ExtraTrees,40.0,True,1
MV_in_Esrrb,14,inhibitory,913,2707604700083100185,MV_in_Esrrb,direct_section_EI,,,True,1
MV_in_Gabra1,16,inhibitory,915,2707604700083100291,MV_in_Gabra1,direct_section,,,True,1
DH_ex_Reln,6,excitatory,925,2707604700086100071,DH_ex_Reln,subgroup_model,ExtraTrees,40.0,True,1
DH_in_Cdh3,10,inhibitory,934,2707604700091100145,DH_in_Cdh3,subgroup_model,RandomForest,10.0,True,1
DH_in_Npy,4,inhibitory,941,2707604700092100290,DH_in_Npy,subgroup_model,LogisticRegression,1.0,True,1
DH_ex_Maf/Cck,10,excitatory,943,2707604700092200167,DH_ex_Maf/Cck,subgroup_model,ExtraTrees,2.0,True,1
oligodendrocyte_precursor_cell,__NA__,__NA__,945,2707604700093100214,endothelial,subgroup_model,ExtraTrees,40.0,False,1
DH_ex_Reln,6,excitatory,948,2707604700094100104,DH_ex_Reln,subgroup_model,ExtraTrees,40.0,True,1
DH_in_Cdh3,10,inhibitory,949,2707604700094100136,DH_in_Cdh3,subgroup_model,RandomForest,10.0,True,1
astrocyte_1,__NA__,__NA__,950,2707604700094100140,endothelial,subgroup_model,ExtraTrees,40.0,False,1
alpha_motoneuron,22,__NA__,955,2707604700106100129,alpha_motoneuron,subgroup_model,LogisticRegression,40.0,True,1
oligodendrocyte_progenitor_2,__NA__,__NA__,960,2707604700107100212,oligodendrocyte_progenitor_2,subgroup_model,ExtraTrees,40.0,True,1
astrocyte_2,__NA__,__NA__,967,2707604700129200045,microglia,subgroup_model,ExtraTrees,40.0,False,1
astrocyte_1,__NA__,__NA__,968,2707604700130100023,astrocyte_1,subgroup_model,ExtraTrees,40.0,True,1
oligodendrocyte_progenitor_2,__NA__,__NA__,972,2707604700131100178,endothelial,subgroup_model,ExtraTrees,40.0,False,1
astrocyte_1,__NA__,__NA__,973,2707604700132100199,endothelial,subgroup_model,ExtraTrees,40.0,False,1
oligodendrocyte_progenitor_2,__NA__,__NA__,975,2707604700132200249,oligodendrocyte_2,subgroup_model,ExtraTrees,40.0,False,1
oligodendrocyte_1,__NA__,__NA__,976,2707604700133100078,oligodendrocyte_2,subgroup_model,ExtraTrees,40.0,False,1
oligodendrocyte_2,__NA__,__NA__,982,2707604700177100040,oligodendrocyte_2,subgroup_model,ExtraTrees,40.0,True,1
oligodendrocyte_2,__NA__,__NA__,994,2707604700222100065,oligodendrocyte_2,subgroup_model,ExtraTrees,40.0,True,1
oligodendrocyte_progenitor_2,__NA__,__NA__,999,2707604700224100044,astrocyte_1,subgroup_model,ExtraTrees,40.0,False,1
endothelial,__NA__,__NA__,1006,2707604700226100107,endothelial,subgroup_model,ExtraTrees,40.0,True,1
oligodendrocyte_progenitor_2,__NA__,__NA__,1008,2707604700226200047,oligodendrocyte_precursor_cell,subgroup_model,ExtraTrees,40.0,False,1
oligodendrocyte_progenitor_2,__NA__,__NA__,1011,2707604700227100029,oligodendrocyte_2,subgroup_model,ExtraTrees,40.0,False,1
astrocyte_1,__NA__,__NA__,1018,2707604700247100078,astrocyte_1,subgroup_model,ExtraTrees,40.0,True,1
astrocyte_1,__NA__,__NA__,1021,2707604700248100055,oligodendrocyte_precursor_cell,subgroup_model,ExtraTrees,40.0,False,1
astrocyte_1,__NA__,__NA__,1022,2707604700248100072,microglia,subgroup_model,ExtraTrees,40.0,False,1
astrocyte_1,__NA__,__NA__,1024,2707604700248100207,microglia,subgroup_model,ExtraTrees,40.0,False,1
DH_ex_Maf/Slc17a8,10,excitatory,1031,2707604700250100104,DH_ex_Maf/Cck,subgroup_model,ExtraTrees,2.0,False,1
Schwann_cell,__NA__,__NA__,1041,2707604700251100058,Schwann_cell,subgroup_model,ExtraTrees,40.0,True,1
astrocyte_1,__NA__,__NA__,1048,2707604700271100244,astrocyte_1,subgroup_model,ExtraTrees,40.0,True,1
DH_ex_Reln/Nmur2,3,excitatory,1050,2707604700271100260,DH_ex_Reln/Nmur2,subgroup_model,RandomForest,40.0,True,1
meninges_1,__NA__,__NA__,1057,2707604700273100091,astrocyte_1,subgroup_model,ExtraTrees,40.0,False,1
endothelial,__NA__,__NA__,1061,2707604700295100104,endothelial,subgroup_model,ExtraTrees,40.0,True,1
oligodendrocyte_precursor_cell,__NA__,__NA__,1062,2707604700315100109,oligodendrocyte_precursor_cell,subgroup_model,ExtraTrees,40.0,True,1
pericyte,__NA__,__NA__,1063,2707604700316100053,pericyte,subgroup_model,ExtraTrees,40.0,True,1
MV_in_Esrrb,14,inhibitory,1065,2707604700317100101,MV_in_Esrrb,direct_section_EI,,,True,1
alpha_motoneuron,22,__NA__,1067,2707604700317100157,gamma_motoneuron,subgroup_model,LogisticRegression,40.0,False,1
oligodendrocyte_progenitor_2,__NA__,__NA__,1068,2707604700318100042,oligodendrocyte_progenitor_2,subgroup_model,ExtraTrees,40.0,True,1
visceral_motoneuron,20,__NA__,1073,2707604700318100133,visceral_motoneuron,direct_section_EI,,,True,1
oligodendrocyte_1,__NA__,__NA__,1076,2707604700338100114,meninges_1,subgroup_model,ExtraTrees,40.0,False,1
MV_in_Gm26673,19,inhibitory,1080,2707604700341100104,MV_in_Gm26673,subgroup_model,LogisticRegression,20.0,True,1
oligodendrocyte_progenitor_2,__NA__,__NA__,1081,2707604700341100181,oligodendrocyte_progenitor_2,subgroup_model,ExtraTrees,40.0,True,1
MV_in_Gm26673,19,inhibitory,1082,2707604700342100017,MV_in_Chrna2,subgroup_model,LogisticRegression,20.0,False,1
oligodendrocyte_progenitor_2,__NA__,__NA__,1083,2707604700342100033,meninges_2,subgroup_model,ExtraTrees,40.0,False,1
astrocyte_1,__NA__,__NA__,1094,2707604700362100033,astrocyte_1,subgroup_model,ExtraTrees,40.0,True,1
MV_in_Gm26673,19,inhibitory,1096,2707604700362100129,MV_in_Chrna2,subgroup_model,LogisticRegression,20.0,False,1
MV_in_Gm26673,19,inhibitory,1098,2707604700363100152,MV_in_Gm26673,subgroup_model,LogisticRegression,20.0,True,1
oligodendrocyte_progenitor_2,__NA__,__NA__,1099,2707604700363100162,oligodendrocyte_2,subgroup_model,ExtraTrees,40.0,False,1
astrocyte_1,__NA__,__NA__,1103,2707604700364100134,astrocyte_1,subgroup_model,ExtraTrees,40.0,True,1
MV_in_Gm26673,19,inhibitory,1104,2707604700364100154,MV_in_Gm26673,subgroup_model,LogisticRegression,20.0,True,1
DH_ex_Grp,6,excitatory,1106,2707604700365100052,DH_ex_Grp,subgroup_model,ExtraTrees,40.0,True,1
oligodendrocyte_precursor_cell,__NA__,__NA__,1109,2707604700365100206,oligodendrocyte_progenitor_1,subgroup_model,ExtraTrees,40.0,False,1
oligodendrocyte_2,__NA__,__NA__,1112,2707604700366100244,oligodendrocyte_2,subgroup_model,ExtraTrees,40.0,True,1
DH_in_Cdh3,10,inhibitory,1115,2707604700367100051,DH_in_Cdh3,subgroup_model,RandomForest,10.0,True,1
oligodendrocyte_progenitor_2,__NA__,__NA__,1116,2707604700367100107,oligodendrocyte_precursor_cell,subgroup_model,ExtraTrees,40.0,False,1
DH_ex_Prkcg/Rxfp1,6,excitatory,1123,2707604700389100157,DH_ex_Grp,subgroup_model,ExtraTrees,40.0,False,1
DH_in_Cdh3,10,inhibitory,1126,2707604700389100209,DH_in_Cdh3,subgroup_model,RandomForest,10.0,True,1
DH_in_Pdyn/Gal,5,inhibitory,1128,2707604700389200208,DH_in_Pdyn/Gal,direct_section_EI,,,True,1
oligodendrocyte_2,__NA__,__NA__,1129,2707604700390100073,oligodendrocyte_2,subgroup_model,ExtraTrees,40.0,True,1
astrocyte_2,__NA__,__NA__,1135,2707604800012100008,ependymal,subgroup_model,ExtraTrees,40.0,False,1
MV_ex_Syt2,14,excitatory,1136,2707604800013100108,MV_ex_Syt2,direct_section_EI,,,True,1
DH_in_Pdyn,2,inhibitory,1139,2707604800014100018,DH_in_Pdyn,direct_section_EI,,,True,1
DH_ex_Nmu/Tac2,8,excitatory,1140,2707604800014100021,DH_ex_Nmu/Tac2,subgroup_model,LogisticRegression,5.0,True,1
pericyte,__NA__,__NA__,1156,2707604800035200013,endothelial,subgroup_model,ExtraTrees,40.0,False,1
oligodendrocyte_1,__NA__,__NA__,1162,2707604800055100036,endothelial,subgroup_model,ExtraTrees,40.0,False,1
astrocyte_1,__NA__,__NA__,1165,2707604800056100070,endothelial,subgroup_model,ExtraTrees,40.0,False,1
oligodendrocyte_precursor_cell,__NA__,__NA__,1166,2707604800058100079,oligodendrocyte_progenitor_1,subgroup_model,ExtraTrees,40.0,False,1
alpha_motoneuron,22,__NA__,1168,2707604800058100104,gamma_motoneuron,subgroup_model,LogisticRegression,40.0,False,1
MV_in_Gabra1,16,inhibitory,1172,2707604800059100134,MV_in_Gabra1,direct_section,,,True,1
MV_in_Gabra1,16,inhibitory,1175,2707604800060100117,MV_in_Gabra1,direct_section,,,True,1
MV_ex_Shox2,18,excitatory,1176,2707604800060100147,MV_ex_Shox2,direct_section,,,True,1
astrocyte_2,__NA__,__NA__,1180,2707604800078100099,ependymal,subgroup_model,ExtraTrees,40.0,False,1
microglia,__NA__,__NA__,1181,2707604800079100073,microglia,subgroup_model,ExtraTrees,40.0,True,1
MV_ex_Syt2,14,excitatory,1189,2707604800082100212,MV_ex_Syt2,direct_section_EI,,,True,1
DM_ex_Zfhx3,11,excitatory,1191,2707604800082100263,DM_ex_Zfhx3,direct_section,,,True,1
MV_ex_Syt2,14,excitatory,1197,2707604800101100085,MV_ex_Syt2,direct_section_EI,,,True,1
microglia,__NA__,__NA__,1199,2707604800102100063,microglia,subgroup_model,ExtraTrees,40.0,True,1
astrocyte_1,__NA__,__NA__,1200,2707604800102100073,oligodendrocyte_progenitor_2,subgroup_model,ExtraTrees,40.0,False,1
MV_ex_Syt2,14,excitatory,1201,2707604800102100123,MV_ex_Syt2,direct_section_EI,,,True,1
oligodendrocyte_precursor_cell,__NA__,__NA__,1202,2707604800102100133,oligodendrocyte_precursor_cell,subgroup_model,ExtraTrees,40.0,True,1
DH_ex_Prkcg/Cck,8,excitatory,1203,2707604800103100030,DH_ex_Prkcg/Cck,subgroup_model,LogisticRegression,5.0,True,1
Schwann_cell,__NA__,__NA__,1207,2707604800118100062,Schwann_cell,subgroup_model,ExtraTrees,40.0,True,1
oligodendrocyte_precursor_cell,__NA__,__NA__,1209,2707604800119100170,endothelial,subgroup_model,ExtraTrees,40.0,False,1
MV_in_Gm26673,19,inhibitory,1210,2707604800119100189,MV_in_Gm26673,subgroup_model,LogisticRegression,20.0,True,1
endothelial,__NA__,__NA__,1213,2707604800139100019,oligodendrocyte_2,subgroup_model,ExtraTrees,40.0,False,1
oligodendrocyte_precursor_cell,__NA__,__NA__,1214,2707604800140100064,oligodendrocyte_progenitor_1,subgroup_model,ExtraTrees,40.0,False,1
oligodendrocyte_2,__NA__,__NA__,1215,2707604800140100112,microglia,subgroup_model,ExtraTrees,40.0,False,1
pericyte,__NA__,__NA__,1221,2707604800141100233,pericyte,subgroup_model,ExtraTrees,40.0,True,1
oligodendrocyte_precursor_cell,__NA__,__NA__,1224,2707604800142100150,oligodendrocyte_precursor_cell,subgroup_model,ExtraTrees,40.0,True,1
astrocyte_1,__NA__,__NA__,1226,2707604800143100139,astrocyte_1,subgroup_model,ExtraTrees,40.0,True,1
oligodendrocyte_progenitor_2,__NA__,__NA__,1231,2707604800143200225,oligodendrocyte_progenitor_2,subgroup_model,ExtraTrees,40.0,True,1
oligodendrocyte_2,__NA__,__NA__,1235,2707604800162100105,oligodendrocyte_2,subgroup_model,ExtraTrees,40.0,True,1
astrocyte_2,__NA__,__NA__,1242,2707604800165100038,oligodendrocyte_2,subgroup_model,ExtraTrees,40.0,False,1
endothelial,__NA__,__NA__,1248,2707604800219100061,endothelial,subgroup_model,ExtraTrees,40.0,True,1
oligodendrocyte_2,__NA__,__NA__,1252,2707604800221100052,microglia,subgroup_model,ExtraTrees,40.0,False,1
oligodendrocyte_progenitor_2,__NA__,__NA__,1257,2707604800240100095,meninges_3,subgroup_model,ExtraTrees,40.0,False,1
oligodendrocyte_2,__NA__,__NA__,1265,2707604800242100248,oligodendrocyte_2,subgroup_model,ExtraTrees,40.0,True,1
astrocyte_2,__NA__,__NA__,1272,2707604800283200132,endothelial,subgroup_model,ExtraTrees,40.0,False,1
DM_ex_Zfhx3,11,excitatory,1273,2707604800284100053,DM_ex_Zfhx3,direct_section,,,True,1
meninges_3,__NA__,__NA__,1274,2707604800299100021,meninges_3,subgroup_model,ExtraTrees,40.0,True,1
meninges_1,__NA__,__NA__,1275,2707604800299200029,pericyte,subgroup_model,ExtraTrees,40.0,False,1
Schwann_cell,__NA__,__NA__,1278,2707604800322100110,Schwann_cell,subgroup_model,ExtraTrees,40.0,True,1
peripheral_glia,__NA__,__NA__,1279,2707604800322100160,Schwann_cell,subgroup_model,ExtraTrees,40.0,False,1
oligodendrocyte_progenitor_2,__NA__,__NA__,1284,2707604800341100137,oligodendrocyte_progenitor_2,subgroup_model,ExtraTrees,40.0,True,1
oligodendrocyte_progenitor_2,__NA__,__NA__,1296,2707604800361100189,meninges_1,subgroup_model,ExtraTrees,40.0,False,1
endothelial,__NA__,__NA__,1297,2707604800362100014,astrocyte_1,subgroup_model,ExtraTrees,40.0,False,1
DH_in_Rorb,7,inhibitory,1303,2707604800364100170,DH_in_Rorb,direct_section,,,True,1
astrocyte_1,__NA__,__NA__,1311,2707604800383100111,microglia,subgroup_model,ExtraTrees,40.0,False,1
MV_in_Gabra1,16,inhibitory,1312,2707604800383100170,MV_in_Gabra1,direct_section,,,True,1
oligodendrocyte_1,__NA__,__NA__,1313,2707604800383100252,oligodendrocyte_progenitor_1,subgroup_model,ExtraTrees,40.0,False,1
DH_ex_Grp,6,excitatory,1318,2707604800384100232,DH_ex_Prkcg/Rxfp1,subgroup_model,ExtraTrees,40.0,False,1
oligodendrocyte_1,__NA__,__NA__,1324,2707604800402200006,meninges_3,subgroup_model,ExtraTrees,40.0,False,1
endothelial,__NA__,__NA__,1327,2707604800403100158,oligodendrocyte_progenitor_1,subgroup_model,ExtraTrees,40.0,False,1
MV_in_Gabra1,16,inhibitory,1328,2707604800403100163,MV_in_Gabra1,direct_section,,,True,1
oligodendrocyte_1,__NA__,__NA__,1330,2707604800403100232,meninges_3,subgroup_model,ExtraTrees,40.0,False,1
oligodendrocyte_progenitor_2,__NA__,__NA__,1331,2707604800404100075,oligodendrocyte_progenitor_2,subgroup_model,ExtraTrees,40.0,True,1
oligodendrocyte_1,__NA__,__NA__,1338,2707604800424100111,oligodendrocyte_2,subgroup_model,ExtraTrees,40.0,False,1
MV_in_Chrna2,19,inhibitory,1339,2707604800424100118,MV_in_Chrna2,subgroup_model,LogisticRegression,20.0,True,1
DH_ex_Prkcg/Nts,8,excitatory,1346,2707604800425100207,DH_ex_Nmu/Tac2,subgroup_model,LogisticRegression,5.0,False,1
astrocyte_1,__NA__,__NA__,1348,2707604800425200049,astrocyte_2,subgroup_model,ExtraTrees,40.0,False,1
DH_ex_Prkcg/Nts,8,excitatory,1349,2707604800445100061,DH_ex_Prkcg/Nts,subgroup_model,LogisticRegression,5.0,True,1
oligodendrocyte_progenitor_2,__NA__,__NA__,1352,2707604800445100225,oligodendrocyte_precursor_cell,subgroup_model,ExtraTrees,40.0,False,1
endothelial,__NA__,__NA__,1353,2707737900006100046,endothelial,subgroup_model,ExtraTrees,40.0,True,1
DH_in_Kcnip2,9,inhibitory,1357,2707737900007100250,DH_in_Npy2r,subgroup_model,RandomForest,40.0,False,1
MV_in_Gabra1,16,inhibitory,1360,2707737900008100115,MV_in_Gabra1,direct_section,,,True,1
endothelial,__NA__,__NA__,1361,2707737900008100126,endothelial,subgroup_model,ExtraTrees,40.0,True,1
astrocyte_1,__NA__,__NA__,1365,2707737900021100017,astrocyte_1,subgroup_model,ExtraTrees,40.0,True,1
oligodendrocyte_progenitor_2,__NA__,__NA__,1367,2707737900021100079,oligodendrocyte_progenitor_1,subgroup_model,ExtraTrees,40.0,False,1
oligodendrocyte_progenitor_2,__NA__,__NA__,1368,2707737900021100138,oligodendrocyte_progenitor_2,subgroup_model,ExtraTrees,40.0,True,1
oligodendrocyte_1,__NA__,__NA__,1369,2707737900021100149,endothelial,subgroup_model,ExtraTrees,40.0,False,1
ependymal,__NA__,__NA__,1370,2707737900021200024,ependymal,subgroup_model,ExtraTrees,40.0,True,1
oligodendrocyte_progenitor_2,__NA__,__NA__,1371,2707737900021200044,ependymal,subgroup_model,ExtraTrees,40.0,False,1
oligodendrocyte_2,__NA__,__NA__,1372,2707737900033100017,oligodendrocyte_2,subgroup_model,ExtraTrees,40.0,True,1
astrocyte_2,__NA__,__NA__,1373,2707737900034100121,astrocyte_2,subgroup_model,ExtraTrees,40.0,True,1
astrocyte_2,__NA__,__NA__,1374,2707737900034100123,microglia,subgroup_model,ExtraTrees,40.0,False,1
oligodendrocyte_2,__NA__,__NA__,1376,2707737900034100174,oligodendrocyte_2,subgroup_model,ExtraTrees,40.0,True,1
endothelial,__NA__,__NA__,1382,2707737900045100046,endothelial,subgroup_model,ExtraTrees,40.0,True,1
astrocyte_2,__NA__,__NA__,1385,2707737900047100008,ependymal,subgroup_model,ExtraTrees,40.0,False,1
endothelial,__NA__,__NA__,1388,2707737900047100174,endothelial,subgroup_model,ExtraTrees,40.0,True,1
pericyte,__NA__,__NA__,1391,2707737900048100136,oligodendrocyte_2,subgroup_model,ExtraTrees,40.0,False,1
oligodendrocyte_1,__NA__,__NA__,1392,2707737900048100169,meninges_3,subgroup_model,ExtraTrees,40.0,False,1
MV_in_Sema5b,15,inhibitory,1393,2707737900048100228,MV_in_Sema5b,direct_section,,,True,1
oligodendrocyte_1,__NA__,__NA__,1394,2707737900049100026,oligodendrocyte_progenitor_2,subgroup_model,ExtraTrees,40.0,False,1
microglia,__NA__,__NA__,1399,2707737900060100021,microglia,subgroup_model,ExtraTrees,40.0,True,1
alpha_motoneuron,22,__NA__,1402,2707737900060100153,gamma_motoneuron,subgroup_model,LogisticRegression,40.0,False,1
astrocyte_1,__NA__,__NA__,1403,2707737900060100260,astrocyte_1,subgroup_model,ExtraTrees,40.0,True,1
MV_in_Gabra1,16,inhibitory,1406,2707737900061100018,MV_in_Gabra1,direct_section,,,True,1
DM_ex_Zfhx3,11,excitatory,1407,2707737900062100103,DM_ex_Zfhx3,direct_section,,,True,1
oligodendrocyte_precursor_cell,__NA__,__NA__,1410,2707737900063100016,oligodendrocyte_progenitor_1,subgroup_model,ExtraTrees,40.0,False,1
M_in_Tfap2b,12,inhibitory,1415,2707737900073100016,M_in_Tfap2b,direct_section,,,True,1
M_ex_Vsx2,20,excitatory,1416,2707737900073100097,M_ex_Vsx2,subgroup_model,ExtraTrees,2.0,True,1
astrocyte_1,__NA__,__NA__,1417,2707737900074100088,astrocyte_1,subgroup_model,ExtraTrees,40.0,True,1
M_in_Tfap2b,12,inhibitory,1419,2707737900074100169,M_in_Tfap2b,direct_section,,,True,1
astrocyte_1,__NA__,__NA__,1421,2707737900074100236,oligodendrocyte_precursor_cell,subgroup_model,ExtraTrees,40.0,False,1
MV_in_Gabra1,16,inhibitory,1431,2707737900087100048,MV_in_Gabra1,direct_section,,,True,1
MV_in_Sema5b,15,inhibitory,1434,2707737900087100135,MV_in_Sema5b,direct_section,,,True,1
oligodendrocyte_progenitor_2,__NA__,__NA__,1438,2707737900088200103,astrocyte_1,subgroup_model,ExtraTrees,40.0,False,1
endothelial,__NA__,__NA__,1453,2707737900100100157,endothelial,subgroup_model,ExtraTrees,40.0,True,1
astrocyte_1,__NA__,__NA__,1454,2707737900100100158,astrocyte_2,subgroup_model,ExtraTrees,40.0,False,1
oligodendrocyte_progenitor_2,__NA__,__NA__,1455,2707737900100100230,oligodendrocyte_progenitor_2,subgroup_model,ExtraTrees,40.0,True,1
DH_ex_Maf/Slc17a8,10,excitatory,1457,2707737900101100075,DH_ex_Rreb1,subgroup_model,ExtraTrees,2.0,False,1
DH_ex_Nmu/Tac2,8,excitatory,1459,2707737900101100147,DH_ex_Nmu/Tac2,subgroup_model,LogisticRegression,5.0,True,1
DH_in_Npy,4,inhibitory,1461,2707737900102100032,DH_in_Npy,subgroup_model,LogisticRegression,1.0,True,1
astrocyte_2,__NA__,__NA__,1463,2707737900103100028,oligodendrocyte_2,subgroup_model,ExtraTrees,40.0,False,1
endothelial,__NA__,__NA__,1466,2707737900112100022,astrocyte_2,subgroup_model,ExtraTrees,40.0,False,1
oligodendrocyte_progenitor_2,__NA__,__NA__,1469,2707737900113100018,astrocyte_1,subgroup_model,ExtraTrees,40.0,False,1
endothelial,__NA__,__NA__,1470,2707737900113100105,endothelial,subgroup_model,ExtraTrees,40.0,True,1
oligodendrocyte_progenitor_2,__NA__,__NA__,1474,2707737900120100135,oligodendrocyte_2,subgroup_model,ExtraTrees,40.0,False,1
oligodendrocyte_1,__NA__,__NA__,1475,2707737900120100153,oligodendrocyte_progenitor_2,subgroup_model,ExtraTrees,40.0,False,1
meninges_1,__NA__,__NA__,1477,2707737900121200017,meninges_1,subgroup_model,ExtraTrees,40.0,True,1
oligodendrocyte_2,__NA__,__NA__,1479,2707737900131100132,oligodendrocyte_2,subgroup_model,ExtraTrees,40.0,True,1
astrocyte_1,__NA__,__NA__,1481,2707737900132100054,oligodendrocyte_progenitor_1,subgroup_model,ExtraTrees,40.0,False,1
astrocyte_1,__NA__,__NA__,1486,2707737900133100176,astrocyte_1,subgroup_model,ExtraTrees,40.0,True,1
astrocyte_2,__NA__,__NA__,1491,2707737900134200082,astrocyte_2,subgroup_model,ExtraTrees,40.0,True,1
oligodendrocyte_progenitor_2,__NA__,__NA__,1493,2707737900144100133,oligodendrocyte_2,subgroup_model,ExtraTrees,40.0,False,1
oligodendrocyte_progenitor_2,__NA__,__NA__,1496,2707737900144100209,meninges_3,subgroup_model,ExtraTrees,40.0,False,1
MV_in_Gm26673,19,inhibitory,1497,2707737900146100140,MV_in_Gm26673,subgroup_model,LogisticRegression,20.0,True,1
meninges_2,__NA__,__NA__,1499,2707737900147100189,meninges_3,subgroup_model,ExtraTrees,40.0,False,1
oligodendrocyte_progenitor_2,__NA__,__NA__,1500,2707737900147100218,oligodendrocyte_2,subgroup_model,ExtraTrees,40.0,False,1
oligodendrocyte_precursor_cell,__NA__,__NA__,1508,2726543700098100172,endothelial,subgroup_model,ExtraTrees,40.0,False,1
MV_in_Esrrb,14,inhibitory,1512,2726543700130100054,MV_in_Esrrb,direct_section_EI,,,True,1
MV_in_Gm26673,19,inhibitory,1515,2726543700165100132,MV_in_Gm26673,subgroup_model,LogisticRegression,20.0,True,1
alpha_motoneuron,22,__NA__,1516,2726543700165100248,alpha_motoneuron,subgroup_model,LogisticRegression,40.0,True,1
oligodendrocyte_progenitor_2,__NA__,__NA__,1517,2726543700173100052,astrocyte_2,subgroup_model,ExtraTrees,40.0,False,1
DH_ex_Maf/Cck,10,excitatory,1518,2726543700194100044,DH_ex_Rreb1,subgroup_model,ExtraTrees,2.0,False,1
astrocyte_1,__NA__,__NA__,1525,2726543700227100037,endothelial,subgroup_model,ExtraTrees,40.0,False,1
microglia,__NA__,__NA__,1527,2726543700227100235,microglia,subgroup_model,ExtraTrees,40.0,True,1
DH_ex_Sox5,5,excitatory,1530,2726543700239100036,DH_ex_Sox5,subgroup_model,LogisticRegression,1.0,True,1
MV_in_Sema5b,15,inhibitory,1532,2726543700401100041,MV_in_Sema5b,direct_section,,,True,1
MV_in_Sema5b,15,inhibitory,1533,2726543700401100222,MV_in_Sema5b,direct_section,,,True,1
oligodendrocyte_progenitor_2,__NA__,__NA__,1536,2726543700432100220,endothelial,subgroup_model,ExtraTrees,40.0,False,1
oligodendrocyte_1,__NA__,__NA__,1537,2726543700433100081,astrocyte_1,subgroup_model,ExtraTrees,40.0,False,1
oligodendrocyte_1,__NA__,__NA__,1538,2726543700434100081,oligodendrocyte_precursor_cell,subgroup_model,ExtraTrees,40.0,False,1
oligodendrocyte_1,__NA__,__NA__,1539,2726543700434100191,oligodendrocyte_2,subgroup_model,ExtraTrees,40.0,False,1
astrocyte_1,__NA__,__NA__,1540,2726543700464100188,endothelial,subgroup_model,ExtraTrees,40.0,False,1
MV_in_Chrna2,19,inhibitory,1541,2726543700466100088,MV_in_Chrna2,subgroup_model,LogisticRegression,20.0,True,1
endothelial,__NA__,__NA__,1546,2726544200026100175,astrocyte_2,subgroup_model,ExtraTrees,40.0,False,1
oligodendrocyte_1,__NA__,__NA__,1552,2726544200049100135,oligodendrocyte_1,subgroup_model,ExtraTrees,40.0,True,1
oligodendrocyte_1,__NA__,__NA__,1553,2726544200050100115,oligodendrocyte_progenitor_2,subgroup_model,ExtraTrees,40.0,False,1
DH_in_Klhl14,10,inhibitory,1555,2726544200060200054,DH_in_Cdh3,subgroup_model,RandomForest,10.0,False,1
oligodendrocyte_1,__NA__,__NA__,1556,2726544200070100057,oligodendrocyte_2,subgroup_model,ExtraTrees,40.0,False,1
DH_ex_Reln,6,excitatory,1565,2726544600053100083,DH_ex_Reln,subgroup_model,ExtraTrees,40.0,True,1
DH_ex_Grp,6,excitatory,1567,2726544600054100260,DH_ex_Grp,subgroup_model,ExtraTrees,40.0,True,1
M_ex_Vsx2,20,excitatory,1568,2726544600055100014,M_ex_Vsx2,subgroup_model,ExtraTrees,2.0,True,1
astrocyte_1,__NA__,__NA__,1574,2726544600192100054,astrocyte_1,subgroup_model,ExtraTrees,40.0,True,1
oligodendrocyte_1,__NA__,__NA__,1575,2726544600193200110,astrocyte_2,subgroup_model,ExtraTrees,40.0,False,1
DH_in_Pdyn,2,inhibitory,1578,2726544600245100298,DH_in_Pdyn,direct_section_EI,,,True,1
DM_ex_Zfhx3,11,excitatory,1586,2726544600410100154,DM_ex_Zfhx3,direct_section,,,True,1
astrocyte_1,__NA__,__NA__,1589,2726544600431100029,endothelial,subgroup_model,ExtraTrees,40.0,False,1
MV_ex_Syt2,14,excitatory,1590,2726544600431100063,MV_ex_Syt2,direct_section_EI,,,True,1
M_ex_Vsx2/Shox2,20,excitatory,1599,2726562700098100082,M_ex_Vsx2/Shox2,subgroup_model,ExtraTrees,2.0,True,1
MV_in_Esrrb,14,inhibitory,1600,2726562700099100197,MV_in_Esrrb,direct_section_EI,,,True,1
endothelial,__NA__,__NA__,1602,2726562700118100166,astrocyte_1,subgroup_model,ExtraTrees,40.0,False,1
oligodendrocyte_1,__NA__,__NA__,1603,2726562700119100130,endothelial,subgroup_model,ExtraTrees,40.0,False,1
DH_ex_Prkcg/Cck,8,excitatory,1604,2726562700178100238,DH_ex_Prkcg/Cck,subgroup_model,LogisticRegression,5.0,True,1
DM_ex_Zfhx3,11,excitatory,1609,2726562700215100205,DM_ex_Zfhx3,direct_section,,,True,1
MV_ex_Syt2,14,excitatory,1616,2726562700255100152,MV_ex_Syt2,direct_section_EI,,,True,1
alpha_motoneuron,22,__NA__,1625,2726562800040100083,beta_motoneuron,subgroup_model,LogisticRegression,40.0,False,1
MV_in_Sema5b,15,inhibitory,1631,2726562800099100136,MV_in_Sema5b,direct_section,,,True,1
oligodendrocyte_2,__NA__,__NA__,1633,2726562800203100120,oligodendrocyte_2,subgroup_model,ExtraTrees,40.0,True,1
DM_ex_Zfhx3,11,excitatory,1635,2726562800242100144,DM_ex_Zfhx3,direct_section,,,True,1
MV_in_Sema5b,15,inhibitory,1637,2726562800261100018,MV_in_Sema5b,direct_section,,,True,1
oligodendrocyte_progenitor_2,__NA__,__NA__,1642,2787445900050100089,meninges_3,subgroup_model,ExtraTrees,40.0,False,1
endothelial,__NA__,__NA__,1645,2787445900050100134,endothelial,subgroup_model,ExtraTrees,40.0,True,1
microglia,__NA__,__NA__,1647,2787445900051100084,microglia,subgroup_model,ExtraTrees,40.0,True,1
oligodendrocyte_progenitor_2,__NA__,__NA__,1648,2787445900051100093,oligodendrocyte_progenitor_2,subgroup_model,ExtraTrees,40.0,True,1
astrocyte_1,__NA__,__NA__,1649,2787445900051100104,astrocyte_1,subgroup_model,ExtraTrees,40.0,True,1
endothelial,__NA__,__NA__,1650,2787445900051100136,endothelial,subgroup_model,ExtraTrees,40.0,True,1
oligodendrocyte_precursor_cell,__NA__,__NA__,1654,2787445900053100072,oligodendrocyte_progenitor_1,subgroup_model,ExtraTrees,40.0,False,1
endothelial,__NA__,__NA__,1657,2787445900058100024,meninges_1,subgroup_model,ExtraTrees,40.0,False,1
oligodendrocyte_2,__NA__,__NA__,1658,2787445900060100046,oligodendrocyte_2,subgroup_model,ExtraTrees,40.0,True,1
astrocyte_2,__NA__,__NA__,1659,2787445900087100060,astrocyte_1,subgroup_model,ExtraTrees,40.0,False,1
endothelial,__NA__,__NA__,1660,2787445900087100097,oligodendrocyte_progenitor_2,subgroup_model,ExtraTrees,40.0,False,1
oligodendrocyte_progenitor_2,__NA__,__NA__,1662,2787445900088100075,oligodendrocyte_progenitor_2,subgroup_model,ExtraTrees,40.0,True,1
MV_in_Esrrb,14,inhibitory,1663,2787445900088100119,MV_in_Esrrb,direct_section_EI,,,True,1
oligodendrocyte_progenitor_2,__NA__,__NA__,1665,2787445900089100039,oligodendrocyte_progenitor_2,subgroup_model,ExtraTrees,40.0,True,1
DH_ex_Maf/Slc17a8,10,excitatory,1666,2787445900089100059,DH_ex_Maf/Slc17a8,subgroup_model,ExtraTrees,2.0,True,1
oligodendrocyte_progenitor_2,__NA__,__NA__,1668,2787445900089100118,oligodendrocyte_progenitor_2,subgroup_model,ExtraTrees,40.0,True,1
DH_ex_Prkcg/Nts,8,excitatory,1670,2787445900090100042,DH_ex_Tac2,subgroup_model,LogisticRegression,5.0,False,1
astrocyte_1,__NA__,__NA__,1671,2787445900090100096,oligodendrocyte_progenitor_2,subgroup_model,ExtraTrees,40.0,False,1
DM_ex_Zfhx3,11,excitatory,1673,2787445900094100023,DM_ex_Zfhx3,direct_section,,,True,1
astrocyte_2,__NA__,__NA__,1677,2787445900095100015,astrocyte_2,subgroup_model,ExtraTrees,40.0,True,1
oligodendrocyte_2,__NA__,__NA__,1678,2787445900095100051,oligodendrocyte_2,subgroup_model,ExtraTrees,40.0,True,1
DH_in_Cdh3,10,inhibitory,1689,2787445900097100233,DH_in_Cdh3,subgroup_model,RandomForest,10.0,True,1
DH_in_Cdh3,10,inhibitory,1690,2787445900097100255,DH_in_Cdh3,subgroup_model,RandomForest,10.0,True,1
meninges_1,__NA__,__NA__,1691,2787445900098100015,meninges_1,subgroup_model,ExtraTrees,40.0,True,1
astrocyte_1,__NA__,__NA__,1694,2787445900098100134,astrocyte_1,subgroup_model,ExtraTrees,40.0,True,1
DH_in_Rorb,7,inhibitory,1696,2787445900098100150,DH_in_Rorb,direct_section,,,True,1
DH_ex_Maf/Slc17a8,10,excitatory,1697,2787445900098100223,DH_ex_Maf/Cck,subgroup_model,ExtraTrees,2.0,False,1
astrocyte_2,__NA__,__NA__,1698,2787445900123100022,endothelial,subgroup_model,ExtraTrees,40.0,False,1
oligodendrocyte_progenitor_2,__NA__,__NA__,1700,2787445900125100020,oligodendrocyte_progenitor_2,subgroup_model,ExtraTrees,40.0,True,1
M_in_Tfap2b,12,inhibitory,1703,2787445900126100047,M_in_Tfap2b,direct_section,,,True,1
endothelial,__NA__,__NA__,1708,2787445900126100131,endothelial,subgroup_model,ExtraTrees,40.0,True,1
DH_ex_Prkcg/Nts,8,excitatory,1710,2787445900127100018,DH_ex_Prkcg/Nts,subgroup_model,LogisticRegression,5.0,True,1
oligodendrocyte_progenitor_2,__NA__,__NA__,1713,2787445900127100087,oligodendrocyte_progenitor_2,subgroup_model,ExtraTrees,40.0,True,1
oligodendrocyte_progenitor_2,__NA__,__NA__,1715,2787445900130100046,meninges_1,subgroup_model,ExtraTrees,40.0,False,1
astrocyte_2,__NA__,__NA__,1719,2787445900130200072,meninges_2,subgroup_model,ExtraTrees,40.0,False,1
astrocyte_1,__NA__,__NA__,1721,2787445900131100077,oligodendrocyte_progenitor_1,subgroup_model,ExtraTrees,40.0,False,1
astrocyte_1,__NA__,__NA__,1723,2787445900132100057,oligodendrocyte_precursor_cell,subgroup_model,ExtraTrees,40.0,False,1
pericyte,__NA__,__NA__,1731,2787445900161200017,pericyte,subgroup_model,ExtraTrees,40.0,True,1
endothelial,__NA__,__NA__,1732,2787445900162100126,endothelial,subgroup_model,ExtraTrees,40.0,True,1
oligodendrocyte_progenitor_2,__NA__,__NA__,1733,2787445900162100133,microglia,subgroup_model,ExtraTrees,40.0,False,1
MV_in_Gm26673,19,inhibitory,1737,2787445900163100062,MV_in_Gm26673,subgroup_model,LogisticRegression,20.0,True,1
oligodendrocyte_2,__NA__,__NA__,1740,2787445900163200101,oligodendrocyte_2,subgroup_model,ExtraTrees,40.0,True,1
DM_ex_Zfhx3,11,excitatory,1744,2787445900168100024,DM_ex_Zfhx3,direct_section,,,True,1
oligodendrocyte_progenitor_2,__NA__,__NA__,1747,2787445900169100085,oligodendrocyte_progenitor_2,subgroup_model,ExtraTrees,40.0,True,1
MV_in_Gm26673,19,inhibitory,1755,2787445900172100091,MV_in_Gm26673,subgroup_model,LogisticRegression,20.0,True,1
oligodendrocyte_progenitor_2,__NA__,__NA__,1757,2787445900173100034,oligodendrocyte_2,subgroup_model,ExtraTrees,40.0,False,1
oligodendrocyte_2,__NA__,__NA__,1758,2787445900173100041,oligodendrocyte_2,subgroup_model,ExtraTrees,40.0,True,1
astrocyte_1,__NA__,__NA__,1759,2787445900173100051,astrocyte_1,subgroup_model,ExtraTrees,40.0,True,1
DH_in_Pdyn,2,inhibitory,1762,2787445900193100123,DH_in_Pdyn,direct_section_EI,,,True,1
DH_ex_Reln/Npff,1,excitatory,1766,2787445900195100095,DH_ex_Reln/Npff,direct_section,,,True,1
oligodendrocyte_progenitor_2,__NA__,__NA__,1767,2787445900198100031,oligodendrocyte_progenitor_2,subgroup_model,ExtraTrees,40.0,True,1
astrocyte_1,__NA__,__NA__,1769,2787445900199100058,astrocyte_1,subgroup_model,ExtraTrees,40.0,True,1
endothelial,__NA__,__NA__,1770,2787445900200100074,microglia,subgroup_model,ExtraTrees,40.0,False,1
oligodendrocyte_2,__NA__,__NA__,1776,2787445900201100040,endothelial,subgroup_model,ExtraTrees,40.0,False,1
oligodendrocyte_2,__NA__,__NA__,1782,2787445900204100101,oligodendrocyte_2,subgroup_model,ExtraTrees,40.0,True,1
oligodendrocyte_1,__NA__,__NA__,1785,2787445900206100114,meninges_3,subgroup_model,ExtraTrees,40.0,False,1
MV_in_Sema5b,15,inhibitory,1786,2787445900206100124,MV_in_Sema5b,direct_section,,,True,1
oligodendrocyte_1,__NA__,__NA__,1788,2787445900206100245,oligodendrocyte_progenitor_2,subgroup_model,ExtraTrees,40.0,False,1
oligodendrocyte_1,__NA__,__NA__,1791,2787445900207100059,meninges_3,subgroup_model,ExtraTrees,40.0,False,1
oligodendrocyte_2,__NA__,__NA__,1792,2787445900207100232,oligodendrocyte_2,subgroup_model,ExtraTrees,40.0,True,1
alpha_motoneuron,22,__NA__,1795,2787445900209100162,alpha_motoneuron,subgroup_model,LogisticRegression,40.0,True,1
oligodendrocyte_2,__NA__,__NA__,1798,2787445900210100028,oligodendrocyte_2,subgroup_model,ExtraTrees,40.0,True,1
oligodendrocyte_2,__NA__,__NA__,1800,2787445900224100054,oligodendrocyte_2,subgroup_model,ExtraTrees,40.0,True,1
DH_ex_Sox5/Tac1,5,excitatory,1808,2787445900225100171,DH_ex_Sox5/Tac1,subgroup_model,LogisticRegression,1.0,True,1
astrocyte_1,__NA__,__NA__,1809,2787445900225100191,pericyte,subgroup_model,ExtraTrees,40.0,False,1
oligodendrocyte_1,__NA__,__NA__,1812,2787445900226100204,endothelial,subgroup_model,ExtraTrees,40.0,False,1
astrocyte_1,__NA__,__NA__,1815,2787445900228100117,astrocyte_1,subgroup_model,ExtraTrees,40.0,True,1
oligodendrocyte_progenitor_2,__NA__,__NA__,1816,2787445900229100050,oligodendrocyte_progenitor_2,subgroup_model,ExtraTrees,40.0,True,1
DH_in_Cdh3,10,inhibitory,1817,2787445900229100131,DH_in_Cdh3,subgroup_model,RandomForest,10.0,True,1
M_in_Tfap2b,12,inhibitory,1818,2787445900230100154,M_in_Tfap2b,direct_section,,,True,1
astrocyte_1,__NA__,__NA__,1819,2787445900231100134,astrocyte_2,subgroup_model,ExtraTrees,40.0,False,1
MV_in_Sema5b,15,inhibitory,1820,2787445900231100186,MV_in_Sema5b,direct_section,,,True,1
DM_ex_Zfhx3,11,excitatory,1821,2787445900232100026,DM_ex_Zfhx3,direct_section,,,True,1
oligodendrocyte_progenitor_2,__NA__,__NA__,1822,2787445900232100046,meninges_3,subgroup_model,ExtraTrees,40.0,False,1
astrocyte_1,__NA__,__NA__,1823,2787445900232100111,astrocyte_2,subgroup_model,ExtraTrees,40.0,False,1
oligodendrocyte_2,__NA__,__NA__,1824,2787445900238100043,oligodendrocyte_2,subgroup_model,ExtraTrees,40.0,True,1
oligodendrocyte_progenitor_2,__NA__,__NA__,1829,2787445900243100111,oligodendrocyte_progenitor_2,subgroup_model,ExtraTrees,40.0,True,1
oligodendrocyte_precursor_cell,__NA__,__NA__,1835,2787445900247100107,microglia,subgroup_model,ExtraTrees,40.0,False,1
astrocyte_2,__NA__,__NA__,1837,2787445900248100070,oligodendrocyte_progenitor_2,subgroup_model,ExtraTrees,40.0,False,1
DH_ex_Sox5/Tac1,5,excitatory,1841,2787445900249100097,DH_ex_Sox5/Tac1,subgroup_model,LogisticRegression,1.0,True,1
oligodendrocyte_2,__NA__,__NA__,1848,2787445900251100044,oligodendrocyte_2,subgroup_model,ExtraTrees,40.0,True,1
astrocyte_1,__NA__,__NA__,1850,2787445900251100127,astrocyte_1,subgroup_model,ExtraTrees,40.0,True,1
astrocyte_2,__NA__,__NA__,1851,2787445900252100013,oligodendrocyte_precursor_cell,subgroup_model,ExtraTrees,40.0,False,1
DH_ex_Sox5,5,excitatory,1854,2787445900252100074,DH_ex_Sox5,subgroup_model,LogisticRegression,1.0,True,1
DH_ex_Cpne4,3,excitatory,1861,2787445900252100279,DH_ex_Cpne4,subgroup_model,RandomForest,40.0,True,1
DH_in_Npy2r,9,inhibitory,1866,2787445900253100252,DH_in_Npy2r,subgroup_model,RandomForest,40.0,True,1
meninges_1,__NA__,__NA__,1873,2787445900255100026,meninges_1,subgroup_model,ExtraTrees,40.0,True,1
oligodendrocyte_2,__NA__,__NA__,1875,2787445900260100123,oligodendrocyte_2,subgroup_model,ExtraTrees,40.0,True,1
MV_in_Chrna2,19,inhibitory,1876,2787445900261100101,MV_in_Gm26673,subgroup_model,LogisticRegression,20.0,False,1
M_in_Tfap2b,12,inhibitory,1879,2787445900262100043,M_in_Tfap2b,direct_section,,,True,1
DM_ex_Zfhx3,11,excitatory,1880,2787445900262100065,DM_ex_Zfhx3,direct_section,,,True,1
astrocyte_1,__NA__,__NA__,1881,2787445900262100075,astrocyte_1,subgroup_model,ExtraTrees,40.0,True,1
DH_ex_Reln,6,excitatory,1886,2787445900265100028,DH_ex_Reln,subgroup_model,ExtraTrees,40.0,True,1
astrocyte_2,__NA__,__NA__,1889,2787445900265100059,astrocyte_2,subgroup_model,ExtraTrees,40.0,True,1
endothelial,__NA__,__NA__,1891,2787445900265100130,endothelial,subgroup_model,ExtraTrees,40.0,True,1
oligodendrocyte_2,__NA__,__NA__,1894,2787445900265100225,oligodendrocyte_2,subgroup_model,ExtraTrees,40.0,True,1
endothelial,__NA__,__NA__,1900,2787445900268100092,endothelial,subgroup_model,ExtraTrees,40.0,True,1
DH_ex_Reln/Nmur2,3,excitatory,1905,2787445900284100060,DH_ex_Reln/Nmur2,subgroup_model,RandomForest,40.0,True,1
oligodendrocyte_progenitor_2,__NA__,__NA__,1907,2787445900284100252,oligodendrocyte_2,subgroup_model,ExtraTrees,40.0,False,1
oligodendrocyte_progenitor_2,__NA__,__NA__,1910,2787445900285100127,oligodendrocyte_progenitor_2,subgroup_model,ExtraTrees,40.0,True,1
MV_in_Gabra1,16,inhibitory,1913,2787445900285100237,MV_in_Gabra1,direct_section,,,True,1
DH_in_Cdh3,10,inhibitory,1917,2787445900286100069,DH_in_Cdh3,subgroup_model,RandomForest,10.0,True,1
DH_ex_Prkcg/Rxfp1,6,excitatory,1918,2787445900286100122,DH_ex_Prkcg/Rxfp1,subgroup_model,ExtraTrees,40.0,True,1
DH_ex_Reln,6,excitatory,1919,2787445900286100145,DH_ex_Reln,subgroup_model,ExtraTrees,40.0,True,1
M_in_Tfap2b,12,inhibitory,1920,2787445900286100178,M_in_Tfap2b,direct_section,,,True,1
astrocyte_2,__NA__,__NA__,1922,2787445900287200061,microglia,subgroup_model,ExtraTrees,40.0,False,1
oligodendrocyte_progenitor_2,__NA__,__NA__,1925,2787445900288100218,oligodendrocyte_2,subgroup_model,ExtraTrees,40.0,False,1
DM_ex_Zfhx3,11,excitatory,1928,2787445900289100027,DM_ex_Zfhx3,direct_section,,,True,1
DH_in_Cdh3,10,inhibitory,1929,2787445900289100044,DH_in_Cdh3,subgroup_model,RandomForest,10.0,True,1
MV_in_Gabra1,16,inhibitory,1931,2787445900289100143,MV_in_Gabra1,direct_section,,,True,1
DM_ex_Zfhx3,11,excitatory,1934,2787445900290100087,DM_ex_Zfhx3,direct_section,,,True,1
endothelial,__NA__,__NA__,1938,2787445900290100144,microglia,subgroup_model,ExtraTrees,40.0,False,1
microglia,__NA__,__NA__,1944,2787445900291100132,oligodendrocyte_2,subgroup_model,ExtraTrees,40.0,False,1
Schwann_cell,__NA__,__NA__,1946,2787445900292100174,Schwann_cell,subgroup_model,ExtraTrees,40.0,True,1
oligodendrocyte_progenitor_2,__NA__,__NA__,1948,2787445900297100021,oligodendrocyte_2,subgroup_model,ExtraTrees,40.0,False,1
MV_in_Sema5b,15,inhibitory,1950,2787445900298100030,MV_in_Sema5b,direct_section,,,True,1
MV_ex_Syt2,14,excitatory,1952,2787445900300100056,MV_ex_Syt2,direct_section_EI,,,True,1
DH_ex_Prkcg/Rxfp1,6,excitatory,1956,2787445900301100038,DH_ex_Reln,subgroup_model,ExtraTrees,40.0,False,1
DH_in_Npy,4,inhibitory,1957,2787445900301100170,DH_in_Npy,subgroup_model,LogisticRegression,1.0,True,1
oligodendrocyte_progenitor_1,__NA__,__NA__,1959,2787445900303100103,oligodendrocyte_precursor_cell,subgroup_model,ExtraTrees,40.0,False,1
oligodendrocyte_1,__NA__,__NA__,1961,2787445900303200013,oligodendrocyte_progenitor_2,subgroup_model,ExtraTrees,40.0,False,1
meninges_1,__NA__,__NA__,1962,2787445900320100024,Schwann_cell,subgroup_model,ExtraTrees,40.0,False,1
oligodendrocyte_progenitor_2,__NA__,__NA__,1963,2787445900321100057,oligodendrocyte_2,subgroup_model,ExtraTrees,40.0,False,1
oligodendrocyte_2,__NA__,__NA__,1968,2787445900322100067,oligodendrocyte_2,subgroup_model,ExtraTrees,40.0,True,1
MV_in_Gabra1,16,inhibitory,1973,2787445900323100099,MV_in_Gabra1,direct_section,,,True,1
DM_ex_Zfhx3,11,excitatory,1975,2787445900323100159,DM_ex_Zfhx3,direct_section,,,True,1
MV_ex_Syt2,14,excitatory,1979,2787445900324100115,MV_ex_Syt2,direct_section_EI,,,True,1
cholinergic_interneuron,21,__NA__,1982,2787445900324100284,cholinergic_interneuron,direct_section,,,True,1
MV_in_Gabra1,16,inhibitory,1985,2787445900325100182,MV_in_Gabra1,direct_section,,,True,1
DM_ex_Zfhx3,11,excitatory,1986,2787445900325100206,DM_ex_Zfhx3,direct_section,,,True,1
astrocyte_1,__NA__,__NA__,1991,2787445900326100061,astrocyte_1,subgroup_model,ExtraTrees,40.0,True,1
oligodendrocyte_progenitor_2,__NA__,__NA__,1992,2787445900326100073,oligodendrocyte_progenitor_2,subgroup_model,ExtraTrees,40.0,True,1
microglia,__NA__,__NA__,1995,2787445900327100067,microglia,subgroup_model,ExtraTrees,40.0,True,1
oligodendrocyte_progenitor_2,__NA__,__NA__,1998,2787445900327100122,astrocyte_1,subgroup_model,ExtraTrees,40.0,False,1
oligodendrocyte_progenitor_2,__NA__,__NA__,2002,2787445900328100068,oligodendrocyte_progenitor_2,subgroup_model,ExtraTrees,40.0,True,1
DH_ex_Reln/Npff,1,excitatory,2005,2787445900330100033,DH_ex_Reln/Npff,direct_section,,,True,1
oligodendrocyte_progenitor_2,__NA__,__NA__,2007,2787445900336100117,oligodendrocyte_2,subgroup_model,ExtraTrees,40.0,False,1
Schwann_cell,__NA__,__NA__,2009,2787445900338100016,Schwann_cell,subgroup_model,ExtraTrees,40.0,True,1
oligodendrocyte_2,__NA__,__NA__,2011,2787445900351100073,oligodendrocyte_2,subgroup_model,ExtraTrees,40.0,True,1
DH_ex_Prkcg/Nts,8,excitatory,2013,2787445900352100142,DH_ex_Prkcg/Nts,subgroup_model,LogisticRegression,5.0,True,1
DH_ex_Prkcg/Nts,8,excitatory,2014,2787445900352100148,DH_ex_Prkcg/Nts,subgroup_model,LogisticRegression,5.0,True,1
DH_in_Cdh3,10,inhibitory,2015,2787445900352100165,DH_in_Cdh3,subgroup_model,RandomForest,10.0,True,1
DH_ex_Prkcg/Cck,8,excitatory,2016,2787445900352100173,DH_ex_Prkcg/Nts,subgroup_model,LogisticRegression,5.0,False,1
DH_in_Rorb,7,inhibitory,2017,2787445900353100084,DH_in_Rorb,direct_section,,,True,1
astrocyte_1,__NA__,__NA__,2018,2787445900353100090,astrocyte_2,subgroup_model,ExtraTrees,40.0,False,1
DH_ex_Gpr83,2,excitatory,2019,2787445900353100101,DH_ex_Gpr83,subgroup_model,RandomForest,2.0,True,1
endothelial,__NA__,__NA__,2020,2787445900353100117,endothelial,subgroup_model,ExtraTrees,40.0,True,1
oligodendrocyte_progenitor_2,__NA__,__NA__,2021,2787445900356100068,oligodendrocyte_progenitor_2,subgroup_model,ExtraTrees,40.0,True,1
astrocyte_2,__NA__,__NA__,2022,2787445900357100007,astrocyte_2,subgroup_model,ExtraTrees,40.0,True,1
MV_in_Gm26673,19,inhibitory,2030,2787445900359100123,MV_in_Gm26673,subgroup_model,LogisticRegression,20.0,True,1
astrocyte_1,__NA__,__NA__,2031,2787445900359100176,oligodendrocyte_progenitor_2,subgroup_model,ExtraTrees,40.0,False,1
M_in_Tfap2b,12,inhibitory,2033,2787445900360100031,M_in_Tfap2b,direct_section,,,True,1
oligodendrocyte_precursor_cell,__NA__,__NA__,2036,2787445900360100076,oligodendrocyte_precursor_cell,subgroup_model,ExtraTrees,40.0,True,1
MV_ex_Syt2,14,excitatory,2038,2787445900360100160,MV_ex_Syt2,direct_section_EI,,,True,1
astrocyte_1,__NA__,__NA__,2039,2787445900360100208,oligodendrocyte_progenitor_2,subgroup_model,ExtraTrees,40.0,False,1
oligodendrocyte_progenitor_2,__NA__,__NA__,2040,2787445900361100142,oligodendrocyte_progenitor_2,subgroup_model,ExtraTrees,40.0,True,1
MV_in_Esrrb,14,inhibitory,2042,2787445900361100208,MV_in_Esrrb,direct_section_EI,,,True,1
oligodendrocyte_2,__NA__,__NA__,2044,2787445900361100272,oligodendrocyte_2,subgroup_model,ExtraTrees,40.0,True,1
astrocyte_1,__NA__,__NA__,2045,2787445900362100027,endothelial,subgroup_model,ExtraTrees,40.0,False,1
oligodendrocyte_progenitor_2,__NA__,__NA__,2046,2787445900362200146,oligodendrocyte_progenitor_2,subgroup_model,ExtraTrees,40.0,True,1
MV_ex_Shox2,18,excitatory,2047,2787445900363100027,MV_ex_Shox2,direct_section,,,True,1
oligodendrocyte_1,__NA__,__NA__,2048,2787445900363100032,oligodendrocyte_progenitor_2,subgroup_model,ExtraTrees,40.0,False,1
astrocyte_1,__NA__,__NA__,2049,2787445900363100042,pericyte,subgroup_model,ExtraTrees,40.0,False,1
MV_in_Gabra1,16,inhibitory,2050,2787445900363100046,MV_in_Gabra1,direct_section,,,True,1
astrocyte_1,__NA__,__NA__,2055,2787445900364100130,oligodendrocyte_progenitor_2,subgroup_model,ExtraTrees,40.0,False,1
oligodendrocyte_2,__NA__,__NA__,2061,2787445900365100104,microglia,subgroup_model,ExtraTrees,40.0,False,1
pericyte,__NA__,__NA__,2064,2787445900365100131,pericyte,subgroup_model,ExtraTrees,40.0,True,1
pericyte,__NA__,__NA__,2072,2787445900389100156,pericyte,subgroup_model,ExtraTrees,40.0,True,1
M_in_Tfap2b,12,inhibitory,2073,2787445900389100164,M_in_Tfap2b,direct_section,,,True,1
DH_ex_Maf/Cpne4,10,excitatory,2076,2787445900390100041,DH_ex_Maf/Slc17a8,subgroup_model,ExtraTrees,2.0,False,1
peripheral_glia,__NA__,__NA__,2079,2787445900391100109,Schwann_cell,subgroup_model,ExtraTrees,40.0,False,1
beta_motoneuron,22,__NA__,2080,2787445900395100073,beta_motoneuron,subgroup_model,LogisticRegression,40.0,True,1
endothelial,__NA__,__NA__,2087,2787445900396100203,endothelial,subgroup_model,ExtraTrees,40.0,True,1
MV_in_Esrrb,14,inhibitory,2093,2787445900397100042,MV_in_Esrrb,direct_section_EI,,,True,1
endothelial,__NA__,__NA__,2094,2787445900397100094,oligodendrocyte_1,subgroup_model,ExtraTrees,40.0,False,1
endothelial,__NA__,__NA__,2095,2787445900397100099,endothelial,subgroup_model,ExtraTrees,40.0,True,1
gamma_motoneuron,22,__NA__,2097,2787445900397100150,gamma_motoneuron,subgroup_model,LogisticRegression,40.0,True,1
microglia,__NA__,__NA__,2099,2787445900398100083,microglia,subgroup_model,ExtraTrees,40.0,True,1
oligodendrocyte_progenitor_2,__NA__,__NA__,2100,2787445900398100113,oligodendrocyte_progenitor_2,subgroup_model,ExtraTrees,40.0,True,1
pericyte,__NA__,__NA__,2102,2787445900398100118,astrocyte_1,subgroup_model,ExtraTrees,40.0,False,1
oligodendrocyte_progenitor_2,__NA__,__NA__,2104,2787445900399100076,oligodendrocyte_progenitor_2,subgroup_model,ExtraTrees,40.0,True,1
endothelial,__NA__,__NA__,2107,2787445900399200095,endothelial,subgroup_model,ExtraTrees,40.0,True,1
alpha_motoneuron,22,__NA__,2108,2787445900400100018,alpha_motoneuron,subgroup_model,LogisticRegression,40.0,True,1
astrocyte_1,__NA__,__NA__,2112,2787445900401100112,oligodendrocyte_progenitor_2,subgroup_model,ExtraTrees,40.0,False,1
oligodendrocyte_2,__NA__,__NA__,2113,2787445900402100022,microglia,subgroup_model,ExtraTrees,40.0,False,1
astrocyte_2,__NA__,__NA__,2115,2787445900402100051,oligodendrocyte_1,subgroup_model,ExtraTrees,40.0,False,1
meninges_1,__NA__,__NA__,2117,2787445900403100045,meninges_2,subgroup_model,ExtraTrees,40.0,False,1
astrocyte_1,__NA__,__NA__,2119,2787445900425100025,endothelial,subgroup_model,ExtraTrees,40.0,False,1
oligodendrocyte_progenitor_2,__NA__,__NA__,2121,2787445900425100232,oligodendrocyte_progenitor_2,subgroup_model,ExtraTrees,40.0,True,1
endothelial,__NA__,__NA__,2122,2787445900426100039,endothelial,subgroup_model,ExtraTrees,40.0,True,1
MV_in_Gabra1,16,inhibitory,2123,2787445900426100045,MV_in_Gabra1,direct_section,,,True,1
oligodendrocyte_progenitor_2,__NA__,__NA__,2130,2787445900428100033,oligodendrocyte_2,subgroup_model,ExtraTrees,40.0,False,1
oligodendrocyte_2,__NA__,__NA__,2131,2787445900431100033,oligodendrocyte_2,subgroup_model,ExtraTrees,40.0,True,1
oligodendrocyte_progenitor_2,__NA__,__NA__,2133,2787445900432100074,oligodendrocyte_progenitor_2,subgroup_model,ExtraTrees,40.0,True,1
oligodendrocyte_2,__NA__,__NA__,2134,2787445900432100098,oligodendrocyte_2,subgroup_model,ExtraTrees,40.0,True,1
oligodendrocyte_2,__NA__,__NA__,2136,2787445900433100141,oligodendrocyte_2,subgroup_model,ExtraTrees,40.0,True,1
oligodendrocyte_2,__NA__,__NA__,2140,2787445900434100147,microglia,subgroup_model,ExtraTrees,40.0,False,1
oligodendrocyte_1,__NA__,__NA__,2144,2787445900437100097,oligodendrocyte_2,subgroup_model,ExtraTrees,40.0,False,1
astrocyte_2,__NA__,__NA__,2145,2787445900438100092,astrocyte_2,subgroup_model,ExtraTrees,40.0,True,1
MV_ex_Syt2,14,excitatory,2148,2787445900462100026,MV_ex_Syt2,direct_section_EI,,,True,1
astrocyte_1,__NA__,__NA__,2153,2787445900463100044,oligodendrocyte_progenitor_2,subgroup_model,ExtraTrees,40.0,False,1
oligodendrocyte_2,__NA__,__NA__,2157,2787445900471100051,oligodendrocyte_2,subgroup_model,ExtraTrees,40.0,True,1
oligodendrocyte_progenitor_2,__NA__,__NA__,2161,2787445900500100017,microglia,subgroup_model,ExtraTrees,40.0,False,1
oligodendrocyte_progenitor_2,__NA__,__NA__,2171,2787445900512100028,oligodendrocyte_2,subgroup_model,ExtraTrees,40.0,False,1
DH_ex_Cpne4,3,excitatory,2172,2787445900512100083,DH_ex_Reln/Nmur2,subgroup_model,RandomForest,40.0,False,1
oligodendrocyte_2,__NA__,__NA__,2174,2787445900537100049,oligodendrocyte_2,subgroup_model,ExtraTrees,40.0,True,1
DH_ex_Sox5/Tac1,5,excitatory,2180,2787445900545100165,DH_ex_Sox5/Tac1,subgroup_model,LogisticRegression,1.0,True,1
DH_ex_Sox5,5,excitatory,2181,2787445900545100168,DH_ex_Sox5,subgroup_model,LogisticRegression,1.0,True,1
oligodendrocyte_2,__NA__,__NA__,2185,2787445900546100037,oligodendrocyte_2,subgroup_model,ExtraTrees,40.0,True,1
oligodendrocyte_2,__NA__,__NA__,2186,2787445900546100044,oligodendrocyte_2,subgroup_model,ExtraTrees,40.0,True,1
DH_in_Pdyn/Gal,5,inhibitory,2189,2787445900546100123,DH_in_Pdyn/Gal,direct_section_EI,,,True,1
oligodendrocyte_2,__NA__,__NA__,2190,2787445900546100136,oligodendrocyte_2,subgroup_model,ExtraTrees,40.0,True,1
oligodendrocyte_2,__NA__,__NA__,2192,2787445900547100043,oligodendrocyte_2,subgroup_model,ExtraTrees,40.0,True,1
DH_in_Npy2r,9,inhibitory,2193,2787445900548100095,DH_in_Npy2r,subgroup_model,RandomForest,40.0,True,1
oligodendrocyte_2,__NA__,__NA__,2194,2787445900548100146,oligodendrocyte_2,subgroup_model,ExtraTrees,40.0,True,1
oligodendrocyte_2,__NA__,__NA__,2196,2787445900548100175,ependymal,subgroup_model,ExtraTrees,40.0,False,1
oligodendrocyte_progenitor_2,__NA__,__NA__,2197,2787445900548100210,oligodendrocyte_progenitor_2,subgroup_model,ExtraTrees,40.0,True,1
DH_ex_Sox5/Tac1,5,excitatory,2198,2787445900549100054,DH_ex_Sox5/Tac1,subgroup_model,LogisticRegression,1.0,True,1
DH_ex_Prkcg/Nts,8,excitatory,2199,2787445900549100158,DH_ex_Prkcg/Nts,subgroup_model,LogisticRegression,5.0,True,1
DH_in_Cdh3,10,inhibitory,2200,2787445900549100170,DH_in_Cdh3,subgroup_model,RandomForest,10.0,True,1
DH_in_Rorb,7,inhibitory,2203,2787445900550100022,DH_in_Rorb,direct_section,,,True,1
DH_ex_Prkcg/Nts,8,excitatory,2205,2787445900550100129,DH_ex_Prkcg/Nts,subgroup_model,LogisticRegression,5.0,True,1
MV_in_Gabra1,16,inhibitory,2207,2787445900550100228,MV_in_Gabra1,direct_section,,,True,1
oligodendrocyte_1,__NA__,__NA__,2208,2787445900550100232,meninges_3,subgroup_model,ExtraTrees,40.0,False,1
oligodendrocyte_precursor_cell,__NA__,__NA__,2218,2787445900581100149,oligodendrocyte_precursor_cell,subgroup_model,ExtraTrees,40.0,True,1
DH_in_Npy,4,inhibitory,2221,2787445900582100036,DH_in_Cdh3,subgroup_model,LogisticRegression,1.0,False,1
oligodendrocyte_progenitor_2,__NA__,__NA__,2224,2787445900582100108,oligodendrocyte_progenitor_2,subgroup_model,ExtraTrees,40.0,True,1
DH_ex_Maf/Cck,10,excitatory,2225,2787445900583100016,DH_ex_Maf/Slc17a8,subgroup_model,ExtraTrees,2.0,False,1
oligodendrocyte_2,__NA__,__NA__,2233,2787445900584100048,oligodendrocyte_2,subgroup_model,ExtraTrees,40.0,True,1
oligodendrocyte_progenitor_2,__NA__,__NA__,2235,2787445900584100125,oligodendrocyte_progenitor_1,subgroup_model,ExtraTrees,40.0,False,1
oligodendrocyte_1,__NA__,__NA__,2237,2787445900585100050,oligodendrocyte_progenitor_2,subgroup_model,ExtraTrees,40.0,False,1
oligodendrocyte_2,__NA__,__NA__,2244,2787445900587100066,oligodendrocyte_2,subgroup_model,ExtraTrees,40.0,True,1
oligodendrocyte_2,__NA__,__NA__,2245,2787445900587100114,oligodendrocyte_2,subgroup_model,ExtraTrees,40.0,True,1
oligodendrocyte_1,__NA__,__NA__,2250,2787445900597100130,ependymal,subgroup_model,ExtraTrees,40.0,False,1
meninges_1,__NA__,__NA__,2252,2787445900616100005,meninges_1,subgroup_model,ExtraTrees,40.0,True,1
oligodendrocyte_2,__NA__,__NA__,2253,2787445900617100071,oligodendrocyte_2,subgroup_model,ExtraTrees,40.0,True,1
oligodendrocyte_progenitor_2,__NA__,__NA__,2254,2787445900617100074,oligodendrocyte_2,subgroup_model,ExtraTrees,40.0,False,1
oligodendrocyte_2,__NA__,__NA__,2255,2787445900617100114,oligodendrocyte_2,subgroup_model,ExtraTrees,40.0,True,1
oligodendrocyte_progenitor_2,__NA__,__NA__,2256,2787445900617100165,oligodendrocyte_1,subgroup_model,ExtraTrees,40.0,False,1
astrocyte_1,__NA__,__NA__,2259,2787445900618100070,oligodendrocyte_1,subgroup_model,ExtraTrees,40.0,False,1
M_in_Tfap2b,12,inhibitory,2264,2787445900619100052,M_in_Tfap2b,direct_section,,,True,1
MV_in_Gm26673,19,inhibitory,2265,2787445900619100144,MV_in_Gm26673,subgroup_model,LogisticRegression,20.0,True,1
MV_in_Gabra1,16,inhibitory,2266,2787445900619100155,MV_in_Gabra1,direct_section,,,True,1
astrocyte_1,__NA__,__NA__,2274,2787445900621100073,microglia,subgroup_model,ExtraTrees,40.0,False,1
MV_in_Gabra1,16,inhibitory,2276,2787445900621100304,MV_in_Gabra1,direct_section,,,True,1
astrocyte_1,__NA__,__NA__,2277,2787445900621100323,astrocyte_1,subgroup_model,ExtraTrees,40.0,True,1
MV_ex_Syt2,14,excitatory,2282,2787445900622100118,MV_ex_Syt2,direct_section_EI,,,True,1
MV_ex_Shox2,18,excitatory,2285,2787445900623100172,MV_ex_Shox2,direct_section,,,True,1
oligodendrocyte_progenitor_1,__NA__,__NA__,2289,2787445900625100013,oligodendrocyte_progenitor_1,subgroup_model,ExtraTrees,40.0,True,1
oligodendrocyte_2,__NA__,__NA__,2292,2787445900625100146,oligodendrocyte_2,subgroup_model,ExtraTrees,40.0,True,1
oligodendrocyte_progenitor_2,__NA__,__NA__,2295,2787445900635200041,oligodendrocyte_progenitor_2,subgroup_model,ExtraTrees,40.0,True,1
meninges_2,__NA__,__NA__,2297,2787445900653100023,meninges_1,subgroup_model,ExtraTrees,40.0,False,1
oligodendrocyte_progenitor_2,__NA__,__NA__,2305,2787445900656200131,oligodendrocyte_progenitor_2,subgroup_model,ExtraTrees,40.0,True,1
oligodendrocyte_1,__NA__,__NA__,2306,2787445900657100072,endothelial,subgroup_model,ExtraTrees,40.0,False,1
oligodendrocyte_1,__NA__,__NA__,2312,2787445900658100034,oligodendrocyte_progenitor_2,subgroup_model,ExtraTrees,40.0,False,1
astrocyte_1,__NA__,__NA__,2314,2787445900659100022,oligodendrocyte_progenitor_2,subgroup_model,ExtraTrees,40.0,False,1
MV_ex_Syt2,14,excitatory,2315,2787445900659100056,MV_ex_Syt2,direct_section_EI,,,True,1
MV_in_Gm26673,19,inhibitory,2318,2787445900659100180,MV_in_Gm26673,subgroup_model,LogisticRegression,20.0,True,1
endothelial,__NA__,__NA__,2319,2787445900659100212,oligodendrocyte_1,subgroup_model,ExtraTrees,40.0,False,1
gamma_motoneuron,22,__NA__,2323,2787445900660100141,gamma_motoneuron,subgroup_model,LogisticRegression,40.0,True,1
endothelial,__NA__,__NA__,2324,2787445900660100194,oligodendrocyte_precursor_cell,subgroup_model,ExtraTrees,40.0,False,1
DH_ex_Nmu/Tac2,8,excitatory,2342,2787445900686100148,DH_ex_Nmu/Tac2,subgroup_model,LogisticRegression,5.0,True,1
oligodendrocyte_2,__NA__,__NA__,2348,2787445900688100093,oligodendrocyte_2,subgroup_model,ExtraTrees,40.0,True,1
MV_ex_Syt2,14,excitatory,2351,2787445900693100023,MV_ex_Syt2,direct_section_EI,,,True,1
astrocyte_2,__NA__,__NA__,2352,2787445900693100143,astrocyte_2,subgroup_model,ExtraTrees,40.0,True,1
astrocyte_2,__NA__,__NA__,2356,2787445900695100023,astrocyte_2,subgroup_model,ExtraTrees,40.0,True,1
astrocyte_2,__NA__,__NA__,2360,2787445900695100111,oligodendrocyte_2,subgroup_model,ExtraTrees,40.0,False,1
oligodendrocyte_2,__NA__,__NA__,2363,2787445900696100057,oligodendrocyte_2,subgroup_model,ExtraTrees,40.0,True,1
oligodendrocyte_2,__NA__,__NA__,2366,2787445900698100134,oligodendrocyte_2,subgroup_model,ExtraTrees,40.0,True,1
astrocyte_1,__NA__,__NA__,2370,2787445900715100150,endothelial,subgroup_model,ExtraTrees,40.0,False,1
astrocyte_1,__NA__,__NA__,2371,2787445900715100162,oligodendrocyte_progenitor_1,subgroup_model,ExtraTrees,40.0,False,1
MV_in_Gabra1,16,inhibitory,2373,2787445900716100170,MV_in_Gabra1,direct_section,,,True,1
M_ex_Neurod2,13,excitatory,2376,2787445900717100078,M_ex_Neurod2,direct_section,,,True,1
endothelial,__NA__,__NA__,2380,2787445900718100196,endothelial,subgroup_model,ExtraTrees,40.0,True,1
endothelial,__NA__,__NA__,2381,2787445900718100215,endothelial,subgroup_model,ExtraTrees,40.0,True,1
oligodendrocyte_progenitor_2,__NA__,__NA__,2384,2787445900720100012,oligodendrocyte_2,subgroup_model,ExtraTrees,40.0,False,1
DH_ex_Reln/Npff,1,excitatory,2385,2787445900723100035,DH_ex_Reln/Npff,direct_section,,,True,1
oligodendrocyte_progenitor_2,__NA__,__NA__,2386,2787445900723100091,oligodendrocyte_progenitor_2,subgroup_model,ExtraTrees,40.0,True,1
M_ex_Neurod2,13,excitatory,2387,2787445900723100162,M_ex_Neurod2,direct_section,,,True,1
DH_in_Pdyn,2,inhibitory,2388,2787445900724100037,DH_in_Pdyn,direct_section_EI,,,True,1
DH_in_Pdyn,2,inhibitory,2392,2787445900725100117,DH_in_Pdyn,direct_section_EI,,,True,1
oligodendrocyte_progenitor_2,__NA__,__NA__,2395,2787445900726100247,oligodendrocyte_progenitor_2,subgroup_model,ExtraTrees,40.0,True,1
astrocyte_1,__NA__,__NA__,2398,2787445900726100287,astrocyte_2,subgroup_model,ExtraTrees,40.0,False,1
oligodendrocyte_2,__NA__,__NA__,2399,2787445900730100021,oligodendrocyte_2,subgroup_model,ExtraTrees,40.0,True,1
oligodendrocyte_2,__NA__,__NA__,2401,2787445900732100051,oligodendrocyte_2,subgroup_model,ExtraTrees,40.0,True,1
astrocyte_1,__NA__,__NA__,2409,2787445900752100150,astrocyte_1,subgroup_model,ExtraTrees,40.0,True,1
endothelial,__NA__,__NA__,2410,2787445900752100165,endothelial,subgroup_model,ExtraTrees,40.0,True,1
MV_in_Sema5b,15,inhibitory,2412,2787445900753100089,MV_in_Sema5b,direct_section,,,True,1
MV_in_Gabra1,16,inhibitory,2414,2787445900753100213,MV_in_Gabra1,direct_section,,,True,1
MV_in_Sema5b,15,inhibitory,2421,2787445900756100108,MV_in_Sema5b,direct_section,,,True,1
oligodendrocyte_2,__NA__,__NA__,2422,2787445900759100119,oligodendrocyte_2,subgroup_model,ExtraTrees,40.0,True,1
astrocyte_1,__NA__,__NA__,2429,2787445900761100117,oligodendrocyte_progenitor_1,subgroup_model,ExtraTrees,40.0,False,1
endothelial,__NA__,__NA__,2431,2787445900761100241,endothelial,subgroup_model,ExtraTrees,40.0,True,1
astrocyte_1,__NA__,__NA__,2436,2787445900762100145,oligodendrocyte_precursor_cell,subgroup_model,ExtraTrees,40.0,False,1
meninges_2,__NA__,__NA__,2437,2787445900764100034,meninges_3,subgroup_model,ExtraTrees,40.0,False,1
meninges_1,__NA__,__NA__,2438,2787445900770100020,meninges_1,subgroup_model,ExtraTrees,40.0,True,1
meninges_2,__NA__,__NA__,2442,2787445900774200023,meninges_3,subgroup_model,ExtraTrees,40.0,False,1
alpha_motoneuron,22,__NA__,2446,2787445900788100056,alpha_motoneuron,subgroup_model,LogisticRegression,40.0,True,1
oligodendrocyte_progenitor_2,__NA__,__NA__,2451,2787445900790100022,oligodendrocyte_progenitor_2,subgroup_model,ExtraTrees,40.0,True,1
alpha_motoneuron,22,__NA__,2453,2787445900793100057,alpha_motoneuron,subgroup_model,LogisticRegression,40.0,True,1
oligodendrocyte_progenitor_2,__NA__,__NA__,2455,2787445900798100050,oligodendrocyte_progenitor_2,subgroup_model,ExtraTrees,40.0,True,1
oligodendrocyte_progenitor_2,__NA__,__NA__,2456,2787445900798200119,oligodendrocyte_progenitor_2,subgroup_model,ExtraTrees,40.0,True,1
oligodendrocyte_2,__NA__,__NA__,2458,2787445900800100075,oligodendrocyte_2,subgroup_model,ExtraTrees,40.0,True,1
DH_in_Npy2r,9,inhibitory,2460,2787445900804100090,DH_in_Npy2r,subgroup_model,RandomForest,40.0,True,1
DH_ex_Prkcg/Cck,8,excitatory,2461,2787445900804100115,DH_ex_Tac2,subgroup_model,LogisticRegression,5.0,False,1
DH_in_Cdh3,4,inhibitory,2462,2787445900804100135,DH_in_Cdh3,subgroup_model,LogisticRegression,1.0,True,1
endothelial,__NA__,__NA__,2464,2787445900804100164,endothelial,subgroup_model,ExtraTrees,40.0,True,1
oligodendrocyte_2,__NA__,__NA__,2469,2787445900806100043,oligodendrocyte_2,subgroup_model,ExtraTrees,40.0,True,1
DH_in_Klhl14,10,inhibitory,2471,2787445900807100023,DH_in_Cdh3,subgroup_model,RandomForest,10.0,False,1
DH_ex_Reln,6,excitatory,2472,2787445900821100034,DH_ex_Prkcg/Rxfp1,subgroup_model,ExtraTrees,40.0,False,1
astrocyte_1,__NA__,__NA__,2477,2787445900822100184,astrocyte_1,subgroup_model,ExtraTrees,40.0,True,1
oligodendrocyte_progenitor_2,__NA__,__NA__,2482,2787445900824100123,oligodendrocyte_2,subgroup_model,ExtraTrees,40.0,False,1
meninges_1,__NA__,__NA__,2487,2787445900840100017,meninges_3,subgroup_model,ExtraTrees,40.0,False,1
MV_ex_Syt2,14,excitatory,2489,2787445900858100097,MV_ex_Syt2,direct_section_EI,,,True,1
oligodendrocyte_progenitor_2,__NA__,__NA__,2492,2787445900859100030,oligodendrocyte_2,subgroup_model,ExtraTrees,40.0,False,1
MV_in_Gabra1,16,inhibitory,2494,2787445900859100117,MV_in_Gabra1,direct_section,,,True,1
astrocyte_1,__NA__,__NA__,2496,2787445900859100192,astrocyte_1,subgroup_model,ExtraTrees,40.0,True,1
MV_in_Sema5b,15,inhibitory,2498,2787445900860100075,MV_in_Sema5b,direct_section,,,True,1
DM_ex_Zfhx3,11,excitatory,2502,2787445900861100026,DM_ex_Zfhx3,direct_section,,,True,1
astrocyte_1,__NA__,__NA__,2505,2787445900861100095,astrocyte_1,subgroup_model,ExtraTrees,40.0,True,1
astrocyte_2,__NA__,__NA__,2506,2787445900862100098,astrocyte_2,subgroup_model,ExtraTrees,40.0,True,1
oligodendrocyte_2,__NA__,__NA__,2507,2787445900876100003,microglia,subgroup_model,ExtraTrees,40.0,False,1
gamma_motoneuron,22,__NA__,2515,2787445900897100148,gamma_motoneuron,subgroup_model,LogisticRegression,40.0,True,1
MV_in_Chrna2,19,inhibitory,2517,2787445900898100020,MV_in_Chrna2,subgroup_model,LogisticRegression,20.0,True,1
astrocyte_2,__NA__,__NA__,2518,2787445900898100111,astrocyte_2,subgroup_model,ExtraTrees,40.0,True,1
oligodendrocyte_2,__NA__,__NA__,2520,2787445900932100014,microglia,subgroup_model,ExtraTrees,40.0,False,1
astrocyte_1,__NA__,__NA__,2522,2787445900933100079,endothelial,subgroup_model,ExtraTrees,40.0,False,1
oligodendrocyte_progenitor_2,__NA__,__NA__,2523,2787889600020100063,oligodendrocyte_progenitor_2,subgroup_model,ExtraTrees,40.0,True,1
oligodendrocyte_2,__NA__,__NA__,2524,2787889600021100026,microglia,subgroup_model,ExtraTrees,40.0,False,1
DH_ex_Reln/Npff,1,excitatory,2525,2787889600023100053,DH_ex_Reln/Npff,direct_section,,,True,1
DH_in_Cdh3,10,inhibitory,2527,2787889600023100227,DH_in_Cdh3,subgroup_model,RandomForest,10.0,True,1
microglia,__NA__,__NA__,2531,2787889600024100097,microglia,subgroup_model,ExtraTrees,40.0,True,1
oligodendrocyte_2,__NA__,__NA__,2534,2787889600055100044,oligodendrocyte_2,subgroup_model,ExtraTrees,40.0,True,1
astrocyte_1,__NA__,__NA__,2538,2787889600056100086,endothelial,subgroup_model,ExtraTrees,40.0,False,1
astrocyte_1,__NA__,__NA__,2540,2787889600056100105,astrocyte_1,subgroup_model,ExtraTrees,40.0,True,1
DH_ex_Maf/Slc17a8,10,excitatory,2543,2787889600057100125,DH_ex_Maf/Cpne4,subgroup_model,ExtraTrees,2.0,False,1
endothelial,__NA__,__NA__,2548,2787889600058100092,endothelial,subgroup_model,ExtraTrees,40.0,True,1
oligodendrocyte_progenitor_2,__NA__,__NA__,2551,2787889600058100136,endothelial,subgroup_model,ExtraTrees,40.0,False,1
oligodendrocyte_progenitor_2,__NA__,__NA__,2552,2787889600058100143,oligodendrocyte_2,subgroup_model,ExtraTrees,40.0,False,1
MV_ex_Syt2,14,excitatory,2557,2787889600060100044,MV_ex_Syt2,direct_section_EI,,,True,1
meninges_3,__NA__,__NA__,2560,2787889600061100027,meninges_3,subgroup_model,ExtraTrees,40.0,True,1
oligodendrocyte_1,__NA__,__NA__,2561,2787889600091100011,oligodendrocyte_1,subgroup_model,ExtraTrees,40.0,True,1
MV_in_Gabra1,16,inhibitory,2564,2787889600092100060,MV_in_Gabra1,direct_section,,,True,1
MV_ex_Syt2,14,excitatory,2565,2787889600092100123,MV_ex_Syt2,direct_section_EI,,,True,1
M_ex_Vsx2/Shox2,20,excitatory,2569,2787889600093100265,M_ex_Vsx2/Shox2,subgroup_model,ExtraTrees,2.0,True,1
oligodendrocyte_progenitor_2,__NA__,__NA__,2570,2787889600093100285,oligodendrocyte_progenitor_2,subgroup_model,ExtraTrees,40.0,True,1
astrocyte_1,__NA__,__NA__,2571,2787889600093100312,oligodendrocyte_progenitor_2,subgroup_model,ExtraTrees,40.0,False,1
DM_ex_Zfhx3,11,excitatory,2572,2787889600094100023,DM_ex_Zfhx3,direct_section,,,True,1
oligodendrocyte_progenitor_2,__NA__,__NA__,2582,2787889600095100121,oligodendrocyte_2,subgroup_model,ExtraTrees,40.0,False,1
oligodendrocyte_1,__NA__,__NA__,2583,2787889600095100150,oligodendrocyte_2,subgroup_model,ExtraTrees,40.0,False,1
oligodendrocyte_progenitor_2,__NA__,__NA__,2586,2787889600097100013,microglia,subgroup_model,ExtraTrees,40.0,False,1
oligodendrocyte_2,__NA__,__NA__,2588,2787889600097100036,oligodendrocyte_2,subgroup_model,ExtraTrees,40.0,True,1
oligodendrocyte_progenitor_2,__NA__,__NA__,2589,2787889600097100071,microglia,subgroup_model,ExtraTrees,40.0,False,1
astrocyte_2,__NA__,__NA__,2590,2787889600098100070,astrocyte_2,subgroup_model,ExtraTrees,40.0,True,1
alpha_motoneuron,22,__NA__,2594,2787889600127100132,beta_motoneuron,subgroup_model,LogisticRegression,40.0,False,1
oligodendrocyte_progenitor_2,__NA__,__NA__,2597,2787889600128100065,oligodendrocyte_progenitor_2,subgroup_model,ExtraTrees,40.0,True,1
endothelial,__NA__,__NA__,2598,2787889600128100154,endothelial,subgroup_model,ExtraTrees,40.0,True,1
astrocyte_1,__NA__,__NA__,2599,2787889600129100055,oligodendrocyte_precursor_cell,subgroup_model,ExtraTrees,40.0,False,1
astrocyte_1,__NA__,__NA__,2601,2787889600129100087,astrocyte_1,subgroup_model,ExtraTrees,40.0,True,1
oligodendrocyte_2,__NA__,__NA__,2604,2787889600129100198,oligodendrocyte_2,subgroup_model,ExtraTrees,40.0,True,1
oligodendrocyte_precursor_cell,__NA__,__NA__,2605,2787889600129100208,oligodendrocyte_precursor_cell,subgroup_model,ExtraTrees,40.0,True,1
oligodendrocyte_1,__NA__,__NA__,2607,2787889600130100224,oligodendrocyte_2,subgroup_model,ExtraTrees,40.0,False,1
MV_in_Esrrb,14,inhibitory,2608,2787889600131100082,MV_in_Esrrb,direct_section_EI,,,True,1
astrocyte_1,__NA__,__NA__,2611,2787889600132100020,astrocyte_1,subgroup_model,ExtraTrees,40.0,True,1
endothelial,__NA__,__NA__,2612,2787889600132100155,oligodendrocyte_progenitor_2,subgroup_model,ExtraTrees,40.0,False,1
oligodendrocyte_progenitor_2,__NA__,__NA__,2617,2787889600132100226,endothelial,subgroup_model,ExtraTrees,40.0,False,1
Schwann_cell,__NA__,__NA__,2620,2787889600160100005,Schwann_cell,subgroup_model,ExtraTrees,40.0,True,1
endothelial,__NA__,__NA__,2622,2787889600163100015,endothelial,subgroup_model,ExtraTrees,40.0,True,1
pericyte,__NA__,__NA__,2626,2787889600163100092,endothelial,subgroup_model,ExtraTrees,40.0,False,1
gamma_motoneuron,22,__NA__,2627,2787889600164100033,alpha_motoneuron,subgroup_model,LogisticRegression,40.0,False,1
oligodendrocyte_2,__NA__,__NA__,2632,2787889600167100034,oligodendrocyte_2,subgroup_model,ExtraTrees,40.0,True,1
DH_ex_Grp,6,excitatory,2636,2787889600193100015,DH_ex_Grp,subgroup_model,ExtraTrees,40.0,True,1
oligodendrocyte_progenitor_2,__NA__,__NA__,2639,2787889600194100079,oligodendrocyte_2,subgroup_model,ExtraTrees,40.0,False,1
DH_ex_Nmu/Tac2,8,excitatory,2643,2787889600195100103,DH_ex_Nmu/Tac2,subgroup_model,LogisticRegression,5.0,True,1
DH_ex_Grp,6,excitatory,2646,2787889600195100212,DH_ex_Grp,subgroup_model,ExtraTrees,40.0,True,1
endothelial,__NA__,__NA__,2647,2787889600195100223,oligodendrocyte_precursor_cell,subgroup_model,ExtraTrees,40.0,False,1
oligodendrocyte_2,__NA__,__NA__,2651,2787889600197100126,oligodendrocyte_precursor_cell,subgroup_model,ExtraTrees,40.0,False,1
MV_in_Chrna2,19,inhibitory,2653,2787889600229100102,MV_in_Chrna2,subgroup_model,LogisticRegression,20.0,True,1
MV_in_Gabra1,16,inhibitory,2659,2787889600230100128,MV_in_Gabra1,direct_section,,,True,1
oligodendrocyte_1,__NA__,__NA__,2663,2787889600230100269,oligodendrocyte_progenitor_2,subgroup_model,ExtraTrees,40.0,False,1
oligodendrocyte_2,__NA__,__NA__,2666,2787889600231100047,oligodendrocyte_2,subgroup_model,ExtraTrees,40.0,True,1
MV_ex_Syt2,14,excitatory,2669,2787889600231100119,MV_ex_Syt2,direct_section_EI,,,True,1
astrocyte_1,__NA__,__NA__,2670,2787889600231100134,microglia,subgroup_model,ExtraTrees,40.0,False,1
endothelial,__NA__,__NA__,2672,2787889600231100247,endothelial,subgroup_model,ExtraTrees,40.0,True,1
MV_in_Gabra1,16,inhibitory,2673,2787889600231100297,MV_in_Gabra1,direct_section,,,True,1
oligodendrocyte_progenitor_2,__NA__,__NA__,2676,2787889600231200090,oligodendrocyte_1,subgroup_model,ExtraTrees,40.0,False,1
meninges_2,__NA__,__NA__,2679,2787889600242100074,meninges_1,subgroup_model,ExtraTrees,40.0,False,1
meninges_2,__NA__,__NA__,2681,2787889600243100078,meninges_1,subgroup_model,ExtraTrees,40.0,False,1
DH_in_Cdh3,10,inhibitory,2684,2787889600244100030,DH_in_Cdh3,subgroup_model,RandomForest,10.0,True,1
DH_in_Pdyn,2,inhibitory,2685,2787889600245100078,DH_in_Pdyn,direct_section_EI,,,True,1
DH_in_Npy,4,inhibitory,2694,2787889600276100061,DH_in_Npy,subgroup_model,LogisticRegression,1.0,True,1
endothelial,__NA__,__NA__,2704,2787889600279100150,oligodendrocyte_2,subgroup_model,ExtraTrees,40.0,False,1
DH_ex_Maf/Cck,10,excitatory,2706,2787889600279100217,DH_ex_Maf/Slc17a8,subgroup_model,ExtraTrees,2.0,False,1
M_in_Tfap2b,12,inhibitory,2707,2787889600279100240,M_in_Tfap2b,direct_section,,,True,1
MV_ex_Syt2,14,excitatory,2711,2787889600280100284,MV_ex_Syt2,direct_section_EI,,,True,1
oligodendrocyte_2,__NA__,__NA__,2717,2787889600301100030,oligodendrocyte_2,subgroup_model,ExtraTrees,40.0,True,1
astrocyte_2,__NA__,__NA__,2719,2787889600311100164,oligodendrocyte_2,subgroup_model,ExtraTrees,40.0,False,1
endothelial,__NA__,__NA__,2727,2787889600313100114,astrocyte_1,subgroup_model,ExtraTrees,40.0,False,1
oligodendrocyte_progenitor_2,__NA__,__NA__,2728,2787889600313100123,oligodendrocyte_progenitor_2,subgroup_model,ExtraTrees,40.0,True,1
astrocyte_1,__NA__,__NA__,2730,2787889600313100176,astrocyte_1,subgroup_model,ExtraTrees,40.0,True,1
oligodendrocyte_progenitor_2,__NA__,__NA__,2733,2787889600314100106,microglia,subgroup_model,ExtraTrees,40.0,False,1
endothelial,__NA__,__NA__,2735,2787889600314100198,oligodendrocyte_progenitor_2,subgroup_model,ExtraTrees,40.0,False,1
oligodendrocyte_progenitor_2,__NA__,__NA__,2737,2787889600315100058,oligodendrocyte_2,subgroup_model,ExtraTrees,40.0,False,1
MV_in_Gabra1,16,inhibitory,2739,2787889600315100102,MV_in_Gabra1,direct_section,,,True,1
M_in_Tfap2b,12,inhibitory,2740,2787889600315100143,M_in_Tfap2b,direct_section,,,True,1
DH_in_Cdh3,10,inhibitory,2741,2787889600315100153,DH_in_Cdh3,subgroup_model,RandomForest,10.0,True,1
astrocyte_1,__NA__,__NA__,2742,2787889600315100224,astrocyte_2,subgroup_model,ExtraTrees,40.0,False,1
oligodendrocyte_progenitor_2,__NA__,__NA__,2744,2787889600316100081,oligodendrocyte_2,subgroup_model,ExtraTrees,40.0,False,1
MV_in_Gm26673,19,inhibitory,2748,2787889600316100202,MV_in_Gm26673,subgroup_model,LogisticRegression,20.0,True,1
endothelial,__NA__,__NA__,2753,2787889600317100172,microglia,subgroup_model,ExtraTrees,40.0,False,1
microglia,__NA__,__NA__,2754,2787889600318100007,microglia,subgroup_model,ExtraTrees,40.0,True,1
meninges_2,__NA__,__NA__,2761,2787889600347100035,meninges_3,subgroup_model,ExtraTrees,40.0,False,1
oligodendrocyte_progenitor_2,__NA__,__NA__,2763,2787889600347100126,oligodendrocyte_2,subgroup_model,ExtraTrees,40.0,False,1
oligodendrocyte_precursor_cell,__NA__,__NA__,2767,2787889600348100180,oligodendrocyte_precursor_cell,subgroup_model,ExtraTrees,40.0,True,1
astrocyte_1,__NA__,__NA__,2769,2787889600348200081,astrocyte_1,subgroup_model,ExtraTrees,40.0,True,1
MV_in_Gabra1,16,inhibitory,2771,2787889600349100073,MV_in_Gabra1,direct_section,,,True,1
MV_in_Gm26673,19,inhibitory,2773,2787889600349100175,MV_in_Gm26673,subgroup_model,LogisticRegression,20.0,True,1
oligodendrocyte_progenitor_2,__NA__,__NA__,2779,2787889600351100044,meninges_3,subgroup_model,ExtraTrees,40.0,False,1
pericyte,__NA__,__NA__,2781,2787889600351100169,endothelial,subgroup_model,ExtraTrees,40.0,False,1
astrocyte_1,__NA__,__NA__,2786,2787889600353100120,astrocyte_2,subgroup_model,ExtraTrees,40.0,False,1
oligodendrocyte_progenitor_2,__NA__,__NA__,2788,2787889600353100141,oligodendrocyte_2,subgroup_model,ExtraTrees,40.0,False,1
oligodendrocyte_2,__NA__,__NA__,2791,2787889600354100062,oligodendrocyte_2,subgroup_model,ExtraTrees,40.0,True,1
astrocyte_1,__NA__,__NA__,2793,2787889600354100180,endothelial,subgroup_model,ExtraTrees,40.0,False,1
oligodendrocyte_progenitor_2,__NA__,__NA__,2794,2787889600355100025,oligodendrocyte_2,subgroup_model,ExtraTrees,40.0,False,1
oligodendrocyte_2,__NA__,__NA__,2795,2787889600355100039,oligodendrocyte_2,subgroup_model,ExtraTrees,40.0,True,1
oligodendrocyte_progenitor_2,__NA__,__NA__,2796,2787889600355100079,oligodendrocyte_2,subgroup_model,ExtraTrees,40.0,False,1
DH_ex_Reln/Npff,1,excitatory,2797,2787889600360100108,DH_ex_Reln/Npff,direct_section,,,True,1
astrocyte_1,__NA__,__NA__,2798,2787889600360100127,ependymal,subgroup_model,ExtraTrees,40.0,False,1
endothelial,__NA__,__NA__,2802,2787889600360100223,endothelial,subgroup_model,ExtraTrees,40.0,True,1
oligodendrocyte_progenitor_2,__NA__,__NA__,2805,2787889600361100093,oligodendrocyte_progenitor_2,subgroup_model,ExtraTrees,40.0,True,1
oligodendrocyte_progenitor_2,__NA__,__NA__,2807,2787889600361100117,oligodendrocyte_progenitor_2,subgroup_model,ExtraTrees,40.0,True,1
astrocyte_1,__NA__,__NA__,2808,2787889600361100176,astrocyte_1,subgroup_model,ExtraTrees,40.0,True,1
oligodendrocyte_1,__NA__,__NA__,2811,2787889600362100215,endothelial,subgroup_model,ExtraTrees,40.0,False,1
oligodendrocyte_1,__NA__,__NA__,2812,2787889600362100228,oligodendrocyte_2,subgroup_model,ExtraTrees,40.0,False,1
DH_ex_Grpr,2,excitatory,2814,2787889600373100063,DH_ex_Grpr,subgroup_model,RandomForest,2.0,True,1
oligodendrocyte_2,__NA__,__NA__,2818,2787889600378100091,oligodendrocyte_2,subgroup_model,ExtraTrees,40.0,True,1
DH_ex_Nmu/Tac2,8,excitatory,2821,2787889600379100080,DH_ex_Nmu/Tac2,subgroup_model,LogisticRegression,5.0,True,1
oligodendrocyte_2,__NA__,__NA__,2826,2787889600380100057,oligodendrocyte_2,subgroup_model,ExtraTrees,40.0,True,1
meninges_3,__NA__,__NA__,2827,2787889600382100032,meninges_3,subgroup_model,ExtraTrees,40.0,True,1
oligodendrocyte_progenitor_2,__NA__,__NA__,2829,2787889600383100063,oligodendrocyte_progenitor_1,subgroup_model,ExtraTrees,40.0,False,1
alpha_motoneuron,22,__NA__,2833,2787889600384100094,alpha_motoneuron,subgroup_model,LogisticRegression,40.0,True,1
astrocyte_1,__NA__,__NA__,2834,2787889600384100095,astrocyte_1,subgroup_model,ExtraTrees,40.0,True,1
oligodendrocyte_1,__NA__,__NA__,2835,2787889600384200032,microglia,subgroup_model,ExtraTrees,40.0,False,1
MV_in_Gm26673,19,inhibitory,2839,2787889600387100019,MV_in_Gm26673,subgroup_model,LogisticRegression,20.0,True,1
alpha_motoneuron,22,__NA__,2849,2787889600389100019,gamma_motoneuron,subgroup_model,LogisticRegression,40.0,False,1
alpha_motoneuron,22,__NA__,2850,2787889600389100039,alpha_motoneuron,subgroup_model,LogisticRegression,40.0,True,1
MV_in_Sema5b,15,inhibitory,2854,2787889600396100026,MV_in_Sema5b,direct_section,,,True,1
MV_in_Sema5b,15,inhibitory,2855,2787889600396100087,MV_in_Sema5b,direct_section,,,True,1
oligodendrocyte_progenitor_2,__NA__,__NA__,2860,2787889600396200029,oligodendrocyte_2,subgroup_model,ExtraTrees,40.0,False,1
endothelial,__NA__,__NA__,2861,2787889600397100053,microglia,subgroup_model,ExtraTrees,40.0,False,1
astrocyte_1,__NA__,__NA__,2863,2787889600397100210,astrocyte_1,subgroup_model,ExtraTrees,40.0,True,1
DH_in_Pdyn,2,inhibitory,2871,2787889600405100336,DH_in_Pdyn,direct_section_EI,,,True,1
DH_ex_Nmu/Tac2,8,excitatory,2872,2787889600406100073,DH_ex_Nmu/Tac2,subgroup_model,LogisticRegression,5.0,True,1
DH_in_Npy2r,9,inhibitory,2873,2787889600406100092,DH_in_Npy2r,subgroup_model,RandomForest,40.0,True,1
DH_ex_Maf/Cck,10,excitatory,2874,2787889600406100141,DH_ex_Maf/Cck,subgroup_model,ExtraTrees,2.0,True,1
DH_in_Cdh3,10,inhibitory,2880,2787889600409100126,DH_in_Cdh3,subgroup_model,RandomForest,10.0,True,1
DH_ex_Sox5,5,excitatory,2887,2787889600410100063,DH_ex_Sox5,subgroup_model,LogisticRegression,1.0,True,1
DH_ex_Sox5/Tac1,5,excitatory,2889,2787889600410100226,DH_ex_Sox5/Tac1,subgroup_model,LogisticRegression,1.0,True,1
oligodendrocyte_progenitor_2,__NA__,__NA__,2892,2787889600410100296,oligodendrocyte_2,subgroup_model,ExtraTrees,40.0,False,1
DM_ex_Zfhx3,11,excitatory,2898,2787889600412100156,DM_ex_Zfhx3,direct_section,,,True,1
oligodendrocyte_progenitor_2,__NA__,__NA__,2899,2787889600412100201,oligodendrocyte_progenitor_2,subgroup_model,ExtraTrees,40.0,True,1
DH_in_Npy2r,9,inhibitory,2901,2787889600413100020,DH_in_Npy2r,subgroup_model,RandomForest,40.0,True,1
oligodendrocyte_progenitor_2,__NA__,__NA__,2907,2787889600414100093,oligodendrocyte_2,subgroup_model,ExtraTrees,40.0,False,1
oligodendrocyte_progenitor_2,__NA__,__NA__,2909,2787889600414100194,oligodendrocyte_2,subgroup_model,ExtraTrees,40.0,False,1
oligodendrocyte_precursor_cell,__NA__,__NA__,2910,2787889600415100032,oligodendrocyte_progenitor_2,subgroup_model,ExtraTrees,40.0,False,1
oligodendrocyte_progenitor_2,__NA__,__NA__,2911,2787889600416100065,oligodendrocyte_progenitor_2,subgroup_model,ExtraTrees,40.0,True,1
oligodendrocyte_progenitor_2,__NA__,__NA__,2919,2787889600422100176,meninges_1,subgroup_model,ExtraTrees,40.0,False,1
oligodendrocyte_2,__NA__,__NA__,2921,2787889600424100078,oligodendrocyte_2,subgroup_model,ExtraTrees,40.0,True,1
MV_in_Esrrb,14,inhibitory,2926,2787889600441100176,MV_in_Esrrb,direct_section_EI,,,True,1
oligodendrocyte_progenitor_2,__NA__,__NA__,2928,2787889600443100119,oligodendrocyte_2,subgroup_model,ExtraTrees,40.0,False,1
MV_in_Gabra1,16,inhibitory,2929,2787889600443100146,MV_in_Gabra1,direct_section,,,True,1
endothelial,__NA__,__NA__,2931,2787889600443100263,endothelial,subgroup_model,ExtraTrees,40.0,True,1
oligodendrocyte_progenitor_2,__NA__,__NA__,2934,2787889600444100097,oligodendrocyte_progenitor_2,subgroup_model,ExtraTrees,40.0,True,1
oligodendrocyte_progenitor_2,__NA__,__NA__,2936,2787889600444100215,oligodendrocyte_progenitor_2,subgroup_model,ExtraTrees,40.0,True,1
DM_ex_Zfhx3,11,excitatory,2937,2787889600444100216,DM_ex_Zfhx3,direct_section,,,True,1
oligodendrocyte_progenitor_2,__NA__,__NA__,2944,2787889600446100041,oligodendrocyte_progenitor_2,subgroup_model,ExtraTrees,40.0,True,1
oligodendrocyte_2,__NA__,__NA__,2945,2787889600447100088,oligodendrocyte_2,subgroup_model,ExtraTrees,40.0,True,1
oligodendrocyte_progenitor_2,__NA__,__NA__,2947,2787889600448100030,oligodendrocyte_2,subgroup_model,ExtraTrees,40.0,False,1
astrocyte_1,__NA__,__NA__,2950,2787889600450100068,astrocyte_1,subgroup_model,ExtraTrees,40.0,True,1
MV_ex_Syt2,14,excitatory,2951,2787889600450100096,MV_ex_Syt2,direct_section_EI,,,True,1
oligodendrocyte_progenitor_2,__NA__,__NA__,2954,2787889600450100232,oligodendrocyte_progenitor_2,subgroup_model,ExtraTrees,40.0,True,1
oligodendrocyte_progenitor_2,__NA__,__NA__,2955,2787889600450100242,astrocyte_1,subgroup_model,ExtraTrees,40.0,False,1
oligodendrocyte_2,__NA__,__NA__,2956,2787889600450100248,oligodendrocyte_2,subgroup_model,ExtraTrees,40.0,True,1
endothelial,__NA__,__NA__,2957,2787889600450100276,endothelial,subgroup_model,ExtraTrees,40.0,True,1
oligodendrocyte_progenitor_2,__NA__,__NA__,2959,2787889600451100046,astrocyte_1,subgroup_model,ExtraTrees,40.0,False,1
astrocyte_1,__NA__,__NA__,2961,2787889600451100097,microglia,subgroup_model,ExtraTrees,40.0,False,1
Schwann_cell,__NA__,__NA__,2966,2787889600456100029,Schwann_cell,subgroup_model,ExtraTrees,40.0,True,1
oligodendrocyte_1,__NA__,__NA__,2970,2787889600478100141,oligodendrocyte_progenitor_2,subgroup_model,ExtraTrees,40.0,False,1
astrocyte_1,__NA__,__NA__,2971,2787889600478100185,microglia,subgroup_model,ExtraTrees,40.0,False,1
oligodendrocyte_progenitor_2,__NA__,__NA__,2974,2787889600479100095,microglia,subgroup_model,ExtraTrees,40.0,False,1
oligodendrocyte_progenitor_2,__NA__,__NA__,2978,2787889600480100084,oligodendrocyte_2,subgroup_model,ExtraTrees,40.0,False,1
oligodendrocyte_progenitor_2,__NA__,__NA__,2982,2787889600481100017,oligodendrocyte_2,subgroup_model,ExtraTrees,40.0,False,1
MV_in_Gm26673,19,inhibitory,2983,2787889600481100084,MV_in_Gm26673,subgroup_model,LogisticRegression,20.0,True,1
astrocyte_1,__NA__,__NA__,2984,2787889600481100103,astrocyte_2,subgroup_model,ExtraTrees,40.0,False,1
oligodendrocyte_1,__NA__,__NA__,2986,2787889600481100192,oligodendrocyte_progenitor_2,subgroup_model,ExtraTrees,40.0,False,1
oligodendrocyte_2,__NA__,__NA__,2989,2787889600482100147,oligodendrocyte_2,subgroup_model,ExtraTrees,40.0,True,1
oligodendrocyte_progenitor_2,__NA__,__NA__,2990,2787889600482100155,oligodendrocyte_1,subgroup_model,ExtraTrees,40.0,False,1
astrocyte_2,__NA__,__NA__,2993,2787889600484100030,astrocyte_1,subgroup_model,ExtraTrees,40.0,False,1
gamma_motoneuron,22,__NA__,2996,2787889600485100104,alpha_motoneuron,subgroup_model,LogisticRegression,40.0,False,1
oligodendrocyte_precursor_cell,__NA__,__NA__,2998,2787889600486100089,oligodendrocyte_progenitor_1,subgroup_model,ExtraTrees,40.0,False,1
oligodendrocyte_progenitor_1,__NA__,__NA__,2999,2787889600486100091,oligodendrocyte_progenitor_1,subgroup_model,ExtraTrees,40.0,True,1
DH_ex_Reln/Nmur2,3,excitatory,3007,2787889600510100101,DH_ex_Reln/Nmur2,subgroup_model,RandomForest,40.0,True,1
oligodendrocyte_1,__NA__,__NA__,3012,2787889600516100044,oligodendrocyte_2,subgroup_model,ExtraTrees,40.0,False,1
oligodendrocyte_progenitor_2,__NA__,__NA__,3013,2787889600517100093,oligodendrocyte_progenitor_2,subgroup_model,ExtraTrees,40.0,True,1
oligodendrocyte_progenitor_1,__NA__,__NA__,3016,2787889600522100076,oligodendrocyte_precursor_cell,subgroup_model,ExtraTrees,40.0,False,1
astrocyte_1,__NA__,__NA__,3024,2787889600546100149,astrocyte_1,subgroup_model,ExtraTrees,40.0,True,1
astrocyte_2,__NA__,__NA__,3028,2787889600549100068,astrocyte_1,subgroup_model,ExtraTrees,40.0,False,1
DH_ex_Prkcg/Nts,8,excitatory,3030,2787889600580100057,DH_ex_Prkcg/Cck,subgroup_model,LogisticRegression,5.0,False,1
oligodendrocyte_precursor_cell,__NA__,__NA__,3032,2787889600580100140,oligodendrocyte_precursor_cell,subgroup_model,ExtraTrees,40.0,True,1
DH_in_Cdh3,10,inhibitory,3034,2787889600581100022,DH_in_Klhl14,subgroup_model,RandomForest,10.0,False,1
MV_ex_Shox2,18,excitatory,3036,2787889600581100149,MV_ex_Shox2,direct_section,,,True,1
endothelial,__NA__,__NA__,3039,2787889600582100227,endothelial,subgroup_model,ExtraTrees,40.0,True,1
endothelial,__NA__,__NA__,3044,2787889600584100100,meninges_1,subgroup_model,ExtraTrees,40.0,False,1
oligodendrocyte_1,__NA__,__NA__,3049,2787889600617100185,oligodendrocyte_progenitor_2,subgroup_model,ExtraTrees,40.0,False,1
MV_in_Esrrb,14,inhibitory,3051,2787889600618100047,MV_in_Esrrb,direct_section_EI,,,True,1
astrocyte_2,__NA__,__NA__,3054,2795103300049100018,oligodendrocyte_precursor_cell,subgroup_model,ExtraTrees,40.0,False,1
DH_ex_Sox5,5,excitatory,3056,2795103300063100186,DH_ex_Sox5,subgroup_model,LogisticRegression,1.0,True,1
oligodendrocyte_progenitor_1,__NA__,__NA__,3062,2795103300087100069,oligodendrocyte_progenitor_1,subgroup_model,ExtraTrees,40.0,True,1
oligodendrocyte_2,__NA__,__NA__,3064,2795103300096100086,oligodendrocyte_2,subgroup_model,ExtraTrees,40.0,True,1
MV_in_Gm26673,19,inhibitory,3073,2795103300119100071,MV_in_Gm26673,subgroup_model,LogisticRegression,20.0,True,1
MV_in_Gabra1,16,inhibitory,3074,2795103300119100107,MV_in_Gabra1,direct_section,,,True,1
astrocyte_1,__NA__,__NA__,3076,2795103300120100086,endothelial,subgroup_model,ExtraTrees,40.0,False,1
MV_in_Gabra1,16,inhibitory,3078,2795103300120100163,MV_in_Gabra1,direct_section,,,True,1
DM_ex_Zfhx3,11,excitatory,3080,2795103300120100313,DM_ex_Zfhx3,direct_section,,,True,1
oligodendrocyte_1,__NA__,__NA__,3084,2795103300125100241,astrocyte_1,subgroup_model,ExtraTrees,40.0,False,1
alpha_motoneuron,22,__NA__,3087,2795103300127100179,alpha_motoneuron,subgroup_model,LogisticRegression,40.0,True,1
MV_in_Gm26673,19,inhibitory,3088,2795103300129100178,MV_in_Gm26673,subgroup_model,LogisticRegression,20.0,True,1
oligodendrocyte_progenitor_2,__NA__,__NA__,3089,2795103300131100028,oligodendrocyte_2,subgroup_model,ExtraTrees,40.0,False,1
DH_in_Npy2r,9,inhibitory,3091,2795103300132100082,DH_in_Npy2r,subgroup_model,RandomForest,40.0,True,1
DM_ex_Zfhx3,11,excitatory,3093,2795103300145100096,DM_ex_Zfhx3,direct_section,,,True,1
pericyte,__NA__,__NA__,3097,2795103300145100343,pericyte,subgroup_model,ExtraTrees,40.0,True,1
MV_ex_Shox2,18,excitatory,3100,2795103300147100116,MV_ex_Shox2,direct_section,,,True,1
astrocyte_1,__NA__,__NA__,3105,2795103300153100228,astrocyte_1,subgroup_model,ExtraTrees,40.0,True,1
MV_ex_Syt2,14,excitatory,3107,2795103300154100140,MV_ex_Syt2,direct_section_EI,,,True,1
oligodendrocyte_1,__NA__,__NA__,3111,2795103300156100042,oligodendrocyte_1,subgroup_model,ExtraTrees,40.0,True,1
oligodendrocyte_progenitor_2,__NA__,__NA__,3113,2795103300156100200,oligodendrocyte_progenitor_2,subgroup_model,ExtraTrees,40.0,True,1
oligodendrocyte_progenitor_2,__NA__,__NA__,3120,2795103300163100169,ependymal,subgroup_model,ExtraTrees,40.0,False,1
oligodendrocyte_progenitor_2,__NA__,__NA__,3123,2795103300164100027,oligodendrocyte_progenitor_2,subgroup_model,ExtraTrees,40.0,True,1
oligodendrocyte_progenitor_2,__NA__,__NA__,3127,2795103300165100044,oligodendrocyte_2,subgroup_model,ExtraTrees,40.0,False,1
DH_in_Npy,4,inhibitory,3131,2795103300178100117,DH_in_Npy,subgroup_model,LogisticRegression,1.0,True,1
oligodendrocyte_1,__NA__,__NA__,3132,2795103300178100151,oligodendrocyte_precursor_cell,subgroup_model,ExtraTrees,40.0,False,1
DH_ex_Sox5,5,excitatory,3133,2795103300178100211,DH_ex_Sox5,subgroup_model,LogisticRegression,1.0,True,1
meninges_2,__NA__,__NA__,3142,2795103300185100075,meninges_1,subgroup_model,ExtraTrees,40.0,False,1
DH_ex_Reln/Npff,1,excitatory,3144,2795103300191100094,DH_ex_Reln/Npff,direct_section,,,True,1
DH_ex_Sox5,5,excitatory,3145,2795103300191100127,DH_ex_Sox5,subgroup_model,LogisticRegression,1.0,True,1
oligodendrocyte_progenitor_2,__NA__,__NA__,3147,2795103300193100190,endothelial,subgroup_model,ExtraTrees,40.0,False,1
DH_ex_Tac2,8,excitatory,3148,2795103300194100255,DH_ex_Tac2,subgroup_model,LogisticRegression,5.0,True,1
DH_in_Klhl14,10,inhibitory,3154,2795103300198100171,DH_in_Cdh3,subgroup_model,RandomForest,10.0,False,1
endothelial,__NA__,__NA__,3157,2795103300200100050,endothelial,subgroup_model,ExtraTrees,40.0,True,1
endothelial,__NA__,__NA__,3160,2795103300230100111,oligodendrocyte_2,subgroup_model,ExtraTrees,40.0,False,1
DH_ex_Prkcg/Rxfp1,6,excitatory,3163,2795103300232100179,DH_ex_Prkcg/Rxfp1,subgroup_model,ExtraTrees,40.0,True,1
endothelial,__NA__,__NA__,3167,2795103300233100064,endothelial,subgroup_model,ExtraTrees,40.0,True,1
oligodendrocyte_progenitor_2,__NA__,__NA__,3168,2795103300233100072,oligodendrocyte_progenitor_2,subgroup_model,ExtraTrees,40.0,True,1
DH_in_Cdh3,10,inhibitory,3169,2795103300233100096,DH_in_Cdh3,subgroup_model,RandomForest,10.0,True,1
astrocyte_1,__NA__,__NA__,3171,2795103300233100150,astrocyte_1,subgroup_model,ExtraTrees,40.0,True,1
DH_ex_Cpne4,3,excitatory,3172,2795103300233100227,DH_ex_Cpne4,subgroup_model,RandomForest,40.0,True,1
DH_ex_Grpr,2,excitatory,3173,2795103300233100258,DH_ex_Gpr83,subgroup_model,RandomForest,2.0,False,1
meninges_2,__NA__,__NA__,3175,2795103300233100358,meninges_3,subgroup_model,ExtraTrees,40.0,False,1
meninges_3,__NA__,__NA__,3177,2795103300267100029,meninges_3,subgroup_model,ExtraTrees,40.0,True,1
oligodendrocyte_2,__NA__,__NA__,3180,2795103300297100029,oligodendrocyte_2,subgroup_model,ExtraTrees,40.0,True,1
oligodendrocyte_progenitor_2,__NA__,__NA__,3181,2795103300297100128,oligodendrocyte_progenitor_2,subgroup_model,ExtraTrees,40.0,True,1
oligodendrocyte_2,__NA__,__NA__,3182,2795103300298100028,oligodendrocyte_2,subgroup_model,ExtraTrees,40.0,True,1
oligodendrocyte_1,__NA__,__NA__,3190,2795103300331100081,oligodendrocyte_2,subgroup_model,ExtraTrees,40.0,False,1
MV_in_Gabra1,16,inhibitory,3191,2795103300331100139,MV_in_Gabra1,direct_section,,,True,1
endothelial,__NA__,__NA__,3192,2795103300331100141,endothelial,subgroup_model,ExtraTrees,40.0,True,1
astrocyte_1,__NA__,__NA__,3197,2795103300332100030,astrocyte_1,subgroup_model,ExtraTrees,40.0,True,1
astrocyte_1,__NA__,__NA__,3199,2795103300332100061,astrocyte_1,subgroup_model,ExtraTrees,40.0,True,1
M_in_Tfap2b,12,inhibitory,3202,2795103300332100203,M_in_Tfap2b,direct_section,,,True,1
oligodendrocyte_progenitor_2,__NA__,__NA__,3203,2795103300344100018,meninges_3,subgroup_model,ExtraTrees,40.0,False,1
oligodendrocyte_progenitor_2,__NA__,__NA__,3207,2795103300345100017,meninges_3,subgroup_model,ExtraTrees,40.0,False,1
endothelial,__NA__,__NA__,3213,2795103300346100289,endothelial,subgroup_model,ExtraTrees,40.0,True,1
oligodendrocyte_2,__NA__,__NA__,3215,2795103300347100043,oligodendrocyte_2,subgroup_model,ExtraTrees,40.0,True,1
oligodendrocyte_progenitor_2,__NA__,__NA__,3216,2795103300347200110,oligodendrocyte_progenitor_2,subgroup_model,ExtraTrees,40.0,True,1
MV_in_Sema5b,15,inhibitory,3219,2795103300367100017,MV_in_Sema5b,direct_section,,,True,1
astrocyte_1,__NA__,__NA__,3222,2795103300367100069,oligodendrocyte_precursor_cell,subgroup_model,ExtraTrees,40.0,False,1
oligodendrocyte_progenitor_2,__NA__,__NA__,3227,2795103300376100158,oligodendrocyte_progenitor_2,subgroup_model,ExtraTrees,40.0,True,1
oligodendrocyte_2,__NA__,__NA__,3229,2795103300378100040,microglia,subgroup_model,ExtraTrees,40.0,False,1
astrocyte_1,__NA__,__NA__,3231,2795103300380100106,astrocyte_1,subgroup_model,ExtraTrees,40.0,True,1
oligodendrocyte_progenitor_2,__NA__,__NA__,3236,2795103300381100300,oligodendrocyte_progenitor_2,subgroup_model,ExtraTrees,40.0,True,1
DH_in_Cdh3,10,inhibitory,3240,2795103300382100163,DH_in_Cdh3,subgroup_model,RandomForest,10.0,True,1
DH_ex_Reln/Nmur2,3,excitatory,3241,2795103300382100169,DH_ex_Reln/Nmur2,subgroup_model,RandomForest,40.0,True,1
DH_ex_Prkcg/Cck,8,excitatory,3244,2795103300382100256,DH_ex_Prkcg/Cck,subgroup_model,LogisticRegression,5.0,True,1
DH_ex_Reln/Nmur2,3,excitatory,3247,2795103300400100174,DH_ex_Cpne4,subgroup_model,RandomForest,40.0,False,1
DH_in_Npy,4,inhibitory,3248,2795103300402100043,DH_in_Npy,subgroup_model,LogisticRegression,1.0,True,1
oligodendrocyte_progenitor_2,__NA__,__NA__,3249,2795103300405100111,oligodendrocyte_precursor_cell,subgroup_model,ExtraTrees,40.0,False,1
oligodendrocyte_progenitor_2,__NA__,__NA__,3253,2795103300411100201,oligodendrocyte_precursor_cell,subgroup_model,ExtraTrees,40.0,False,1
astrocyte_2,__NA__,__NA__,3256,2795103300417100019,astrocyte_2,subgroup_model,ExtraTrees,40.0,True,1
DH_in_Cdh3,10,inhibitory,3260,2795103300446100249,DH_in_Cdh3,subgroup_model,RandomForest,10.0,True,1
DH_in_Rorb,7,inhibitory,3262,2795103300446100310,DH_in_Rorb,direct_section,,,True,1
Schwann_cell,__NA__,__NA__,3264,2795103300452100022,Schwann_cell,subgroup_model,ExtraTrees,40.0,True,1
oligodendrocyte_progenitor_2,__NA__,__NA__,3266,2795584800081100241,meninges_3,subgroup_model,ExtraTrees,40.0,False,1
oligodendrocyte_2,__NA__,__NA__,3267,2795584800086100062,oligodendrocyte_2,subgroup_model,ExtraTrees,40.0,True,1
oligodendrocyte_1,__NA__,__NA__,3270,2795584800086100203,oligodendrocyte_progenitor_2,subgroup_model,ExtraTrees,40.0,False,1
oligodendrocyte_2,__NA__,__NA__,3277,2795584800090100014,oligodendrocyte_2,subgroup_model,ExtraTrees,40.0,True,1
oligodendrocyte_progenitor_2,__NA__,__NA__,3279,2795584800090100073,oligodendrocyte_progenitor_2,subgroup_model,ExtraTrees,40.0,True,1
alpha_motoneuron,22,__NA__,3281,2795584800101100165,alpha_motoneuron,subgroup_model,LogisticRegression,40.0,True,1
MV_in_Gm26673,19,inhibitory,3292,2795584800103100138,MV_in_Gm26673,subgroup_model,LogisticRegression,20.0,True,1
beta_motoneuron,22,__NA__,3293,2795584800118100067,alpha_motoneuron,subgroup_model,LogisticRegression,40.0,False,1
endothelial,__NA__,__NA__,3294,2795584800122100023,endothelial,subgroup_model,ExtraTrees,40.0,True,1
DH_in_Rorb,7,inhibitory,3295,2795584800122100059,DH_in_Rorb,direct_section,,,True,1
DH_ex_Prkcg/Nts,8,excitatory,3296,2795584800122100072,DH_ex_Prkcg/Cck,subgroup_model,LogisticRegression,5.0,False,1
DM_ex_Zfhx3,11,excitatory,3298,2795584800123100094,DM_ex_Zfhx3,direct_section,,,True,1
DH_ex_Sox5/Tac1,5,excitatory,3305,2795584800125100087,DH_ex_Sox5/Tac1,subgroup_model,LogisticRegression,1.0,True,1
gamma_motoneuron,22,__NA__,3309,2795584800129100103,gamma_motoneuron,subgroup_model,LogisticRegression,40.0,True,1
gamma_motoneuron,22,__NA__,3310,2795584800129100148,gamma_motoneuron,subgroup_model,LogisticRegression,40.0,True,1
gamma_motoneuron,22,__NA__,3312,2795584800130100185,beta_motoneuron,subgroup_model,LogisticRegression,40.0,False,1
oligodendrocyte_progenitor_2,__NA__,__NA__,3315,2795584800136100096,meninges_3,subgroup_model,ExtraTrees,40.0,False,1
oligodendrocyte_1,__NA__,__NA__,3316,2795584800136100120,oligodendrocyte_2,subgroup_model,ExtraTrees,40.0,False,1
astrocyte_2,__NA__,__NA__,3319,2795584800136100155,astrocyte_2,subgroup_model,ExtraTrees,40.0,True,1
MV_in_Esrrb,14,inhibitory,3326,2795584800138100236,MV_in_Esrrb,direct_section_EI,,,True,1
DH_in_Npy,4,inhibitory,3327,2795584800138100282,DH_in_Npy,subgroup_model,LogisticRegression,1.0,True,1
MV_in_Sema5b,15,inhibitory,3333,2795584800149100350,MV_in_Sema5b,direct_section,,,True,1
DH_in_Pdyn,2,inhibitory,3342,2795584800161100197,DH_in_Pdyn,direct_section_EI,,,True,1
oligodendrocyte_2,__NA__,__NA__,3344,2795584800163100102,oligodendrocyte_2,subgroup_model,ExtraTrees,40.0,True,1
astrocyte_1,__NA__,__NA__,3345,2795584800166100035,oligodendrocyte_precursor_cell,subgroup_model,ExtraTrees,40.0,False,1
DH_ex_Cpne4,3,excitatory,3352,2795584800172100130,DH_ex_Cpne4,subgroup_model,RandomForest,40.0,True,1
oligodendrocyte_progenitor_2,__NA__,__NA__,3353,2795584800172100184,oligodendrocyte_progenitor_2,subgroup_model,ExtraTrees,40.0,True,1
DH_ex_Sox5/Tac1,5,excitatory,3354,2795584800173100249,DH_ex_Sox5/Tac1,subgroup_model,LogisticRegression,1.0,True,1
oligodendrocyte_precursor_cell,__NA__,__NA__,3362,2795584800185100220,oligodendrocyte_progenitor_1,subgroup_model,ExtraTrees,40.0,False,1
DH_ex_Tac2,8,excitatory,3363,2795584800185100229,DH_ex_Tac2,subgroup_model,LogisticRegression,5.0,True,1
DH_ex_Maf/Cck,10,excitatory,3367,2795584800188100277,DH_ex_Rreb1,subgroup_model,ExtraTrees,2.0,False,1
DH_in_Npy,4,inhibitory,3368,2795584800189100073,DH_in_Npy,subgroup_model,LogisticRegression,1.0,True,1
M_in_Tfap2b,12,inhibitory,3370,2795584800189100182,M_in_Tfap2b,direct_section,,,True,1
DH_in_Cdh3,10,inhibitory,3376,2795584800203100141,DH_in_Cdh3,subgroup_model,RandomForest,10.0,True,1
oligodendrocyte_progenitor_2,__NA__,__NA__,3381,2795584800204100209,oligodendrocyte_progenitor_2,subgroup_model,ExtraTrees,40.0,True,1
DH_in_Klhl14,10,inhibitory,3383,2795584800221100045,DH_in_Cdh3,subgroup_model,RandomForest,10.0,False,1
meninges_3,__NA__,__NA__,3386,2795584800222100094,meninges_3,subgroup_model,ExtraTrees,40.0,True,1
astrocyte_2,__NA__,__NA__,3387,2795584800222100100,meninges_2,subgroup_model,ExtraTrees,40.0,False,1
DH_in_Kcnip2,9,inhibitory,3388,2795584800224100042,DH_in_Npy2r,subgroup_model,RandomForest,40.0,False,1
astrocyte_1,__NA__,__NA__,3392,2795584800224100106,astrocyte_1,subgroup_model,ExtraTrees,40.0,True,1
DH_ex_Nmu/Tac2,8,excitatory,3393,2795584800225100168,DH_ex_Nmu/Tac2,subgroup_model,LogisticRegression,5.0,True,1
DH_ex_Reln/Npff,1,excitatory,3395,2795584800225100224,DH_ex_Reln/Npff,direct_section,,,True,1
oligodendrocyte_2,__NA__,__NA__,3396,2795584800225100281,oligodendrocyte_2,subgroup_model,ExtraTrees,40.0,True,1
DH_in_Cdh3,10,inhibitory,3398,2795584800226100152,DH_in_Cdh3,subgroup_model,RandomForest,10.0,True,1
DH_ex_Sox5/Tac1,5,excitatory,3402,2795584800237100075,DH_ex_Sox5/Tac1,subgroup_model,LogisticRegression,1.0,True,1
DM_ex_Zfhx3,11,excitatory,3406,2795584800238100152,DM_ex_Zfhx3,direct_section,,,True,1
DH_ex_Nmu/Tac2,8,excitatory,3407,2795584800238100221,DH_ex_Nmu/Tac2,subgroup_model,LogisticRegression,5.0,True,1
oligodendrocyte_precursor_cell,__NA__,__NA__,3408,2795584800238100291,oligodendrocyte_progenitor_1,subgroup_model,ExtraTrees,40.0,False,1
oligodendrocyte_progenitor_1,__NA__,__NA__,3409,2795584800238200179,oligodendrocyte_precursor_cell,subgroup_model,ExtraTrees,40.0,False,1
DH_ex_Prkcg/Rxfp1,6,excitatory,3413,2795584800240200158,DH_ex_Prkcg/Rxfp1,subgroup_model,ExtraTrees,40.0,True,1
oligodendrocyte_2,__NA__,__NA__,3414,2795584800241100080,oligodendrocyte_2,subgroup_model,ExtraTrees,40.0,True,1
endothelial,__NA__,__NA__,3416,2795584800241100160,endothelial,subgroup_model,ExtraTrees,40.0,True,1
DH_ex_Prkcg/Nts,8,excitatory,3424,2795584800324100118,DH_ex_Prkcg/Nts,subgroup_model,LogisticRegression,5.0,True,1
oligodendrocyte_2,__NA__,__NA__,3425,2795584800344100072,oligodendrocyte_2,subgroup_model,ExtraTrees,40.0,True,1
astrocyte_1,__NA__,__NA__,3431,2795584800352100059,oligodendrocyte_2,subgroup_model,ExtraTrees,40.0,False,1
oligodendrocyte_progenitor_2,__NA__,__NA__,3435,2795584800353100107,endothelial,subgroup_model,ExtraTrees,40.0,False,1
oligodendrocyte_progenitor_2,__NA__,__NA__,3436,2795584800353100199,oligodendrocyte_1,subgroup_model,ExtraTrees,40.0,False,1
astrocyte_1,__NA__,__NA__,3443,2795584800375100070,pericyte,subgroup_model,ExtraTrees,40.0,False,1
endothelial,__NA__,__NA__,3445,2795584800377100102,endothelial,subgroup_model,ExtraTrees,40.0,True,1
astrocyte_2,__NA__,__NA__,3446,2795584800378200068,astrocyte_2,subgroup_model,ExtraTrees,40.0,True,1
alpha_motoneuron,22,__NA__,3449,2795584800381100030,alpha_motoneuron,subgroup_model,LogisticRegression,40.0,True,1
oligodendrocyte_precursor_cell,__NA__,__NA__,3453,2795584800381100201,oligodendrocyte_precursor_cell,subgroup_model,ExtraTrees,40.0,True,1
oligodendrocyte_1,__NA__,__NA__,3456,2795584800382100074,oligodendrocyte_2,subgroup_model,ExtraTrees,40.0,False,1
oligodendrocyte_2,__NA__,__NA__,3458,2795584800383100039,ependymal,subgroup_model,ExtraTrees,40.0,False,1
MV_in_Gm26673,19,inhibitory,3461,2795584800385100112,MV_in_Gm26673,subgroup_model,LogisticRegression,20.0,True,1
astrocyte_1,__NA__,__NA__,3464,2795584800385100283,astrocyte_1,subgroup_model,ExtraTrees,40.0,True,1
endothelial,__NA__,__NA__,3465,2795584800385200012,oligodendrocyte_progenitor_2,subgroup_model,ExtraTrees,40.0,False,1
beta_motoneuron,22,__NA__,3466,2795584800386100024,alpha_motoneuron,subgroup_model,LogisticRegression,40.0,False,1
oligodendrocyte_progenitor_2,__NA__,__NA__,3469,2795584800388100087,ependymal,subgroup_model,ExtraTrees,40.0,False,1
oligodendrocyte_progenitor_2,__NA__,__NA__,3472,2795584800389100153,oligodendrocyte_progenitor_2,subgroup_model,ExtraTrees,40.0,True,1
gamma_motoneuron,22,__NA__,3474,2795584800391100090,gamma_motoneuron,subgroup_model,LogisticRegression,40.0,True,1
MV_in_Sema5b,15,inhibitory,3482,2795584800400100374,MV_in_Sema5b,direct_section,,,True,1
endothelial,__NA__,__NA__,3484,2795584800411100047,endothelial,subgroup_model,ExtraTrees,40.0,True,1
astrocyte_1,__NA__,__NA__,3495,2795584800413100082,astrocyte_1,subgroup_model,ExtraTrees,40.0,True,1
astrocyte_1,__NA__,__NA__,3497,2795584800413100180,astrocyte_1,subgroup_model,ExtraTrees,40.0,True,1
M_in_Tfap2b,12,inhibitory,3499,2795584800413100225,M_in_Tfap2b,direct_section,,,True,1
endothelial,__NA__,__NA__,3502,2795584800416100124,endothelial,subgroup_model,ExtraTrees,40.0,True,1
astrocyte_2,__NA__,__NA__,3503,2795584800416100142,astrocyte_2,subgroup_model,ExtraTrees,40.0,True,1
oligodendrocyte_progenitor_2,__NA__,__NA__,3505,2795584800418100055,oligodendrocyte_progenitor_2,subgroup_model,ExtraTrees,40.0,True,1
MV_ex_Syt2,14,excitatory,3512,2795584800419100162,MV_ex_Syt2,direct_section_EI,,,True,1
oligodendrocyte_progenitor_2,__NA__,__NA__,3515,2795584800419100238,oligodendrocyte_progenitor_2,subgroup_model,ExtraTrees,40.0,True,1
M_ex_Vsx2/Shox2,20,excitatory,3519,2795584800421100048,M_ex_Vsx2,subgroup_model,ExtraTrees,2.0,False,1
endothelial,__NA__,__NA__,3520,2795584800421100152,endothelial,subgroup_model,ExtraTrees,40.0,True,1
oligodendrocyte_progenitor_2,__NA__,__NA__,3521,2795584800421100200,microglia,subgroup_model,ExtraTrees,40.0,False,1
oligodendrocyte_2,__NA__,__NA__,3524,2795584800424100151,oligodendrocyte_2,subgroup_model,ExtraTrees,40.0,True,1
astrocyte_2,__NA__,__NA__,3527,2795584800428100052,astrocyte_1,subgroup_model,ExtraTrees,40.0,False,1
DH_ex_Prkcg/Rxfp1,6,excitatory,3529,2795584800434100164,DH_ex_Grp,subgroup_model,ExtraTrees,40.0,False,1
DH_ex_Grpr,2,excitatory,3530,2795584800434100172,DH_ex_Grpr,subgroup_model,RandomForest,2.0,True,1
DH_ex_Nmu/Tac2,8,excitatory,3537,2795584800435100297,DH_ex_Nmu/Tac2,subgroup_model,LogisticRegression,5.0,True,1
DH_ex_Sox5/Tac1,5,excitatory,3540,2795584800436100096,DH_ex_Sox5/Tac1,subgroup_model,LogisticRegression,1.0,True,1
DH_in_Cdh3,10,inhibitory,3547,2795584800447100149,DH_in_Cdh3,subgroup_model,RandomForest,10.0,True,1
endothelial,__NA__,__NA__,3552,2795584800448100083,endothelial,subgroup_model,ExtraTrees,40.0,True,1
microglia,__NA__,__NA__,3556,2795584800449100136,microglia,subgroup_model,ExtraTrees,40.0,True,1
DH_ex_Prkcg/Cck,8,excitatory,3563,2795584800450100198,DH_ex_Prkcg/Nts,subgroup_model,LogisticRegression,5.0,False,1
DH_ex_Nmu/Tac2,8,excitatory,3568,2795584800454100158,DH_ex_Nmu/Tac2,subgroup_model,LogisticRegression,5.0,True,1
DH_in_Pdyn,2,inhibitory,3569,2795584800454100186,DH_in_Pdyn,direct_section_EI,,,True,1
DH_ex_Grpr,2,excitatory,3571,2795584800454100256,DH_ex_Gpr83,subgroup_model,RandomForest,2.0,False,1
oligodendrocyte_progenitor_2,__NA__,__NA__,3573,2795584800456100071,oligodendrocyte_progenitor_2,subgroup_model,ExtraTrees,40.0,True,1
astrocyte_2,__NA__,__NA__,3582,2795584800471100091,astrocyte_2,subgroup_model,ExtraTrees,40.0,True,1
oligodendrocyte_progenitor_2,__NA__,__NA__,3586,2795584800476100046,endothelial,subgroup_model,ExtraTrees,40.0,False,1
DH_in_Rorb,7,inhibitory,3589,2795584800476100231,DH_in_Rorb,direct_section,,,True,1
DH_ex_Nmu/Tac2,8,excitatory,3590,2795584800477100080,DH_ex_Nmu/Tac2,subgroup_model,LogisticRegression,5.0,True,1
DH_ex_Sox5,5,excitatory,3594,2795584800485100054,DH_ex_Sox5,subgroup_model,LogisticRegression,1.0,True,1
DH_ex_Sox5,5,excitatory,3595,2795584800485100063,DH_ex_Sox5,subgroup_model,LogisticRegression,1.0,True,1
astrocyte_2,__NA__,__NA__,3596,2795584800491100106,astrocyte_1,subgroup_model,ExtraTrees,40.0,False,1
DH_ex_Cpne4,3,excitatory,3597,2795584800492100073,DH_ex_Cpne4,subgroup_model,RandomForest,40.0,True,1
DH_in_Cdh3,10,inhibitory,3605,2795584800494100080,DH_in_Klhl14,subgroup_model,RandomForest,10.0,False,1
astrocyte_1,__NA__,__NA__,3606,2795584800494100090,astrocyte_1,subgroup_model,ExtraTrees,40.0,True,1
DH_in_Cdh3,10,inhibitory,3607,2795584800494100146,DH_in_Cdh3,subgroup_model,RandomForest,10.0,True,1
DH_ex_Reln/Nmur2,3,excitatory,3609,2795584800494100150,DH_ex_Reln/Nmur2,subgroup_model,RandomForest,40.0,True,1
astrocyte_1,__NA__,__NA__,3614,2795584800584200041,astrocyte_1,subgroup_model,ExtraTrees,40.0,True,1
MV_in_Sema5b,15,inhibitory,3615,2795584800585100121,MV_in_Sema5b,direct_section,,,True,1
oligodendrocyte_progenitor_2,__NA__,__NA__,3617,2795584800589100125,astrocyte_1,subgroup_model,ExtraTrees,40.0,False,1
alpha_motoneuron,22,__NA__,3624,2795584800638200099,alpha_motoneuron,subgroup_model,LogisticRegression,40.0,True,1
oligodendrocyte_1,__NA__,__NA__,3625,2795584800639100111,oligodendrocyte_progenitor_2,subgroup_model,ExtraTrees,40.0,False,1
oligodendrocyte_progenitor_1,__NA__,__NA__,3628,2795584800655100123,oligodendrocyte_precursor_cell,subgroup_model,ExtraTrees,40.0,False,1
DM_ex_Zfhx3,11,excitatory,3629,2795584800660100042,DM_ex_Zfhx3,direct_section,,,True,1
oligodendrocyte_1,__NA__,__NA__,3633,2795584800670100065,oligodendrocyte_1,subgroup_model,ExtraTrees,40.0,True,1
oligodendrocyte_1,__NA__,__NA__,3635,2795584800671100252,meninges_1,subgroup_model,ExtraTrees,40.0,False,1
MV_in_Gm26673,19,inhibitory,3636,2795584800672100195,MV_in_Gm26673,subgroup_model,LogisticRegression,20.0,True,1
MV_in_Sema5b,15,inhibitory,3637,2795584800674100070,MV_in_Sema5b,direct_section,,,True,1
oligodendrocyte_1,__NA__,__NA__,3638,2795584800674100123,oligodendrocyte_progenitor_2,subgroup_model,ExtraTrees,40.0,False,1
oligodendrocyte_2,__NA__,__NA__,3640,2795584800679100065,oligodendrocyte_2,subgroup_model,ExtraTrees,40.0,True,1
DH_ex_Maf/Cck,10,excitatory,3642,2795584800696100019,DH_ex_Maf/Cck,subgroup_model,ExtraTrees,2.0,True,1
M_in_Tfap2b,12,inhibitory,3651,2795584800709100079,M_in_Tfap2b,direct_section,,,True,1
DH_in_Pdyn/Gal,5,inhibitory,3653,2795584800710100051,DH_in_Pdyn/Gal,direct_section_EI,,,True,1
Schwann_cell,__NA__,__NA__,3664,2795584800740100020,Schwann_cell,subgroup_model,ExtraTrees,40.0,True,1
DH_in_Npy,4,inhibitory,3670,2795584800749100172,DH_in_Npy,subgroup_model,LogisticRegression,1.0,True,1
DH_ex_Maf/Cck,10,excitatory,3672,2795903600006100051,DH_ex_Maf/Slc17a8,subgroup_model,ExtraTrees,2.0,False,1
M_ex_Vsx2,20,excitatory,3681,2795903600032100231,M_ex_Vsx2,subgroup_model,ExtraTrees,2.0,True,1
DH_ex_Reln/Nmur2,3,excitatory,3687,2795903600059100029,DH_ex_Reln/Nmur2,subgroup_model,RandomForest,40.0,True,1
M_in_Tfap2b,12,inhibitory,3697,2795903600115100122,M_in_Tfap2b,direct_section,,,True,1
gamma_motoneuron,22,__NA__,3701,2795903600140100211,gamma_motoneuron,subgroup_model,LogisticRegression,40.0,True,1
oligodendrocyte_progenitor_2,__NA__,__NA__,3703,2795903600141100184,oligodendrocyte_2,subgroup_model,ExtraTrees,40.0,False,1
astrocyte_2,__NA__,__NA__,3708,2795903600144100058,astrocyte_2,subgroup_model,ExtraTrees,40.0,True,1
DH_in_Npy2r,9,inhibitory,3712,2795903600159100113,DH_in_Kcnip2,subgroup_model,RandomForest,40.0,False,1
MV_in_Gm26673,19,inhibitory,3715,2795903600168100273,MV_in_Gm26673,subgroup_model,LogisticRegression,20.0,True,1
oligodendrocyte_progenitor_2,__NA__,__NA__,3717,2795903600169100089,oligodendrocyte_2,subgroup_model,ExtraTrees,40.0,False,1
DH_in_Pdyn,2,inhibitory,3722,2795903600186100133,DH_in_Pdyn,direct_section_EI,,,True,1
oligodendrocyte_progenitor_2,__NA__,__NA__,3725,2795903600194100088,oligodendrocyte_progenitor_2,subgroup_model,ExtraTrees,40.0,True,1
astrocyte_1,__NA__,__NA__,3727,2795903600194100139,astrocyte_1,subgroup_model,ExtraTrees,40.0,True,1
M_ex_Vsx2/Shox2,20,excitatory,3731,2795903600211100265,M_ex_Vsx2/Shox2,subgroup_model,ExtraTrees,2.0,True,1
endothelial,__NA__,__NA__,3739,2795903600241200127,endothelial,subgroup_model,ExtraTrees,40.0,True,1
astrocyte_1,__NA__,__NA__,3741,2795903600242100254,astrocyte_1,subgroup_model,ExtraTrees,40.0,True,1
DH_in_Npy2r,9,inhibitory,3742,2795903600243100106,DH_in_Kcnip2,subgroup_model,RandomForest,40.0,False,1
DH_ex_Nmu/Tac2,8,excitatory,3743,2795903600243100142,DH_ex_Prkcg/Nts,subgroup_model,LogisticRegression,5.0,False,1
oligodendrocyte_progenitor_1,__NA__,__NA__,3748,2795903600267100066,oligodendrocyte_progenitor_1,subgroup_model,ExtraTrees,40.0,True,1
oligodendrocyte_1,__NA__,__NA__,3749,2795903600267100112,oligodendrocyte_1,subgroup_model,ExtraTrees,40.0,True,1
alpha_motoneuron,22,__NA__,3761,2795903600293100148,alpha_motoneuron,subgroup_model,LogisticRegression,40.0,True,1
oligodendrocyte_2,__NA__,__NA__,3764,2795903600299100132,oligodendrocyte_2,subgroup_model,ExtraTrees,40.0,True,1
DH_ex_Grp,6,excitatory,3766,2795903600300100055,DH_ex_Grp,subgroup_model,ExtraTrees,40.0,True,1
DH_ex_Tac2,8,excitatory,3768,2795903600300100103,DH_ex_Prkcg/Nts,subgroup_model,LogisticRegression,5.0,False,1
DH_ex_Maf/Cck,10,excitatory,3772,2795903600301100217,DH_ex_Maf/Slc17a8,subgroup_model,ExtraTrees,2.0,False,1
meninges_1,__NA__,__NA__,3775,2795903600302100050,meninges_2,subgroup_model,ExtraTrees,40.0,False,1
DH_ex_Sox5,5,excitatory,3784,2795903600322100135,DH_ex_Sox5,subgroup_model,LogisticRegression,1.0,True,1
astrocyte_1,__NA__,__NA__,3785,2795903600322100199,astrocyte_2,subgroup_model,ExtraTrees,40.0,False,1
MV_in_Sema5b,15,inhibitory,3786,2795903600322100204,MV_in_Sema5b,direct_section,,,True,1
astrocyte_2,__NA__,__NA__,3788,2795903600323100066,endothelial,subgroup_model,ExtraTrees,40.0,False,1
DH_ex_Grpr,2,excitatory,3789,2795903600328100169,DH_ex_Grpr,subgroup_model,RandomForest,2.0,True,1
astrocyte_1,__NA__,__NA__,3792,2795903600346100094,astrocyte_1,subgroup_model,ExtraTrees,40.0,True,1
MV_in_Chrna2,19,inhibitory,3793,2795903600346100134,MV_in_Chrna2,subgroup_model,LogisticRegression,20.0,True,1
oligodendrocyte_progenitor_2,__NA__,__NA__,3794,2795903600346100138,oligodendrocyte_progenitor_2,subgroup_model,ExtraTrees,40.0,True,1
oligodendrocyte_2,__NA__,__NA__,3796,2795903600346100205,oligodendrocyte_2,subgroup_model,ExtraTrees,40.0,True,1
oligodendrocyte_progenitor_2,__NA__,__NA__,3798,2795903600347100087,oligodendrocyte_progenitor_2,subgroup_model,ExtraTrees,40.0,True,1
MV_in_Gm26673,19,inhibitory,3800,2795903600347100266,MV_in_Gm26673,subgroup_model,LogisticRegression,20.0,True,1
oligodendrocyte_2,__NA__,__NA__,3804,2795903600348100132,microglia,subgroup_model,ExtraTrees,40.0,False,1
endothelial,__NA__,__NA__,3810,2795903600352100050,astrocyte_1,subgroup_model,ExtraTrees,40.0,False,1
ependymal,__NA__,__NA__,3811,2795903600353100108,ependymal,subgroup_model,ExtraTrees,40.0,True,1
microglia,__NA__,__NA__,3814,2795903600353200105,microglia,subgroup_model,ExtraTrees,40.0,True,1
DH_ex_Nmu/Tac2,8,excitatory,3821,2795903600355100061,DH_ex_Nmu/Tac2,subgroup_model,LogisticRegression,5.0,True,1
astrocyte_1,__NA__,__NA__,3826,2795903600372100097,astrocyte_1,subgroup_model,ExtraTrees,40.0,True,1
astrocyte_1,__NA__,__NA__,3831,2795903600379100167,oligodendrocyte_precursor_cell,subgroup_model,ExtraTrees,40.0,False,1
oligodendrocyte_2,__NA__,__NA__,3832,2795903600380200032,endothelial,subgroup_model,ExtraTrees,40.0,False,1
oligodendrocyte_1,__NA__,__NA__,3833,2795903600381100038,microglia,subgroup_model,ExtraTrees,40.0,False,1
DH_ex_Maf/Cpne4,10,excitatory,3839,2795903600401100209,DH_ex_Maf/Cck,subgroup_model,ExtraTrees,2.0,False,1
oligodendrocyte_2,__NA__,__NA__,3842,2795903600402100076,oligodendrocyte_precursor_cell,subgroup_model,ExtraTrees,40.0,False,1
oligodendrocyte_2,__NA__,__NA__,3843,2795903600408100072,oligodendrocyte_2,subgroup_model,ExtraTrees,40.0,True,1
astrocyte_2,__NA__,__NA__,3844,2795903600409100079,oligodendrocyte_precursor_cell,subgroup_model,ExtraTrees,40.0,False,1
DH_ex_Reln/Nmur2,3,excitatory,3850,2795903600412100055,DH_ex_Reln/Nmur2,subgroup_model,RandomForest,40.0,True,1
astrocyte_1,__NA__,__NA__,3851,2795903600427100147,microglia,subgroup_model,ExtraTrees,40.0,False,1
oligodendrocyte_progenitor_2,__NA__,__NA__,3852,2795903600427100241,oligodendrocyte_progenitor_2,subgroup_model,ExtraTrees,40.0,True,1
DH_ex_Prkcg/Rxfp1,6,excitatory,3856,2795903600428100076,DH_ex_Grp,subgroup_model,ExtraTrees,40.0,False,1
oligodendrocyte_2,__NA__,__NA__,3857,2795903600428100079,oligodendrocyte_progenitor_1,subgroup_model,ExtraTrees,40.0,False,1
oligodendrocyte_precursor_cell,__NA__,__NA__,3859,2795903600435100030,astrocyte_1,subgroup_model,ExtraTrees,40.0,False,1
alpha_motoneuron,22,__NA__,3860,2795903600435100165,alpha_motoneuron,subgroup_model,LogisticRegression,40.0,True,1
oligodendrocyte_progenitor_2,__NA__,__NA__,3862,2795903600436100138,oligodendrocyte_progenitor_2,subgroup_model,ExtraTrees,40.0,True,1
MV_in_Gm26673,19,inhibitory,3863,2795903600436100267,MV_in_Gm26673,subgroup_model,LogisticRegression,20.0,True,1
endothelial,__NA__,__NA__,3864,2795903600436100270,endothelial,subgroup_model,ExtraTrees,40.0,True,1
oligodendrocyte_progenitor_2,__NA__,__NA__,3869,2795903600437100233,oligodendrocyte_progenitor_2,subgroup_model,ExtraTrees,40.0,True,1
DH_ex_Maf/Slc17a8,10,excitatory,3872,2795903600438100162,DH_ex_Rreb1,subgroup_model,ExtraTrees,2.0,False,1
oligodendrocyte_progenitor_1,__NA__,__NA__,3875,2795903600438100226,oligodendrocyte_progenitor_1,subgroup_model,ExtraTrees,40.0,True,1
oligodendrocyte_progenitor_2,__NA__,__NA__,3880,2795903600454100089,oligodendrocyte_2,subgroup_model,ExtraTrees,40.0,False,1
DH_ex_Prkcg/Cck,8,excitatory,3887,2795903600455100139,DH_ex_Prkcg/Nts,subgroup_model,LogisticRegression,5.0,False,1
oligodendrocyte_progenitor_2,__NA__,__NA__,3889,2795903600461100026,microglia,subgroup_model,ExtraTrees,40.0,False,1
endothelial,__NA__,__NA__,3899,2795903600464200107,oligodendrocyte_2,subgroup_model,ExtraTrees,40.0,False,1
astrocyte_1,__NA__,__NA__,3900,2795903600480100040,astrocyte_1,subgroup_model,ExtraTrees,40.0,True,1
DH_in_Pdyn/Gal,5,inhibitory,3907,2795903600481100179,DH_in_Pdyn/Gal,direct_section_EI,,,True,1
astrocyte_1,__NA__,__NA__,3910,2795903600489100085,astrocyte_1,subgroup_model,ExtraTrees,40.0,True,1
M_ex_Vsx2,20,excitatory,3913,2795903600489100272,M_ex_Vsx2,subgroup_model,ExtraTrees,2.0,True,1
DH_in_Cdh3,10,inhibitory,3915,2795903600490100127,DH_in_Cdh3,subgroup_model,RandomForest,10.0,True,1
MV_in_Esrrb,14,inhibitory,3916,2795903600490100171,MV_in_Esrrb,direct_section_EI,,,True,1
oligodendrocyte_2,__NA__,__NA__,3917,2795903600491200037,oligodendrocyte_2,subgroup_model,ExtraTrees,40.0,True,1
endothelial,__NA__,__NA__,3922,2795903600516100151,endothelial,subgroup_model,ExtraTrees,40.0,True,1
DH_ex_Grp,6,excitatory,3923,2795903600517100029,DH_ex_Grp,subgroup_model,ExtraTrees,40.0,True,1
oligodendrocyte_progenitor_2,__NA__,__NA__,3932,2795903600540100023,oligodendrocyte_2,subgroup_model,ExtraTrees,40.0,False,1
meninges_1,__NA__,__NA__,3937,2795903600544100053,meninges_1,subgroup_model,ExtraTrees,40.0,True,1
DH_ex_Sox5,5,excitatory,3939,2795903600563100188,DH_ex_Sox5,subgroup_model,LogisticRegression,1.0,True,1
meninges_2,__NA__,__NA__,3942,2795903600570100094,meninges_1,subgroup_model,ExtraTrees,40.0,False,1
MV_ex_Syt2,14,excitatory,3948,2795903600589100275,MV_ex_Syt2,direct_section_EI,,,True,1
MV_in_Gabra1,16,inhibitory,3952,2795903600590100281,MV_in_Gabra1,direct_section,,,True,1
alpha_motoneuron,22,__NA__,3957,2795903600613100082,alpha_motoneuron,subgroup_model,LogisticRegression,40.0,True,1
microglia,__NA__,__NA__,3966,2795903600616100043,microglia,subgroup_model,ExtraTrees,40.0,True,1
DM_ex_Zfhx3,11,excitatory,3969,2795903600616100088,DM_ex_Zfhx3,direct_section,,,True,1
oligodendrocyte_2,__NA__,__NA__,3975,2795903600640100191,oligodendrocyte_2,subgroup_model,ExtraTrees,40.0,True,1
astrocyte_1,__NA__,__NA__,3980,2795903600642100147,astrocyte_1,subgroup_model,ExtraTrees,40.0,True,1
oligodendrocyte_progenitor_2,__NA__,__NA__,3981,2795903600642100171,meninges_3,subgroup_model,ExtraTrees,40.0,False,1
oligodendrocyte_progenitor_2,__NA__,__NA__,3986,2795903600669100153,oligodendrocyte_progenitor_2,subgroup_model,ExtraTrees,40.0,True,1
oligodendrocyte_progenitor_2,__NA__,__NA__,3987,2795903600669100212,oligodendrocyte_progenitor_2,subgroup_model,ExtraTrees,40.0,True,1
MV_in_Chrna2,19,inhibitory,3989,2795903600669100283,MV_in_Chrna2,subgroup_model,LogisticRegression,20.0,True,1
astrocyte_1,__NA__,__NA__,3992,2795903600669200108,astrocyte_1,subgroup_model,ExtraTrees,40.0,True,1
DH_ex_Sox5,5,excitatory,3994,2795903600670100068,DH_ex_Sox5,subgroup_model,LogisticRegression,1.0,True,1
DH_ex_Grpr,2,excitatory,3995,2795903600670100081,DH_ex_Grpr,subgroup_model,RandomForest,2.0,True,1
meninges_1,__NA__,__NA__,3996,2795903600670100112,meninges_1,subgroup_model,ExtraTrees,40.0,True,1
oligodendrocyte_progenitor_2,__NA__,__NA__,3997,2795903600670100187,ependymal,subgroup_model,ExtraTrees,40.0,False,1
DH_in_Cdh3,4,inhibitory,3999,2795903600670100221,DH_in_Cdh3,subgroup_model,LogisticRegression,1.0,True,1
oligodendrocyte_1,__NA__,__NA__,4005,2795903600694200027,oligodendrocyte_progenitor_2,subgroup_model,ExtraTrees,40.0,False,1
DH_in_Pdyn/Gal,5,inhibitory,4007,2795903600696100024,DH_in_Pdyn/Gal,direct_section_EI,,,True,1
oligodendrocyte_progenitor_2,__NA__,__NA__,4011,2796212800046100088,meninges_3,subgroup_model,ExtraTrees,40.0,False,1
MV_in_Esrrb,14,inhibitory,4012,2796212800046100161,MV_in_Esrrb,direct_section_EI,,,True,1
DM_ex_Zfhx3,11,excitatory,4015,2796212800080100016,DM_ex_Zfhx3,direct_section,,,True,1
DH_in_Pdyn,2,inhibitory,4016,2796212800080100018,DH_in_Pdyn,direct_section_EI,,,True,1
MV_in_Gm26673,19,inhibitory,4021,2796212800109100042,MV_in_Gm26673,subgroup_model,LogisticRegression,20.0,True,1
MV_in_Sema5b,15,inhibitory,4023,2796212800109100150,MV_in_Sema5b,direct_section,,,True,1
M_ex_Vsx2,20,excitatory,4028,2796212800110100105,M_ex_Vsx2,subgroup_model,ExtraTrees,2.0,True,1
DH_in_Cdh3,10,inhibitory,4029,2796212800110100199,DH_in_Cdh3,subgroup_model,RandomForest,10.0,True,1
DH_ex_Prkcg/Cck,8,excitatory,4031,2796212800111100041,DH_ex_Prkcg/Cck,subgroup_model,LogisticRegression,5.0,True,1
endothelial,__NA__,__NA__,4036,2796212800142100152,endothelial,subgroup_model,ExtraTrees,40.0,True,1
DH_in_Npy2r,9,inhibitory,4038,2796212800142100232,DH_in_Npy2r,subgroup_model,RandomForest,40.0,True,1
M_in_Tfap2b,12,inhibitory,4039,2796212800142200009,M_in_Tfap2b,direct_section,,,True,1
astrocyte_1,__NA__,__NA__,4046,2796212800207200125,astrocyte_1,subgroup_model,ExtraTrees,40.0,True,1
gamma_motoneuron,22,__NA__,4049,2796212800231100142,gamma_motoneuron,subgroup_model,LogisticRegression,40.0,True,1
astrocyte_1,__NA__,__NA__,4050,2796212800232100155,astrocyte_1,subgroup_model,ExtraTrees,40.0,True,1
MV_in_Sema5b,15,inhibitory,4052,2796212800232200076,MV_in_Sema5b,direct_section,,,True,1
microglia,__NA__,__NA__,4054,2796212800238100173,microglia,subgroup_model,ExtraTrees,40.0,True,1
alpha_motoneuron,22,__NA__,4055,2796212800238100207,alpha_motoneuron,subgroup_model,LogisticRegression,40.0,True,1
oligodendrocyte_progenitor_2,__NA__,__NA__,4057,2796212800239100022,astrocyte_1,subgroup_model,ExtraTrees,40.0,False,1
oligodendrocyte_2,__NA__,__NA__,4058,2796212800239100191,oligodendrocyte_2,subgroup_model,ExtraTrees,40.0,True,1
oligodendrocyte_precursor_cell,__NA__,__NA__,4059,2796212800240100232,oligodendrocyte_precursor_cell,subgroup_model,ExtraTrees,40.0,True,1
oligodendrocyte_progenitor_1,__NA__,__NA__,4061,2796212800242100196,oligodendrocyte_progenitor_1,subgroup_model,ExtraTrees,40.0,True,1
oligodendrocyte_progenitor_1,__NA__,__NA__,4064,2796212800249100014,oligodendrocyte_precursor_cell,subgroup_model,ExtraTrees,40.0,False,1
gamma_motoneuron,22,__NA__,4075,2796212800271100130,gamma_motoneuron,subgroup_model,LogisticRegression,40.0,True,1
gamma_motoneuron,22,__NA__,4077,2796212800295100034,gamma_motoneuron,subgroup_model,LogisticRegression,40.0,True,1
M_ex_Vsx2,20,excitatory,4083,2796212800296100080,M_ex_Vsx2,subgroup_model,ExtraTrees,2.0,True,1
oligodendrocyte_1,__NA__,__NA__,4085,2796212800296100103,oligodendrocyte_progenitor_2,subgroup_model,ExtraTrees,40.0,False,1
DH_ex_Maf/Cck,10,excitatory,4089,2796212800297100083,DH_ex_Maf/Slc17a8,subgroup_model,ExtraTrees,2.0,False,1
DH_ex_Rreb1,10,excitatory,4090,2796212800297100156,DH_ex_Maf/Slc17a8,subgroup_model,ExtraTrees,2.0,False,1
oligodendrocyte_1,__NA__,__NA__,4095,2796212800328100098,ependymal,subgroup_model,ExtraTrees,40.0,False,1
oligodendrocyte_2,__NA__,__NA__,4097,2796212800330100077,oligodendrocyte_2,subgroup_model,ExtraTrees,40.0,True,1
DH_ex_Rreb1,10,excitatory,4099,2796212800333100154,DH_ex_Rreb1,subgroup_model,ExtraTrees,2.0,True,1
oligodendrocyte_2,__NA__,__NA__,4104,2796212800339100029,oligodendrocyte_2,subgroup_model,ExtraTrees,40.0,True,1
oligodendrocyte_precursor_cell,__NA__,__NA__,4106,2796212800343100066,oligodendrocyte_progenitor_1,subgroup_model,ExtraTrees,40.0,False,1
oligodendrocyte_1,__NA__,__NA__,4107,2796212800343100093,oligodendrocyte_progenitor_2,subgroup_model,ExtraTrees,40.0,False,1
DH_ex_Prkcg/Cck,8,excitatory,4112,2796212800355100124,DH_ex_Prkcg/Nts,subgroup_model,LogisticRegression,5.0,False,1
astrocyte_2,__NA__,__NA__,4113,2796212800356100047,astrocyte_1,subgroup_model,ExtraTrees,40.0,False,1
DH_ex_Tac2,8,excitatory,4124,2796212800365100048,DH_ex_Tac2,subgroup_model,LogisticRegression,5.0,True,1
DM_ex_Zfhx3,11,excitatory,4132,2796212800375100085,DM_ex_Zfhx3,direct_section,,,True,1
DH_ex_Maf/Cck,10,excitatory,4135,2796212800376100010,DH_ex_Maf/Slc17a8,subgroup_model,ExtraTrees,2.0,False,1
MV_in_Gm26673,19,inhibitory,4140,2796212800387100292,MV_in_Gm26673,subgroup_model,LogisticRegression,20.0,True,1
oligodendrocyte_1,__NA__,__NA__,4142,2796212800388100187,endothelial,subgroup_model,ExtraTrees,40.0,False,1
gamma_motoneuron,22,__NA__,4145,2796212800394100070,gamma_motoneuron,subgroup_model,LogisticRegression,40.0,True,1
DH_in_Cdh3,10,inhibitory,4150,2796212800397100261,DH_in_Cdh3,subgroup_model,RandomForest,10.0,True,1
DH_ex_Gpr83,2,excitatory,4152,2796212800398100084,DH_ex_Gpr83,subgroup_model,RandomForest,2.0,True,1
astrocyte_1,__NA__,__NA__,4154,2796212800398100139,astrocyte_1,subgroup_model,ExtraTrees,40.0,True,1
DH_ex_Prkcg/Cck,8,excitatory,4160,2796212800399100109,DH_ex_Tac2,subgroup_model,LogisticRegression,5.0,False,1
DH_in_Pdyn,2,inhibitory,4161,2796212800399100132,DH_in_Pdyn,direct_section_EI,,,True,1
oligodendrocyte_progenitor_2,__NA__,__NA__,4164,2796212800408100142,meninges_3,subgroup_model,ExtraTrees,40.0,False,1
oligodendrocyte_progenitor_2,__NA__,__NA__,4166,2796212800408200068,oligodendrocyte_progenitor_2,subgroup_model,ExtraTrees,40.0,True,1
oligodendrocyte_progenitor_2,__NA__,__NA__,4171,2796212800419100185,oligodendrocyte_progenitor_2,subgroup_model,ExtraTrees,40.0,True,1
DM_ex_Zfhx3,11,excitatory,4174,2796212800420100232,DM_ex_Zfhx3,direct_section,,,True,1
DH_ex_Prkcg/Rxfp1,6,excitatory,4175,2796212800421100022,DH_ex_Grp,subgroup_model,ExtraTrees,40.0,False,1
astrocyte_2,__NA__,__NA__,4179,2796212800423100040,astrocyte_2,subgroup_model,ExtraTrees,40.0,True,1
astrocyte_2,__NA__,__NA__,4184,2796212800427100092,oligodendrocyte_2,subgroup_model,ExtraTrees,40.0,False,1
endothelial,__NA__,__NA__,4187,2796212800429100245,oligodendrocyte_1,subgroup_model,ExtraTrees,40.0,False,1
MV_in_Gabra1,16,inhibitory,4188,2796212800429100306,MV_in_Gabra1,direct_section,,,True,1
DH_ex_Reln/Nmur2,3,excitatory,4192,2796212800431100019,DH_ex_Reln/Nmur2,subgroup_model,RandomForest,40.0,True,1
DH_ex_Maf/Cck,10,excitatory,4193,2796212800431100020,DH_ex_Rreb1,subgroup_model,ExtraTrees,2.0,False,1
oligodendrocyte_1,__NA__,__NA__,4204,2796212800454200071,oligodendrocyte_1,subgroup_model,ExtraTrees,40.0,True,1
astrocyte_2,__NA__,__NA__,4206,2796212800456100030,astrocyte_2,subgroup_model,ExtraTrees,40.0,True,1
DH_in_Npy2r,9,inhibitory,4213,2796212800456100298,DH_in_Kcnip2,subgroup_model,RandomForest,40.0,False,1
oligodendrocyte_progenitor_2,__NA__,__NA__,4215,2796212800457100043,oligodendrocyte_progenitor_2,subgroup_model,ExtraTrees,40.0,True,1
DH_ex_Cpne4,3,excitatory,4218,2796212800457100145,DH_ex_Cpne4,subgroup_model,RandomForest,40.0,True,1
oligodendrocyte_1,__NA__,__NA__,4224,2796212800461200087,oligodendrocyte_progenitor_1,subgroup_model,ExtraTrees,40.0,False,1
astrocyte_1,__NA__,__NA__,4233,2796212800486100237,astrocyte_1,subgroup_model,ExtraTrees,40.0,True,1
MV_ex_Shox2,18,excitatory,4235,2796212800487100095,MV_ex_Shox2,direct_section,,,True,1
DH_in_Klhl14,10,inhibitory,4241,2796212800489100033,DH_in_Cdh3,subgroup_model,RandomForest,10.0,False,1
astrocyte_1,__NA__,__NA__,4243,2796212800489100071,endothelial,subgroup_model,ExtraTrees,40.0,False,1
oligodendrocyte_progenitor_2,__NA__,__NA__,4244,2796212800494100029,oligodendrocyte_2,subgroup_model,ExtraTrees,40.0,False,1
oligodendrocyte_1,__NA__,__NA__,4247,2796212800519100058,oligodendrocyte_1,subgroup_model,ExtraTrees,40.0,True,1
DH_in_Pdyn,2,inhibitory,4255,2796212800529100110,DH_in_Pdyn,direct_section_EI,,,True,1
peripheral_glia,__NA__,__NA__,4266,2796212800537200010,peripheral_glia,subgroup_model,ExtraTrees,40.0,True,1
DH_ex_Grpr,2,excitatory,4276,2796212800554100029,DH_ex_Gpr83,subgroup_model,RandomForest,2.0,False,1
oligodendrocyte_2,__NA__,__NA__,4279,2796212800554100257,oligodendrocyte_2,subgroup_model,ExtraTrees,40.0,True,1
oligodendrocyte_progenitor_2,__NA__,__NA__,4283,2796212800561100084,oligodendrocyte_1,subgroup_model,ExtraTrees,40.0,False,1
MV_in_Sema5b,15,inhibitory,4284,2796212800561100162,MV_in_Sema5b,direct_section,,,True,1
MV_in_Gm26673,19,inhibitory,4285,2796212800561100246,MV_in_Gm26673,subgroup_model,LogisticRegression,20.0,True,1
astrocyte_2,__NA__,__NA__,4287,2796212800562100175,oligodendrocyte_progenitor_1,subgroup_model,ExtraTrees,40.0,False,1
astrocyte_2,__NA__,__NA__,4288,2796212800563100112,astrocyte_2,subgroup_model,ExtraTrees,40.0,True,1
MV_in_Gm26673,19,inhibitory,4294,2796212800584100036,MV_in_Gm26673,subgroup_model,LogisticRegression,20.0,True,1
oligodendrocyte_progenitor_2,__NA__,__NA__,4295,2796212800585100050,meninges_3,subgroup_model,ExtraTrees,40.0,False,1
MV_ex_Shox2,18,excitatory,4296,2796212800585100061,MV_ex_Shox2,direct_section,,,True,1
oligodendrocyte_1,__NA__,__NA__,4297,2796212800585100122,endothelial,subgroup_model,ExtraTrees,40.0,False,1
MV_in_Sema5b,15,inhibitory,4298,2796212800585100134,MV_in_Sema5b,direct_section,,,True,1
DH_in_Rorb,7,inhibitory,4303,2796212800586100041,DH_in_Rorb,direct_section,,,True,1
oligodendrocyte_progenitor_2,__NA__,__NA__,4305,2796212800592100058,oligodendrocyte_2,subgroup_model,ExtraTrees,40.0,False,1
astrocyte_1,__NA__,__NA__,4306,2796212800593100063,astrocyte_1,subgroup_model,ExtraTrees,40.0,True,1
MV_ex_Syt2,14,excitatory,4312,2796212800593100290,MV_ex_Syt2,direct_section_EI,,,True,1
astrocyte_1,__NA__,__NA__,4316,2796212800594100237,astrocyte_1,subgroup_model,ExtraTrees,40.0,True,1
DH_ex_Reln/Nmur2,3,excitatory,4318,2796212800595100046,DH_ex_Reln/Nmur2,subgroup_model,RandomForest,40.0,True,1
DM_ex_Zfhx3,11,excitatory,4320,2796212800595100100,DM_ex_Zfhx3,direct_section,,,True,1
oligodendrocyte_1,__NA__,__NA__,4326,2796212800600100219,meninges_3,subgroup_model,ExtraTrees,40.0,False,1
oligodendrocyte_1,__NA__,__NA__,4329,2796212800617100009,oligodendrocyte_2,subgroup_model,ExtraTrees,40.0,False,1
endothelial,__NA__,__NA__,4331,2796212800625100072,endothelial,subgroup_model,ExtraTrees,40.0,True,1
alpha_motoneuron,22,__NA__,4335,2796212800625100274,alpha_motoneuron,subgroup_model,LogisticRegression,40.0,True,1
alpha_motoneuron,22,__NA__,4337,2796212800625100310,alpha_motoneuron,subgroup_model,LogisticRegression,40.0,True,1
oligodendrocyte_progenitor_2,__NA__,__NA__,4340,2796212800627100042,oligodendrocyte_1,subgroup_model,ExtraTrees,40.0,False,1
DH_in_Klhl14,10,inhibitory,4341,2796212800627100070,DH_in_Cdh3,subgroup_model,RandomForest,10.0,False,1
MV_in_Sema5b,15,inhibitory,4345,2796212800632100120,MV_in_Sema5b,direct_section,,,True,1
oligodendrocyte_1,__NA__,__NA__,4346,2796212800633100043,oligodendrocyte_2,subgroup_model,ExtraTrees,40.0,False,1
oligodendrocyte_2,__NA__,__NA__,4348,2796212800650100010,oligodendrocyte_2,subgroup_model,ExtraTrees,40.0,True,1
M_in_Tfap2b,12,inhibitory,4354,2796212800667100077,M_in_Tfap2b,direct_section,,,True,1
DH_ex_Gpr83,2,excitatory,4359,2796212800684100092,DH_ex_Gpr83,subgroup_model,RandomForest,2.0,True,1
astrocyte_1,__NA__,__NA__,4363,2796212800714100218,oligodendrocyte_precursor_cell,subgroup_model,ExtraTrees,40.0,False,1
gamma_motoneuron,22,__NA__,4364,2796212800714200091,gamma_motoneuron,subgroup_model,LogisticRegression,40.0,True,1
DM_ex_Zfhx3,11,excitatory,4365,2796212800715100151,DM_ex_Zfhx3,direct_section,,,True,1
DH_ex_Gpr83,2,excitatory,4367,2796212800715100166,DH_ex_Grpr,subgroup_model,RandomForest,2.0,False,1
oligodendrocyte_progenitor_2,__NA__,__NA__,4369,2796212800716100104,oligodendrocyte_progenitor_2,subgroup_model,ExtraTrees,40.0,True,1
DH_ex_Nmu/Tac2,8,excitatory,4370,2796212800716100105,DH_ex_Nmu/Tac2,subgroup_model,LogisticRegression,5.0,True,1
oligodendrocyte_1,__NA__,__NA__,4377,2796212800747100097,oligodendrocyte_precursor_cell,subgroup_model,ExtraTrees,40.0,False,1
MV_in_Gabra1,16,inhibitory,4379,2796212800747100155,MV_in_Gabra1,direct_section,,,True,1
DH_in_Npy,4,inhibitory,4383,2796212800748100208,DH_in_Npy,subgroup_model,LogisticRegression,1.0,True,1
M_in_Tfap2b,12,inhibitory,4390,2796212800779100104,M_in_Tfap2b,direct_section,,,True,1
endothelial,__NA__,__NA__,4391,2796212800779100157,endothelial,subgroup_model,ExtraTrees,40.0,True,1
visceral_motoneuron,20,__NA__,4392,2796212800779100178,visceral_motoneuron,direct_section_EI,,,True,1
MV_in_Esrrb,14,inhibitory,4393,2796212800779100214,MV_in_Esrrb,direct_section_EI,,,True,1
DH_ex_Tac2,8,excitatory,4395,2796212800780100164,DH_ex_Prkcg/Cck,subgroup_model,LogisticRegression,5.0,False,1
DH_in_Pdyn/Gal,5,inhibitory,4396,2796212800781100076,DH_in_Pdyn/Gal,direct_section_EI,,,True,1
alpha_motoneuron,22,__NA__,4398,2796212800789100056,alpha_motoneuron,subgroup_model,LogisticRegression,40.0,True,1
astrocyte_1,__NA__,__NA__,4407,2796212800791100075,astrocyte_1,subgroup_model,ExtraTrees,40.0,True,1
oligodendrocyte_1,__NA__,__NA__,4408,2796212800791100086,microglia,subgroup_model,ExtraTrees,40.0,False,1
meninges_1,__NA__,__NA__,4412,2796212800792100086,meninges_2,subgroup_model,ExtraTrees,40.0,False,1
DH_ex_Tac2,8,excitatory,4413,2796212800792100191,DH_ex_Tac2,subgroup_model,LogisticRegression,5.0,True,1
DH_ex_Maf/Cck,10,excitatory,4415,2796212800792100241,DH_ex_Maf/Slc17a8,subgroup_model,ExtraTrees,2.0,False,1
DH_ex_Reln/Nmur2,3,excitatory,4419,2796212800812100173,DH_ex_Reln/Nmur2,subgroup_model,RandomForest,40.0,True,1
MV_ex_Syt2,14,excitatory,4425,2796212800822100022,MV_ex_Syt2,direct_section_EI,,,True,1
MV_ex_Shox2,18,excitatory,4427,2796212800822100056,MV_ex_Shox2,direct_section,,,True,1
oligodendrocyte_1,__NA__,__NA__,4430,2796212800822100176,oligodendrocyte_precursor_cell,subgroup_model,ExtraTrees,40.0,False,1
MV_in_Gabra1,16,inhibitory,4431,2796212800823100056,MV_in_Gabra1,direct_section,,,True,1
DH_ex_Maf/Cck,10,excitatory,4435,2796212800824100160,DH_ex_Rreb1,subgroup_model,ExtraTrees,2.0,False,1
DH_ex_Sox5,5,excitatory,4436,2796212800849100145,DH_ex_Sox5,subgroup_model,LogisticRegression,1.0,True,1
DH_ex_Prkcg/Nts,8,excitatory,4441,2796212800849200098,DH_ex_Tac2,subgroup_model,LogisticRegression,5.0,False,1
oligodendrocyte_2,__NA__,__NA__,4445,2796212800855100031,oligodendrocyte_2,subgroup_model,ExtraTrees,40.0,True,1
oligodendrocyte_progenitor_2,__NA__,__NA__,4449,2796212800855100235,endothelial,subgroup_model,ExtraTrees,40.0,False,1
beta_motoneuron,22,__NA__,4452,2796212800879100121,beta_motoneuron,subgroup_model,LogisticRegression,40.0,True,1
astrocyte_1,__NA__,__NA__,4453,2796212800880100058,astrocyte_2,subgroup_model,ExtraTrees,40.0,False,1
alpha_motoneuron,22,__NA__,4454,2796212800880100059,alpha_motoneuron,subgroup_model,LogisticRegression,40.0,True,1
beta_motoneuron,22,__NA__,4455,2796212800880100067,beta_motoneuron,subgroup_model,LogisticRegression,40.0,True,1
oligodendrocyte_progenitor_1,__NA__,__NA__,4456,2796212800880100075,oligodendrocyte_precursor_cell,subgroup_model,ExtraTrees,40.0,False,1
endothelial,__NA__,__NA__,4461,2796212800881100113,oligodendrocyte_progenitor_2,subgroup_model,ExtraTrees,40.0,False,1
DH_ex_Reln/Nmur2,3,excitatory,4462,2796212800882100020,DH_ex_Reln/Nmur2,subgroup_model,RandomForest,40.0,True,1
DH_in_Cdh3,10,inhibitory,4463,2796212800882100065,DH_in_Cdh3,subgroup_model,RandomForest,10.0,True,1
oligodendrocyte_precursor_cell,__NA__,__NA__,4469,2796212800882100193,oligodendrocyte_precursor_cell,subgroup_model,ExtraTrees,40.0,True,1
DH_ex_Reln/Npff,1,excitatory,4471,2796212800882100339,DH_ex_Reln/Npff,direct_section,,,True,1
MV_in_Gm26673,19,inhibitory,4476,2796212800887100043,MV_in_Gm26673,subgroup_model,LogisticRegression,20.0,True,1
astrocyte_1,__NA__,__NA__,4477,2796212800887100065,astrocyte_1,subgroup_model,ExtraTrees,40.0,True,1
astrocyte_1,__NA__,__NA__,4480,2796212800887100175,astrocyte_1,subgroup_model,ExtraTrees,40.0,True,1
astrocyte_1,__NA__,__NA__,4482,2796212800888100079,oligodendrocyte_precursor_cell,subgroup_model,ExtraTrees,40.0,False,1
MV_ex_Syt2,14,excitatory,4485,2796212800888100157,MV_ex_Syt2,direct_section_EI,,,True,1
oligodendrocyte_1,__NA__,__NA__,4486,2796212800888100161,astrocyte_1,subgroup_model,ExtraTrees,40.0,False,1
MV_in_Gabra1,16,inhibitory,4487,2796212800888100200,MV_in_Gabra1,direct_section,,,True,1
MV_in_Gm26673,19,inhibitory,4488,2796212800888100259,MV_in_Gm26673,subgroup_model,LogisticRegression,20.0,True,1
DH_in_Pdyn,2,inhibitory,4489,2796212800889100012,DH_in_Pdyn,direct_section_EI,,,True,1
DH_in_Cdh3,10,inhibitory,4490,2796212800889100061,DH_in_Cdh3,subgroup_model,RandomForest,10.0,True,1
DH_ex_Grpr,2,excitatory,4499,2796212800890100148,DH_ex_Gpr83,subgroup_model,RandomForest,2.0,False,1
oligodendrocyte_1,__NA__,__NA__,4504,2796212800913100146,meninges_3,subgroup_model,ExtraTrees,40.0,False,1
oligodendrocyte_2,__NA__,__NA__,4505,2796212800913100230,oligodendrocyte_2,subgroup_model,ExtraTrees,40.0,True,1
oligodendrocyte_precursor_cell,__NA__,__NA__,4511,2796212800914100178,oligodendrocyte_precursor_cell,subgroup_model,ExtraTrees,40.0,True,1
oligodendrocyte_progenitor_2,__NA__,__NA__,4514,2796212800918100044,oligodendrocyte_2,subgroup_model,ExtraTrees,40.0,False,1
astrocyte_1,__NA__,__NA__,4517,2796212800918100117,astrocyte_1,subgroup_model,ExtraTrees,40.0,True,1
oligodendrocyte_progenitor_2,__NA__,__NA__,4524,2796212800920100164,oligodendrocyte_progenitor_2,subgroup_model,ExtraTrees,40.0,True,1
oligodendrocyte_progenitor_2,__NA__,__NA__,4529,2796212800922100019,oligodendrocyte_precursor_cell,subgroup_model,ExtraTrees,40.0,False,1
DH_ex_Prkcg/Rxfp1,6,excitatory,4531,2796212800922100073,DH_ex_Prkcg/Rxfp1,subgroup_model,ExtraTrees,40.0,True,1
oligodendrocyte_progenitor_2,__NA__,__NA__,4536,2796212800944100093,astrocyte_1,subgroup_model,ExtraTrees,40.0,False,1
gamma_motoneuron,22,__NA__,4537,2796212800944100120,gamma_motoneuron,subgroup_model,LogisticRegression,40.0,True,1
endothelial,__NA__,__NA__,4538,2796212800945100041,astrocyte_1,subgroup_model,ExtraTrees,40.0,False,1
endothelial,__NA__,__NA__,4545,2796212800946100053,endothelial,subgroup_model,ExtraTrees,40.0,True,1
DM_ex_Zfhx3,11,excitatory,4550,2796212800946100286,DM_ex_Zfhx3,direct_section,,,True,1
oligodendrocyte_progenitor_2,__NA__,__NA__,4552,2796212800947100153,oligodendrocyte_2,subgroup_model,ExtraTrees,40.0,False,1
oligodendrocyte_1,__NA__,__NA__,4555,2796212800951100097,meninges_3,subgroup_model,ExtraTrees,40.0,False,1
DH_in_Pdyn/Gal,5,inhibitory,4559,2796212800954100029,DH_in_Pdyn/Gal,direct_section_EI,,,True,1
DH_in_Cdh3,10,inhibitory,4560,2796212800954100055,DH_in_Cdh3,subgroup_model,RandomForest,10.0,True,1
oligodendrocyte_precursor_cell,__NA__,__NA__,4561,2796212800954100107,oligodendrocyte_precursor_cell,subgroup_model,ExtraTrees,40.0,True,1
M_ex_Vsx2,20,excitatory,4568,2796212800978100213,M_ex_Vsx2,subgroup_model,ExtraTrees,2.0,True,1
cholinergic_interneuron,21,__NA__,4569,2796212800978100235,cholinergic_interneuron,direct_section,,,True,1
DH_in_Cdh3,10,inhibitory,4570,2796212800979100102,DH_in_Klhl14,subgroup_model,RandomForest,10.0,False,1
astrocyte_1,__NA__,__NA__,4573,2796212800980100093,oligodendrocyte_precursor_cell,subgroup_model,ExtraTrees,40.0,False,1
DH_in_Pdyn,2,inhibitory,4574,2796212800980100160,DH_in_Pdyn,direct_section_EI,,,True,1
oligodendrocyte_progenitor_2,__NA__,__NA__,4575,2796212800980100212,oligodendrocyte_progenitor_2,subgroup_model,ExtraTrees,40.0,True,1
DH_ex_Reln/Nmur2,3,excitatory,4576,2796212800980100213,DH_ex_Reln/Nmur2,subgroup_model,RandomForest,40.0,True,1
astrocyte_2,__NA__,__NA__,4578,2796212800980100276,endothelial,subgroup_model,ExtraTrees,40.0,False,1
DH_ex_Reln/Nmur2,3,excitatory,4580,2796212800980100325,DH_ex_Reln/Nmur2,subgroup_model,RandomForest,40.0,True,1
MV_ex_Shox2,18,excitatory,4587,2796212801010100018,MV_ex_Shox2,direct_section,,,True,1
oligodendrocyte_precursor_cell,__NA__,__NA__,4598,2796212801012100215,endothelial,subgroup_model,ExtraTrees,40.0,False,1
DH_ex_Nmu/Tac2,8,excitatory,4602,2796212801018100120,DH_ex_Nmu/Tac2,subgroup_model,LogisticRegression,5.0,True,1
DM_ex_Zfhx3,11,excitatory,4611,2796212801050100127,DM_ex_Zfhx3,direct_section,,,True,1
peripheral_glia,__NA__,__NA__,4616,2796212801107200032,peripheral_glia,subgroup_model,ExtraTrees,40.0,True,1
pericyte,__NA__,__NA__,4622,2945606900000000826,pericyte,subgroup_model,ExtraTrees,40.0,True,1
astrocyte_2,__NA__,__NA__,4623,2945606900000001077,astrocyte_2,subgroup_model,ExtraTrees,40.0,True,1
astrocyte_1,__NA__,__NA__,4624,2945606900000001401,astrocyte_2,subgroup_model,ExtraTrees,40.0,False,1
DH_ex_Reln/Nmur2,3,excitatory,4626,2945606900000001429,DH_ex_Reln/Nmur2,subgroup_model,RandomForest,40.0,True,1
DH_in_Npy,4,inhibitory,4628,2945606900000001470,DH_in_Npy,subgroup_model,LogisticRegression,1.0,True,1
astrocyte_2,__NA__,__NA__,4629,2945606900000001488,astrocyte_2,subgroup_model,ExtraTrees,40.0,True,1
astrocyte_1,__NA__,__NA__,4632,2945606900000001645,endothelial,subgroup_model,ExtraTrees,40.0,False,1
astrocyte_2,__NA__,__NA__,4633,2945606900000001648,astrocyte_2,subgroup_model,ExtraTrees,40.0,True,1
microglia,__NA__,__NA__,4635,2945606900000001874,microglia,subgroup_model,ExtraTrees,40.0,True,1
MV_ex_Syt2,14,excitatory,4638,2945606900000001974,MV_ex_Syt2,direct_section_EI,,,True,1
DH_ex_Reln,6,excitatory,4640,2945606900000002821,DH_ex_Reln,subgroup_model,ExtraTrees,40.0,True,1
astrocyte_1,__NA__,__NA__,4641,2945606900000002902,astrocyte_1,subgroup_model,ExtraTrees,40.0,True,1
M_in_Tfap2b,12,inhibitory,4648,2945606900000003434,M_in_Tfap2b,direct_section,,,True,1
endothelial,__NA__,__NA__,4651,2945606900000003585,endothelial,subgroup_model,ExtraTrees,40.0,True,1
oligodendrocyte_progenitor_1,__NA__,__NA__,4653,2945606900000003671,oligodendrocyte_precursor_cell,subgroup_model,ExtraTrees,40.0,False,1
oligodendrocyte_progenitor_2,__NA__,__NA__,4657,2945606900000005064,meninges_3,subgroup_model,ExtraTrees,40.0,False,1
oligodendrocyte_progenitor_1,__NA__,__NA__,4659,2945606900000005083,oligodendrocyte_precursor_cell,subgroup_model,ExtraTrees,40.0,False,1
oligodendrocyte_1,__NA__,__NA__,4664,2945606900000005334,oligodendrocyte_1,subgroup_model,ExtraTrees,40.0,True,1
MV_ex_Syt2,14,excitatory,4667,2945606900000005369,MV_ex_Syt2,direct_section_EI,,,True,1
MV_in_Gabra1,16,inhibitory,4672,2945606900000006378,MV_in_Gabra1,direct_section,,,True,1
MV_in_Gabra1,16,inhibitory,4673,2945606900000006421,MV_in_Gabra1,direct_section,,,True,1
cholinergic_interneuron,21,__NA__,4675,2945606900000006539,cholinergic_interneuron,direct_section,,,True,1
endothelial,__NA__,__NA__,4676,2945606900000006599,oligodendrocyte_2,subgroup_model,ExtraTrees,40.0,False,1
endothelial,__NA__,__NA__,4677,2945606900000006622,endothelial,subgroup_model,ExtraTrees,40.0,True,1
oligodendrocyte_precursor_cell,__NA__,__NA__,4678,2945606900000006766,astrocyte_1,subgroup_model,ExtraTrees,40.0,False,1
oligodendrocyte_progenitor_2,__NA__,__NA__,4679,2945606900000006860,oligodendrocyte_2,subgroup_model,ExtraTrees,40.0,False,1
DH_ex_Reln/Nmur2,3,excitatory,4681,2945606900000007993,DH_ex_Reln/Nmur2,subgroup_model,RandomForest,40.0,True,1
DH_ex_Sox5/Tac1,5,excitatory,4684,2945606900000008135,DH_ex_Sox5/Tac1,subgroup_model,LogisticRegression,1.0,True,1
DH_ex_Tac2,8,excitatory,4686,2945606900000008245,DH_ex_Tac2,subgroup_model,LogisticRegression,5.0,True,1
DH_ex_Nmu/Tac2,8,excitatory,4690,2945606900000009921,DH_ex_Tac2,subgroup_model,LogisticRegression,5.0,False,1
DH_ex_Reln/Npff,1,excitatory,4693,2945606900000011723,DH_ex_Reln/Npff,direct_section,,,True,1
DH_ex_Prkcg/Nts,8,excitatory,4697,2945606900000014558,DH_ex_Prkcg/Nts,subgroup_model,LogisticRegression,5.0,True,1
alpha_motoneuron,22,__NA__,4703,2945606900000014818,alpha_motoneuron,subgroup_model,LogisticRegression,40.0,True,1
DH_ex_Gpr83,2,excitatory,4708,2945606900000016660,DH_ex_Gpr83,subgroup_model,RandomForest,2.0,True,1
oligodendrocyte_1,__NA__,__NA__,4712,2945606900000016917,oligodendrocyte_progenitor_2,subgroup_model,ExtraTrees,40.0,False,1
astrocyte_1,__NA__,__NA__,4716,2945606900000017121,astrocyte_1,subgroup_model,ExtraTrees,40.0,True,1
MV_ex_Shox2,18,excitatory,4722,2945606900000028625,MV_ex_Shox2,direct_section,,,True,1
astrocyte_2,__NA__,__NA__,4730,2945606900000029189,astrocyte_1,subgroup_model,ExtraTrees,40.0,False,1
oligodendrocyte_2,__NA__,__NA__,4736,2946331700000000125,oligodendrocyte_2,subgroup_model,ExtraTrees,40.0,True,1
oligodendrocyte_2,__NA__,__NA__,4739,2946331700000000284,oligodendrocyte_2,subgroup_model,ExtraTrees,40.0,True,1
MV_in_Gm26673,19,inhibitory,4746,2946331700000000774,MV_in_Gm26673,subgroup_model,LogisticRegression,20.0,True,1
astrocyte_1,__NA__,__NA__,4747,2946331700000000794,astrocyte_1,subgroup_model,ExtraTrees,40.0,True,1
oligodendrocyte_progenitor_2,__NA__,__NA__,4750,2946331700000000856,meninges_2,subgroup_model,ExtraTrees,40.0,False,1
oligodendrocyte_precursor_cell,__NA__,__NA__,4755,2946331700000001544,oligodendrocyte_precursor_cell,subgroup_model,ExtraTrees,40.0,True,1
oligodendrocyte_2,__NA__,__NA__,4757,2946331700000001574,oligodendrocyte_2,subgroup_model,ExtraTrees,40.0,True,1
MV_ex_Shox2,18,excitatory,4761,2946331700000001699,MV_ex_Shox2,direct_section,,,True,1
oligodendrocyte_progenitor_2,__NA__,__NA__,4763,2946331700000001720,oligodendrocyte_progenitor_2,subgroup_model,ExtraTrees,40.0,True,1
astrocyte_1,__NA__,__NA__,4764,2946331700000001759,microglia,subgroup_model,ExtraTrees,40.0,False,1
oligodendrocyte_progenitor_2,__NA__,__NA__,4766,2946331700000001926,endothelial,subgroup_model,ExtraTrees,40.0,False,1
alpha_motoneuron,22,__NA__,4770,2946331700000002056,alpha_motoneuron,subgroup_model,LogisticRegression,40.0,True,1
astrocyte_1,__NA__,__NA__,4771,2946331700000002071,astrocyte_1,subgroup_model,ExtraTrees,40.0,True,1
oligodendrocyte_progenitor_2,__NA__,__NA__,4773,2946331700000002594,endothelial,subgroup_model,ExtraTrees,40.0,False,1
endothelial,__NA__,__NA__,4774,2946331700000002612,endothelial,subgroup_model,ExtraTrees,40.0,True,1
DH_in_Pdyn/Gal,5,inhibitory,4775,2946331700000002645,DH_in_Pdyn/Gal,direct_section_EI,,,True,1
oligodendrocyte_1,__NA__,__NA__,4776,2946331700000002701,oligodendrocyte_progenitor_2,subgroup_model,ExtraTrees,40.0,False,1
oligodendrocyte_1,__NA__,__NA__,4779,2946331700000002928,oligodendrocyte_2,subgroup_model,ExtraTrees,40.0,False,1
oligodendrocyte_progenitor_2,__NA__,__NA__,4780,2946331700000002943,oligodendrocyte_progenitor_2,subgroup_model,ExtraTrees,40.0,True,1
MV_in_Gabra1,16,inhibitory,4782,2946331700000003000,MV_in_Gabra1,direct_section,,,True,1
endothelial,__NA__,__NA__,4784,2946331700000003100,endothelial,subgroup_model,ExtraTrees,40.0,True,1
MV_in_Gabra1,16,inhibitory,4787,2946331700000003151,MV_in_Gabra1,direct_section,,,True,1
MV_in_Gabra1,16,inhibitory,4789,2946331700000003185,MV_in_Gabra1,direct_section,,,True,1
MV_in_Gabra1,16,inhibitory,4791,2946331700000003208,MV_in_Gabra1,direct_section,,,True,1
astrocyte_1,__NA__,__NA__,4795,2946331700000003295,astrocyte_1,subgroup_model,ExtraTrees,40.0,True,1
oligodendrocyte_progenitor_2,__NA__,__NA__,4796,2946331700000003300,oligodendrocyte_progenitor_2,subgroup_model,ExtraTrees,40.0,True,1
astrocyte_1,__NA__,__NA__,4799,2946331700000003385,astrocyte_1,subgroup_model,ExtraTrees,40.0,True,1
oligodendrocyte_progenitor_2,__NA__,__NA__,4803,2946331700000003590,meninges_3,subgroup_model,ExtraTrees,40.0,False,1
DH_ex_Sox5,5,excitatory,4806,2946331700000004233,DH_ex_Sox5,subgroup_model,LogisticRegression,1.0,True,1
DH_in_Cdh3,10,inhibitory,4807,2946331700000004265,DH_in_Cdh3,subgroup_model,RandomForest,10.0,True,1
DM_ex_Zfhx3,11,excitatory,4813,2946331700000004514,DM_ex_Zfhx3,direct_section,,,True,1
DH_in_Cdh3,10,inhibitory,4814,2946331700000004525,DH_in_Cdh3,subgroup_model,RandomForest,10.0,True,1
endothelial,__NA__,__NA__,4815,2946331700000004620,endothelial,subgroup_model,ExtraTrees,40.0,True,1
MV_in_Gm26673,19,inhibitory,4817,2946331700000004780,MV_in_Gm26673,subgroup_model,LogisticRegression,20.0,True,1
oligodendrocyte_1,__NA__,__NA__,4820,2946331700000004953,oligodendrocyte_2,subgroup_model,ExtraTrees,40.0,False,1
astrocyte_1,__NA__,__NA__,4823,2946331700000005061,endothelial,subgroup_model,ExtraTrees,40.0,False,1
astrocyte_1,__NA__,__NA__,4825,2946331700000005165,astrocyte_1,subgroup_model,ExtraTrees,40.0,True,1
DH_ex_Reln,6,excitatory,4827,2946331700000006029,DH_ex_Reln,subgroup_model,ExtraTrees,40.0,True,1
DH_ex_Maf/Cck,10,excitatory,4832,2946331700000006518,DH_ex_Rreb1,subgroup_model,ExtraTrees,2.0,False,1
DH_ex_Nmu/Tac2,8,excitatory,4833,2946331700000006688,DH_ex_Nmu/Tac2,subgroup_model,LogisticRegression,5.0,True,1
DH_ex_Sox5/Tac1,5,excitatory,4835,2946331700000006799,DH_ex_Sox5/Tac1,subgroup_model,LogisticRegression,1.0,True,1
astrocyte_2,__NA__,__NA__,4842,2946331700000008207,microglia,subgroup_model,ExtraTrees,40.0,False,1
meninges_1,__NA__,__NA__,4844,2946331700000008386,meninges_1,subgroup_model,ExtraTrees,40.0,True,1
astrocyte_1,__NA__,__NA__,4848,2946331700000008780,endothelial,subgroup_model,ExtraTrees,40.0,False,1
peripheral_glia,__NA__,__NA__,4852,2946331700000009174,oligodendrocyte_precursor_cell,subgroup_model,ExtraTrees,40.0,False,1
astrocyte_1,__NA__,__NA__,4856,2946331700000010492,astrocyte_2,subgroup_model,ExtraTrees,40.0,False,1
Schwann_cell,__NA__,__NA__,4858,2946331700000010497,Schwann_cell,subgroup_model,ExtraTrees,40.0,True,1
Schwann_cell,__NA__,__NA__,4859,2946331700000010505,Schwann_cell,subgroup_model,ExtraTrees,40.0,True,1
oligodendrocyte_1,__NA__,__NA__,4862,2946331700000010664,oligodendrocyte_2,subgroup_model,ExtraTrees,40.0,False,1
astrocyte_1,__NA__,__NA__,4864,2946331700000010670,astrocyte_1,subgroup_model,ExtraTrees,40.0,True,1
microglia,__NA__,__NA__,4870,2946331700000010986,microglia,subgroup_model,ExtraTrees,40.0,True,1
M_ex_Vsx2,20,excitatory,4872,2946331700000011054,M_ex_Vsx2/Shox2,subgroup_model,ExtraTrees,2.0,False,1
meninges_2,__NA__,__NA__,4875,2946331700000011498,meninges_3,subgroup_model,ExtraTrees,40.0,False,1
astrocyte_1,__NA__,__NA__,4878,2946331700000012282,astrocyte_1,subgroup_model,ExtraTrees,40.0,True,1
oligodendrocyte_1,__NA__,__NA__,4881,2946331700000012429,oligodendrocyte_progenitor_2,subgroup_model,ExtraTrees,40.0,False,1
DH_ex_Maf/Cck,10,excitatory,4882,2946331700000012473,DH_ex_Maf/Slc17a8,subgroup_model,ExtraTrees,2.0,False,1
DH_ex_Reln/Nmur2,3,excitatory,4884,2946331700000012655,DH_ex_Reln/Nmur2,subgroup_model,RandomForest,40.0,True,1
DH_ex_Nmu/Tac2,8,excitatory,4885,2946331700000012663,DH_ex_Nmu/Tac2,subgroup_model,LogisticRegression,5.0,True,1
oligodendrocyte_precursor_cell,__NA__,__NA__,4887,2946331700000012764,microglia,subgroup_model,ExtraTrees,40.0,False,1
DH_in_Pdyn,2,inhibitory,4888,2946331700000012811,DH_in_Pdyn,direct_section_EI,,,True,1
astrocyte_2,__NA__,__NA__,4890,2946331700000013032,astrocyte_2,subgroup_model,ExtraTrees,40.0,True,1
meninges_1,__NA__,__NA__,4893,2946331700000013084,meninges_1,subgroup_model,ExtraTrees,40.0,True,1
DH_ex_Prkcg/Nts,8,excitatory,4894,2946331700000013128,DH_ex_Prkcg/Nts,subgroup_model,LogisticRegression,5.0,True,1
DH_ex_Cpne4,3,excitatory,4895,2946331700000013232,DH_ex_Cpne4,subgroup_model,RandomForest,40.0,True,1
MV_in_Sema5b,15,inhibitory,4897,2946331700000013341,MV_in_Sema5b,direct_section,,,True,1
oligodendrocyte_progenitor_2,__NA__,__NA__,4901,2946331700000014009,oligodendrocyte_2,subgroup_model,ExtraTrees,40.0,False,1
oligodendrocyte_2,__NA__,__NA__,4904,2946331700000014193,oligodendrocyte_2,subgroup_model,ExtraTrees,40.0,True,1
alpha_motoneuron,22,__NA__,4905,2946331700000014341,alpha_motoneuron,subgroup_model,LogisticRegression,40.0,True,1
oligodendrocyte_progenitor_2,__NA__,__NA__,4909,2946331700000014829,oligodendrocyte_precursor_cell,subgroup_model,ExtraTrees,40.0,False,1
oligodendrocyte_progenitor_2,__NA__,__NA__,4911,2946331700000014941,oligodendrocyte_progenitor_2,subgroup_model,ExtraTrees,40.0,True,1
MV_in_Esrrb,14,inhibitory,4914,2946331700000015080,MV_in_Esrrb,direct_section_EI,,,True,1
MV_in_Gm26673,19,inhibitory,4916,2946331700000015765,MV_in_Gm26673,subgroup_model,LogisticRegression,20.0,True,1
MV_ex_Syt2,14,excitatory,4918,2946331700000015807,MV_ex_Syt2,direct_section_EI,,,True,1
oligodendrocyte_1,__NA__,__NA__,4920,2946331700000015836,oligodendrocyte_1,subgroup_model,ExtraTrees,40.0,True,1
M_ex_Vsx2/Shox2,20,excitatory,4923,2946331700000015905,M_ex_Vsx2/Shox2,subgroup_model,ExtraTrees,2.0,True,1
oligodendrocyte_progenitor_2,__NA__,__NA__,4928,2946331700000016189,oligodendrocyte_progenitor_2,subgroup_model,ExtraTrees,40.0,True,1
oligodendrocyte_progenitor_2,__NA__,__NA__,4932,2946331700000017226,oligodendrocyte_progenitor_2,subgroup_model,ExtraTrees,40.0,True,1
MV_ex_Syt2,14,excitatory,4936,2946331700000017318,MV_ex_Syt2,direct_section_EI,,,True,1
astrocyte_1,__NA__,__NA__,4943,2946331700000017490,astrocyte_1,subgroup_model,ExtraTrees,40.0,True,1
astrocyte_1,__NA__,__NA__,4950,2946331700000018286,astrocyte_1,subgroup_model,ExtraTrees,40.0,True,1
DM_ex_Zfhx3,11,excitatory,4951,2946331700000018293,DM_ex_Zfhx3,direct_section,,,True,1
endothelial,__NA__,__NA__,4954,2946331700000018420,endothelial,subgroup_model,ExtraTrees,40.0,True,1
DH_in_Npy,4,inhibitory,4960,2946331700000018762,DH_in_Npy,subgroup_model,LogisticRegression,1.0,True,1
ependymal,__NA__,__NA__,4962,2946331700000018817,ependymal,subgroup_model,ExtraTrees,40.0,True,1
oligodendrocyte_precursor_cell,__NA__,__NA__,4967,2946331700000019031,oligodendrocyte_2,subgroup_model,ExtraTrees,40.0,False,1
endothelial,__NA__,__NA__,4973,2946331700000020146,astrocyte_1,subgroup_model,ExtraTrees,40.0,False,1
M_in_Tfap2b,12,inhibitory,4974,2946331700000020169,M_in_Tfap2b,direct_section,,,True,1
oligodendrocyte_progenitor_2,__NA__,__NA__,4979,2946331700000020273,oligodendrocyte_progenitor_2,subgroup_model,ExtraTrees,40.0,True,1
alpha_motoneuron,22,__NA__,4982,2946331700000020414,alpha_motoneuron,subgroup_model,LogisticRegression,40.0,True,1
astrocyte_1,__NA__,__NA__,4983,2946331700000020448,astrocyte_1,subgroup_model,ExtraTrees,40.0,True,1
oligodendrocyte_progenitor_2,__NA__,__NA__,4989,2946331700000021478,meninges_2,subgroup_model,ExtraTrees,40.0,False,1
oligodendrocyte_progenitor_2,__NA__,__NA__,4991,2946331700000021582,oligodendrocyte_progenitor_2,subgroup_model,ExtraTrees,40.0,True,1
DH_ex_Nmu/Tac2,8,excitatory,4993,2946331700000022128,DH_ex_Nmu/Tac2,subgroup_model,LogisticRegression,5.0,True,1
Schwann_cell,__NA__,__NA__,4996,2946331700000022231,Schwann_cell,subgroup_model,ExtraTrees,40.0,True,1
astrocyte_2,__NA__,__NA__,4997,2946331700000022308,astrocyte_2,subgroup_model,ExtraTrees,40.0,True,1
pericyte,__NA__,__NA__,0,2656143800003100123,astrocyte_2,subgroup_model,ExtraTrees,40.0,False,2
DM_ex_Zfhx3,11,excitatory,1,2656143800003100150,DM_ex_Zfhx3,direct_section,,,True,2
oligodendrocyte_2,__NA__,__NA__,3,2656143800005200064,oligodendrocyte_2,subgroup_model,ExtraTrees,40.0,True,2
DH_ex_Prkcg/Nts,8,excitatory,6,2656143800027100253,DH_ex_Prkcg/Nts,subgroup_model,RandomForest,5.0,True,2
oligodendrocyte_2,__NA__,__NA__,14,2656143800029100074,microglia,subgroup_model,ExtraTrees,40.0,False,2
astrocyte_1,__NA__,__NA__,15,2656143800029100143,oligodendrocyte_progenitor_2,subgroup_model,ExtraTrees,40.0,False,2
oligodendrocyte_2,__NA__,__NA__,17,2656143800030100127,oligodendrocyte_2,subgroup_model,ExtraTrees,40.0,True,2
astrocyte_1,__NA__,__NA__,20,2656143800052100097,astrocyte_1,subgroup_model,ExtraTrees,40.0,True,2
DH_ex_Sox5,5,excitatory,21,2656143800052100110,DH_ex_Sox5,subgroup_model,LogisticRegression,1.0,True,2
DH_ex_Maf/Cck,10,excitatory,27,2656143800052100248,DH_ex_Maf/Slc17a8,subgroup_model,RandomForest,2.0,False,2
DH_in_Npy,4,inhibitory,31,2656143800052100323,DH_in_Npy,subgroup_model,LogisticRegression,1.0,True,2
DH_in_Cdh3,10,inhibitory,32,2656143800052200067,DH_in_Cdh3,subgroup_model,ExtraTrees,40.0,True,2
oligodendrocyte_2,__NA__,__NA__,35,2656143800053100117,oligodendrocyte_2,subgroup_model,ExtraTrees,40.0,True,2
MV_in_Gm26673,19,inhibitory,36,2656143800053100151,MV_in_Chrna2,subgroup_model,LogisticRegression,1.0,False,2
M_ex_Vsx2/Shox2,20,excitatory,38,2656143800054100051,M_ex_Vsx2/Shox2,subgroup_model,LogisticRegression,5.0,True,2
endothelial,__NA__,__NA__,43,2656143800054100170,oligodendrocyte_precursor_cell,subgroup_model,ExtraTrees,40.0,False,2
DH_in_Pdyn/Gal,5,inhibitory,50,2656143800077100029,DH_in_Pdyn/Gal,direct_section_EI,,,True,2
endothelial,__NA__,__NA__,54,2656143800079100123,endothelial,subgroup_model,ExtraTrees,40.0,True,2
MV_ex_Syt2,14,excitatory,56,2656143800079100226,MV_ex_Syt2,direct_section_EI,,,True,2
oligodendrocyte_2,__NA__,__NA__,57,2656143800080100045,oligodendrocyte_2,subgroup_model,ExtraTrees,40.0,True,2
oligodendrocyte_2,__NA__,__NA__,60,2656143800081100092,oligodendrocyte_2,subgroup_model,ExtraTrees,40.0,True,2
MV_in_Esrrb,14,inhibitory,61,2656143800103100063,MV_in_Esrrb,direct_section_EI,,,True,2
oligodendrocyte_progenitor_2,__NA__,__NA__,65,2656143800104100148,oligodendrocyte_progenitor_2,subgroup_model,ExtraTrees,40.0,True,2
MV_in_Gabra1,16,inhibitory,66,2656143800104100155,MV_in_Gabra1,direct_section,,,True,2
ependymal,__NA__,__NA__,70,2656143800104200042,ependymal,subgroup_model,ExtraTrees,40.0,True,2
DH_ex_Prkcg/Cck,8,excitatory,76,2656143800128100291,DH_ex_Prkcg/Cck,subgroup_model,RandomForest,5.0,True,2
MV_in_Gm26673,19,inhibitory,77,2656143800129100051,MV_in_Chrna2,subgroup_model,LogisticRegression,1.0,False,2
astrocyte_1,__NA__,__NA__,79,2656143800129100068,astrocyte_1,subgroup_model,ExtraTrees,40.0,True,2
MV_in_Gabra1,16,inhibitory,80,2656143800129100070,MV_in_Gabra1,direct_section,,,True,2
astrocyte_1,__NA__,__NA__,82,2656143800129100146,astrocyte_1,subgroup_model,ExtraTrees,40.0,True,2
MV_in_Gabra1,16,inhibitory,83,2656143800129100204,MV_in_Gabra1,direct_section,,,True,2
DH_ex_Grp,6,excitatory,93,2656143800153100063,DH_ex_Prkcg/Rxfp1,subgroup_model,LogisticRegression,5.0,False,2
DH_ex_Maf/Cck,10,excitatory,99,2656143800153100242,DH_ex_Rreb1,subgroup_model,RandomForest,2.0,False,2
DH_in_Cdh3,10,inhibitory,100,2656143800153100282,DH_in_Cdh3,subgroup_model,ExtraTrees,40.0,True,2
oligodendrocyte_1,__NA__,__NA__,103,2656143800154100152,meninges_3,subgroup_model,ExtraTrees,40.0,False,2
oligodendrocyte_1,__NA__,__NA__,105,2656143800155100023,oligodendrocyte_2,subgroup_model,ExtraTrees,40.0,False,2
oligodendrocyte_2,__NA__,__NA__,106,2656143800156100034,microglia,subgroup_model,ExtraTrees,40.0,False,2
oligodendrocyte_progenitor_2,__NA__,__NA__,107,2656143800164100061,oligodendrocyte_2,subgroup_model,ExtraTrees,40.0,False,2
microglia,__NA__,__NA__,108,2656143800164100063,microglia,subgroup_model,ExtraTrees,40.0,True,2
astrocyte_2,__NA__,__NA__,109,2656143800167100063,astrocyte_1,subgroup_model,ExtraTrees,40.0,False,2
DH_ex_Cpne4,3,excitatory,112,2656143800179100164,DH_ex_Cpne4,subgroup_model,LogisticRegression,40.0,True,2
oligodendrocyte_2,__NA__,__NA__,113,2656143800189100068,oligodendrocyte_2,subgroup_model,ExtraTrees,40.0,True,2
astrocyte_1,__NA__,__NA__,114,2656143800190100061,oligodendrocyte_progenitor_2,subgroup_model,ExtraTrees,40.0,False,2
astrocyte_1,__NA__,__NA__,118,2656143800190100162,astrocyte_1,subgroup_model,ExtraTrees,40.0,True,2
oligodendrocyte_progenitor_2,__NA__,__NA__,121,2656143800192100069,oligodendrocyte_progenitor_2,subgroup_model,ExtraTrees,40.0,True,2
DH_ex_Nmu/Tac2,8,excitatory,127,2656143800214100038,DH_ex_Nmu/Tac2,subgroup_model,RandomForest,5.0,True,2
astrocyte_2,__NA__,__NA__,129,2656143800214100151,astrocyte_1,subgroup_model,ExtraTrees,40.0,False,2
MV_in_Gabra1,16,inhibitory,131,2656143800215100127,MV_in_Gabra1,direct_section,,,True,2
DM_ex_Zfhx3,11,excitatory,134,2656143800215100172,DM_ex_Zfhx3,direct_section,,,True,2
DH_ex_Maf/Slc17a8,10,excitatory,135,2656143800215100289,DH_ex_Maf/Cpne4,subgroup_model,RandomForest,2.0,False,2
astrocyte_2,__NA__,__NA__,141,2656143800218100032,astrocyte_2,subgroup_model,ExtraTrees,40.0,True,2
DH_ex_Prkcg/Cck,8,excitatory,142,2656143800239100044,DH_ex_Prkcg/Cck,subgroup_model,RandomForest,5.0,True,2
oligodendrocyte_1,__NA__,__NA__,143,2656143800239100078,oligodendrocyte_1,subgroup_model,ExtraTrees,40.0,True,2
astrocyte_1,__NA__,__NA__,145,2656143800241100171,endothelial,subgroup_model,ExtraTrees,40.0,False,2
DM_ex_Zfhx3,11,excitatory,149,2656143800242100126,DM_ex_Zfhx3,direct_section,,,True,2
astrocyte_2,__NA__,__NA__,153,2656143800266100094,oligodendrocyte_2,subgroup_model,ExtraTrees,40.0,False,2
alpha_motoneuron,22,__NA__,156,2656143800343100215,alpha_motoneuron,subgroup_model,LogisticRegression,5.0,True,2
astrocyte_2,__NA__,__NA__,157,2656143800366100092,astrocyte_2,subgroup_model,ExtraTrees,40.0,True,2
endothelial,__NA__,__NA__,160,2656143800368100049,endothelial,subgroup_model,ExtraTrees,40.0,True,2
MV_in_Gabra1,16,inhibitory,166,2656143800392100281,MV_in_Gabra1,direct_section,,,True,2
pericyte,__NA__,__NA__,167,2656143800392200061,Schwann_cell,subgroup_model,ExtraTrees,40.0,False,2
endothelial,__NA__,__NA__,171,2656143800394100034,endothelial,subgroup_model,ExtraTrees,40.0,True,2
endothelial,__NA__,__NA__,173,2656143800394100142,endothelial,subgroup_model,ExtraTrees,40.0,True,2
DH_in_Cdh3,10,inhibitory,181,2656143800416100121,DH_in_Cdh3,subgroup_model,ExtraTrees,40.0,True,2
endothelial,__NA__,__NA__,189,2656143800419100055,microglia,subgroup_model,ExtraTrees,40.0,False,2
endothelial,__NA__,__NA__,190,2656143800419200064,endothelial,subgroup_model,ExtraTrees,40.0,True,2
astrocyte_1,__NA__,__NA__,202,2656143800468100146,astrocyte_1,subgroup_model,ExtraTrees,40.0,True,2
astrocyte_2,__NA__,__NA__,203,2656143800468100203,astrocyte_1,subgroup_model,ExtraTrees,40.0,False,2
DH_ex_Grp,6,excitatory,206,2656144300060100179,DH_ex_Grp,subgroup_model,LogisticRegression,5.0,True,2
MV_in_Gabra1,16,inhibitory,207,2656144300062100048,MV_in_Gabra1,direct_section,,,True,2
oligodendrocyte_progenitor_2,__NA__,__NA__,208,2656144300062200075,oligodendrocyte_progenitor_2,subgroup_model,ExtraTrees,40.0,True,2
meninges_1,__NA__,__NA__,209,2656144300082100094,meninges_3,subgroup_model,ExtraTrees,40.0,False,2
oligodendrocyte_progenitor_2,__NA__,__NA__,210,2656144300086100193,oligodendrocyte_2,subgroup_model,ExtraTrees,40.0,False,2
DH_in_Pdyn,2,inhibitory,213,2656144300102100167,DH_in_Pdyn,direct_section_EI,,,True,2
DH_ex_Prkcg/Nts,8,excitatory,216,2656144300102100202,DH_ex_Prkcg/Nts,subgroup_model,RandomForest,5.0,True,2
DH_ex_Sox5,5,excitatory,217,2656144300102100210,DH_ex_Sox5,subgroup_model,LogisticRegression,1.0,True,2
DH_in_Cdh3,10,inhibitory,227,2656144300125100079,DH_in_Cdh3,subgroup_model,ExtraTrees,40.0,True,2
DH_ex_Gpr83,2,excitatory,232,2656144300141100022,DH_ex_Grpr,subgroup_model,RandomForest,3.0,False,2
DH_in_Npy2r,9,inhibitory,233,2656144300141100025,DH_in_Npy2r,subgroup_model,RandomForest,40.0,True,2
DM_ex_Zfhx3,11,excitatory,234,2656144300146100117,DM_ex_Zfhx3,direct_section,,,True,2
visceral_motoneuron,20,__NA__,242,2656144300149100040,visceral_motoneuron,direct_section_EI,,,True,2
oligodendrocyte_progenitor_2,__NA__,__NA__,245,2656144300162100014,oligodendrocyte_progenitor_2,subgroup_model,ExtraTrees,40.0,True,2
oligodendrocyte_progenitor_2,__NA__,__NA__,250,2656144300164100022,meninges_2,subgroup_model,ExtraTrees,40.0,False,2
MV_in_Gabra1,16,inhibitory,252,2656144300164100142,MV_in_Gabra1,direct_section,,,True,2
oligodendrocyte_2,__NA__,__NA__,254,2656144300169100083,oligodendrocyte_2,subgroup_model,ExtraTrees,40.0,True,2
oligodendrocyte_progenitor_2,__NA__,__NA__,260,2656144300186100045,oligodendrocyte_precursor_cell,subgroup_model,ExtraTrees,40.0,False,2
oligodendrocyte_1,__NA__,__NA__,263,2656144300187100123,meninges_3,subgroup_model,ExtraTrees,40.0,False,2
MV_in_Esrrb,14,inhibitory,265,2656144300188100131,MV_in_Esrrb,direct_section_EI,,,True,2
M_ex_Vsx2,20,excitatory,267,2656144300188100154,M_ex_Vsx2,subgroup_model,LogisticRegression,5.0,True,2
oligodendrocyte_1,__NA__,__NA__,271,2656144300188200034,microglia,subgroup_model,ExtraTrees,40.0,False,2
meninges_1,__NA__,__NA__,272,2656144300193100082,meninges_3,subgroup_model,ExtraTrees,40.0,False,2
astrocyte_2,__NA__,__NA__,274,2656144300195100054,oligodendrocyte_precursor_cell,subgroup_model,ExtraTrees,40.0,False,2
endothelial,__NA__,__NA__,277,2656144300211100126,microglia,subgroup_model,ExtraTrees,40.0,False,2
oligodendrocyte_1,__NA__,__NA__,278,2656144300211100188,oligodendrocyte_1,subgroup_model,ExtraTrees,40.0,True,2
oligodendrocyte_2,__NA__,__NA__,279,2656144300212100035,oligodendrocyte_2,subgroup_model,ExtraTrees,40.0,True,2
oligodendrocyte_precursor_cell,__NA__,__NA__,280,2656144300212100072,oligodendrocyte_progenitor_1,subgroup_model,ExtraTrees,40.0,False,2
peripheral_glia,__NA__,__NA__,283,2656144900058100068,Schwann_cell,subgroup_model,ExtraTrees,40.0,False,2
DH_ex_Reln/Nmur2,3,excitatory,284,2656144900085100059,DH_ex_Reln/Nmur2,subgroup_model,LogisticRegression,40.0,True,2
oligodendrocyte_progenitor_2,__NA__,__NA__,292,2656144900086100036,meninges_3,subgroup_model,ExtraTrees,40.0,False,2
MV_in_Gabra1,16,inhibitory,295,2656144900086100184,MV_in_Gabra1,direct_section,,,True,2
oligodendrocyte_progenitor_2,__NA__,__NA__,296,2656144900086100214,oligodendrocyte_2,subgroup_model,ExtraTrees,40.0,False,2
astrocyte_1,__NA__,__NA__,298,2656144900088100027,astrocyte_1,subgroup_model,ExtraTrees,40.0,True,2
DH_in_Pdyn,2,inhibitory,303,2656144900110100189,DH_in_Pdyn,direct_section_EI,,,True,2
MV_in_Chrna2,19,inhibitory,307,2656144900111100104,MV_in_Chrna2,subgroup_model,LogisticRegression,1.0,True,2
DH_ex_Prkcg/Nts,8,excitatory,308,2656144900111100129,DH_ex_Prkcg/Nts,subgroup_model,RandomForest,5.0,True,2
DH_ex_Prkcg/Nts,8,excitatory,309,2656144900111100164,DH_ex_Tac2,subgroup_model,RandomForest,5.0,False,2
MV_in_Gabra1,16,inhibitory,317,2656144900112100127,MV_in_Gabra1,direct_section,,,True,2
astrocyte_1,__NA__,__NA__,327,2656144900113100167,oligodendrocyte_precursor_cell,subgroup_model,ExtraTrees,40.0,False,2
oligodendrocyte_2,__NA__,__NA__,332,2656144900116100134,oligodendrocyte_2,subgroup_model,ExtraTrees,40.0,True,2
astrocyte_2,__NA__,__NA__,334,2656144900136100106,astrocyte_2,subgroup_model,ExtraTrees,40.0,True,2
DH_ex_Tac2,8,excitatory,335,2656144900137100057,DH_ex_Prkcg/Nts,subgroup_model,RandomForest,5.0,False,2
pericyte,__NA__,__NA__,336,2656144900137100075,pericyte,subgroup_model,ExtraTrees,40.0,True,2
MV_in_Gabra1,16,inhibitory,340,2656144900139100232,MV_in_Gabra1,direct_section,,,True,2
MV_ex_Syt2,14,excitatory,348,2656144900165100206,MV_ex_Syt2,direct_section_EI,,,True,2
oligodendrocyte_progenitor_2,__NA__,__NA__,352,2656144900166100222,oligodendrocyte_progenitor_2,subgroup_model,ExtraTrees,40.0,True,2
DM_ex_Zfhx3,11,excitatory,353,2656144900166200115,DM_ex_Zfhx3,direct_section,,,True,2
astrocyte_1,__NA__,__NA__,354,2656144900167100041,astrocyte_1,subgroup_model,ExtraTrees,40.0,True,2
DH_in_Klhl14,10,inhibitory,358,2656144900183100082,DH_in_Klhl14,subgroup_model,ExtraTrees,40.0,True,2
gamma_motoneuron,22,__NA__,364,2656144900186100063,beta_motoneuron,subgroup_model,LogisticRegression,5.0,False,2
astrocyte_2,__NA__,__NA__,367,2656144900189100078,astrocyte_2,subgroup_model,ExtraTrees,40.0,True,2
DH_ex_Maf/Cck,10,excitatory,374,2656144900191100188,DH_ex_Maf/Slc17a8,subgroup_model,RandomForest,2.0,False,2
meninges_1,__NA__,__NA__,379,2656144900194100116,meninges_1,subgroup_model,ExtraTrees,40.0,True,2
oligodendrocyte_progenitor_2,__NA__,__NA__,383,2656144900209100104,oligodendrocyte_progenitor_2,subgroup_model,ExtraTrees,40.0,True,2
oligodendrocyte_precursor_cell,__NA__,__NA__,388,2656144900211100045,oligodendrocyte_precursor_cell,subgroup_model,ExtraTrees,40.0,True,2
oligodendrocyte_2,__NA__,__NA__,392,2656144900211200036,oligodendrocyte_2,subgroup_model,ExtraTrees,40.0,True,2
DH_ex_Nmu/Tac2,8,excitatory,395,2656144900217100053,DH_ex_Nmu/Tac2,subgroup_model,RandomForest,5.0,True,2
DH_ex_Nmu/Tac2,8,excitatory,396,2656144900217100111,DH_ex_Nmu/Tac2,subgroup_model,RandomForest,5.0,True,2
DH_ex_Reln/Npff,1,excitatory,402,2656144900218100117,DH_ex_Reln/Npff,direct_section,,,True,2
endothelial,__NA__,__NA__,403,2656144900221100097,endothelial,subgroup_model,ExtraTrees,40.0,True,2
DH_in_Cdh3,10,inhibitory,404,2656144900235100233,DH_in_Cdh3,subgroup_model,ExtraTrees,40.0,True,2
DH_ex_Grpr,2,excitatory,405,2656144900235100278,DH_ex_Grpr,subgroup_model,RandomForest,3.0,True,2
oligodendrocyte_progenitor_1,__NA__,__NA__,408,2656144900237100079,oligodendrocyte_progenitor_1,subgroup_model,ExtraTrees,40.0,True,2
astrocyte_1,__NA__,__NA__,410,2656144900237100124,astrocyte_1,subgroup_model,ExtraTrees,40.0,True,2
MV_ex_Shox2,18,excitatory,414,2656144900246100036,MV_ex_Shox2,direct_section,,,True,2
DH_ex_Grpr,2,excitatory,415,2656144900246100049,DH_ex_Grpr,subgroup_model,RandomForest,3.0,True,2
astrocyte_1,__NA__,__NA__,420,2656144900264100095,astrocyte_1,subgroup_model,ExtraTrees,40.0,True,2
endothelial,__NA__,__NA__,421,2656144900264100096,endothelial,subgroup_model,ExtraTrees,40.0,True,2
astrocyte_1,__NA__,__NA__,424,2656144900265100057,astrocyte_1,subgroup_model,ExtraTrees,40.0,True,2
Schwann_cell,__NA__,__NA__,425,2656144900273100100,Schwann_cell,subgroup_model,ExtraTrees,40.0,True,2
MV_ex_Syt2,14,excitatory,426,2656144900288100070,MV_ex_Syt2,direct_section_EI,,,True,2
meninges_1,__NA__,__NA__,430,2656144900297200042,pericyte,subgroup_model,ExtraTrees,40.0,False,2
oligodendrocyte_progenitor_2,__NA__,__NA__,431,2656144900298100114,microglia,subgroup_model,ExtraTrees,40.0,False,2
oligodendrocyte_2,__NA__,__NA__,432,2656144900298100117,oligodendrocyte_2,subgroup_model,ExtraTrees,40.0,True,2
DH_in_Pdyn,2,inhibitory,437,2656144900314100182,DH_in_Pdyn,direct_section_EI,,,True,2
oligodendrocyte_precursor_cell,__NA__,__NA__,438,2656144900314200074,oligodendrocyte_precursor_cell,subgroup_model,ExtraTrees,40.0,True,2
DM_ex_Zfhx3,11,excitatory,440,2656144900315100035,DM_ex_Zfhx3,direct_section,,,True,2
DH_in_Cdh3,10,inhibitory,445,2656144900323100224,DH_in_Cdh3,subgroup_model,ExtraTrees,40.0,True,2
astrocyte_1,__NA__,__NA__,448,2656144900325100030,microglia,subgroup_model,ExtraTrees,40.0,False,2
astrocyte_1,__NA__,__NA__,452,2656144900327200061,astrocyte_2,subgroup_model,ExtraTrees,40.0,False,2
astrocyte_2,__NA__,__NA__,453,2656144900342100071,oligodendrocyte_1,subgroup_model,ExtraTrees,40.0,False,2
DH_ex_Prkcg/Nts,8,excitatory,454,2656144900343100207,DH_ex_Prkcg/Nts,subgroup_model,RandomForest,5.0,True,2
astrocyte_1,__NA__,__NA__,455,2656144900350100058,astrocyte_1,subgroup_model,ExtraTrees,40.0,True,2
oligodendrocyte_1,__NA__,__NA__,460,2656144900351200123,endothelial,subgroup_model,ExtraTrees,40.0,False,2
alpha_motoneuron,22,__NA__,461,2656144900352100053,alpha_motoneuron,subgroup_model,LogisticRegression,5.0,True,2
pericyte,__NA__,__NA__,462,2656144900352100066,endothelial,subgroup_model,ExtraTrees,40.0,False,2
alpha_motoneuron,22,__NA__,463,2656144900352100082,alpha_motoneuron,subgroup_model,LogisticRegression,5.0,True,2
oligodendrocyte_progenitor_2,__NA__,__NA__,464,2656144900352100124,oligodendrocyte_2,subgroup_model,ExtraTrees,40.0,False,2
endothelial,__NA__,__NA__,470,2656144900370100176,endothelial,subgroup_model,ExtraTrees,40.0,True,2
MV_ex_Syt2,14,excitatory,473,2656144900371100168,MV_ex_Syt2,direct_section_EI,,,True,2
astrocyte_1,__NA__,__NA__,474,2656144900372100081,astrocyte_2,subgroup_model,ExtraTrees,40.0,False,2
oligodendrocyte_precursor_cell,__NA__,__NA__,476,2656144900377100070,oligodendrocyte_progenitor_1,subgroup_model,ExtraTrees,40.0,False,2
astrocyte_1,__NA__,__NA__,479,2656144900377100277,microglia,subgroup_model,ExtraTrees,40.0,False,2
DH_ex_Reln/Npff,1,excitatory,480,2656144900377200109,DH_ex_Reln/Npff,direct_section,,,True,2
MV_in_Sema5b,15,inhibitory,488,2656144900396100193,MV_in_Sema5b,direct_section,,,True,2
oligodendrocyte_1,__NA__,__NA__,489,2656144900396100267,endothelial,subgroup_model,ExtraTrees,40.0,False,2
DH_ex_Prkcg/Cck,8,excitatory,492,2656144900404100023,DH_ex_Prkcg/Nts,subgroup_model,RandomForest,5.0,False,2
DM_ex_Zfhx3,11,excitatory,497,2656144900421100091,DM_ex_Zfhx3,direct_section,,,True,2
DH_in_Npy,4,inhibitory,505,2656144900446100022,DH_in_Npy,subgroup_model,LogisticRegression,1.0,True,2
meninges_2,__NA__,__NA__,506,2656144900446100057,meninges_2,subgroup_model,ExtraTrees,40.0,True,2
DH_ex_Reln,6,excitatory,508,2656144900447100103,DH_ex_Reln,subgroup_model,LogisticRegression,5.0,True,2
MV_ex_Shox2,18,excitatory,509,2656144900448100013,MV_ex_Shox2,direct_section,,,True,2
endothelial,__NA__,__NA__,510,2656144900473100055,Schwann_cell,subgroup_model,ExtraTrees,40.0,False,2
oligodendrocyte_2,__NA__,__NA__,511,2656144900475100049,oligodendrocyte_2,subgroup_model,ExtraTrees,40.0,True,2
alpha_motoneuron,22,__NA__,515,2656144900478100114,alpha_motoneuron,subgroup_model,LogisticRegression,5.0,True,2
astrocyte_1,__NA__,__NA__,516,2656144900478100116,astrocyte_2,subgroup_model,ExtraTrees,40.0,False,2
oligodendrocyte_2,__NA__,__NA__,518,2656144900479100024,oligodendrocyte_1,subgroup_model,ExtraTrees,40.0,False,2
alpha_motoneuron,22,__NA__,520,2656144900479100111,alpha_motoneuron,subgroup_model,LogisticRegression,5.0,True,2
oligodendrocyte_1,__NA__,__NA__,523,2656144900480100148,endothelial,subgroup_model,ExtraTrees,40.0,False,2
oligodendrocyte_progenitor_2,__NA__,__NA__,526,2656144900489100179,meninges_3,subgroup_model,ExtraTrees,40.0,False,2
DH_ex_Maf/Cck,10,excitatory,531,2656144900503100190,DH_ex_Rreb1,subgroup_model,RandomForest,2.0,False,2
microglia,__NA__,__NA__,532,2656144900503100201,microglia,subgroup_model,ExtraTrees,40.0,True,2
MV_ex_Syt2,14,excitatory,535,2656144900503100235,MV_ex_Syt2,direct_section_EI,,,True,2
endothelial,__NA__,__NA__,536,2656144900503100238,endothelial,subgroup_model,ExtraTrees,40.0,True,2
oligodendrocyte_1,__NA__,__NA__,541,2656144900504100190,oligodendrocyte_1,subgroup_model,ExtraTrees,40.0,True,2
endothelial,__NA__,__NA__,542,2656144900504100204,endothelial,subgroup_model,ExtraTrees,40.0,True,2
oligodendrocyte_1,__NA__,__NA__,546,2656144900505100237,oligodendrocyte_1,subgroup_model,ExtraTrees,40.0,True,2
endothelial,__NA__,__NA__,548,2656144900506100049,endothelial,subgroup_model,ExtraTrees,40.0,True,2
endothelial,__NA__,__NA__,558,2656144900529100229,endothelial,subgroup_model,ExtraTrees,40.0,True,2
MV_in_Esrrb,14,inhibitory,562,2656144900530100071,MV_in_Esrrb,direct_section_EI,,,True,2
MV_in_Gm26673,19,inhibitory,566,2656144900530100243,MV_in_Chrna2,subgroup_model,LogisticRegression,1.0,False,2
endothelial,__NA__,__NA__,568,2656144900531100064,endothelial,subgroup_model,ExtraTrees,40.0,True,2
astrocyte_1,__NA__,__NA__,570,2656144900532100154,astrocyte_1,subgroup_model,ExtraTrees,40.0,True,2
oligodendrocyte_2,__NA__,__NA__,572,2656144900535100021,oligodendrocyte_2,subgroup_model,ExtraTrees,40.0,True,2
astrocyte_1,__NA__,__NA__,573,2656144900535100107,astrocyte_2,subgroup_model,ExtraTrees,40.0,False,2
oligodendrocyte_progenitor_2,__NA__,__NA__,574,2656144900535100137,meninges_3,subgroup_model,ExtraTrees,40.0,False,2
astrocyte_2,__NA__,__NA__,575,2656144900535100149,oligodendrocyte_1,subgroup_model,ExtraTrees,40.0,False,2
MV_in_Sema5b,15,inhibitory,579,2656144900536100144,MV_in_Sema5b,direct_section,,,True,2
MV_ex_Shox2,18,excitatory,580,2656144900536100146,MV_ex_Shox2,direct_section,,,True,2
oligodendrocyte_progenitor_2,__NA__,__NA__,588,2656144900541100067,oligodendrocyte_progenitor_2,subgroup_model,ExtraTrees,40.0,True,2
oligodendrocyte_1,__NA__,__NA__,593,2656144900541100206,endothelial,subgroup_model,ExtraTrees,40.0,False,2
oligodendrocyte_progenitor_2,__NA__,__NA__,594,2656144900541100283,oligodendrocyte_progenitor_2,subgroup_model,ExtraTrees,40.0,True,2
DH_ex_Prkcg/Cck,8,excitatory,596,2656144900542100210,DH_ex_Tac2,subgroup_model,RandomForest,5.0,False,2
DH_ex_Gpr83,2,excitatory,597,2656144900542100245,DH_ex_Gpr83,subgroup_model,RandomForest,3.0,True,2
microglia,__NA__,__NA__,599,2656144900555100055,microglia,subgroup_model,ExtraTrees,40.0,True,2
astrocyte_1,__NA__,__NA__,604,2656144900557100089,astrocyte_1,subgroup_model,ExtraTrees,40.0,True,2
astrocyte_1,__NA__,__NA__,605,2656144900557100103,endothelial,subgroup_model,ExtraTrees,40.0,False,2
MV_ex_Syt2,14,excitatory,606,2656144900557100254,MV_ex_Syt2,direct_section_EI,,,True,2
astrocyte_1,__NA__,__NA__,608,2656144900557200093,astrocyte_1,subgroup_model,ExtraTrees,40.0,True,2
MV_in_Gm26673,19,inhibitory,611,2656144900558100177,MV_in_Gm26673,subgroup_model,LogisticRegression,1.0,True,2
oligodendrocyte_progenitor_2,__NA__,__NA__,615,2656144900562100058,oligodendrocyte_progenitor_2,subgroup_model,ExtraTrees,40.0,True,2
MV_in_Gm26673,19,inhibitory,616,2656144900562100256,MV_in_Gm26673,subgroup_model,LogisticRegression,1.0,True,2
MV_in_Gm26673,19,inhibitory,623,2656144900565100150,MV_in_Gm26673,subgroup_model,LogisticRegression,1.0,True,2
endothelial,__NA__,__NA__,625,2656144900565100164,endothelial,subgroup_model,ExtraTrees,40.0,True,2
astrocyte_1,__NA__,__NA__,628,2656144900582100146,astrocyte_1,subgroup_model,ExtraTrees,40.0,True,2
oligodendrocyte_precursor_cell,__NA__,__NA__,633,2656144900583100130,oligodendrocyte_progenitor_1,subgroup_model,ExtraTrees,40.0,False,2
oligodendrocyte_progenitor_2,__NA__,__NA__,634,2656144900583100141,meninges_3,subgroup_model,ExtraTrees,40.0,False,2
oligodendrocyte_1,__NA__,__NA__,635,2656144900583100192,astrocyte_1,subgroup_model,ExtraTrees,40.0,False,2
astrocyte_1,__NA__,__NA__,636,2656144900584100151,astrocyte_2,subgroup_model,ExtraTrees,40.0,False,2
DM_ex_Zfhx3,11,excitatory,641,2656144900588100086,DM_ex_Zfhx3,direct_section,,,True,2
astrocyte_1,__NA__,__NA__,643,2656144900589100058,astrocyte_1,subgroup_model,ExtraTrees,40.0,True,2
astrocyte_1,__NA__,__NA__,644,2656144900589100107,oligodendrocyte_precursor_cell,subgroup_model,ExtraTrees,40.0,False,2
astrocyte_1,__NA__,__NA__,645,2656144900589100173,astrocyte_1,subgroup_model,ExtraTrees,40.0,True,2
oligodendrocyte_2,__NA__,__NA__,649,2656144900591100033,oligodendrocyte_2,subgroup_model,ExtraTrees,40.0,True,2
endothelial,__NA__,__NA__,650,2656144900591100123,endothelial,subgroup_model,ExtraTrees,40.0,True,2
oligodendrocyte_2,__NA__,__NA__,652,2656144900591200039,oligodendrocyte_2,subgroup_model,ExtraTrees,40.0,True,2
astrocyte_1,__NA__,__NA__,657,2656144900609100198,astrocyte_2,subgroup_model,ExtraTrees,40.0,False,2
oligodendrocyte_1,__NA__,__NA__,662,2656144900615100219,astrocyte_1,subgroup_model,ExtraTrees,40.0,False,2
oligodendrocyte_precursor_cell,__NA__,__NA__,664,2656144900616100026,oligodendrocyte_progenitor_1,subgroup_model,ExtraTrees,40.0,False,2
DH_ex_Prkcg/Rxfp1,6,excitatory,674,2656144900641100095,DH_ex_Prkcg/Rxfp1,subgroup_model,LogisticRegression,5.0,True,2
DH_ex_Prkcg/Nts,8,excitatory,675,2656144900641100169,DH_ex_Tac2,subgroup_model,RandomForest,5.0,False,2
astrocyte_1,__NA__,__NA__,676,2656144900641100221,astrocyte_2,subgroup_model,ExtraTrees,40.0,False,2
oligodendrocyte_1,__NA__,__NA__,679,2656144900641100255,oligodendrocyte_progenitor_2,subgroup_model,ExtraTrees,40.0,False,2
astrocyte_2,__NA__,__NA__,682,2656144900642100134,astrocyte_2,subgroup_model,ExtraTrees,40.0,True,2
oligodendrocyte_precursor_cell,__NA__,__NA__,683,2656144900642100137,oligodendrocyte_precursor_cell,subgroup_model,ExtraTrees,40.0,True,2
oligodendrocyte_2,__NA__,__NA__,685,2656144900643100022,oligodendrocyte_2,subgroup_model,ExtraTrees,40.0,True,2
oligodendrocyte_progenitor_2,__NA__,__NA__,689,2707604000024100189,oligodendrocyte_precursor_cell,subgroup_model,ExtraTrees,40.0,False,2
oligodendrocyte_2,__NA__,__NA__,690,2707604000025100082,oligodendrocyte_2,subgroup_model,ExtraTrees,40.0,True,2
oligodendrocyte_1,__NA__,__NA__,694,2707604000038100061,oligodendrocyte_2,subgroup_model,ExtraTrees,40.0,False,2
astrocyte_1,__NA__,__NA__,696,2707604000040100083,astrocyte_1,subgroup_model,ExtraTrees,40.0,True,2
astrocyte_1,__NA__,__NA__,699,2707604000041100054,astrocyte_1,subgroup_model,ExtraTrees,40.0,True,2
oligodendrocyte_progenitor_2,__NA__,__NA__,701,2707604000041100135,meninges_3,subgroup_model,ExtraTrees,40.0,False,2
endothelial,__NA__,__NA__,703,2707604000041100180,endothelial,subgroup_model,ExtraTrees,40.0,True,2
DH_ex_Maf/Cck,10,excitatory,706,2707604000042100154,DH_ex_Maf/Cpne4,subgroup_model,RandomForest,2.0,False,2
DH_ex_Reln/Npff,1,excitatory,711,2707604000043100137,DH_ex_Reln/Npff,direct_section,,,True,2
oligodendrocyte_progenitor_2,__NA__,__NA__,715,2707604000054100108,oligodendrocyte_progenitor_2,subgroup_model,ExtraTrees,40.0,True,2
oligodendrocyte_progenitor_1,__NA__,__NA__,716,2707604000054100131,oligodendrocyte_progenitor_1,subgroup_model,ExtraTrees,40.0,True,2
oligodendrocyte_progenitor_2,__NA__,__NA__,719,2707604000055100048,oligodendrocyte_progenitor_2,subgroup_model,ExtraTrees,40.0,True,2
M_in_Tfap2b,12,inhibitory,726,2707604000056100216,M_in_Tfap2b,direct_section,,,True,2
MV_in_Esrrb,14,inhibitory,727,2707604000056100217,MV_in_Esrrb,direct_section_EI,,,True,2
oligodendrocyte_progenitor_2,__NA__,__NA__,730,2707604000057100130,oligodendrocyte_progenitor_2,subgroup_model,ExtraTrees,40.0,True,2
microglia,__NA__,__NA__,731,2707604000057100207,microglia,subgroup_model,ExtraTrees,40.0,True,2
oligodendrocyte_2,__NA__,__NA__,734,2707604000067100058,oligodendrocyte_precursor_cell,subgroup_model,ExtraTrees,40.0,False,2
MV_ex_Syt2,14,excitatory,736,2707604000069100023,MV_ex_Syt2,direct_section_EI,,,True,2
oligodendrocyte_progenitor_2,__NA__,__NA__,738,2707604000069100158,oligodendrocyte_progenitor_2,subgroup_model,ExtraTrees,40.0,True,2
oligodendrocyte_progenitor_2,__NA__,__NA__,742,2707604000070100247,oligodendrocyte_progenitor_2,subgroup_model,ExtraTrees,40.0,True,2
oligodendrocyte_2,__NA__,__NA__,744,2707604000071100197,oligodendrocyte_2,subgroup_model,ExtraTrees,40.0,True,2
oligodendrocyte_2,__NA__,__NA__,746,2707604000072100079,oligodendrocyte_2,subgroup_model,ExtraTrees,40.0,True,2
astrocyte_2,__NA__,__NA__,749,2707604000083100070,astrocyte_2,subgroup_model,ExtraTrees,40.0,True,2
oligodendrocyte_progenitor_2,__NA__,__NA__,753,2707604000084100100,oligodendrocyte_2,subgroup_model,ExtraTrees,40.0,False,2
DH_in_Pdyn/Gal,5,inhibitory,759,2707604000085100241,DH_in_Pdyn/Gal,direct_section_EI,,,True,2
astrocyte_1,__NA__,__NA__,761,2707604000086100021,astrocyte_1,subgroup_model,ExtraTrees,40.0,True,2
DH_ex_Sox5,5,excitatory,764,2707604000086100243,DH_ex_Sox5,subgroup_model,LogisticRegression,1.0,True,2
DH_in_Npy2r,9,inhibitory,766,2707604000086100300,DH_in_Npy2r,subgroup_model,RandomForest,40.0,True,2
astrocyte_1,__NA__,__NA__,767,2707604000086100312,astrocyte_1,subgroup_model,ExtraTrees,40.0,True,2
astrocyte_1,__NA__,__NA__,768,2707604000086200254,astrocyte_2,subgroup_model,ExtraTrees,40.0,False,2
DH_ex_Reln/Nmur2,3,excitatory,769,2707604000087100137,DH_ex_Reln/Nmur2,subgroup_model,LogisticRegression,40.0,True,2
meninges_2,__NA__,__NA__,775,2707604000097200040,meninges_2,subgroup_model,ExtraTrees,40.0,True,2
oligodendrocyte_2,__NA__,__NA__,778,2707604000100100053,oligodendrocyte_2,subgroup_model,ExtraTrees,40.0,True,2
astrocyte_2,__NA__,__NA__,779,2707604000100100091,oligodendrocyte_precursor_cell,subgroup_model,ExtraTrees,40.0,False,2
DH_ex_Reln,6,excitatory,781,2707604000101100079,DH_ex_Reln,subgroup_model,LogisticRegression,5.0,True,2
DH_ex_Reln,6,excitatory,782,2707604000101100106,DH_ex_Reln,subgroup_model,LogisticRegression,5.0,True,2
DH_ex_Reln/Nmur2,3,excitatory,783,2707604000101100108,DH_ex_Reln/Nmur2,subgroup_model,LogisticRegression,40.0,True,2
oligodendrocyte_2,__NA__,__NA__,796,2707604000110100274,oligodendrocyte_2,subgroup_model,ExtraTrees,40.0,True,2
DH_ex_Reln/Nmur2,3,excitatory,799,2707604000110200102,DH_ex_Cpne4,subgroup_model,LogisticRegression,40.0,False,2
endothelial,__NA__,__NA__,805,2707604000123200020,Schwann_cell,subgroup_model,ExtraTrees,40.0,False,2
M_in_Tfap2b,12,inhibitory,811,2707604000124100179,M_in_Tfap2b,direct_section,,,True,2
endothelial,__NA__,__NA__,814,2707604000125100019,endothelial,subgroup_model,ExtraTrees,40.0,True,2
peripheral_glia,__NA__,__NA__,816,2707604000126100086,peripheral_glia,subgroup_model,ExtraTrees,40.0,True,2
peripheral_glia,__NA__,__NA__,820,2707604000127100200,peripheral_glia,subgroup_model,ExtraTrees,40.0,True,2
DH_ex_Gpr83,2,excitatory,823,2707604000138100068,DH_ex_Gpr83,subgroup_model,RandomForest,3.0,True,2
oligodendrocyte_progenitor_2,__NA__,__NA__,824,2707604000138100161,oligodendrocyte_progenitor_2,subgroup_model,ExtraTrees,40.0,True,2
oligodendrocyte_progenitor_2,__NA__,__NA__,826,2707604000139100228,oligodendrocyte_2,subgroup_model,ExtraTrees,40.0,False,2
DH_ex_Prkcg/Rxfp1,6,excitatory,827,2707604000139100261,DH_ex_Prkcg/Rxfp1,subgroup_model,LogisticRegression,5.0,True,2
oligodendrocyte_progenitor_2,__NA__,__NA__,832,2707604000152100108,oligodendrocyte_progenitor_2,subgroup_model,ExtraTrees,40.0,True,2
endothelial,__NA__,__NA__,834,2707604000153100083,endothelial,subgroup_model,ExtraTrees,40.0,True,2
oligodendrocyte_2,__NA__,__NA__,835,2707604000153100184,oligodendrocyte_2,subgroup_model,ExtraTrees,40.0,True,2
DH_in_Rorb,7,inhibitory,839,2707604000155100023,DH_in_Rorb,direct_section,,,True,2
oligodendrocyte_progenitor_2,__NA__,__NA__,840,2707604000155100034,meninges_3,subgroup_model,ExtraTrees,40.0,False,2
DH_ex_Prkcg/Cck,8,excitatory,844,2707604000155100092,DH_ex_Prkcg/Nts,subgroup_model,RandomForest,5.0,False,2
endothelial,__NA__,__NA__,856,2707604700035100156,endothelial,subgroup_model,ExtraTrees,40.0,True,2
oligodendrocyte_progenitor_2,__NA__,__NA__,857,2707604700036100158,oligodendrocyte_progenitor_2,subgroup_model,ExtraTrees,40.0,True,2
alpha_motoneuron,22,__NA__,858,2707604700037100056,gamma_motoneuron,subgroup_model,LogisticRegression,5.0,False,2
astrocyte_1,__NA__,__NA__,866,2707604700044100127,astrocyte_1,subgroup_model,ExtraTrees,40.0,True,2
oligodendrocyte_2,__NA__,__NA__,868,2707604700058100182,oligodendrocyte_2,subgroup_model,ExtraTrees,40.0,True,2
oligodendrocyte_precursor_cell,__NA__,__NA__,869,2707604700059100025,oligodendrocyte_precursor_cell,subgroup_model,ExtraTrees,40.0,True,2
oligodendrocyte_2,__NA__,__NA__,870,2707604700059100078,oligodendrocyte_2,subgroup_model,ExtraTrees,40.0,True,2
oligodendrocyte_progenitor_2,__NA__,__NA__,873,2707604700059100142,oligodendrocyte_progenitor_2,subgroup_model,ExtraTrees,40.0,True,2
astrocyte_1,__NA__,__NA__,876,2707604700060100110,endothelial,subgroup_model,ExtraTrees,40.0,False,2
MV_in_Esrrb,14,inhibitory,879,2707604700060100211,MV_in_Esrrb,direct_section_EI,,,True,2
DH_in_Cdh3,10,inhibitory,881,2707604700062100194,DH_in_Cdh3,subgroup_model,ExtraTrees,40.0,True,2
DH_ex_Reln,6,excitatory,883,2707604700063100171,DH_ex_Reln,subgroup_model,LogisticRegression,5.0,True,2
DH_ex_Sox5/Tac1,5,excitatory,884,2707604700063100177,DH_ex_Sox5/Tac1,subgroup_model,LogisticRegression,1.0,True,2
MV_in_Esrrb,14,inhibitory,885,2707604700067100018,MV_in_Esrrb,direct_section_EI,,,True,2
astrocyte_1,__NA__,__NA__,888,2707604700067100211,astrocyte_1,subgroup_model,ExtraTrees,40.0,True,2
oligodendrocyte_precursor_cell,__NA__,__NA__,891,2707604700068100033,oligodendrocyte_precursor_cell,subgroup_model,ExtraTrees,40.0,True,2
astrocyte_1,__NA__,__NA__,893,2707604700068100182,endothelial,subgroup_model,ExtraTrees,40.0,False,2
MV_ex_Syt2,14,excitatory,895,2707604700069100073,MV_ex_Syt2,direct_section_EI,,,True,2
endothelial,__NA__,__NA__,897,2707604700069100124,endothelial,subgroup_model,ExtraTrees,40.0,True,2
DH_ex_Reln/Nmur2,3,excitatory,901,2707604700070100112,DH_ex_Reln/Nmur2,subgroup_model,LogisticRegression,40.0,True,2
endothelial,__NA__,__NA__,906,2707604700082100027,endothelial,subgroup_model,ExtraTrees,40.0,True,2
astrocyte_1,__NA__,__NA__,910,2707604700082100067,pericyte,subgroup_model,ExtraTrees,40.0,False,2
M_ex_Vsx2,20,excitatory,911,2707604700082100082,M_ex_Vsx2,subgroup_model,LogisticRegression,5.0,True,2
oligodendrocyte_progenitor_2,__NA__,__NA__,914,2707604700083100228,oligodendrocyte_progenitor_2,subgroup_model,ExtraTrees,40.0,True,2
MV_in_Esrrb,14,inhibitory,916,2707604700083100295,MV_in_Esrrb,direct_section_EI,,,True,2
ependymal,__NA__,__NA__,918,2707604700084100070,ependymal,subgroup_model,ExtraTrees,40.0,True,2
oligodendrocyte_progenitor_2,__NA__,__NA__,922,2707604700085100132,oligodendrocyte_2,subgroup_model,ExtraTrees,40.0,False,2
oligodendrocyte_precursor_cell,__NA__,__NA__,926,2707604700086100238,astrocyte_1,subgroup_model,ExtraTrees,40.0,False,2
DH_in_Pdyn/Gal,5,inhibitory,927,2707604700086100252,DH_in_Pdyn/Gal,direct_section_EI,,,True,2
M_in_Tfap2b,12,inhibitory,929,2707604700091100033,M_in_Tfap2b,direct_section,,,True,2
endothelial,__NA__,__NA__,930,2707604700091100045,endothelial,subgroup_model,ExtraTrees,40.0,True,2
DH_ex_Maf/Cck,10,excitatory,932,2707604700091100092,DH_ex_Maf/Slc17a8,subgroup_model,RandomForest,2.0,False,2
DM_ex_Zfhx3,11,excitatory,933,2707604700091100094,DM_ex_Zfhx3,direct_section,,,True,2
DH_in_Cdh3,10,inhibitory,935,2707604700091100170,DH_in_Cdh3,subgroup_model,ExtraTrees,40.0,True,2
DH_ex_Prkcg/Nts,8,excitatory,936,2707604700091100209,DH_ex_Prkcg/Nts,subgroup_model,RandomForest,5.0,True,2
DH_ex_Sox5,5,excitatory,937,2707604700091100243,DH_ex_Sox5,subgroup_model,LogisticRegression,1.0,True,2
oligodendrocyte_precursor_cell,__NA__,__NA__,942,2707604700092100300,oligodendrocyte_precursor_cell,subgroup_model,ExtraTrees,40.0,True,2
oligodendrocyte_progenitor_2,__NA__,__NA__,946,2707604700094100046,meninges_2,subgroup_model,ExtraTrees,40.0,False,2
DH_ex_Reln,6,excitatory,952,2707604700094100196,DH_ex_Reln,subgroup_model,LogisticRegression,5.0,True,2
oligodendrocyte_progenitor_2,__NA__,__NA__,954,2707604700106100095,oligodendrocyte_2,subgroup_model,ExtraTrees,40.0,False,2
oligodendrocyte_progenitor_2,__NA__,__NA__,962,2707604700108100253,oligodendrocyte_progenitor_2,subgroup_model,ExtraTrees,40.0,True,2
oligodendrocyte_progenitor_2,__NA__,__NA__,965,2707604700116100020,oligodendrocyte_2,subgroup_model,ExtraTrees,40.0,False,2
oligodendrocyte_progenitor_2,__NA__,__NA__,966,2707604700128100030,oligodendrocyte_2,subgroup_model,ExtraTrees,40.0,False,2
DM_ex_Zfhx3,11,excitatory,970,2707604700131100047,DM_ex_Zfhx3,direct_section,,,True,2
oligodendrocyte_1,__NA__,__NA__,971,2707604700131100087,oligodendrocyte_2,subgroup_model,ExtraTrees,40.0,False,2
astrocyte_2,__NA__,__NA__,974,2707604700132100321,astrocyte_1,subgroup_model,ExtraTrees,40.0,False,2
astrocyte_2,__NA__,__NA__,977,2707604700133100099,oligodendrocyte_2,subgroup_model,ExtraTrees,40.0,False,2
meninges_1,__NA__,__NA__,978,2707604700133100125,meninges_1,subgroup_model,ExtraTrees,40.0,True,2
oligodendrocyte_precursor_cell,__NA__,__NA__,979,2707604700155100019,oligodendrocyte_2,subgroup_model,ExtraTrees,40.0,False,2
endothelial,__NA__,__NA__,980,2707604700155100038,endothelial,subgroup_model,ExtraTrees,40.0,True,2
Schwann_cell,__NA__,__NA__,981,2707604700156100056,Schwann_cell,subgroup_model,ExtraTrees,40.0,True,2
Schwann_cell,__NA__,__NA__,984,2707604700180200015,Schwann_cell,subgroup_model,ExtraTrees,40.0,True,2
astrocyte_2,__NA__,__NA__,986,2707604700199100046,astrocyte_2,subgroup_model,ExtraTrees,40.0,True,2
astrocyte_1,__NA__,__NA__,988,2707604700200100133,astrocyte_1,subgroup_model,ExtraTrees,40.0,True,2
alpha_motoneuron,22,__NA__,991,2707604700201100067,alpha_motoneuron,subgroup_model,LogisticRegression,5.0,True,2
M_in_Tfap2b,12,inhibitory,992,2707604700202100120,M_in_Tfap2b,direct_section,,,True,2
oligodendrocyte_2,__NA__,__NA__,993,2707604700221100061,oligodendrocyte_2,subgroup_model,ExtraTrees,40.0,True,2
oligodendrocyte_2,__NA__,__NA__,998,2707604700224100023,oligodendrocyte_2,subgroup_model,ExtraTrees,40.0,True,2
oligodendrocyte_progenitor_2,__NA__,__NA__,1000,2707604700225100057,oligodendrocyte_2,subgroup_model,ExtraTrees,40.0,False,2
oligodendrocyte_progenitor_2,__NA__,__NA__,1002,2707604700225200059,oligodendrocyte_2,subgroup_model,ExtraTrees,40.0,False,2
oligodendrocyte_progenitor_2,__NA__,__NA__,1003,2707604700226100041,oligodendrocyte_2,subgroup_model,ExtraTrees,40.0,False,2
oligodendrocyte_progenitor_2,__NA__,__NA__,1004,2707604700226100049,oligodendrocyte_2,subgroup_model,ExtraTrees,40.0,False,2
MV_in_Gabra1,16,inhibitory,1005,2707604700226100081,MV_in_Gabra1,direct_section,,,True,2
oligodendrocyte_2,__NA__,__NA__,1009,2707604700226200053,oligodendrocyte_2,subgroup_model,ExtraTrees,40.0,True,2
oligodendrocyte_2,__NA__,__NA__,1010,2707604700227100028,oligodendrocyte_2,subgroup_model,ExtraTrees,40.0,True,2
astrocyte_2,__NA__,__NA__,1012,2707604700227100068,astrocyte_1,subgroup_model,ExtraTrees,40.0,False,2
Schwann_cell,__NA__,__NA__,1013,2707604700227100110,Schwann_cell,subgroup_model,ExtraTrees,40.0,True,2
astrocyte_1,__NA__,__NA__,1019,2707604700247100091,astrocyte_1,subgroup_model,ExtraTrees,40.0,True,2
oligodendrocyte_2,__NA__,__NA__,1020,2707604700247100101,oligodendrocyte_2,subgroup_model,ExtraTrees,40.0,True,2
oligodendrocyte_progenitor_2,__NA__,__NA__,1023,2707604700248100186,oligodendrocyte_progenitor_2,subgroup_model,ExtraTrees,40.0,True,2
MV_in_Sema5b,15,inhibitory,1027,2707604700249100037,MV_in_Sema5b,direct_section,,,True,2
astrocyte_1,__NA__,__NA__,1029,2707604700249100223,astrocyte_1,subgroup_model,ExtraTrees,40.0,True,2
DH_in_Npy,4,inhibitory,1032,2707604700250100107,DH_in_Npy,subgroup_model,LogisticRegression,1.0,True,2
DH_ex_Tac2,8,excitatory,1036,2707604700250100221,DH_ex_Prkcg/Nts,subgroup_model,RandomForest,5.0,False,2
DH_ex_Maf/Cck,10,excitatory,1037,2707604700250100273,DH_ex_Maf/Cck,subgroup_model,RandomForest,2.0,True,2
DH_in_Npy,4,inhibitory,1038,2707604700250100283,DH_in_Npy,subgroup_model,LogisticRegression,1.0,True,2
DH_ex_Reln/Nmur2,3,excitatory,1044,2707604700271100136,DH_ex_Cpne4,subgroup_model,LogisticRegression,40.0,False,2
oligodendrocyte_progenitor_2,__NA__,__NA__,1049,2707604700271100251,oligodendrocyte_progenitor_2,subgroup_model,ExtraTrees,40.0,True,2
astrocyte_2,__NA__,__NA__,1051,2707604700271100311,astrocyte_2,subgroup_model,ExtraTrees,40.0,True,2
DH_in_Pdyn,2,inhibitory,1053,2707604700272100112,DH_in_Pdyn,direct_section_EI,,,True,2
oligodendrocyte_precursor_cell,__NA__,__NA__,1058,2707604700292200071,endothelial,subgroup_model,ExtraTrees,40.0,False,2
oligodendrocyte_1,__NA__,__NA__,1070,2707604700318100078,oligodendrocyte_precursor_cell,subgroup_model,ExtraTrees,40.0,False,2
oligodendrocyte_1,__NA__,__NA__,1072,2707604700318100123,oligodendrocyte_2,subgroup_model,ExtraTrees,40.0,False,2
oligodendrocyte_progenitor_2,__NA__,__NA__,1074,2707604700319100153,endothelial,subgroup_model,ExtraTrees,40.0,False,2
alpha_motoneuron,22,__NA__,1077,2707604700339100171,alpha_motoneuron,subgroup_model,LogisticRegression,5.0,True,2
microglia,__NA__,__NA__,1079,2707604700340100165,microglia,subgroup_model,ExtraTrees,40.0,True,2
MV_in_Sema5b,15,inhibitory,1084,2707604700342100085,MV_in_Sema5b,direct_section,,,True,2
endothelial,__NA__,__NA__,1087,2707604700342100107,oligodendrocyte_progenitor_1,subgroup_model,ExtraTrees,40.0,False,2
oligodendrocyte_progenitor_2,__NA__,__NA__,1088,2707604700342100122,endothelial,subgroup_model,ExtraTrees,40.0,False,2
astrocyte_1,__NA__,__NA__,1092,2707604700343200218,astrocyte_1,subgroup_model,ExtraTrees,40.0,True,2
pericyte,__NA__,__NA__,1095,2707604700362100104,pericyte,subgroup_model,ExtraTrees,40.0,True,2
oligodendrocyte_progenitor_1,__NA__,__NA__,1100,2707604700363200032,oligodendrocyte_progenitor_1,subgroup_model,ExtraTrees,40.0,True,2
DM_ex_Zfhx3,11,excitatory,1102,2707604700364100125,DM_ex_Zfhx3,direct_section,,,True,2
oligodendrocyte_1,__NA__,__NA__,1107,2707604700365100101,oligodendrocyte_2,subgroup_model,ExtraTrees,40.0,False,2
oligodendrocyte_progenitor_2,__NA__,__NA__,1113,2707604700367100018,oligodendrocyte_progenitor_2,subgroup_model,ExtraTrees,40.0,True,2
oligodendrocyte_2,__NA__,__NA__,1117,2707604700387100208,oligodendrocyte_2,subgroup_model,ExtraTrees,40.0,True,2
oligodendrocyte_precursor_cell,__NA__,__NA__,1119,2707604700388100075,oligodendrocyte_precursor_cell,subgroup_model,ExtraTrees,40.0,True,2
MV_ex_Syt2,14,excitatory,1120,2707604700388100091,MV_ex_Syt2,direct_section_EI,,,True,2
M_ex_Vsx2,20,excitatory,1121,2707604700388100111,M_ex_Vsx2,subgroup_model,LogisticRegression,5.0,True,2
DH_ex_Gpr83,2,excitatory,1125,2707604700389100195,DH_ex_Grpr,subgroup_model,RandomForest,3.0,False,2
astrocyte_1,__NA__,__NA__,1127,2707604700389100279,astrocyte_1,subgroup_model,ExtraTrees,40.0,True,2
oligodendrocyte_progenitor_2,__NA__,__NA__,1130,2707604700410100019,oligodendrocyte_2,subgroup_model,ExtraTrees,40.0,False,2
DH_ex_Grp,6,excitatory,1141,2707604800014100023,DH_ex_Prkcg/Rxfp1,subgroup_model,LogisticRegression,5.0,False,2
astrocyte_1,__NA__,__NA__,1145,2707604800014100237,astrocyte_1,subgroup_model,ExtraTrees,40.0,True,2
endothelial,__NA__,__NA__,1146,2707604800014100240,endothelial,subgroup_model,ExtraTrees,40.0,True,2
DH_ex_Reln/Npff,1,excitatory,1148,2707604800033100008,DH_ex_Reln/Npff,direct_section,,,True,2
DH_ex_Grp,6,excitatory,1149,2707604800033100022,DH_ex_Prkcg/Rxfp1,subgroup_model,LogisticRegression,5.0,False,2
oligodendrocyte_progenitor_2,__NA__,__NA__,1150,2707604800034100030,endothelial,subgroup_model,ExtraTrees,40.0,False,2
astrocyte_1,__NA__,__NA__,1152,2707604800034100108,astrocyte_1,subgroup_model,ExtraTrees,40.0,True,2
astrocyte_1,__NA__,__NA__,1153,2707604800034100236,astrocyte_1,subgroup_model,ExtraTrees,40.0,True,2
oligodendrocyte_2,__NA__,__NA__,1157,2707604800036100022,astrocyte_2,subgroup_model,ExtraTrees,40.0,False,2
oligodendrocyte_1,__NA__,__NA__,1159,2707604800037100020,endothelial,subgroup_model,ExtraTrees,40.0,False,2
oligodendrocyte_2,__NA__,__NA__,1160,2707604800039100009,oligodendrocyte_2,subgroup_model,ExtraTrees,40.0,True,2
endothelial,__NA__,__NA__,1173,2707604800059100194,endothelial,subgroup_model,ExtraTrees,40.0,True,2
oligodendrocyte_2,__NA__,__NA__,1177,2707604800061100128,oligodendrocyte_1,subgroup_model,ExtraTrees,40.0,False,2
oligodendrocyte_2,__NA__,__NA__,1178,2707604800078100044,oligodendrocyte_2,subgroup_model,ExtraTrees,40.0,True,2
oligodendrocyte_1,__NA__,__NA__,1184,2707604800080200033,oligodendrocyte_progenitor_1,subgroup_model,ExtraTrees,40.0,False,2
astrocyte_1,__NA__,__NA__,1185,2707604800081100138,astrocyte_1,subgroup_model,ExtraTrees,40.0,True,2
oligodendrocyte_2,__NA__,__NA__,1187,2707604800082100050,oligodendrocyte_2,subgroup_model,ExtraTrees,40.0,True,2
DH_ex_Sox5,5,excitatory,1188,2707604800082100205,DH_ex_Sox5,subgroup_model,LogisticRegression,1.0,True,2
DH_in_Npy,4,inhibitory,1192,2707604800083100021,DH_in_Npy,subgroup_model,LogisticRegression,1.0,True,2
DH_ex_Nmu/Tac2,8,excitatory,1193,2707604800083100093,DH_ex_Nmu/Tac2,subgroup_model,RandomForest,5.0,True,2
endothelial,__NA__,__NA__,1194,2707604800099100069,meninges_1,subgroup_model,ExtraTrees,40.0,False,2
astrocyte_2,__NA__,__NA__,1195,2707604800100100027,astrocyte_2,subgroup_model,ExtraTrees,40.0,True,2
DH_ex_Sox5,5,excitatory,1204,2707604800103100083,DH_ex_Sox5,subgroup_model,LogisticRegression,1.0,True,2
DH_in_Pdyn,2,inhibitory,1205,2707604800103100118,DH_in_Pdyn,direct_section_EI,,,True,2
astrocyte_2,__NA__,__NA__,1206,2707604800118100027,astrocyte_2,subgroup_model,ExtraTrees,40.0,True,2
oligodendrocyte_progenitor_2,__NA__,__NA__,1211,2707604800121100064,microglia,subgroup_model,ExtraTrees,40.0,False,2
endothelial,__NA__,__NA__,1212,2707604800121200057,endothelial,subgroup_model,ExtraTrees,40.0,True,2
oligodendrocyte_progenitor_1,__NA__,__NA__,1216,2707604800141100034,oligodendrocyte_progenitor_1,subgroup_model,ExtraTrees,40.0,True,2
microglia,__NA__,__NA__,1219,2707604800141100090,microglia,subgroup_model,ExtraTrees,40.0,True,2
astrocyte_1,__NA__,__NA__,1220,2707604800141100181,astrocyte_1,subgroup_model,ExtraTrees,40.0,True,2
oligodendrocyte_progenitor_2,__NA__,__NA__,1222,2707604800142100021,meninges_3,subgroup_model,ExtraTrees,40.0,False,2
DH_ex_Prkcg/Nts,8,excitatory,1227,2707604800143100159,DH_ex_Tac2,subgroup_model,RandomForest,5.0,False,2
DH_in_Cdh3,10,inhibitory,1229,2707604800143100301,DH_in_Cdh3,subgroup_model,ExtraTrees,40.0,True,2
DH_ex_Reln,6,excitatory,1230,2707604800143100337,DH_ex_Prkcg/Rxfp1,subgroup_model,LogisticRegression,5.0,False,2
oligodendrocyte_2,__NA__,__NA__,1233,2707604800162100038,oligodendrocyte_2,subgroup_model,ExtraTrees,40.0,True,2
Schwann_cell,__NA__,__NA__,1236,2707604800162100138,Schwann_cell,subgroup_model,ExtraTrees,40.0,True,2
DH_ex_Reln/Nmur2,3,excitatory,1241,2707604800164100068,DH_ex_Reln/Nmur2,subgroup_model,LogisticRegression,40.0,True,2
meninges_1,__NA__,__NA__,1243,2707604800178200010,meninges_3,subgroup_model,ExtraTrees,40.0,False,2
meninges_1,__NA__,__NA__,1244,2707604800182100044,meninges_3,subgroup_model,ExtraTrees,40.0,False,2
oligodendrocyte_2,__NA__,__NA__,1246,2707604800199100180,oligodendrocyte_2,subgroup_model,ExtraTrees,40.0,True,2
oligodendrocyte_progenitor_2,__NA__,__NA__,1247,2707604800200100035,oligodendrocyte_1,subgroup_model,ExtraTrees,40.0,False,2
endothelial,__NA__,__NA__,1253,2707604800221100090,endothelial,subgroup_model,ExtraTrees,40.0,True,2
astrocyte_1,__NA__,__NA__,1256,2707604800240100022,astrocyte_1,subgroup_model,ExtraTrees,40.0,True,2
DM_ex_Zfhx3,11,excitatory,1261,2707604800242100131,DM_ex_Zfhx3,direct_section,,,True,2
astrocyte_1,__NA__,__NA__,1262,2707604800242100179,astrocyte_1,subgroup_model,ExtraTrees,40.0,True,2
oligodendrocyte_2,__NA__,__NA__,1263,2707604800242100219,oligodendrocyte_2,subgroup_model,ExtraTrees,40.0,True,2
oligodendrocyte_progenitor_2,__NA__,__NA__,1264,2707604800242100223,oligodendrocyte_progenitor_2,subgroup_model,ExtraTrees,40.0,True,2
Schwann_cell,__NA__,__NA__,1266,2707604800280100011,Schwann_cell,subgroup_model,ExtraTrees,40.0,True,2
astrocyte_2,__NA__,__NA__,1269,2707604800282100069,astrocyte_2,subgroup_model,ExtraTrees,40.0,True,2
Schwann_cell,__NA__,__NA__,1280,2707604800322200138,Schwann_cell,subgroup_model,ExtraTrees,40.0,True,2
astrocyte_1,__NA__,__NA__,1281,2707604800339100147,astrocyte_1,subgroup_model,ExtraTrees,40.0,True,2
astrocyte_1,__NA__,__NA__,1283,2707604800340100190,astrocyte_2,subgroup_model,ExtraTrees,40.0,False,2
Schwann_cell,__NA__,__NA__,1290,2707604800343100161,Schwann_cell,subgroup_model,ExtraTrees,40.0,True,2
oligodendrocyte_precursor_cell,__NA__,__NA__,1292,2707604800360100107,oligodendrocyte_progenitor_1,subgroup_model,ExtraTrees,40.0,False,2
endothelial,__NA__,__NA__,1293,2707604800361100084,Schwann_cell,subgroup_model,ExtraTrees,40.0,False,2
oligodendrocyte_progenitor_2,__NA__,__NA__,1294,2707604800361100143,oligodendrocyte_1,subgroup_model,ExtraTrees,40.0,False,2
astrocyte_1,__NA__,__NA__,1295,2707604800361100161,astrocyte_2,subgroup_model,ExtraTrees,40.0,False,2
astrocyte_1,__NA__,__NA__,1298,2707604800362100074,ependymal,subgroup_model,ExtraTrees,40.0,False,2
oligodendrocyte_1,__NA__,__NA__,1299,2707604800363100213,oligodendrocyte_1,subgroup_model,ExtraTrees,40.0,True,2
oligodendrocyte_progenitor_2,__NA__,__NA__,1305,2707604800381100171,astrocyte_1,subgroup_model,ExtraTrees,40.0,False,2
MV_in_Gabra1,16,inhibitory,1306,2707604800382100052,MV_in_Gabra1,direct_section,,,True,2
oligodendrocyte_progenitor_2,__NA__,__NA__,1315,2707604800384100110,oligodendrocyte_1,subgroup_model,ExtraTrees,40.0,False,2
DH_ex_Rreb1,10,excitatory,1316,2707604800384100151,DH_ex_Maf/Cck,subgroup_model,RandomForest,2.0,False,2
DH_in_Cdh3,10,inhibitory,1320,2707604800385100086,DH_in_Cdh3,subgroup_model,ExtraTrees,40.0,True,2
astrocyte_1,__NA__,__NA__,1322,2707604800385100203,astrocyte_1,subgroup_model,ExtraTrees,40.0,True,2
oligodendrocyte_progenitor_2,__NA__,__NA__,1323,2707604800402100006,Schwann_cell,subgroup_model,ExtraTrees,40.0,False,2
MV_ex_Syt2,14,excitatory,1325,2707604800403100039,MV_ex_Syt2,direct_section_EI,,,True,2
MV_ex_Syt2,14,excitatory,1329,2707604800403100177,MV_ex_Syt2,direct_section_EI,,,True,2
DH_ex_Prkcg/Rxfp1,6,excitatory,1332,2707604800404100223,DH_ex_Grp,subgroup_model,LogisticRegression,5.0,False,2
DM_ex_Zfhx3,11,excitatory,1334,2707604800405100081,DM_ex_Zfhx3,direct_section,,,True,2
oligodendrocyte_progenitor_2,__NA__,__NA__,1335,2707604800406100019,oligodendrocyte_2,subgroup_model,ExtraTrees,40.0,False,2
DH_in_Cdh3,10,inhibitory,1342,2707604800425100074,DH_in_Cdh3,subgroup_model,ExtraTrees,40.0,True,2
DH_ex_Reln/Npff,1,excitatory,1343,2707604800425100142,DH_ex_Reln/Npff,direct_section,,,True,2
DH_in_Cdh3,10,inhibitory,1347,2707604800425100279,DH_in_Klhl14,subgroup_model,ExtraTrees,40.0,False,2
DH_ex_Nmu/Tac2,8,excitatory,1351,2707604800445100222,DH_ex_Nmu/Tac2,subgroup_model,RandomForest,5.0,True,2
DH_ex_Prkcg/Cck,8,excitatory,1354,2707737900007100042,DH_ex_Prkcg/Cck,subgroup_model,RandomForest,5.0,True,2
oligodendrocyte_progenitor_2,__NA__,__NA__,1356,2707737900007100164,oligodendrocyte_2,subgroup_model,ExtraTrees,40.0,False,2
DM_ex_Zfhx3,11,excitatory,1359,2707737900007100257,DM_ex_Zfhx3,direct_section,,,True,2
oligodendrocyte_progenitor_2,__NA__,__NA__,1366,2707737900021100021,meninges_3,subgroup_model,ExtraTrees,40.0,False,2
astrocyte_1,__NA__,__NA__,1375,2707737900034100153,astrocyte_2,subgroup_model,ExtraTrees,40.0,False,2
oligodendrocyte_2,__NA__,__NA__,1378,2707737900035100048,oligodendrocyte_2,subgroup_model,ExtraTrees,40.0,True,2
astrocyte_2,__NA__,__NA__,1379,2707737900035100070,astrocyte_2,subgroup_model,ExtraTrees,40.0,True,2
oligodendrocyte_2,__NA__,__NA__,1380,2707737900036100040,oligodendrocyte_2,subgroup_model,ExtraTrees,40.0,True,2
astrocyte_2,__NA__,__NA__,1381,2707737900036100042,oligodendrocyte_progenitor_2,subgroup_model,ExtraTrees,40.0,False,2
astrocyte_1,__NA__,__NA__,1384,2707737900046100132,astrocyte_2,subgroup_model,ExtraTrees,40.0,False,2
astrocyte_1,__NA__,__NA__,1387,2707737900047100154,oligodendrocyte_2,subgroup_model,ExtraTrees,40.0,False,2
oligodendrocyte_2,__NA__,__NA__,1396,2707737900049100194,oligodendrocyte_2,subgroup_model,ExtraTrees,40.0,True,2
pericyte,__NA__,__NA__,1401,2707737900060100148,endothelial,subgroup_model,ExtraTrees,40.0,False,2
DH_ex_Grp,6,excitatory,1408,2707737900062100140,DH_ex_Prkcg/Rxfp1,subgroup_model,LogisticRegression,5.0,False,2
MV_in_Gabra1,16,inhibitory,1409,2707737900062100244,MV_in_Gabra1,direct_section,,,True,2
DH_ex_Tac2,8,excitatory,1412,2707737900063100081,DH_ex_Nmu/Tac2,subgroup_model,RandomForest,5.0,False,2
DH_in_Rorb,7,inhibitory,1413,2707737900063100100,DH_in_Rorb,direct_section,,,True,2
astrocyte_1,__NA__,__NA__,1422,2707737900075100138,astrocyte_2,subgroup_model,ExtraTrees,40.0,False,2
astrocyte_1,__NA__,__NA__,1428,2707737900086100089,oligodendrocyte_2,subgroup_model,ExtraTrees,40.0,False,2
oligodendrocyte_progenitor_2,__NA__,__NA__,1429,2707737900086100132,meninges_3,subgroup_model,ExtraTrees,40.0,False,2
oligodendrocyte_progenitor_2,__NA__,__NA__,1430,2707737900086200147,oligodendrocyte_progenitor_2,subgroup_model,ExtraTrees,40.0,True,2
MV_ex_Syt2,14,excitatory,1436,2707737900087100211,MV_ex_Syt2,direct_section_EI,,,True,2
oligodendrocyte_1,__NA__,__NA__,1437,2707737900088100010,oligodendrocyte_progenitor_2,subgroup_model,ExtraTrees,40.0,False,2
meninges_2,__NA__,__NA__,1441,2707737900095100022,meninges_1,subgroup_model,ExtraTrees,40.0,False,2
meninges_2,__NA__,__NA__,1443,2707737900096100070,meninges_1,subgroup_model,ExtraTrees,40.0,False,2
astrocyte_1,__NA__,__NA__,1444,2707737900098100063,astrocyte_1,subgroup_model,ExtraTrees,40.0,True,2
MV_in_Gm26673,19,inhibitory,1446,2707737900099100020,MV_in_Gm26673,subgroup_model,LogisticRegression,1.0,True,2
endothelial,__NA__,__NA__,1448,2707737900099100108,endothelial,subgroup_model,ExtraTrees,40.0,True,2
oligodendrocyte_precursor_cell,__NA__,__NA__,1449,2707737900099100117,oligodendrocyte_precursor_cell,subgroup_model,ExtraTrees,40.0,True,2
MV_in_Gm26673,19,inhibitory,1450,2707737900099100188,MV_in_Gm26673,subgroup_model,LogisticRegression,1.0,True,2
astrocyte_1,__NA__,__NA__,1451,2707737900099100232,oligodendrocyte_2,subgroup_model,ExtraTrees,40.0,False,2
DM_ex_Zfhx3,11,excitatory,1458,2707737900101100093,DM_ex_Zfhx3,direct_section,,,True,2
DH_in_Cdh3,10,inhibitory,1460,2707737900102100026,DH_in_Cdh3,subgroup_model,ExtraTrees,40.0,True,2
Schwann_cell,__NA__,__NA__,1462,2707737900102100081,Schwann_cell,subgroup_model,ExtraTrees,40.0,True,2
astrocyte_2,__NA__,__NA__,1464,2707737900106100009,meninges_1,subgroup_model,ExtraTrees,40.0,False,2
astrocyte_2,__NA__,__NA__,1465,2707737900110100007,astrocyte_1,subgroup_model,ExtraTrees,40.0,False,2
peripheral_glia,__NA__,__NA__,1471,2707737900114100047,Schwann_cell,subgroup_model,ExtraTrees,40.0,False,2
oligodendrocyte_2,__NA__,__NA__,1472,2707737900114100111,oligodendrocyte_2,subgroup_model,ExtraTrees,40.0,True,2
MV_in_Chrna2,19,inhibitory,1482,2707737900132100163,MV_in_Gm26673,subgroup_model,LogisticRegression,1.0,False,2
MV_in_Gm26673,19,inhibitory,1483,2707737900133100071,MV_in_Gm26673,subgroup_model,LogisticRegression,1.0,True,2
astrocyte_1,__NA__,__NA__,1484,2707737900133100117,astrocyte_1,subgroup_model,ExtraTrees,40.0,True,2
oligodendrocyte_progenitor_2,__NA__,__NA__,1488,2707737900133100223,endothelial,subgroup_model,ExtraTrees,40.0,False,2
gamma_motoneuron,22,__NA__,1494,2707737900144100150,gamma_motoneuron,subgroup_model,LogisticRegression,5.0,True,2
MV_in_Esrrb,14,inhibitory,1495,2707737900144100205,MV_in_Esrrb,direct_section_EI,,,True,2
DH_in_Klhl14,10,inhibitory,1498,2707737900147100172,DH_in_Cdh3,subgroup_model,ExtraTrees,40.0,False,2
oligodendrocyte_progenitor_2,__NA__,__NA__,1501,2707737900147100238,oligodendrocyte_precursor_cell,subgroup_model,ExtraTrees,40.0,False,2
oligodendrocyte_1,__NA__,__NA__,1503,2726542200026100134,oligodendrocyte_1,subgroup_model,ExtraTrees,40.0,True,2
DM_ex_Zfhx3,11,excitatory,1505,2726542200063100202,DM_ex_Zfhx3,direct_section,,,True,2
MV_in_Gabra1,16,inhibitory,1507,2726543700098100127,MV_in_Gabra1,direct_section,,,True,2
endothelial,__NA__,__NA__,1509,2726543700099100012,endothelial,subgroup_model,ExtraTrees,40.0,True,2
oligodendrocyte_progenitor_2,__NA__,__NA__,1511,2726543700099100133,endothelial,subgroup_model,ExtraTrees,40.0,False,2
MV_in_Chrna2,19,inhibitory,1514,2726543700142100174,MV_in_Gm26673,subgroup_model,LogisticRegression,1.0,False,2
DH_ex_Maf/Cck,10,excitatory,1519,2726543700194100187,DH_ex_Rreb1,subgroup_model,RandomForest,2.0,False,2
oligodendrocyte_1,__NA__,__NA__,1520,2726543700195100105,endothelial,subgroup_model,ExtraTrees,40.0,False,2
MV_in_Sema5b,15,inhibitory,1521,2726543700195100241,MV_in_Sema5b,direct_section,,,True,2
oligodendrocyte_1,__NA__,__NA__,1523,2726543700206100075,meninges_3,subgroup_model,ExtraTrees,40.0,False,2
oligodendrocyte_1,__NA__,__NA__,1526,2726543700227100078,endothelial,subgroup_model,ExtraTrees,40.0,False,2
DH_ex_Nmu/Tac2,8,excitatory,1529,2726543700228100181,DH_ex_Nmu/Tac2,subgroup_model,RandomForest,5.0,True,2
alpha_motoneuron,22,__NA__,1531,2726543700370100185,alpha_motoneuron,subgroup_model,LogisticRegression,5.0,True,2
MV_in_Gabra1,16,inhibitory,1534,2726543700402100134,MV_in_Gabra1,direct_section,,,True,2
DH_ex_Reln/Npff,1,excitatory,1543,2726543700497200037,DH_ex_Reln/Npff,direct_section,,,True,2
oligodendrocyte_progenitor_2,__NA__,__NA__,1544,2726543700538100148,endothelial,subgroup_model,ExtraTrees,40.0,False,2
oligodendrocyte_1,__NA__,__NA__,1547,2726544200036100086,endothelial,subgroup_model,ExtraTrees,40.0,False,2
oligodendrocyte_1,__NA__,__NA__,1548,2726544200037200045,oligodendrocyte_1,subgroup_model,ExtraTrees,40.0,True,2
oligodendrocyte_precursor_cell,__NA__,__NA__,1557,2726544600002100163,oligodendrocyte_progenitor_1,subgroup_model,ExtraTrees,40.0,False,2
alpha_motoneuron,22,__NA__,1559,2726544600004100150,beta_motoneuron,subgroup_model,LogisticRegression,5.0,False,2
oligodendrocyte_progenitor_2,__NA__,__NA__,1560,2726544600027100237,oligodendrocyte_precursor_cell,subgroup_model,ExtraTrees,40.0,False,2
MV_ex_Syt2,14,excitatory,1564,2726544600030100115,MV_ex_Syt2,direct_section_EI,,,True,2
astrocyte_1,__NA__,__NA__,1566,2726544600053100085,astrocyte_1,subgroup_model,ExtraTrees,40.0,True,2
oligodendrocyte_1,__NA__,__NA__,1569,2726544600055100142,oligodendrocyte_2,subgroup_model,ExtraTrees,40.0,False,2
oligodendrocyte_progenitor_2,__NA__,__NA__,1573,2726544600108100122,endothelial,subgroup_model,ExtraTrees,40.0,False,2
oligodendrocyte_1,__NA__,__NA__,1576,2726544600219100117,endothelial,subgroup_model,ExtraTrees,40.0,False,2
astrocyte_1,__NA__,__NA__,1580,2726544600378200090,astrocyte_1,subgroup_model,ExtraTrees,40.0,True,2
gamma_motoneuron,22,__NA__,1581,2726544600381100138,gamma_motoneuron,subgroup_model,LogisticRegression,5.0,True,2
MV_in_Gm26673,19,inhibitory,1583,2726544600404100198,MV_in_Gm26673,subgroup_model,LogisticRegression,1.0,True,2
astrocyte_1,__NA__,__NA__,1584,2726544600405100096,astrocyte_1,subgroup_model,ExtraTrees,40.0,True,2
DH_in_Klhl14,10,inhibitory,1585,2726544600410100062,DH_in_Klhl14,subgroup_model,ExtraTrees,40.0,True,2
microglia,__NA__,__NA__,1587,2726544600430100022,microglia,subgroup_model,ExtraTrees,40.0,True,2
MV_in_Gabra1,16,inhibitory,1591,2726544600431100105,MV_in_Gabra1,direct_section,,,True,2
MV_in_Gabra1,16,inhibitory,1595,2726544600456100095,MV_in_Gabra1,direct_section,,,True,2
oligodendrocyte_progenitor_1,__NA__,__NA__,1596,2726544600456100096,oligodendrocyte_precursor_cell,subgroup_model,ExtraTrees,40.0,False,2
oligodendrocyte_1,__NA__,__NA__,1598,2726562700098100027,oligodendrocyte_progenitor_1,subgroup_model,ExtraTrees,40.0,False,2
DH_ex_Grp,6,excitatory,1601,2726562700117100326,DH_ex_Prkcg/Rxfp1,subgroup_model,LogisticRegression,5.0,False,2
oligodendrocyte_progenitor_2,__NA__,__NA__,1605,2726562700199100135,endothelial,subgroup_model,ExtraTrees,40.0,False,2
DH_ex_Maf/Cck,10,excitatory,1608,2726562700215100157,DH_ex_Rreb1,subgroup_model,RandomForest,2.0,False,2
oligodendrocyte_precursor_cell,__NA__,__NA__,1610,2726562700215100269,oligodendrocyte_precursor_cell,subgroup_model,ExtraTrees,40.0,True,2
astrocyte_1,__NA__,__NA__,1613,2726562700234100209,endothelial,subgroup_model,ExtraTrees,40.0,False,2
MV_in_Esrrb,14,inhibitory,1614,2726562700238100128,MV_in_Esrrb,direct_section_EI,,,True,2
MV_in_Sema5b,15,inhibitory,1615,2726562700255100114,MV_in_Sema5b,direct_section,,,True,2
MV_in_Gabra1,16,inhibitory,1618,2726562700256100271,MV_in_Gabra1,direct_section,,,True,2
astrocyte_2,__NA__,__NA__,1621,2726562700278100055,astrocyte_1,subgroup_model,ExtraTrees,40.0,False,2
alpha_motoneuron,22,__NA__,1622,2726562700298100134,alpha_motoneuron,subgroup_model,LogisticRegression,5.0,True,2
DM_ex_Zfhx3,11,excitatory,1623,2726562800039100112,DM_ex_Zfhx3,direct_section,,,True,2
alpha_motoneuron,22,__NA__,1624,2726562800040100033,beta_motoneuron,subgroup_model,LogisticRegression,5.0,False,2
DH_ex_Gpr83,2,excitatory,1627,2726562800059100205,DH_ex_Grpr,subgroup_model,RandomForest,3.0,False,2
MV_in_Sema5b,15,inhibitory,1629,2726562800098100215,MV_in_Sema5b,direct_section,,,True,2
astrocyte_2,__NA__,__NA__,1632,2726562800140100045,astrocyte_2,subgroup_model,ExtraTrees,40.0,True,2
oligodendrocyte_progenitor_2,__NA__,__NA__,1638,2726562800279100145,astrocyte_1,subgroup_model,ExtraTrees,40.0,False,2
DH_ex_Gpr83,2,excitatory,1639,2726562800280100097,DH_ex_Grpr,subgroup_model,RandomForest,3.0,False,2
astrocyte_1,__NA__,__NA__,1641,2787445900013100083,oligodendrocyte_progenitor_1,subgroup_model,ExtraTrees,40.0,False,2
oligodendrocyte_progenitor_2,__NA__,__NA__,1643,2787445900050100090,oligodendrocyte_2,subgroup_model,ExtraTrees,40.0,False,2
DH_ex_Maf/Cck,10,excitatory,1644,2787445900050100097,DH_ex_Maf/Cck,subgroup_model,RandomForest,2.0,True,2
DH_ex_Grpr,2,excitatory,1646,2787445900051100037,DH_ex_Gpr83,subgroup_model,RandomForest,3.0,False,2
pericyte,__NA__,__NA__,1655,2787445900053200043,pericyte,subgroup_model,ExtraTrees,40.0,True,2
astrocyte_1,__NA__,__NA__,1656,2787445900053200095,oligodendrocyte_progenitor_2,subgroup_model,ExtraTrees,40.0,False,2
DH_ex_Maf/Cpne4,10,excitatory,1667,2787445900089100079,DH_ex_Maf/Cck,subgroup_model,RandomForest,2.0,False,2
astrocyte_1,__NA__,__NA__,1672,2787445900090100195,astrocyte_2,subgroup_model,ExtraTrees,40.0,False,2
astrocyte_2,__NA__,__NA__,1675,2787445900094100074,meninges_1,subgroup_model,ExtraTrees,40.0,False,2
DH_ex_Reln/Npff,1,excitatory,1679,2787445900095100086,DH_ex_Reln/Npff,direct_section,,,True,2
DH_in_Cdh3,10,inhibitory,1686,2787445900097100194,DH_in_Cdh3,subgroup_model,ExtraTrees,40.0,True,2
DH_in_Cdh3,4,inhibitory,1687,2787445900097100208,DH_in_Cdh3,subgroup_model,LogisticRegression,1.0,True,2
DH_ex_Reln/Nmur2,3,excitatory,1692,2787445900098100061,DH_ex_Reln/Nmur2,subgroup_model,LogisticRegression,40.0,True,2
microglia,__NA__,__NA__,1693,2787445900098100082,microglia,subgroup_model,ExtraTrees,40.0,True,2
oligodendrocyte_progenitor_2,__NA__,__NA__,1702,2787445900126100043,pericyte,subgroup_model,ExtraTrees,40.0,False,2
endothelial,__NA__,__NA__,1704,2787445900126100072,endothelial,subgroup_model,ExtraTrees,40.0,True,2
astrocyte_1,__NA__,__NA__,1705,2787445900126100115,oligodendrocyte_progenitor_2,subgroup_model,ExtraTrees,40.0,False,2
oligodendrocyte_progenitor_2,__NA__,__NA__,1706,2787445900126100116,oligodendrocyte_progenitor_2,subgroup_model,ExtraTrees,40.0,True,2
DM_ex_Zfhx3,11,excitatory,1707,2787445900126100121,DM_ex_Zfhx3,direct_section,,,True,2
DH_in_Cdh3,10,inhibitory,1711,2787445900127100019,DH_in_Cdh3,subgroup_model,ExtraTrees,40.0,True,2
oligodendrocyte_progenitor_2,__NA__,__NA__,1712,2787445900127100075,oligodendrocyte_progenitor_2,subgroup_model,ExtraTrees,40.0,True,2
oligodendrocyte_2,__NA__,__NA__,1714,2787445900128100098,oligodendrocyte_2,subgroup_model,ExtraTrees,40.0,True,2
DH_ex_Grpr,2,excitatory,1717,2787445900130100099,DH_ex_Grpr,subgroup_model,RandomForest,3.0,True,2
oligodendrocyte_2,__NA__,__NA__,1718,2787445900130100144,oligodendrocyte_1,subgroup_model,ExtraTrees,40.0,False,2
astrocyte_1,__NA__,__NA__,1720,2787445900131100032,astrocyte_1,subgroup_model,ExtraTrees,40.0,True,2
oligodendrocyte_2,__NA__,__NA__,1724,2787445900133100029,oligodendrocyte_2,subgroup_model,ExtraTrees,40.0,True,2
oligodendrocyte_progenitor_2,__NA__,__NA__,1725,2787445900134100111,meninges_3,subgroup_model,ExtraTrees,40.0,False,2
M_in_Tfap2b,12,inhibitory,1727,2787445900134100239,M_in_Tfap2b,direct_section,,,True,2
astrocyte_2,__NA__,__NA__,1729,2787445900137100055,meninges_3,subgroup_model,ExtraTrees,40.0,False,2
visceral_motoneuron,20,__NA__,1736,2787445900163100023,visceral_motoneuron,direct_section_EI,,,True,2
MV_ex_Shox2,18,excitatory,1738,2787445900163100081,MV_ex_Shox2,direct_section,,,True,2
oligodendrocyte_progenitor_2,__NA__,__NA__,1739,2787445900163100132,microglia,subgroup_model,ExtraTrees,40.0,False,2
oligodendrocyte_progenitor_2,__NA__,__NA__,1741,2787445900164100094,oligodendrocyte_progenitor_2,subgroup_model,ExtraTrees,40.0,True,2
microglia,__NA__,__NA__,1742,2787445900167100052,microglia,subgroup_model,ExtraTrees,40.0,True,2
oligodendrocyte_progenitor_2,__NA__,__NA__,1746,2787445900168100168,oligodendrocyte_progenitor_2,subgroup_model,ExtraTrees,40.0,True,2
endothelial,__NA__,__NA__,1751,2787445900170100224,astrocyte_2,subgroup_model,ExtraTrees,40.0,False,2
MV_in_Esrrb,14,inhibitory,1752,2787445900170100231,MV_in_Esrrb,direct_section_EI,,,True,2
oligodendrocyte_1,__NA__,__NA__,1754,2787445900172100084,meninges_3,subgroup_model,ExtraTrees,40.0,False,2
DH_ex_Reln/Nmur2,3,excitatory,1761,2787445900193100122,DH_ex_Reln/Nmur2,subgroup_model,LogisticRegression,40.0,True,2
astrocyte_1,__NA__,__NA__,1765,2787445900195100061,astrocyte_2,subgroup_model,ExtraTrees,40.0,False,2
astrocyte_1,__NA__,__NA__,1768,2787445900199100016,endothelial,subgroup_model,ExtraTrees,40.0,False,2
gamma_motoneuron,22,__NA__,1771,2787445900200100108,gamma_motoneuron,subgroup_model,LogisticRegression,5.0,True,2
oligodendrocyte_progenitor_2,__NA__,__NA__,1773,2787445900200100188,oligodendrocyte_2,subgroup_model,ExtraTrees,40.0,False,2
astrocyte_2,__NA__,__NA__,1777,2787445900201100067,astrocyte_1,subgroup_model,ExtraTrees,40.0,False,2
oligodendrocyte_progenitor_2,__NA__,__NA__,1779,2787445900204100036,oligodendrocyte_2,subgroup_model,ExtraTrees,40.0,False,2
microglia,__NA__,__NA__,1783,2787445900205100076,microglia,subgroup_model,ExtraTrees,40.0,True,2
oligodendrocyte_progenitor_2,__NA__,__NA__,1784,2787445900206100028,oligodendrocyte_progenitor_2,subgroup_model,ExtraTrees,40.0,True,2
MV_ex_Syt2,14,excitatory,1787,2787445900206100149,MV_ex_Syt2,direct_section_EI,,,True,2
oligodendrocyte_1,__NA__,__NA__,1793,2787445900208100084,oligodendrocyte_progenitor_2,subgroup_model,ExtraTrees,40.0,False,2
endothelial,__NA__,__NA__,1794,2787445900209100117,meninges_1,subgroup_model,ExtraTrees,40.0,False,2
astrocyte_2,__NA__,__NA__,1797,2787445900210100014,oligodendrocyte_2,subgroup_model,ExtraTrees,40.0,False,2
oligodendrocyte_progenitor_2,__NA__,__NA__,1801,2787445900224100104,oligodendrocyte_progenitor_2,subgroup_model,ExtraTrees,40.0,True,2
DH_in_Npy2r,9,inhibitory,1804,2787445900225100051,DH_in_Npy2r,subgroup_model,RandomForest,40.0,True,2
DM_ex_Zfhx3,11,excitatory,1805,2787445900225100102,DM_ex_Zfhx3,direct_section,,,True,2
endothelial,__NA__,__NA__,1806,2787445900225100143,endothelial,subgroup_model,ExtraTrees,40.0,True,2
endothelial,__NA__,__NA__,1810,2787445900225100207,oligodendrocyte_2,subgroup_model,ExtraTrees,40.0,False,2
endothelial,__NA__,__NA__,1811,2787445900226100033,endothelial,subgroup_model,ExtraTrees,40.0,True,2
astrocyte_2,__NA__,__NA__,1813,2787445900228100017,oligodendrocyte_2,subgroup_model,ExtraTrees,40.0,False,2
oligodendrocyte_1,__NA__,__NA__,1826,2787445900242100087,oligodendrocyte_progenitor_2,subgroup_model,ExtraTrees,40.0,False,2
oligodendrocyte_progenitor_2,__NA__,__NA__,1831,2787445900244100077,oligodendrocyte_progenitor_2,subgroup_model,ExtraTrees,40.0,True,2
oligodendrocyte_2,__NA__,__NA__,1832,2787445900245100152,oligodendrocyte_2,subgroup_model,ExtraTrees,40.0,True,2
DH_ex_Grpr,2,excitatory,1833,2787445900247100094,DH_ex_Grpr,subgroup_model,RandomForest,3.0,True,2
DH_in_Npy,4,inhibitory,1834,2787445900247100098,DH_in_Npy,subgroup_model,LogisticRegression,1.0,True,2
DH_ex_Nmu/Tac2,8,excitatory,1838,2787445900248100160,DH_ex_Nmu/Tac2,subgroup_model,RandomForest,5.0,True,2
DH_in_Npy2r,9,inhibitory,1839,2787445900248100174,DH_in_Npy2r,subgroup_model,RandomForest,40.0,True,2
meninges_1,__NA__,__NA__,1842,2787445900250100025,meninges_1,subgroup_model,ExtraTrees,40.0,True,2
oligodendrocyte_2,__NA__,__NA__,1843,2787445900250100079,oligodendrocyte_2,subgroup_model,ExtraTrees,40.0,True,2
DH_ex_Reln/Nmur2,3,excitatory,1856,2787445900252100151,DH_ex_Reln/Nmur2,subgroup_model,LogisticRegression,40.0,True,2
DH_in_Rorb,7,inhibitory,1858,2787445900252100213,DH_in_Rorb,direct_section,,,True,2
DH_in_Cdh3,10,inhibitory,1859,2787445900252100222,DH_in_Cdh3,subgroup_model,ExtraTrees,40.0,True,2
DH_ex_Sox5/Tac1,5,excitatory,1860,2787445900252100232,DH_ex_Sox5/Tac1,subgroup_model,LogisticRegression,1.0,True,2
DH_ex_Cpne4,3,excitatory,1864,2787445900253100197,DH_ex_Cpne4,subgroup_model,LogisticRegression,40.0,True,2
DH_in_Cdh3,10,inhibitory,1865,2787445900253100203,DH_in_Cdh3,subgroup_model,ExtraTrees,40.0,True,2
peripheral_glia,__NA__,__NA__,1874,2787445900255100031,Schwann_cell,subgroup_model,ExtraTrees,40.0,False,2
astrocyte_2,__NA__,__NA__,1883,2787445900264100033,astrocyte_2,subgroup_model,ExtraTrees,40.0,True,2
oligodendrocyte_progenitor_2,__NA__,__NA__,1887,2787445900265100036,oligodendrocyte_progenitor_2,subgroup_model,ExtraTrees,40.0,True,2
astrocyte_1,__NA__,__NA__,1888,2787445900265100058,microglia,subgroup_model,ExtraTrees,40.0,False,2
astrocyte_1,__NA__,__NA__,1897,2787445900267100092,astrocyte_1,subgroup_model,ExtraTrees,40.0,True,2
MV_in_Sema5b,15,inhibitory,1899,2787445900267100210,MV_in_Sema5b,direct_section,,,True,2
oligodendrocyte_2,__NA__,__NA__,1901,2787445900280100070,oligodendrocyte_2,subgroup_model,ExtraTrees,40.0,True,2
oligodendrocyte_2,__NA__,__NA__,1903,2787445900283100135,oligodendrocyte_2,subgroup_model,ExtraTrees,40.0,True,2
DH_ex_Prkcg/Nts,8,excitatory,1906,2787445900284100090,DH_ex_Prkcg/Nts,subgroup_model,RandomForest,5.0,True,2
MV_ex_Syt2,14,excitatory,1912,2787445900285100229,MV_ex_Syt2,direct_section_EI,,,True,2
MV_ex_Syt2,14,excitatory,1914,2787445900285100271,MV_ex_Syt2,direct_section_EI,,,True,2
DM_ex_Zfhx3,11,excitatory,1915,2787445900285100287,DM_ex_Zfhx3,direct_section,,,True,2
DM_ex_Zfhx3,11,excitatory,1916,2787445900285100291,DM_ex_Zfhx3,direct_section,,,True,2
oligodendrocyte_2,__NA__,__NA__,1924,2787445900288100031,oligodendrocyte_2,subgroup_model,ExtraTrees,40.0,True,2
oligodendrocyte_progenitor_2,__NA__,__NA__,1926,2787445900288100227,oligodendrocyte_progenitor_1,subgroup_model,ExtraTrees,40.0,False,2
oligodendrocyte_progenitor_2,__NA__,__NA__,1930,2787445900289100088,oligodendrocyte_progenitor_2,subgroup_model,ExtraTrees,40.0,True,2
MV_in_Gabra1,16,inhibitory,1932,2787445900289100205,MV_in_Gabra1,direct_section,,,True,2
astrocyte_1,__NA__,__NA__,1933,2787445900289100231,astrocyte_1,subgroup_model,ExtraTrees,40.0,True,2
oligodendrocyte_progenitor_2,__NA__,__NA__,1940,2787445900290100181,oligodendrocyte_progenitor_2,subgroup_model,ExtraTrees,40.0,True,2
oligodendrocyte_2,__NA__,__NA__,1943,2787445900291100123,oligodendrocyte_2,subgroup_model,ExtraTrees,40.0,True,2
peripheral_glia,__NA__,__NA__,1947,2787445900292200023,Schwann_cell,subgroup_model,ExtraTrees,40.0,False,2
endothelial,__NA__,__NA__,1953,2787445900301100016,microglia,subgroup_model,ExtraTrees,40.0,False,2
oligodendrocyte_progenitor_2,__NA__,__NA__,1955,2787445900301100035,oligodendrocyte_progenitor_2,subgroup_model,ExtraTrees,40.0,True,2
oligodendrocyte_progenitor_2,__NA__,__NA__,1958,2787445900302100036,oligodendrocyte_progenitor_2,subgroup_model,ExtraTrees,40.0,True,2
MV_in_Sema5b,15,inhibitory,1960,2787445900303100132,MV_in_Sema5b,direct_section,,,True,2
oligodendrocyte_1,__NA__,__NA__,1964,2787445900321100105,pericyte,subgroup_model,ExtraTrees,40.0,False,2
oligodendrocyte_progenitor_2,__NA__,__NA__,1970,2787445900322100108,oligodendrocyte_progenitor_2,subgroup_model,ExtraTrees,40.0,True,2
oligodendrocyte_2,__NA__,__NA__,1971,2787445900322100137,oligodendrocyte_2,subgroup_model,ExtraTrees,40.0,True,2
oligodendrocyte_progenitor_2,__NA__,__NA__,1972,2787445900322100195,endothelial,subgroup_model,ExtraTrees,40.0,False,2
DM_ex_Zfhx3,11,excitatory,1977,2787445900324100073,DM_ex_Zfhx3,direct_section,,,True,2
MV_in_Gabra1,16,inhibitory,1980,2787445900324100156,MV_in_Gabra1,direct_section,,,True,2
DH_in_Npy,4,inhibitory,1981,2787445900324100241,DH_in_Npy,subgroup_model,LogisticRegression,1.0,True,2
MV_in_Gabra1,16,inhibitory,1984,2787445900325100069,MV_in_Gabra1,direct_section,,,True,2
MV_ex_Syt2,14,excitatory,1987,2787445900325100218,MV_ex_Syt2,direct_section_EI,,,True,2
M_in_Tfap2b,12,inhibitory,1990,2787445900326100040,M_in_Tfap2b,direct_section,,,True,2
MV_in_Gabra1,16,inhibitory,1993,2787445900326100198,MV_in_Gabra1,direct_section,,,True,2
oligodendrocyte_progenitor_2,__NA__,__NA__,2000,2787445900328100064,oligodendrocyte_progenitor_2,subgroup_model,ExtraTrees,40.0,True,2
oligodendrocyte_2,__NA__,__NA__,2001,2787445900328100066,oligodendrocyte_2,subgroup_model,ExtraTrees,40.0,True,2
oligodendrocyte_progenitor_2,__NA__,__NA__,2003,2787445900328100174,oligodendrocyte_2,subgroup_model,ExtraTrees,40.0,False,2
meninges_1,__NA__,__NA__,2004,2787445900329100048,pericyte,subgroup_model,ExtraTrees,40.0,False,2
astrocyte_2,__NA__,__NA__,2008,2787445900337100027,astrocyte_1,subgroup_model,ExtraTrees,40.0,False,2
meninges_1,__NA__,__NA__,2010,2787445900351100038,meninges_1,subgroup_model,ExtraTrees,40.0,True,2
DH_in_Npy,4,inhibitory,2012,2787445900352100065,DH_in_Npy,subgroup_model,LogisticRegression,1.0,True,2
oligodendrocyte_2,__NA__,__NA__,2023,2787445900357100069,oligodendrocyte_2,subgroup_model,ExtraTrees,40.0,True,2
oligodendrocyte_2,__NA__,__NA__,2024,2787445900357100080,oligodendrocyte_2,subgroup_model,ExtraTrees,40.0,True,2
oligodendrocyte_progenitor_2,__NA__,__NA__,2028,2787445900358100146,oligodendrocyte_2,subgroup_model,ExtraTrees,40.0,False,2
astrocyte_1,__NA__,__NA__,2032,2787445900360100025,oligodendrocyte_2,subgroup_model,ExtraTrees,40.0,False,2
MV_in_Gabra1,16,inhibitory,2037,2787445900360100123,MV_in_Gabra1,direct_section,,,True,2
oligodendrocyte_progenitor_2,__NA__,__NA__,2052,2787445900363100104,oligodendrocyte_progenitor_2,subgroup_model,ExtraTrees,40.0,True,2
oligodendrocyte_progenitor_2,__NA__,__NA__,2053,2787445900364100033,oligodendrocyte_progenitor_2,subgroup_model,ExtraTrees,40.0,True,2
MV_in_Gm26673,19,inhibitory,2054,2787445900364100093,MV_in_Gm26673,subgroup_model,LogisticRegression,1.0,True,2
oligodendrocyte_1,__NA__,__NA__,2056,2787445900364100165,microglia,subgroup_model,ExtraTrees,40.0,False,2
oligodendrocyte_2,__NA__,__NA__,2058,2787445900364100179,oligodendrocyte_progenitor_2,subgroup_model,ExtraTrees,40.0,False,2
oligodendrocyte_1,__NA__,__NA__,2062,2787445900365100108,oligodendrocyte_progenitor_2,subgroup_model,ExtraTrees,40.0,False,2
oligodendrocyte_progenitor_2,__NA__,__NA__,2063,2787445900365100121,oligodendrocyte_progenitor_2,subgroup_model,ExtraTrees,40.0,True,2
DH_ex_Tac2,8,excitatory,2066,2787445900368100029,DH_ex_Tac2,subgroup_model,RandomForest,5.0,True,2
astrocyte_2,__NA__,__NA__,2067,2787445900387100008,astrocyte_2,subgroup_model,ExtraTrees,40.0,True,2
oligodendrocyte_2,__NA__,__NA__,2068,2787445900387100061,oligodendrocyte_2,subgroup_model,ExtraTrees,40.0,True,2
DH_ex_Gpr83,2,excitatory,2069,2787445900387100064,DH_ex_Gpr83,subgroup_model,RandomForest,3.0,True,2
DH_in_Cdh3,10,inhibitory,2070,2787445900387100239,DH_in_Cdh3,subgroup_model,ExtraTrees,40.0,True,2
DH_ex_Maf/Slc17a8,10,excitatory,2071,2787445900389100097,DH_ex_Maf/Cck,subgroup_model,RandomForest,2.0,False,2
endothelial,__NA__,__NA__,2074,2787445900389100202,endothelial,subgroup_model,ExtraTrees,40.0,True,2
DM_ex_Zfhx3,11,excitatory,2075,2787445900389100219,DM_ex_Zfhx3,direct_section,,,True,2
MV_in_Gm26673,19,inhibitory,2081,2787445900395100107,MV_in_Gm26673,subgroup_model,LogisticRegression,1.0,True,2
oligodendrocyte_progenitor_2,__NA__,__NA__,2082,2787445900395100139,oligodendrocyte_progenitor_2,subgroup_model,ExtraTrees,40.0,True,2
oligodendrocyte_progenitor_2,__NA__,__NA__,2083,2787445900395200038,meninges_3,subgroup_model,ExtraTrees,40.0,False,2
alpha_motoneuron,22,__NA__,2086,2787445900396100130,alpha_motoneuron,subgroup_model,LogisticRegression,5.0,True,2
astrocyte_1,__NA__,__NA__,2091,2787445900396100255,endothelial,subgroup_model,ExtraTrees,40.0,False,2
MV_ex_Syt2,14,excitatory,2092,2787445900397100033,MV_ex_Syt2,direct_section_EI,,,True,2
MV_ex_Syt2,14,excitatory,2098,2787445900397100159,MV_ex_Syt2,direct_section_EI,,,True,2
astrocyte_1,__NA__,__NA__,2103,2787445900399100016,astrocyte_1,subgroup_model,ExtraTrees,40.0,True,2
astrocyte_1,__NA__,__NA__,2105,2787445900399100081,astrocyte_1,subgroup_model,ExtraTrees,40.0,True,2
oligodendrocyte_1,__NA__,__NA__,2110,2787445900400100148,meninges_1,subgroup_model,ExtraTrees,40.0,False,2
oligodendrocyte_2,__NA__,__NA__,2114,2787445900402100032,oligodendrocyte_2,subgroup_model,ExtraTrees,40.0,True,2
oligodendrocyte_2,__NA__,__NA__,2116,2787445900402100112,oligodendrocyte_2,subgroup_model,ExtraTrees,40.0,True,2
astrocyte_1,__NA__,__NA__,2118,2787445900425100012,astrocyte_1,subgroup_model,ExtraTrees,40.0,True,2
oligodendrocyte_2,__NA__,__NA__,2128,2787445900427100070,oligodendrocyte_2,subgroup_model,ExtraTrees,40.0,True,2
oligodendrocyte_2,__NA__,__NA__,2129,2787445900427100114,microglia,subgroup_model,ExtraTrees,40.0,False,2
oligodendrocyte_progenitor_2,__NA__,__NA__,2132,2787445900432100051,microglia,subgroup_model,ExtraTrees,40.0,False,2
astrocyte_1,__NA__,__NA__,2137,2787445900434100022,oligodendrocyte_2,subgroup_model,ExtraTrees,40.0,False,2
oligodendrocyte_progenitor_2,__NA__,__NA__,2138,2787445900434100066,microglia,subgroup_model,ExtraTrees,40.0,False,2
oligodendrocyte_precursor_cell,__NA__,__NA__,2139,2787445900434100081,oligodendrocyte_progenitor_1,subgroup_model,ExtraTrees,40.0,False,2
oligodendrocyte_progenitor_2,__NA__,__NA__,2141,2787445900437100020,oligodendrocyte_progenitor_2,subgroup_model,ExtraTrees,40.0,True,2
astrocyte_2,__NA__,__NA__,2142,2787445900437100053,oligodendrocyte_progenitor_2,subgroup_model,ExtraTrees,40.0,False,2
oligodendrocyte_2,__NA__,__NA__,2143,2787445900437100077,oligodendrocyte_2,subgroup_model,ExtraTrees,40.0,True,2
meninges_1,__NA__,__NA__,2146,2787445900440100096,meninges_2,subgroup_model,ExtraTrees,40.0,False,2
meninges_2,__NA__,__NA__,2147,2787445900441100073,meninges_3,subgroup_model,ExtraTrees,40.0,False,2
oligodendrocyte_progenitor_2,__NA__,__NA__,2149,2787445900462100125,oligodendrocyte_2,subgroup_model,ExtraTrees,40.0,False,2
MV_in_Gm26673,19,inhibitory,2152,2787445900463100036,MV_in_Gm26673,subgroup_model,LogisticRegression,1.0,True,2
oligodendrocyte_2,__NA__,__NA__,2154,2787445900463100100,oligodendrocyte_2,subgroup_model,ExtraTrees,40.0,True,2
oligodendrocyte_progenitor_2,__NA__,__NA__,2155,2787445900463100156,oligodendrocyte_progenitor_1,subgroup_model,ExtraTrees,40.0,False,2
alpha_motoneuron,22,__NA__,2156,2787445900464100044,alpha_motoneuron,subgroup_model,LogisticRegression,5.0,True,2
oligodendrocyte_precursor_cell,__NA__,__NA__,2158,2787445900471100057,oligodendrocyte_progenitor_1,subgroup_model,ExtraTrees,40.0,False,2
oligodendrocyte_progenitor_2,__NA__,__NA__,2162,2787445900500100021,oligodendrocyte_progenitor_2,subgroup_model,ExtraTrees,40.0,True,2
astrocyte_2,__NA__,__NA__,2163,2787445900501100104,oligodendrocyte_precursor_cell,subgroup_model,ExtraTrees,40.0,False,2
oligodendrocyte_progenitor_2,__NA__,__NA__,2164,2787445900502100020,meninges_3,subgroup_model,ExtraTrees,40.0,False,2
astrocyte_2,__NA__,__NA__,2165,2787445900502100121,astrocyte_2,subgroup_model,ExtraTrees,40.0,True,2
astrocyte_2,__NA__,__NA__,2168,2787445900510100083,oligodendrocyte_2,subgroup_model,ExtraTrees,40.0,False,2
meninges_1,__NA__,__NA__,2173,2787445900512200012,meninges_1,subgroup_model,ExtraTrees,40.0,True,2
meninges_2,__NA__,__NA__,2175,2787445900544100110,meninges_1,subgroup_model,ExtraTrees,40.0,False,2
DH_ex_Grpr,2,excitatory,2176,2787445900544100118,DH_ex_Grpr,subgroup_model,RandomForest,3.0,True,2
DH_ex_Maf/Slc17a8,10,excitatory,2183,2787445900545100298,DH_ex_Rreb1,subgroup_model,RandomForest,2.0,False,2
astrocyte_1,__NA__,__NA__,2195,2787445900548100167,astrocyte_2,subgroup_model,ExtraTrees,40.0,False,2
DH_in_Cdh3,10,inhibitory,2201,2787445900549100176,DH_in_Cdh3,subgroup_model,ExtraTrees,40.0,True,2
DH_ex_Prkcg/Nts,8,excitatory,2206,2787445900550100185,DH_ex_Nmu/Tac2,subgroup_model,RandomForest,5.0,False,2
DH_in_Cdh3,10,inhibitory,2209,2787445900550100256,DH_in_Cdh3,subgroup_model,ExtraTrees,40.0,True,2
astrocyte_1,__NA__,__NA__,2210,2787445900550100258,astrocyte_1,subgroup_model,ExtraTrees,40.0,True,2
oligodendrocyte_2,__NA__,__NA__,2211,2787445900550100265,oligodendrocyte_2,subgroup_model,ExtraTrees,40.0,True,2
astrocyte_1,__NA__,__NA__,2212,2787445900550100290,astrocyte_1,subgroup_model,ExtraTrees,40.0,True,2
DH_ex_Reln/Nmur2,3,excitatory,2220,2787445900581200027,DH_ex_Reln/Nmur2,subgroup_model,LogisticRegression,40.0,True,2
oligodendrocyte_1,__NA__,__NA__,2222,2787445900582100058,meninges_3,subgroup_model,ExtraTrees,40.0,False,2
M_in_Tfap2b,12,inhibitory,2223,2787445900582100103,M_in_Tfap2b,direct_section,,,True,2
astrocyte_1,__NA__,__NA__,2227,2787445900583100201,oligodendrocyte_1,subgroup_model,ExtraTrees,40.0,False,2
M_in_Tfap2b,12,inhibitory,2228,2787445900583100209,M_in_Tfap2b,direct_section,,,True,2
astrocyte_1,__NA__,__NA__,2230,2787445900583100230,astrocyte_1,subgroup_model,ExtraTrees,40.0,True,2
oligodendrocyte_progenitor_2,__NA__,__NA__,2232,2787445900584100046,microglia,subgroup_model,ExtraTrees,40.0,False,2
oligodendrocyte_progenitor_2,__NA__,__NA__,2234,2787445900584100082,oligodendrocyte_2,subgroup_model,ExtraTrees,40.0,False,2
DH_in_Cdh3,10,inhibitory,2236,2787445900584100130,DH_in_Cdh3,subgroup_model,ExtraTrees,40.0,True,2
astrocyte_1,__NA__,__NA__,2238,2787445900585100071,astrocyte_1,subgroup_model,ExtraTrees,40.0,True,2
astrocyte_1,__NA__,__NA__,2239,2787445900585100131,astrocyte_1,subgroup_model,ExtraTrees,40.0,True,2
oligodendrocyte_progenitor_2,__NA__,__NA__,2240,2787445900585100216,oligodendrocyte_progenitor_2,subgroup_model,ExtraTrees,40.0,True,2
MV_ex_Syt2,14,excitatory,2241,2787445900586100089,MV_ex_Syt2,direct_section_EI,,,True,2
MV_ex_Syt2,14,excitatory,2242,2787445900586100104,MV_ex_Syt2,direct_section_EI,,,True,2
astrocyte_2,__NA__,__NA__,2246,2787445900588100088,oligodendrocyte_2,subgroup_model,ExtraTrees,40.0,False,2
astrocyte_1,__NA__,__NA__,2247,2787445900597100052,astrocyte_1,subgroup_model,ExtraTrees,40.0,True,2
oligodendrocyte_progenitor_2,__NA__,__NA__,2251,2787445900597100166,oligodendrocyte_progenitor_2,subgroup_model,ExtraTrees,40.0,True,2
oligodendrocyte_2,__NA__,__NA__,2258,2787445900618100026,microglia,subgroup_model,ExtraTrees,40.0,False,2
endothelial,__NA__,__NA__,2260,2787445900618100086,astrocyte_1,subgroup_model,ExtraTrees,40.0,False,2
oligodendrocyte_progenitor_2,__NA__,__NA__,2261,2787445900618100098,oligodendrocyte_1,subgroup_model,ExtraTrees,40.0,False,2
oligodendrocyte_2,__NA__,__NA__,2262,2787445900618100152,oligodendrocyte_2,subgroup_model,ExtraTrees,40.0,True,2
endothelial,__NA__,__NA__,2263,2787445900619100038,meninges_3,subgroup_model,ExtraTrees,40.0,False,2
MV_in_Gm26673,19,inhibitory,2268,2787445900620100089,MV_in_Gm26673,subgroup_model,LogisticRegression,1.0,True,2
endothelial,__NA__,__NA__,2270,2787445900620100210,endothelial,subgroup_model,ExtraTrees,40.0,True,2
oligodendrocyte_progenitor_2,__NA__,__NA__,2271,2787445900620100226,oligodendrocyte_progenitor_2,subgroup_model,ExtraTrees,40.0,True,2
MV_in_Gabra1,16,inhibitory,2273,2787445900620100253,MV_in_Gabra1,direct_section,,,True,2
astrocyte_1,__NA__,__NA__,2278,2787445900621100330,astrocyte_1,subgroup_model,ExtraTrees,40.0,True,2
VH_in_Chat,17,inhibitory,2280,2787445900622100095,VH_in_Chat,direct_section,,,True,2
oligodendrocyte_1,__NA__,__NA__,2283,2787445900622100198,oligodendrocyte_1,subgroup_model,ExtraTrees,40.0,True,2
oligodendrocyte_progenitor_2,__NA__,__NA__,2286,2787445900624100123,meninges_3,subgroup_model,ExtraTrees,40.0,False,2
oligodendrocyte_progenitor_2,__NA__,__NA__,2287,2787445900624100133,microglia,subgroup_model,ExtraTrees,40.0,False,2
oligodendrocyte_progenitor_2,__NA__,__NA__,2288,2787445900624100141,oligodendrocyte_progenitor_2,subgroup_model,ExtraTrees,40.0,True,2
oligodendrocyte_2,__NA__,__NA__,2290,2787445900625100100,oligodendrocyte_2,subgroup_model,ExtraTrees,40.0,True,2
oligodendrocyte_progenitor_2,__NA__,__NA__,2293,2787445900634100017,meninges_1,subgroup_model,ExtraTrees,40.0,False,2
oligodendrocyte_progenitor_2,__NA__,__NA__,2294,2787445900635100076,oligodendrocyte_progenitor_2,subgroup_model,ExtraTrees,40.0,True,2
meninges_1,__NA__,__NA__,2296,2787445900645100103,meninges_2,subgroup_model,ExtraTrees,40.0,False,2
oligodendrocyte_progenitor_2,__NA__,__NA__,2298,2787445900654100050,oligodendrocyte_2,subgroup_model,ExtraTrees,40.0,False,2
alpha_motoneuron,22,__NA__,2302,2787445900656100122,alpha_motoneuron,subgroup_model,LogisticRegression,5.0,True,2
microglia,__NA__,__NA__,2303,2787445900656100136,microglia,subgroup_model,ExtraTrees,40.0,True,2
oligodendrocyte_progenitor_2,__NA__,__NA__,2307,2787445900657100147,oligodendrocyte_2,subgroup_model,ExtraTrees,40.0,False,2
astrocyte_1,__NA__,__NA__,2309,2787445900657100166,oligodendrocyte_progenitor_2,subgroup_model,ExtraTrees,40.0,False,2
alpha_motoneuron,22,__NA__,2311,2787445900657100216,alpha_motoneuron,subgroup_model,LogisticRegression,5.0,True,2
MV_ex_Syt2,14,excitatory,2313,2787445900658100057,MV_ex_Syt2,direct_section_EI,,,True,2
oligodendrocyte_1,__NA__,__NA__,2321,2787445900660100100,microglia,subgroup_model,ExtraTrees,40.0,False,2
MV_ex_Shox2,18,excitatory,2322,2787445900660100104,MV_ex_Shox2,direct_section,,,True,2
oligodendrocyte_2,__NA__,__NA__,2327,2787445900662100044,oligodendrocyte_2,subgroup_model,ExtraTrees,40.0,True,2
DH_in_Pdyn/Gal,5,inhibitory,2329,2787445900677100038,DH_in_Pdyn/Gal,direct_section_EI,,,True,2
DH_ex_Maf/Cck,10,excitatory,2331,2787445900681100170,DH_ex_Maf/Slc17a8,subgroup_model,RandomForest,2.0,False,2
oligodendrocyte_progenitor_2,__NA__,__NA__,2332,2787445900681100180,meninges_3,subgroup_model,ExtraTrees,40.0,False,2
MV_in_Sema5b,15,inhibitory,2333,2787445900681100244,MV_in_Sema5b,direct_section,,,True,2
DH_ex_Sox5,5,excitatory,2337,2787445900682100135,DH_ex_Sox5,subgroup_model,LogisticRegression,1.0,True,2
DH_in_Npy,4,inhibitory,2338,2787445900682100173,DH_in_Cdh3,subgroup_model,LogisticRegression,1.0,False,2
microglia,__NA__,__NA__,2339,2787445900685100042,microglia,subgroup_model,ExtraTrees,40.0,True,2
astrocyte_2,__NA__,__NA__,2340,2787445900685100065,astrocyte_2,subgroup_model,ExtraTrees,40.0,True,2
DH_ex_Nmu/Tac2,8,excitatory,2343,2787445900686100149,DH_ex_Nmu/Tac2,subgroup_model,RandomForest,5.0,True,2
DH_in_Cdh3,10,inhibitory,2345,2787445900686100188,DH_in_Klhl14,subgroup_model,ExtraTrees,40.0,False,2
oligodendrocyte_precursor_cell,__NA__,__NA__,2347,2787445900687100090,oligodendrocyte_progenitor_1,subgroup_model,ExtraTrees,40.0,False,2
oligodendrocyte_2,__NA__,__NA__,2350,2787445900692200021,oligodendrocyte_2,subgroup_model,ExtraTrees,40.0,True,2
gamma_motoneuron,22,__NA__,2354,2787445900694100067,gamma_motoneuron,subgroup_model,LogisticRegression,5.0,True,2
oligodendrocyte_1,__NA__,__NA__,2355,2787445900694100090,meninges_3,subgroup_model,ExtraTrees,40.0,False,2
astrocyte_2,__NA__,__NA__,2357,2787445900695100045,oligodendrocyte_2,subgroup_model,ExtraTrees,40.0,False,2
oligodendrocyte_2,__NA__,__NA__,2365,2787445900698100107,oligodendrocyte_2,subgroup_model,ExtraTrees,40.0,True,2
meninges_1,__NA__,__NA__,2368,2787445900700100024,meninges_3,subgroup_model,ExtraTrees,40.0,False,2
astrocyte_1,__NA__,__NA__,2374,2787445900716100220,astrocyte_1,subgroup_model,ExtraTrees,40.0,True,2
M_in_Tfap2b,12,inhibitory,2377,2787445900717100195,M_in_Tfap2b,direct_section,,,True,2
M_ex_Vsx2,20,excitatory,2378,2787445900718100161,M_ex_Vsx2,subgroup_model,LogisticRegression,5.0,True,2
oligodendrocyte_progenitor_2,__NA__,__NA__,2379,2787445900718100163,oligodendrocyte_progenitor_2,subgroup_model,ExtraTrees,40.0,True,2
endothelial,__NA__,__NA__,2383,2787445900719100067,endothelial,subgroup_model,ExtraTrees,40.0,True,2
DH_ex_Tac2,8,excitatory,2389,2787445900724100069,DH_ex_Prkcg/Cck,subgroup_model,RandomForest,5.0,False,2
DH_in_Pdyn/Gal,5,inhibitory,2390,2787445900725100082,DH_in_Pdyn/Gal,direct_section_EI,,,True,2
DH_in_Cdh3,10,inhibitory,2396,2787445900726100268,DH_in_Cdh3,subgroup_model,ExtraTrees,40.0,True,2
oligodendrocyte_2,__NA__,__NA__,2403,2787445900750100094,oligodendrocyte_2,subgroup_model,ExtraTrees,40.0,True,2
MV_in_Esrrb,14,inhibitory,2405,2787445900751100126,MV_in_Esrrb,direct_section_EI,,,True,2
astrocyte_1,__NA__,__NA__,2406,2787445900752100043,astrocyte_1,subgroup_model,ExtraTrees,40.0,True,2
astrocyte_1,__NA__,__NA__,2408,2787445900752100098,astrocyte_1,subgroup_model,ExtraTrees,40.0,True,2
MV_in_Gm26673,19,inhibitory,2411,2787445900752100181,MV_in_Gm26673,subgroup_model,LogisticRegression,1.0,True,2
oligodendrocyte_1,__NA__,__NA__,2415,2787445900753200023,oligodendrocyte_progenitor_2,subgroup_model,ExtraTrees,40.0,False,2
oligodendrocyte_progenitor_2,__NA__,__NA__,2420,2787445900756100063,meninges_3,subgroup_model,ExtraTrees,40.0,False,2
oligodendrocyte_progenitor_1,__NA__,__NA__,2423,2787445900760100097,oligodendrocyte_progenitor_1,subgroup_model,ExtraTrees,40.0,True,2
oligodendrocyte_progenitor_2,__NA__,__NA__,2427,2787445900760200154,oligodendrocyte_progenitor_2,subgroup_model,ExtraTrees,40.0,True,2
astrocyte_2,__NA__,__NA__,2428,2787445900761100024,astrocyte_2,subgroup_model,ExtraTrees,40.0,True,2
ependymal,__NA__,__NA__,2432,2787445900761200150,ependymal,subgroup_model,ExtraTrees,40.0,True,2
astrocyte_1,__NA__,__NA__,2439,2787445900770100037,microglia,subgroup_model,ExtraTrees,40.0,False,2
meninges_1,__NA__,__NA__,2441,2787445900774200005,meninges_3,subgroup_model,ExtraTrees,40.0,False,2
oligodendrocyte_2,__NA__,__NA__,2444,2787445900787100116,oligodendrocyte_2,subgroup_model,ExtraTrees,40.0,True,2
microglia,__NA__,__NA__,2445,2787445900788100045,microglia,subgroup_model,ExtraTrees,40.0,True,2
endothelial,__NA__,__NA__,2447,2787445900788100079,endothelial,subgroup_model,ExtraTrees,40.0,True,2
oligodendrocyte_progenitor_2,__NA__,__NA__,2449,2787445900789100118,oligodendrocyte_1,subgroup_model,ExtraTrees,40.0,False,2
endothelial,__NA__,__NA__,2450,2787445900789100205,endothelial,subgroup_model,ExtraTrees,40.0,True,2
astrocyte_2,__NA__,__NA__,2452,2787445900790100045,endothelial,subgroup_model,ExtraTrees,40.0,False,2
astrocyte_1,__NA__,__NA__,2457,2787445900799100044,endothelial,subgroup_model,ExtraTrees,40.0,False,2
DH_in_Cdh3,10,inhibitory,2463,2787445900804100154,DH_in_Cdh3,subgroup_model,ExtraTrees,40.0,True,2
astrocyte_1,__NA__,__NA__,2466,2787445900805100063,microglia,subgroup_model,ExtraTrees,40.0,False,2
DH_in_Rorb,7,inhibitory,2467,2787445900805100100,DH_in_Rorb,direct_section,,,True,2
oligodendrocyte_precursor_cell,__NA__,__NA__,2470,2787445900807100022,oligodendrocyte_progenitor_1,subgroup_model,ExtraTrees,40.0,False,2
DH_in_Cdh3,10,inhibitory,2473,2787445900821100145,DH_in_Cdh3,subgroup_model,ExtraTrees,40.0,True,2
endothelial,__NA__,__NA__,2479,2787445900822100202,astrocyte_2,subgroup_model,ExtraTrees,40.0,False,2
DH_ex_Reln/Nmur2,3,excitatory,2481,2787445900823100112,DH_ex_Reln/Nmur2,subgroup_model,LogisticRegression,40.0,True,2
oligodendrocyte_progenitor_2,__NA__,__NA__,2484,2787445900826100009,oligodendrocyte_1,subgroup_model,ExtraTrees,40.0,False,2
Schwann_cell,__NA__,__NA__,2486,2787445900837100051,Schwann_cell,subgroup_model,ExtraTrees,40.0,True,2
MV_in_Gm26673,19,inhibitory,2493,2787445900859100074,MV_in_Chrna2,subgroup_model,LogisticRegression,1.0,False,2
M_in_Tfap2b,12,inhibitory,2495,2787445900859100158,M_in_Tfap2b,direct_section,,,True,2
DH_in_Klhl14,10,inhibitory,2497,2787445900859100202,DH_in_Cdh3,subgroup_model,ExtraTrees,40.0,False,2
MV_in_Gabra1,16,inhibitory,2508,2787445900895100076,MV_in_Gabra1,direct_section,,,True,2
oligodendrocyte_progenitor_2,__NA__,__NA__,2510,2787445900896100105,oligodendrocyte_2,subgroup_model,ExtraTrees,40.0,False,2
MV_in_Gm26673,19,inhibitory,2511,2787445900896100130,MV_in_Gm26673,subgroup_model,LogisticRegression,1.0,True,2
alpha_motoneuron,22,__NA__,2512,2787445900896100222,alpha_motoneuron,subgroup_model,LogisticRegression,5.0,True,2
gamma_motoneuron,22,__NA__,2513,2787445900896100233,gamma_motoneuron,subgroup_model,LogisticRegression,5.0,True,2
gamma_motoneuron,22,__NA__,2514,2787445900897100133,gamma_motoneuron,subgroup_model,LogisticRegression,5.0,True,2
oligodendrocyte_2,__NA__,__NA__,2516,2787445900897100196,oligodendrocyte_2,subgroup_model,ExtraTrees,40.0,True,2
gamma_motoneuron,22,__NA__,2521,2787445900932100027,gamma_motoneuron,subgroup_model,LogisticRegression,5.0,True,2
DH_ex_Sox5/Tac1,5,excitatory,2526,2787889600023100065,DH_ex_Sox5/Tac1,subgroup_model,LogisticRegression,1.0,True,2
DH_in_Npy2r,9,inhibitory,2532,2787889600024100105,DH_in_Npy2r,subgroup_model,RandomForest,40.0,True,2
oligodendrocyte_2,__NA__,__NA__,2533,2787889600024100214,oligodendrocyte_2,subgroup_model,ExtraTrees,40.0,True,2
astrocyte_1,__NA__,__NA__,2537,2787889600056100038,oligodendrocyte_progenitor_2,subgroup_model,ExtraTrees,40.0,False,2
MV_ex_Syt2,14,excitatory,2539,2787889600056100092,MV_ex_Syt2,direct_section_EI,,,True,2
oligodendrocyte_2,__NA__,__NA__,2542,2787889600057100060,oligodendrocyte_2,subgroup_model,ExtraTrees,40.0,True,2
MV_in_Esrrb,14,inhibitory,2545,2787889600057100160,MV_in_Esrrb,direct_section_EI,,,True,2
microglia,__NA__,__NA__,2546,2787889600057100207,microglia,subgroup_model,ExtraTrees,40.0,True,2
oligodendrocyte_1,__NA__,__NA__,2547,2787889600058100074,oligodendrocyte_1,subgroup_model,ExtraTrees,40.0,True,2
M_in_Tfap2b,12,inhibitory,2549,2787889600058100118,M_in_Tfap2b,direct_section,,,True,2
astrocyte_1,__NA__,__NA__,2553,2787889600058200134,oligodendrocyte_progenitor_2,subgroup_model,ExtraTrees,40.0,False,2
endothelial,__NA__,__NA__,2562,2787889600091100100,oligodendrocyte_progenitor_2,subgroup_model,ExtraTrees,40.0,False,2
oligodendrocyte_1,__NA__,__NA__,2566,2787889600092100146,meninges_3,subgroup_model,ExtraTrees,40.0,False,2
MV_ex_Syt2,14,excitatory,2568,2787889600093100257,MV_ex_Syt2,direct_section_EI,,,True,2
MV_in_Gabra1,16,inhibitory,2573,2787889600094100035,MV_in_Gabra1,direct_section,,,True,2
astrocyte_1,__NA__,__NA__,2575,2787889600094100080,oligodendrocyte_precursor_cell,subgroup_model,ExtraTrees,40.0,False,2
MV_ex_Syt2,14,excitatory,2576,2787889600094100218,MV_ex_Syt2,direct_section_EI,,,True,2
oligodendrocyte_1,__NA__,__NA__,2577,2787889600094100228,meninges_3,subgroup_model,ExtraTrees,40.0,False,2
endothelial,__NA__,__NA__,2578,2787889600094100239,microglia,subgroup_model,ExtraTrees,40.0,False,2
cholinergic_interneuron,21,__NA__,2579,2787889600094100267,cholinergic_interneuron,direct_section,,,True,2
oligodendrocyte_progenitor_2,__NA__,__NA__,2596,2787889600128100040,oligodendrocyte_progenitor_2,subgroup_model,ExtraTrees,40.0,True,2
oligodendrocyte_progenitor_2,__NA__,__NA__,2600,2787889600129100078,meninges_3,subgroup_model,ExtraTrees,40.0,False,2
endothelial,__NA__,__NA__,2606,2787889600130100121,endothelial,subgroup_model,ExtraTrees,40.0,True,2
endothelial,__NA__,__NA__,2609,2787889600131100100,endothelial,subgroup_model,ExtraTrees,40.0,True,2
pericyte,__NA__,__NA__,2614,2787889600132100188,pericyte,subgroup_model,ExtraTrees,40.0,True,2
oligodendrocyte_1,__NA__,__NA__,2615,2787889600132100196,oligodendrocyte_2,subgroup_model,ExtraTrees,40.0,False,2
oligodendrocyte_1,__NA__,__NA__,2616,2787889600132100205,oligodendrocyte_progenitor_2,subgroup_model,ExtraTrees,40.0,False,2
oligodendrocyte_2,__NA__,__NA__,2619,2787889600134100031,oligodendrocyte_2,subgroup_model,ExtraTrees,40.0,True,2
astrocyte_1,__NA__,__NA__,2624,2787889600163100050,microglia,subgroup_model,ExtraTrees,40.0,False,2
oligodendrocyte_2,__NA__,__NA__,2628,2787889600165100015,oligodendrocyte_2,subgroup_model,ExtraTrees,40.0,True,2
oligodendrocyte_precursor_cell,__NA__,__NA__,2631,2787889600166100141,oligodendrocyte_progenitor_1,subgroup_model,ExtraTrees,40.0,False,2
astrocyte_2,__NA__,__NA__,2635,2787889600169100065,oligodendrocyte_progenitor_1,subgroup_model,ExtraTrees,40.0,False,2
DH_in_Npy,4,inhibitory,2637,2787889600193100115,DH_in_Npy,subgroup_model,LogisticRegression,1.0,True,2
DH_ex_Maf/Cck,10,excitatory,2641,2787889600195100026,DH_ex_Maf/Slc17a8,subgroup_model,RandomForest,2.0,False,2
astrocyte_1,__NA__,__NA__,2644,2787889600195100160,astrocyte_1,subgroup_model,ExtraTrees,40.0,True,2
DH_ex_Maf/Cck,10,excitatory,2645,2787889600195100180,DH_ex_Maf/Cck,subgroup_model,RandomForest,2.0,True,2
oligodendrocyte_2,__NA__,__NA__,2648,2787889600196100010,oligodendrocyte_2,subgroup_model,ExtraTrees,40.0,True,2
oligodendrocyte_precursor_cell,__NA__,__NA__,2649,2787889600196100090,oligodendrocyte_progenitor_1,subgroup_model,ExtraTrees,40.0,False,2
oligodendrocyte_progenitor_2,__NA__,__NA__,2650,2787889600197100027,oligodendrocyte_progenitor_2,subgroup_model,ExtraTrees,40.0,True,2
MV_in_Sema5b,15,inhibitory,2652,2787889600229100023,MV_in_Sema5b,direct_section,,,True,2
DH_in_Klhl14,10,inhibitory,2654,2787889600229100114,DH_in_Cdh3,subgroup_model,ExtraTrees,40.0,False,2
oligodendrocyte_2,__NA__,__NA__,2655,2787889600230100032,oligodendrocyte_2,subgroup_model,ExtraTrees,40.0,True,2
astrocyte_1,__NA__,__NA__,2658,2787889600230100112,astrocyte_1,subgroup_model,ExtraTrees,40.0,True,2
oligodendrocyte_progenitor_2,__NA__,__NA__,2661,2787889600230100137,oligodendrocyte_1,subgroup_model,ExtraTrees,40.0,False,2
endothelial,__NA__,__NA__,2662,2787889600230100144,oligodendrocyte_precursor_cell,subgroup_model,ExtraTrees,40.0,False,2
astrocyte_1,__NA__,__NA__,2664,2787889600230100272,astrocyte_2,subgroup_model,ExtraTrees,40.0,False,2
MV_in_Sema5b,15,inhibitory,2665,2787889600231100029,MV_in_Sema5b,direct_section,,,True,2
oligodendrocyte_2,__NA__,__NA__,2675,2787889600231100319,oligodendrocyte_2,subgroup_model,ExtraTrees,40.0,True,2
oligodendrocyte_progenitor_1,__NA__,__NA__,2678,2787889600232100154,oligodendrocyte_progenitor_1,subgroup_model,ExtraTrees,40.0,True,2
astrocyte_2,__NA__,__NA__,2682,2787889600243100110,oligodendrocyte_progenitor_1,subgroup_model,ExtraTrees,40.0,False,2
MV_in_Sema5b,15,inhibitory,2686,2787889600266100092,MV_in_Sema5b,direct_section,,,True,2
astrocyte_1,__NA__,__NA__,2687,2787889600266100096,oligodendrocyte_progenitor_2,subgroup_model,ExtraTrees,40.0,False,2
oligodendrocyte_2,__NA__,__NA__,2688,2787889600266100173,oligodendrocyte_2,subgroup_model,ExtraTrees,40.0,True,2
oligodendrocyte_precursor_cell,__NA__,__NA__,2690,2787889600267100112,oligodendrocyte_progenitor_1,subgroup_model,ExtraTrees,40.0,False,2
DH_ex_Sox5,5,excitatory,2693,2787889600276100052,DH_ex_Sox5,subgroup_model,LogisticRegression,1.0,True,2
meninges_1,__NA__,__NA__,2695,2787889600276200065,meninges_1,subgroup_model,ExtraTrees,40.0,True,2
meninges_2,__NA__,__NA__,2698,2787889600277100068,meninges_3,subgroup_model,ExtraTrees,40.0,False,2
DH_ex_Sox5/Tac1,5,excitatory,2699,2787889600277100130,DH_ex_Sox5/Tac1,subgroup_model,LogisticRegression,1.0,True,2
DH_in_Pdyn,2,inhibitory,2701,2787889600277100258,DH_in_Pdyn,direct_section_EI,,,True,2
DH_in_Pdyn,2,inhibitory,2702,2787889600279100077,DH_in_Pdyn,direct_section_EI,,,True,2
oligodendrocyte_1,__NA__,__NA__,2703,2787889600279100105,oligodendrocyte_1,subgroup_model,ExtraTrees,40.0,True,2
DH_ex_Prkcg/Nts,8,excitatory,2708,2787889600280100049,DH_ex_Tac2,subgroup_model,RandomForest,5.0,False,2
meninges_1,__NA__,__NA__,2720,2787889600312100022,meninges_1,subgroup_model,ExtraTrees,40.0,True,2
endothelial,__NA__,__NA__,2723,2787889600312100154,endothelial,subgroup_model,ExtraTrees,40.0,True,2
oligodendrocyte_progenitor_2,__NA__,__NA__,2724,2787889600312100244,oligodendrocyte_progenitor_2,subgroup_model,ExtraTrees,40.0,True,2
MV_in_Gabra1,16,inhibitory,2725,2787889600312100274,MV_in_Gabra1,direct_section,,,True,2
oligodendrocyte_progenitor_2,__NA__,__NA__,2732,2787889600314100043,astrocyte_2,subgroup_model,ExtraTrees,40.0,False,2
M_in_Tfap2b,12,inhibitory,2736,2787889600314100216,M_in_Tfap2b,direct_section,,,True,2
oligodendrocyte_progenitor_2,__NA__,__NA__,2743,2787889600315100232,oligodendrocyte_progenitor_2,subgroup_model,ExtraTrees,40.0,True,2
endothelial,__NA__,__NA__,2746,2787889600316100173,endothelial,subgroup_model,ExtraTrees,40.0,True,2
astrocyte_1,__NA__,__NA__,2751,2787889600317100090,astrocyte_2,subgroup_model,ExtraTrees,40.0,False,2
oligodendrocyte_2,__NA__,__NA__,2755,2787889600318100053,oligodendrocyte_2,subgroup_model,ExtraTrees,40.0,True,2
astrocyte_1,__NA__,__NA__,2759,2787889600326100171,astrocyte_2,subgroup_model,ExtraTrees,40.0,False,2
oligodendrocyte_2,__NA__,__NA__,2762,2787889600347100097,oligodendrocyte_2,subgroup_model,ExtraTrees,40.0,True,2
endothelial,__NA__,__NA__,2765,2787889600348100027,endothelial,subgroup_model,ExtraTrees,40.0,True,2
MV_in_Gabra1,16,inhibitory,2772,2787889600349100087,MV_in_Gabra1,direct_section,,,True,2
MV_ex_Shox2,18,excitatory,2774,2787889600349100193,MV_ex_Shox2,direct_section,,,True,2
astrocyte_1,__NA__,__NA__,2778,2787889600350100266,oligodendrocyte_1,subgroup_model,ExtraTrees,40.0,False,2
astrocyte_1,__NA__,__NA__,2784,2787889600353100068,astrocyte_1,subgroup_model,ExtraTrees,40.0,True,2
MV_in_Gm26673,19,inhibitory,2785,2787889600353100095,MV_in_Chrna2,subgroup_model,LogisticRegression,1.0,False,2
alpha_motoneuron,22,__NA__,2789,2787889600353100174,alpha_motoneuron,subgroup_model,LogisticRegression,5.0,True,2
oligodendrocyte_progenitor_2,__NA__,__NA__,2790,2787889600354100054,astrocyte_2,subgroup_model,ExtraTrees,40.0,False,2
oligodendrocyte_2,__NA__,__NA__,2792,2787889600354100121,oligodendrocyte_2,subgroup_model,ExtraTrees,40.0,True,2
oligodendrocyte_progenitor_2,__NA__,__NA__,2799,2787889600360100172,oligodendrocyte_2,subgroup_model,ExtraTrees,40.0,False,2
DH_in_Klhl14,10,inhibitory,2804,2787889600361100054,DH_in_Cdh3,subgroup_model,ExtraTrees,40.0,False,2
astrocyte_1,__NA__,__NA__,2806,2787889600361100107,astrocyte_2,subgroup_model,ExtraTrees,40.0,False,2
MV_in_Sema5b,15,inhibitory,2809,2787889600362100073,MV_in_Sema5b,direct_section,,,True,2
MV_in_Chrna2,19,inhibitory,2810,2787889600362100097,MV_in_Chrna2,subgroup_model,LogisticRegression,1.0,True,2
DH_in_Npy2r,9,inhibitory,2815,2787889600373100086,DH_in_Npy2r,subgroup_model,RandomForest,40.0,True,2
Schwann_cell,__NA__,__NA__,2816,2787889600374100043,Schwann_cell,subgroup_model,ExtraTrees,40.0,True,2
DM_ex_Zfhx3,11,excitatory,2819,2787889600378100136,DM_ex_Zfhx3,direct_section,,,True,2
astrocyte_2,__NA__,__NA__,2825,2787889600380100031,oligodendrocyte_precursor_cell,subgroup_model,ExtraTrees,40.0,False,2
astrocyte_1,__NA__,__NA__,2836,2787889600386100025,astrocyte_1,subgroup_model,ExtraTrees,40.0,True,2
pericyte,__NA__,__NA__,2838,2787889600386200022,endothelial,subgroup_model,ExtraTrees,40.0,False,2
oligodendrocyte_2,__NA__,__NA__,2840,2787889600387100137,oligodendrocyte_2,subgroup_model,ExtraTrees,40.0,True,2
oligodendrocyte_progenitor_2,__NA__,__NA__,2842,2787889600388100023,endothelial,subgroup_model,ExtraTrees,40.0,False,2
oligodendrocyte_progenitor_2,__NA__,__NA__,2844,2787889600388100063,oligodendrocyte_progenitor_2,subgroup_model,ExtraTrees,40.0,True,2
oligodendrocyte_progenitor_1,__NA__,__NA__,2846,2787889600388100127,oligodendrocyte_progenitor_1,subgroup_model,ExtraTrees,40.0,True,2
alpha_motoneuron,22,__NA__,2851,2787889600389100058,alpha_motoneuron,subgroup_model,LogisticRegression,5.0,True,2
oligodendrocyte_progenitor_2,__NA__,__NA__,2853,2787889600390100077,oligodendrocyte_2,subgroup_model,ExtraTrees,40.0,False,2
MV_in_Gm26673,19,inhibitory,2858,2787889600396100108,MV_in_Gm26673,subgroup_model,LogisticRegression,1.0,True,2
oligodendrocyte_progenitor_2,__NA__,__NA__,2862,2787889600397100193,astrocyte_1,subgroup_model,ExtraTrees,40.0,False,2
oligodendrocyte_progenitor_2,__NA__,__NA__,2864,2787889600398200058,oligodendrocyte_progenitor_2,subgroup_model,ExtraTrees,40.0,True,2
DH_ex_Cpne4,3,excitatory,2865,2787889600405100177,DH_ex_Cpne4,subgroup_model,LogisticRegression,40.0,True,2
DH_ex_Sox5/Tac1,5,excitatory,2866,2787889600405100189,DH_ex_Sox5/Tac1,subgroup_model,LogisticRegression,1.0,True,2
DH_in_Cdh3,10,inhibitory,2867,2787889600405100193,DH_in_Cdh3,subgroup_model,ExtraTrees,40.0,True,2
endothelial,__NA__,__NA__,2876,2787889600407100199,oligodendrocyte_2,subgroup_model,ExtraTrees,40.0,False,2
oligodendrocyte_progenitor_2,__NA__,__NA__,2878,2787889600408200105,oligodendrocyte_progenitor_2,subgroup_model,ExtraTrees,40.0,True,2
DH_ex_Maf/Cpne4,10,excitatory,2882,2787889600409100142,DH_ex_Maf/Cck,subgroup_model,RandomForest,2.0,False,2
DM_ex_Zfhx3,11,excitatory,2884,2787889600409100157,DM_ex_Zfhx3,direct_section,,,True,2
astrocyte_1,__NA__,__NA__,2888,2787889600410100130,endothelial,subgroup_model,ExtraTrees,40.0,False,2
DH_in_Pdyn/Gal,5,inhibitory,2893,2787889600411100089,DH_in_Pdyn/Gal,direct_section_EI,,,True,2
DH_ex_Nmu/Tac2,8,excitatory,2894,2787889600412100042,DH_ex_Nmu/Tac2,subgroup_model,RandomForest,5.0,True,2
DH_ex_Nmu/Tac2,8,excitatory,2895,2787889600412100064,DH_ex_Nmu/Tac2,subgroup_model,RandomForest,5.0,True,2
DH_in_Pdyn,2,inhibitory,2897,2787889600412100122,DH_in_Pdyn,direct_section_EI,,,True,2
DH_in_Rorb,7,inhibitory,2902,2787889600413100068,DH_in_Rorb,direct_section,,,True,2
DH_ex_Maf/Slc17a8,10,excitatory,2904,2787889600413100187,DH_ex_Maf/Slc17a8,subgroup_model,RandomForest,2.0,True,2
MV_ex_Syt2,14,excitatory,2905,2787889600413100192,MV_ex_Syt2,direct_section_EI,,,True,2
oligodendrocyte_progenitor_2,__NA__,__NA__,2908,2787889600414100171,oligodendrocyte_2,subgroup_model,ExtraTrees,40.0,False,2
oligodendrocyte_2,__NA__,__NA__,2912,2787889600416100118,oligodendrocyte_2,subgroup_model,ExtraTrees,40.0,True,2
endothelial,__NA__,__NA__,2914,2787889600421100062,endothelial,subgroup_model,ExtraTrees,40.0,True,2
oligodendrocyte_2,__NA__,__NA__,2917,2787889600422100062,oligodendrocyte_2,subgroup_model,ExtraTrees,40.0,True,2
oligodendrocyte_2,__NA__,__NA__,2918,2787889600422100129,oligodendrocyte_2,subgroup_model,ExtraTrees,40.0,True,2
Schwann_cell,__NA__,__NA__,2923,2787889600433100116,Schwann_cell,subgroup_model,ExtraTrees,40.0,True,2
oligodendrocyte_progenitor_2,__NA__,__NA__,2925,2787889600441100117,oligodendrocyte_progenitor_2,subgroup_model,ExtraTrees,40.0,True,2
oligodendrocyte_progenitor_2,__NA__,__NA__,2927,2787889600442100063,meninges_3,subgroup_model,ExtraTrees,40.0,False,2
oligodendrocyte_progenitor_2,__NA__,__NA__,2932,2787889600443100270,oligodendrocyte_2,subgroup_model,ExtraTrees,40.0,False,2
MV_in_Sema5b,15,inhibitory,2933,2787889600444100034,MV_in_Sema5b,direct_section,,,True,2
oligodendrocyte_progenitor_2,__NA__,__NA__,2935,2787889600444100168,oligodendrocyte_progenitor_2,subgroup_model,ExtraTrees,40.0,True,2
astrocyte_1,__NA__,__NA__,2938,2787889600444100248,oligodendrocyte_progenitor_2,subgroup_model,ExtraTrees,40.0,False,2
oligodendrocyte_2,__NA__,__NA__,2946,2787889600448100020,oligodendrocyte_2,subgroup_model,ExtraTrees,40.0,True,2
endothelial,__NA__,__NA__,2948,2787889600449100032,oligodendrocyte_precursor_cell,subgroup_model,ExtraTrees,40.0,False,2
MV_ex_Syt2,14,excitatory,2949,2787889600449100056,MV_ex_Syt2,direct_section_EI,,,True,2
M_ex_Vsx2/Shox2,20,excitatory,2952,2787889600450100189,M_ex_Vsx2/Shox2,subgroup_model,LogisticRegression,5.0,True,2
MV_in_Gabra1,16,inhibitory,2953,2787889600450100193,MV_in_Gabra1,direct_section,,,True,2
astrocyte_1,__NA__,__NA__,2958,2787889600450100291,meninges_3,subgroup_model,ExtraTrees,40.0,False,2
endothelial,__NA__,__NA__,2960,2787889600451100054,oligodendrocyte_progenitor_2,subgroup_model,ExtraTrees,40.0,False,2
astrocyte_1,__NA__,__NA__,2962,2787889600451100166,astrocyte_1,subgroup_model,ExtraTrees,40.0,True,2
oligodendrocyte_progenitor_2,__NA__,__NA__,2965,2787889600453100017,oligodendrocyte_2,subgroup_model,ExtraTrees,40.0,False,2
astrocyte_1,__NA__,__NA__,2969,2787889600478100140,astrocyte_1,subgroup_model,ExtraTrees,40.0,True,2
astrocyte_1,__NA__,__NA__,2972,2787889600478100231,oligodendrocyte_2,subgroup_model,ExtraTrees,40.0,False,2
oligodendrocyte_2,__NA__,__NA__,2973,2787889600479100028,oligodendrocyte_progenitor_2,subgroup_model,ExtraTrees,40.0,False,2
oligodendrocyte_progenitor_2,__NA__,__NA__,2976,2787889600479100206,oligodendrocyte_progenitor_2,subgroup_model,ExtraTrees,40.0,True,2
MV_in_Gm26673,19,inhibitory,2977,2787889600480100065,MV_in_Gm26673,subgroup_model,LogisticRegression,1.0,True,2
endothelial,__NA__,__NA__,2985,2787889600481100179,endothelial,subgroup_model,ExtraTrees,40.0,True,2
alpha_motoneuron,22,__NA__,2987,2787889600481100234,alpha_motoneuron,subgroup_model,LogisticRegression,5.0,True,2
oligodendrocyte_2,__NA__,__NA__,2992,2787889600483100128,oligodendrocyte_2,subgroup_model,ExtraTrees,40.0,True,2
oligodendrocyte_progenitor_2,__NA__,__NA__,2994,2787889600485100060,oligodendrocyte_2,subgroup_model,ExtraTrees,40.0,False,2
astrocyte_2,__NA__,__NA__,3002,2787889600486100159,oligodendrocyte_2,subgroup_model,ExtraTrees,40.0,False,2
MV_in_Esrrb,14,inhibitory,3004,2787889600487100038,MV_in_Esrrb,direct_section_EI,,,True,2
oligodendrocyte_precursor_cell,__NA__,__NA__,3005,2787889600487100105,oligodendrocyte_progenitor_1,subgroup_model,ExtraTrees,40.0,False,2
alpha_motoneuron,22,__NA__,3006,2787889600488100049,alpha_motoneuron,subgroup_model,LogisticRegression,5.0,True,2
astrocyte_2,__NA__,__NA__,3008,2787889600512100128,astrocyte_2,subgroup_model,ExtraTrees,40.0,True,2
beta_motoneuron,22,__NA__,3009,2787889600513100073,beta_motoneuron,subgroup_model,LogisticRegression,5.0,True,2
alpha_motoneuron,22,__NA__,3010,2787889600514100069,alpha_motoneuron,subgroup_model,LogisticRegression,5.0,True,2
oligodendrocyte_2,__NA__,__NA__,3014,2787889600518100079,oligodendrocyte_2,subgroup_model,ExtraTrees,40.0,True,2
oligodendrocyte_progenitor_2,__NA__,__NA__,3015,2787889600518100141,oligodendrocyte_progenitor_2,subgroup_model,ExtraTrees,40.0,True,2
DH_ex_Maf/Cck,10,excitatory,3025,2787889600546100213,DH_ex_Maf/Cck,subgroup_model,RandomForest,2.0,True,2
oligodendrocyte_2,__NA__,__NA__,3029,2787889600555100028,oligodendrocyte_2,subgroup_model,ExtraTrees,40.0,True,2
oligodendrocyte_1,__NA__,__NA__,3033,2787889600580100159,oligodendrocyte_2,subgroup_model,ExtraTrees,40.0,False,2
M_ex_Vsx2/Shox2,20,excitatory,3040,2787889600583100024,M_ex_Vsx2/Shox2,subgroup_model,LogisticRegression,5.0,True,2
oligodendrocyte_progenitor_2,__NA__,__NA__,3042,2787889600583100050,oligodendrocyte_progenitor_2,subgroup_model,ExtraTrees,40.0,True,2
oligodendrocyte_progenitor_2,__NA__,__NA__,3050,2787889600617100209,endothelial,subgroup_model,ExtraTrees,40.0,False,2
oligodendrocyte_progenitor_2,__NA__,__NA__,3052,2787889600618200020,oligodendrocyte_progenitor_2,subgroup_model,ExtraTrees,40.0,True,2
oligodendrocyte_2,__NA__,__NA__,3055,2795103300051100106,oligodendrocyte_2,subgroup_model,ExtraTrees,40.0,True,2
DH_in_Npy,4,inhibitory,3057,2795103300063100196,DH_in_Npy,subgroup_model,LogisticRegression,1.0,True,2
DH_ex_Gpr83,2,excitatory,3058,2795103300063100206,DH_ex_Grpr,subgroup_model,RandomForest,3.0,False,2
alpha_motoneuron,22,__NA__,3059,2795103300064100040,alpha_motoneuron,subgroup_model,LogisticRegression,5.0,True,2
oligodendrocyte_1,__NA__,__NA__,3061,2795103300084100222,oligodendrocyte_1,subgroup_model,ExtraTrees,40.0,True,2
DH_in_Klhl14,10,inhibitory,3066,2795103300098100091,DH_in_Cdh3,subgroup_model,ExtraTrees,40.0,False,2
MV_in_Sema5b,15,inhibitory,3070,2795103300110100181,MV_in_Sema5b,direct_section,,,True,2
endothelial,__NA__,__NA__,3072,2795103300119100042,oligodendrocyte_progenitor_1,subgroup_model,ExtraTrees,40.0,False,2
MV_ex_Syt2,14,excitatory,3075,2795103300119100183,MV_ex_Syt2,direct_section_EI,,,True,2
M_ex_Neurod2,13,excitatory,3081,2795103300120100317,M_ex_Neurod2,direct_section,,,True,2
endothelial,__NA__,__NA__,3083,2795103300125100103,oligodendrocyte_progenitor_2,subgroup_model,ExtraTrees,40.0,False,2
oligodendrocyte_2,__NA__,__NA__,3085,2795103300127100120,oligodendrocyte_2,subgroup_model,ExtraTrees,40.0,True,2
DH_in_Pdyn,2,inhibitory,3090,2795103300131100053,DH_in_Pdyn,direct_section_EI,,,True,2
astrocyte_1,__NA__,__NA__,3092,2795103300144100118,astrocyte_1,subgroup_model,ExtraTrees,40.0,True,2
M_in_Tfap2b,12,inhibitory,3096,2795103300145100291,M_in_Tfap2b,direct_section,,,True,2
DM_ex_Zfhx3,11,excitatory,3099,2795103300146100184,DM_ex_Zfhx3,direct_section,,,True,2
alpha_motoneuron,22,__NA__,3101,2795103300148100078,beta_motoneuron,subgroup_model,LogisticRegression,5.0,False,2
oligodendrocyte_progenitor_1,__NA__,__NA__,3102,2795103300148100180,oligodendrocyte_progenitor_1,subgroup_model,ExtraTrees,40.0,True,2
DH_ex_Nmu/Tac2,8,excitatory,3104,2795103300153100149,DH_ex_Nmu/Tac2,subgroup_model,RandomForest,5.0,True,2
DH_ex_Nmu/Tac2,8,excitatory,3106,2795103300153100274,DH_ex_Nmu/Tac2,subgroup_model,RandomForest,5.0,True,2
DH_ex_Gpr83,2,excitatory,3109,2795103300154100205,DH_ex_Grpr,subgroup_model,RandomForest,3.0,False,2
DH_in_Kcnip2,9,inhibitory,3110,2795103300155100193,DH_in_Kcnip2,subgroup_model,RandomForest,40.0,True,2
DM_ex_Zfhx3,11,excitatory,3112,2795103300156100192,DM_ex_Zfhx3,direct_section,,,True,2
oligodendrocyte_1,__NA__,__NA__,3116,2795103300160100024,oligodendrocyte_2,subgroup_model,ExtraTrees,40.0,False,2
oligodendrocyte_progenitor_2,__NA__,__NA__,3124,2795103300164100099,oligodendrocyte_progenitor_2,subgroup_model,ExtraTrees,40.0,True,2
oligodendrocyte_1,__NA__,__NA__,3126,2795103300164100198,oligodendrocyte_progenitor_2,subgroup_model,ExtraTrees,40.0,False,2
DH_ex_Prkcg/Rxfp1,6,excitatory,3129,2795103300177200029,DH_ex_Grp,subgroup_model,LogisticRegression,5.0,False,2
MV_in_Sema5b,15,inhibitory,3130,2795103300178100085,MV_in_Sema5b,direct_section,,,True,2
oligodendrocyte_1,__NA__,__NA__,3137,2795103300181100070,endothelial,subgroup_model,ExtraTrees,40.0,False,2
MV_ex_Syt2,14,excitatory,3138,2795103300181100156,MV_ex_Syt2,direct_section_EI,,,True,2
endothelial,__NA__,__NA__,3139,2795103300181200062,oligodendrocyte_1,subgroup_model,ExtraTrees,40.0,False,2
oligodendrocyte_progenitor_1,__NA__,__NA__,3140,2795103300182100065,oligodendrocyte_progenitor_1,subgroup_model,ExtraTrees,40.0,True,2
DH_ex_Nmu/Tac2,8,excitatory,3146,2795103300192100032,DH_ex_Nmu/Tac2,subgroup_model,RandomForest,5.0,True,2
oligodendrocyte_1,__NA__,__NA__,3149,2795103300195100284,oligodendrocyte_1,subgroup_model,ExtraTrees,40.0,True,2
oligodendrocyte_1,__NA__,__NA__,3150,2795103300196100077,astrocyte_1,subgroup_model,ExtraTrees,40.0,False,2
MV_ex_Syt2,14,excitatory,3152,2795103300197100223,MV_ex_Syt2,direct_section_EI,,,True,2
astrocyte_1,__NA__,__NA__,3153,2795103300197100230,endothelial,subgroup_model,ExtraTrees,40.0,False,2
oligodendrocyte_1,__NA__,__NA__,3155,2795103300198200066,oligodendrocyte_2,subgroup_model,ExtraTrees,40.0,False,2
meninges_3,__NA__,__NA__,3158,2795103300219100123,meninges_3,subgroup_model,ExtraTrees,40.0,True,2
oligodendrocyte_progenitor_2,__NA__,__NA__,3159,2795103300230100016,astrocyte_2,subgroup_model,ExtraTrees,40.0,False,2
DH_in_Npy2r,9,inhibitory,3162,2795103300232100120,DH_in_Npy2r,subgroup_model,RandomForest,40.0,True,2
DH_in_Npy,4,inhibitory,3166,2795103300232100235,DH_in_Npy,subgroup_model,LogisticRegression,1.0,True,2
DH_in_Cdh3,4,inhibitory,3170,2795103300233100135,DH_in_Cdh3,subgroup_model,LogisticRegression,1.0,True,2
DH_ex_Sox5,5,excitatory,3176,2795103300234100140,DH_ex_Sox5,subgroup_model,LogisticRegression,1.0,True,2
oligodendrocyte_2,__NA__,__NA__,3185,2795103300312100041,oligodendrocyte_2,subgroup_model,ExtraTrees,40.0,True,2
oligodendrocyte_progenitor_2,__NA__,__NA__,3193,2795103300331100157,oligodendrocyte_progenitor_2,subgroup_model,ExtraTrees,40.0,True,2
MV_ex_Shox2,18,excitatory,3194,2795103300331100205,MV_ex_Shox2,direct_section,,,True,2
M_ex_Neurod2,13,excitatory,3195,2795103300331100259,M_ex_Neurod2,direct_section,,,True,2
MV_ex_Shox2,18,excitatory,3198,2795103300332100037,MV_ex_Shox2,direct_section,,,True,2
astrocyte_1,__NA__,__NA__,3209,2795103300346100239,astrocyte_1,subgroup_model,ExtraTrees,40.0,True,2
oligodendrocyte_progenitor_2,__NA__,__NA__,3210,2795103300346100246,microglia,subgroup_model,ExtraTrees,40.0,False,2
MV_in_Chrna2,19,inhibitory,3214,2795103300346200057,MV_in_Chrna2,subgroup_model,LogisticRegression,1.0,True,2
oligodendrocyte_progenitor_2,__NA__,__NA__,3217,2795103300366100035,oligodendrocyte_1,subgroup_model,ExtraTrees,40.0,False,2
oligodendrocyte_1,__NA__,__NA__,3220,2795103300367100037,oligodendrocyte_progenitor_2,subgroup_model,ExtraTrees,40.0,False,2
M_ex_Neurod2,13,excitatory,3221,2795103300367100045,M_ex_Neurod2,direct_section,,,True,2
DH_ex_Prkcg/Nts,8,excitatory,3223,2795103300367100163,DH_ex_Prkcg/Cck,subgroup_model,RandomForest,5.0,False,2
DH_ex_Reln/Nmur2,3,excitatory,3224,2795103300367100270,DH_ex_Reln/Nmur2,subgroup_model,LogisticRegression,40.0,True,2
DH_ex_Maf/Slc17a8,10,excitatory,3225,2795103300368100087,DH_ex_Maf/Cpne4,subgroup_model,RandomForest,2.0,False,2
meninges_3,__NA__,__NA__,3226,2795103300368100254,meninges_3,subgroup_model,ExtraTrees,40.0,True,2
astrocyte_1,__NA__,__NA__,3228,2795103300377100032,endothelial,subgroup_model,ExtraTrees,40.0,False,2
microglia,__NA__,__NA__,3230,2795103300378100099,microglia,subgroup_model,ExtraTrees,40.0,True,2
DH_ex_Prkcg/Nts,8,excitatory,3232,2795103300380100319,DH_ex_Prkcg/Nts,subgroup_model,RandomForest,5.0,True,2
astrocyte_1,__NA__,__NA__,3234,2795103300381100258,astrocyte_1,subgroup_model,ExtraTrees,40.0,True,2
DM_ex_Zfhx3,11,excitatory,3235,2795103300381100284,DM_ex_Zfhx3,direct_section,,,True,2
astrocyte_2,__NA__,__NA__,3237,2795103300382100017,astrocyte_2,subgroup_model,ExtraTrees,40.0,True,2
endothelial,__NA__,__NA__,3239,2795103300382100123,endothelial,subgroup_model,ExtraTrees,40.0,True,2
astrocyte_1,__NA__,__NA__,3245,2795103300400100052,astrocyte_1,subgroup_model,ExtraTrees,40.0,True,2
oligodendrocyte_1,__NA__,__NA__,3250,2795103300409100112,oligodendrocyte_1,subgroup_model,ExtraTrees,40.0,True,2
astrocyte_1,__NA__,__NA__,3252,2795103300411100067,astrocyte_1,subgroup_model,ExtraTrees,40.0,True,2
astrocyte_1,__NA__,__NA__,3254,2795103300412100009,astrocyte_1,subgroup_model,ExtraTrees,40.0,True,2
oligodendrocyte_precursor_cell,__NA__,__NA__,3255,2795103300415100059,oligodendrocyte_precursor_cell,subgroup_model,ExtraTrees,40.0,True,2
oligodendrocyte_progenitor_2,__NA__,__NA__,3258,2795103300445100103,oligodendrocyte_progenitor_2,subgroup_model,ExtraTrees,40.0,True,2
DH_ex_Cpne4,3,excitatory,3259,2795103300445100148,DH_ex_Reln/Nmur2,subgroup_model,LogisticRegression,40.0,False,2
oligodendrocyte_2,__NA__,__NA__,3265,2795584800017100073,oligodendrocyte_2,subgroup_model,ExtraTrees,40.0,True,2
DH_ex_Gpr83,2,excitatory,3268,2795584800086100119,DH_ex_Gpr83,subgroup_model,RandomForest,3.0,True,2
DH_ex_Nmu/Tac2,8,excitatory,3269,2795584800086100122,DH_ex_Nmu/Tac2,subgroup_model,RandomForest,5.0,True,2
MV_in_Gabra1,16,inhibitory,3272,2795584800087100056,MV_in_Gabra1,direct_section,,,True,2
oligodendrocyte_1,__NA__,__NA__,3274,2795584800088100011,meninges_3,subgroup_model,ExtraTrees,40.0,False,2
endothelial,__NA__,__NA__,3278,2795584800090100054,oligodendrocyte_precursor_cell,subgroup_model,ExtraTrees,40.0,False,2
MV_in_Gm26673,19,inhibitory,3283,2795584800101100205,MV_in_Gm26673,subgroup_model,LogisticRegression,1.0,True,2
astrocyte_1,__NA__,__NA__,3285,2795584800101100247,astrocyte_2,subgroup_model,ExtraTrees,40.0,False,2
MV_in_Sema5b,15,inhibitory,3286,2795584800101100257,MV_in_Sema5b,direct_section,,,True,2
MV_in_Gm26673,19,inhibitory,3288,2795584800102100178,MV_in_Gm26673,subgroup_model,LogisticRegression,1.0,True,2
beta_motoneuron,22,__NA__,3289,2795584800103100060,alpha_motoneuron,subgroup_model,LogisticRegression,5.0,False,2
MV_in_Sema5b,15,inhibitory,3290,2795584800103100078,MV_in_Sema5b,direct_section,,,True,2
DH_in_Pdyn,2,inhibitory,3303,2795584800124200179,DH_in_Pdyn,direct_section_EI,,,True,2
MV_in_Sema5b,15,inhibitory,3306,2795584800125200038,MV_in_Sema5b,direct_section,,,True,2
gamma_motoneuron,22,__NA__,3313,2795584800130100205,gamma_motoneuron,subgroup_model,LogisticRegression,5.0,True,2
DH_in_Npy,4,inhibitory,3318,2795584800136100147,DH_in_Npy,subgroup_model,LogisticRegression,1.0,True,2
MV_in_Esrrb,14,inhibitory,3321,2795584800137100097,MV_in_Esrrb,direct_section_EI,,,True,2
DM_ex_Zfhx3,11,excitatory,3322,2795584800137100109,DM_ex_Zfhx3,direct_section,,,True,2
MV_in_Gabra1,16,inhibitory,3323,2795584800137100183,MV_in_Gabra1,direct_section,,,True,2
MV_in_Gabra1,16,inhibitory,3329,2795584800139100108,MV_in_Gabra1,direct_section,,,True,2
endothelial,__NA__,__NA__,3331,2795584800139100153,endothelial,subgroup_model,ExtraTrees,40.0,True,2
oligodendrocyte_progenitor_2,__NA__,__NA__,3332,2795584800140100021,oligodendrocyte_progenitor_2,subgroup_model,ExtraTrees,40.0,True,2
oligodendrocyte_progenitor_2,__NA__,__NA__,3335,2795584800154100202,meninges_3,subgroup_model,ExtraTrees,40.0,False,2
DH_ex_Sox5/Tac1,5,excitatory,3337,2795584800160100123,DH_ex_Sox5/Tac1,subgroup_model,LogisticRegression,1.0,True,2
DH_ex_Gpr83,2,excitatory,3339,2795584800160100211,DH_ex_Grpr,subgroup_model,RandomForest,3.0,False,2
oligodendrocyte_2,__NA__,__NA__,3340,2795584800160100245,microglia,subgroup_model,ExtraTrees,40.0,False,2
DH_in_Pdyn,2,inhibitory,3341,2795584800161100119,DH_in_Pdyn,direct_section_EI,,,True,2
meninges_2,__NA__,__NA__,3343,2795584800161100313,meninges_3,subgroup_model,ExtraTrees,40.0,False,2
oligodendrocyte_progenitor_2,__NA__,__NA__,3348,2795584800166200086,oligodendrocyte_progenitor_2,subgroup_model,ExtraTrees,40.0,True,2
astrocyte_1,__NA__,__NA__,3349,2795584800167100121,astrocyte_1,subgroup_model,ExtraTrees,40.0,True,2
oligodendrocyte_1,__NA__,__NA__,3350,2795584800167100132,oligodendrocyte_1,subgroup_model,ExtraTrees,40.0,True,2
astrocyte_1,__NA__,__NA__,3351,2795584800168100157,astrocyte_2,subgroup_model,ExtraTrees,40.0,False,2
DH_ex_Cpne4,3,excitatory,3355,2795584800173100264,DH_ex_Cpne4,subgroup_model,LogisticRegression,40.0,True,2
microglia,__NA__,__NA__,3359,2795584800175100109,microglia,subgroup_model,ExtraTrees,40.0,True,2
oligodendrocyte_progenitor_2,__NA__,__NA__,3360,2795584800184100020,meninges_3,subgroup_model,ExtraTrees,40.0,False,2
DH_ex_Prkcg/Cck,8,excitatory,3364,2795584800185100279,DH_ex_Prkcg/Nts,subgroup_model,RandomForest,5.0,False,2
DH_ex_Nmu/Tac2,8,excitatory,3365,2795584800185100303,DH_ex_Nmu/Tac2,subgroup_model,RandomForest,5.0,True,2
DH_ex_Maf/Cck,10,excitatory,3366,2795584800188100248,DH_ex_Rreb1,subgroup_model,RandomForest,2.0,False,2
DH_in_Pdyn,2,inhibitory,3369,2795584800189100126,DH_in_Pdyn,direct_section_EI,,,True,2
DH_ex_Reln/Npff,1,excitatory,3371,2795584800201100136,DH_ex_Reln/Npff,direct_section,,,True,2
astrocyte_1,__NA__,__NA__,3372,2795584800202100076,astrocyte_2,subgroup_model,ExtraTrees,40.0,False,2
astrocyte_1,__NA__,__NA__,3373,2795584800202100095,astrocyte_1,subgroup_model,ExtraTrees,40.0,True,2
MV_in_Esrrb,14,inhibitory,3374,2795584800202100134,MV_in_Esrrb,direct_section_EI,,,True,2
oligodendrocyte_progenitor_2,__NA__,__NA__,3377,2795584800203100229,oligodendrocyte_progenitor_2,subgroup_model,ExtraTrees,40.0,True,2
oligodendrocyte_2,__NA__,__NA__,3385,2795584800222100035,oligodendrocyte_2,subgroup_model,ExtraTrees,40.0,True,2
DH_in_Pdyn/Gal,5,inhibitory,3389,2795584800224100061,DH_in_Pdyn/Gal,direct_section_EI,,,True,2
DH_ex_Reln,6,excitatory,3390,2795584800224100074,DH_ex_Reln,subgroup_model,LogisticRegression,5.0,True,2
oligodendrocyte_1,__NA__,__NA__,3400,2795584800227100019,endothelial,subgroup_model,ExtraTrees,40.0,False,2
oligodendrocyte_progenitor_2,__NA__,__NA__,3401,2795584800237100067,oligodendrocyte_2,subgroup_model,ExtraTrees,40.0,False,2
DM_ex_Zfhx3,11,excitatory,3403,2795584800237100094,DM_ex_Zfhx3,direct_section,,,True,2
DH_ex_Reln/Nmur2,3,excitatory,3405,2795584800237100138,DH_ex_Reln/Nmur2,subgroup_model,LogisticRegression,40.0,True,2
oligodendrocyte_2,__NA__,__NA__,3411,2795584800239100131,oligodendrocyte_2,subgroup_model,ExtraTrees,40.0,True,2
DM_ex_Zfhx3,11,excitatory,3412,2795584800240100053,DM_ex_Zfhx3,direct_section,,,True,2
oligodendrocyte_progenitor_2,__NA__,__NA__,3417,2795584800241100259,oligodendrocyte_2,subgroup_model,ExtraTrees,40.0,False,2
DH_ex_Sox5,5,excitatory,3418,2795584800241100289,DH_ex_Sox5,subgroup_model,LogisticRegression,1.0,True,2
DH_in_Npy,4,inhibitory,3419,2795584800242100071,DH_in_Npy,subgroup_model,LogisticRegression,1.0,True,2
meninges_3,__NA__,__NA__,3420,2795584800253200009,meninges_3,subgroup_model,ExtraTrees,40.0,True,2
oligodendrocyte_2,__NA__,__NA__,3422,2795584800311100088,oligodendrocyte_2,subgroup_model,ExtraTrees,40.0,True,2
oligodendrocyte_2,__NA__,__NA__,3423,2795584800313100072,microglia,subgroup_model,ExtraTrees,40.0,False,2
oligodendrocyte_progenitor_2,__NA__,__NA__,3429,2795584800349100151,meninges_3,subgroup_model,ExtraTrees,40.0,False,2
oligodendrocyte_progenitor_2,__NA__,__NA__,3430,2795584800349100201,oligodendrocyte_progenitor_2,subgroup_model,ExtraTrees,40.0,True,2
MV_in_Gabra1,16,inhibitory,3434,2795584800353100089,MV_in_Gabra1,direct_section,,,True,2
oligodendrocyte_2,__NA__,__NA__,3440,2795584800371100068,oligodendrocyte_2,subgroup_model,ExtraTrees,40.0,True,2
astrocyte_2,__NA__,__NA__,3441,2795584800374100017,astrocyte_2,subgroup_model,ExtraTrees,40.0,True,2
endothelial,__NA__,__NA__,3444,2795584800376100182,endothelial,subgroup_model,ExtraTrees,40.0,True,2
oligodendrocyte_progenitor_2,__NA__,__NA__,3450,2795584800381100069,oligodendrocyte_2,subgroup_model,ExtraTrees,40.0,False,2
astrocyte_1,__NA__,__NA__,3454,2795584800382100052,endothelial,subgroup_model,ExtraTrees,40.0,False,2
oligodendrocyte_1,__NA__,__NA__,3457,2795584800382100241,oligodendrocyte_1,subgroup_model,ExtraTrees,40.0,True,2
MV_in_Esrrb,14,inhibitory,3460,2795584800384100257,MV_in_Esrrb,direct_section_EI,,,True,2
alpha_motoneuron,22,__NA__,3462,2795584800385100115,alpha_motoneuron,subgroup_model,LogisticRegression,5.0,True,2
oligodendrocyte_progenitor_2,__NA__,__NA__,3463,2795584800385100149,oligodendrocyte_progenitor_2,subgroup_model,ExtraTrees,40.0,True,2
astrocyte_1,__NA__,__NA__,3467,2795584800386200020,oligodendrocyte_progenitor_2,subgroup_model,ExtraTrees,40.0,False,2
MV_ex_Shox2,18,excitatory,3473,2795584800389100229,MV_ex_Shox2,direct_section,,,True,2
gamma_motoneuron,22,__NA__,3476,2795584800391100138,gamma_motoneuron,subgroup_model,LogisticRegression,5.0,True,2
oligodendrocyte_precursor_cell,__NA__,__NA__,3478,2795584800398100095,oligodendrocyte_progenitor_1,subgroup_model,ExtraTrees,40.0,False,2
meninges_3,__NA__,__NA__,3479,2795584800398100141,meninges_3,subgroup_model,ExtraTrees,40.0,True,2
meninges_2,__NA__,__NA__,3480,2795584800398200029,meninges_3,subgroup_model,ExtraTrees,40.0,False,2
DH_in_Npy2r,9,inhibitory,3481,2795584800399100146,DH_in_Npy2r,subgroup_model,RandomForest,40.0,True,2
oligodendrocyte_progenitor_2,__NA__,__NA__,3483,2795584800400100402,astrocyte_2,subgroup_model,ExtraTrees,40.0,False,2
astrocyte_1,__NA__,__NA__,3485,2795584800411100147,astrocyte_2,subgroup_model,ExtraTrees,40.0,False,2
oligodendrocyte_progenitor_2,__NA__,__NA__,3487,2795584800412100034,oligodendrocyte_progenitor_2,subgroup_model,ExtraTrees,40.0,True,2
astrocyte_1,__NA__,__NA__,3489,2795584800412100176,astrocyte_1,subgroup_model,ExtraTrees,40.0,True,2
MV_in_Gabra1,16,inhibitory,3492,2795584800412100226,MV_in_Gabra1,direct_section,,,True,2
oligodendrocyte_progenitor_2,__NA__,__NA__,3500,2795584800413100228,oligodendrocyte_precursor_cell,subgroup_model,ExtraTrees,40.0,False,2
endothelial,__NA__,__NA__,3504,2795584800418100037,endothelial,subgroup_model,ExtraTrees,40.0,True,2
oligodendrocyte_progenitor_2,__NA__,__NA__,3508,2795584800418100125,oligodendrocyte_progenitor_2,subgroup_model,ExtraTrees,40.0,True,2
oligodendrocyte_2,__NA__,__NA__,3511,2795584800419100108,oligodendrocyte_2,subgroup_model,ExtraTrees,40.0,True,2
MV_in_Gabra1,16,inhibitory,3517,2795584800420100064,MV_in_Gabra1,direct_section,,,True,2
DM_ex_Zfhx3,11,excitatory,3526,2795584800426100121,DM_ex_Zfhx3,direct_section,,,True,2
DH_ex_Reln/Npff,1,excitatory,3528,2795584800434100110,DH_ex_Reln/Npff,direct_section,,,True,2
DH_ex_Grpr,2,excitatory,3532,2795584800434200032,DH_ex_Grpr,subgroup_model,RandomForest,3.0,True,2
DH_ex_Sox5/Tac1,5,excitatory,3534,2795584800435100084,DH_ex_Sox5/Tac1,subgroup_model,LogisticRegression,1.0,True,2
astrocyte_1,__NA__,__NA__,3535,2795584800435100149,astrocyte_1,subgroup_model,ExtraTrees,40.0,True,2
astrocyte_1,__NA__,__NA__,3538,2795584800435100333,astrocyte_1,subgroup_model,ExtraTrees,40.0,True,2
DH_ex_Sox5,5,excitatory,3539,2795584800435100345,DH_ex_Sox5,subgroup_model,LogisticRegression,1.0,True,2
astrocyte_1,__NA__,__NA__,3544,2795584800446100124,endothelial,subgroup_model,ExtraTrees,40.0,False,2
DH_ex_Prkcg/Rxfp1,6,excitatory,3546,2795584800446100151,DH_ex_Grp,subgroup_model,LogisticRegression,5.0,False,2
MV_in_Gabra1,16,inhibitory,3548,2795584800447100229,MV_in_Gabra1,direct_section,,,True,2
DH_ex_Prkcg/Nts,8,excitatory,3549,2795584800447100238,DH_ex_Prkcg/Cck,subgroup_model,RandomForest,5.0,False,2
DH_in_Pdyn,2,inhibitory,3550,2795584800447100260,DH_in_Pdyn,direct_section_EI,,,True,2
endothelial,__NA__,__NA__,3551,2795584800448100039,endothelial,subgroup_model,ExtraTrees,40.0,True,2
astrocyte_1,__NA__,__NA__,3554,2795584800449100028,astrocyte_1,subgroup_model,ExtraTrees,40.0,True,2
oligodendrocyte_progenitor_2,__NA__,__NA__,3558,2795584800449100206,oligodendrocyte_2,subgroup_model,ExtraTrees,40.0,False,2
endothelial,__NA__,__NA__,3559,2795584800450100058,astrocyte_1,subgroup_model,ExtraTrees,40.0,False,2
microglia,__NA__,__NA__,3560,2795584800450100076,microglia,subgroup_model,ExtraTrees,40.0,True,2
MV_in_Chrna2,19,inhibitory,3567,2795584800454100023,MV_in_Chrna2,subgroup_model,LogisticRegression,1.0,True,2
oligodendrocyte_progenitor_2,__NA__,__NA__,3574,2795584800456100094,oligodendrocyte_progenitor_2,subgroup_model,ExtraTrees,40.0,True,2
oligodendrocyte_progenitor_1,__NA__,__NA__,3576,2795584800457100271,oligodendrocyte_progenitor_1,subgroup_model,ExtraTrees,40.0,True,2
DH_ex_Maf/Cck,10,excitatory,3577,2795584800458100128,DH_ex_Rreb1,subgroup_model,RandomForest,2.0,False,2
oligodendrocyte_progenitor_1,__NA__,__NA__,3578,2795584800459100112,oligodendrocyte_progenitor_1,subgroup_model,ExtraTrees,40.0,True,2
DH_ex_Reln/Nmur2,3,excitatory,3579,2795584800462100126,DH_ex_Cpne4,subgroup_model,LogisticRegression,40.0,False,2
DH_in_Npy2r,9,inhibitory,3588,2795584800476100196,DH_in_Kcnip2,subgroup_model,RandomForest,40.0,False,2
DH_in_Rorb,7,inhibitory,3592,2795584800483100061,DH_in_Rorb,direct_section,,,True,2
meninges_3,__NA__,__NA__,3593,2795584800484100091,meninges_3,subgroup_model,ExtraTrees,40.0,True,2
oligodendrocyte_2,__NA__,__NA__,3598,2795584800492100116,oligodendrocyte_2,subgroup_model,ExtraTrees,40.0,True,2
DH_ex_Tac2,8,excitatory,3602,2795584800493100096,DH_ex_Tac2,subgroup_model,RandomForest,5.0,True,2
DM_ex_Zfhx3,11,excitatory,3610,2795584800511100042,DM_ex_Zfhx3,direct_section,,,True,2
DH_ex_Sox5/Tac1,5,excitatory,3611,2795584800512100028,DH_ex_Sox5/Tac1,subgroup_model,LogisticRegression,1.0,True,2
oligodendrocyte_progenitor_2,__NA__,__NA__,3612,2795584800512100034,oligodendrocyte_2,subgroup_model,ExtraTrees,40.0,False,2
alpha_motoneuron,22,__NA__,3613,2795584800584100037,beta_motoneuron,subgroup_model,LogisticRegression,5.0,False,2
pericyte,__NA__,__NA__,3618,2795584800589100202,meninges_2,subgroup_model,ExtraTrees,40.0,False,2
oligodendrocyte_progenitor_2,__NA__,__NA__,3620,2795584800602100025,oligodendrocyte_progenitor_2,subgroup_model,ExtraTrees,40.0,True,2
DH_ex_Sox5,5,excitatory,3621,2795584800622100099,DH_ex_Sox5,subgroup_model,LogisticRegression,1.0,True,2
endothelial,__NA__,__NA__,3622,2795584800624100037,endothelial,subgroup_model,ExtraTrees,40.0,True,2
endothelial,__NA__,__NA__,3623,2795584800638100109,endothelial,subgroup_model,ExtraTrees,40.0,True,2
M_in_Tfap2b,12,inhibitory,3630,2795584800660100129,M_in_Tfap2b,direct_section,,,True,2
oligodendrocyte_progenitor_2,__NA__,__NA__,3631,2795584800660100134,endothelial,subgroup_model,ExtraTrees,40.0,False,2
DH_in_Cdh3,10,inhibitory,3632,2795584800660100201,DH_in_Cdh3,subgroup_model,ExtraTrees,40.0,True,2
astrocyte_2,__NA__,__NA__,3639,2795584800677100046,astrocyte_2,subgroup_model,ExtraTrees,40.0,True,2
DH_ex_Reln,6,excitatory,3641,2795584800691100034,DH_ex_Reln,subgroup_model,LogisticRegression,5.0,True,2
oligodendrocyte_progenitor_2,__NA__,__NA__,3644,2795584800696100219,oligodendrocyte_progenitor_2,subgroup_model,ExtraTrees,40.0,True,2
oligodendrocyte_2,__NA__,__NA__,3647,2795584800702100110,oligodendrocyte_2,subgroup_model,ExtraTrees,40.0,True,2
oligodendrocyte_progenitor_2,__NA__,__NA__,3649,2795584800708200047,oligodendrocyte_precursor_cell,subgroup_model,ExtraTrees,40.0,False,2
endothelial,__NA__,__NA__,3654,2795584800711100162,astrocyte_1,subgroup_model,ExtraTrees,40.0,False,2
oligodendrocyte_progenitor_2,__NA__,__NA__,3655,2795584800711100172,meninges_1,subgroup_model,ExtraTrees,40.0,False,2
endothelial,__NA__,__NA__,3657,2795584800713100064,astrocyte_2,subgroup_model,ExtraTrees,40.0,False,2
DH_ex_Nmu/Tac2,8,excitatory,3658,2795584800713100089,DH_ex_Nmu/Tac2,subgroup_model,RandomForest,5.0,True,2
astrocyte_2,__NA__,__NA__,3661,2795584800714100018,astrocyte_2,subgroup_model,ExtraTrees,40.0,True,2
oligodendrocyte_2,__NA__,__NA__,3663,2795584800715100032,oligodendrocyte_2,subgroup_model,ExtraTrees,40.0,True,2
Schwann_cell,__NA__,__NA__,3665,2795584800741100095,Schwann_cell,subgroup_model,ExtraTrees,40.0,True,2
oligodendrocyte_2,__NA__,__NA__,3668,2795584800748200051,oligodendrocyte_2,subgroup_model,ExtraTrees,40.0,True,2
M_ex_Vsx2/Shox2,20,excitatory,3674,2795903600031100177,M_ex_Vsx2/Shox2,subgroup_model,LogisticRegression,5.0,True,2
MV_in_Sema5b,15,inhibitory,3677,2795903600032100071,MV_in_Sema5b,direct_section,,,True,2
MV_ex_Shox2,18,excitatory,3679,2795903600032100139,MV_ex_Shox2,direct_section,,,True,2
MV_in_Sema5b,15,inhibitory,3680,2795903600032100212,MV_in_Sema5b,direct_section,,,True,2
MV_in_Gabra1,16,inhibitory,3682,2795903600033100179,MV_in_Gabra1,direct_section,,,True,2
alpha_motoneuron,22,__NA__,3683,2795903600057100037,alpha_motoneuron,subgroup_model,LogisticRegression,5.0,True,2
MV_in_Esrrb,14,inhibitory,3684,2795903600057100056,MV_in_Esrrb,direct_section_EI,,,True,2
MV_in_Sema5b,15,inhibitory,3688,2795903600089100136,MV_in_Sema5b,direct_section,,,True,2
astrocyte_1,__NA__,__NA__,3689,2795903600089100200,astrocyte_1,subgroup_model,ExtraTrees,40.0,True,2
M_ex_Vsx2,20,excitatory,3691,2795903600113100201,M_ex_Vsx2,subgroup_model,LogisticRegression,5.0,True,2
astrocyte_1,__NA__,__NA__,3695,2795903600114100254,astrocyte_1,subgroup_model,ExtraTrees,40.0,True,2
oligodendrocyte_progenitor_2,__NA__,__NA__,3696,2795903600115100030,oligodendrocyte_1,subgroup_model,ExtraTrees,40.0,False,2
oligodendrocyte_1,__NA__,__NA__,3699,2795903600115100201,meninges_3,subgroup_model,ExtraTrees,40.0,False,2
astrocyte_1,__NA__,__NA__,3704,2795903600143100135,astrocyte_2,subgroup_model,ExtraTrees,40.0,False,2
DH_ex_Nmu/Tac2,8,excitatory,3705,2795903600143100140,DH_ex_Nmu/Tac2,subgroup_model,RandomForest,5.0,True,2
oligodendrocyte_1,__NA__,__NA__,3706,2795903600143100345,endothelial,subgroup_model,ExtraTrees,40.0,False,2
DH_ex_Cpne4,3,excitatory,3711,2795903600159100064,DH_ex_Cpne4,subgroup_model,LogisticRegression,40.0,True,2
M_ex_Vsx2,20,excitatory,3718,2795903600184100163,M_ex_Vsx2,subgroup_model,LogisticRegression,5.0,True,2
oligodendrocyte_progenitor_2,__NA__,__NA__,3719,2795903600185100124,astrocyte_1,subgroup_model,ExtraTrees,40.0,False,2
astrocyte_2,__NA__,__NA__,3721,2795903600186100093,endothelial,subgroup_model,ExtraTrees,40.0,False,2
oligodendrocyte_progenitor_2,__NA__,__NA__,3723,2795903600193100019,oligodendrocyte_1,subgroup_model,ExtraTrees,40.0,False,2
MV_in_Gm26673,19,inhibitory,3724,2795903600194100041,MV_in_Chrna2,subgroup_model,LogisticRegression,1.0,False,2
MV_in_Chrna2,19,inhibitory,3726,2795903600194100112,MV_in_Chrna2,subgroup_model,LogisticRegression,1.0,True,2
MV_in_Gm26673,19,inhibitory,3728,2795903600194100175,MV_in_Gm26673,subgroup_model,LogisticRegression,1.0,True,2
MV_in_Gm26673,19,inhibitory,3730,2795903600211100202,MV_in_Chrna2,subgroup_model,LogisticRegression,1.0,False,2
oligodendrocyte_2,__NA__,__NA__,3732,2795903600212100125,oligodendrocyte_2,subgroup_model,ExtraTrees,40.0,True,2
oligodendrocyte_2,__NA__,__NA__,3737,2795903600241100054,oligodendrocyte_2,subgroup_model,ExtraTrees,40.0,True,2
oligodendrocyte_progenitor_2,__NA__,__NA__,3744,2795903600243100183,endothelial,subgroup_model,ExtraTrees,40.0,False,2
MV_in_Gm26673,19,inhibitory,3747,2795903600266100201,MV_in_Gm26673,subgroup_model,LogisticRegression,1.0,True,2
oligodendrocyte_progenitor_2,__NA__,__NA__,3750,2795903600267100238,oligodendrocyte_progenitor_2,subgroup_model,ExtraTrees,40.0,True,2
MV_in_Gm26673,19,inhibitory,3752,2795903600268100239,MV_in_Gm26673,subgroup_model,LogisticRegression,1.0,True,2
endothelial,__NA__,__NA__,3753,2795903600268100244,astrocyte_1,subgroup_model,ExtraTrees,40.0,False,2
oligodendrocyte_progenitor_2,__NA__,__NA__,3754,2795903600268100291,oligodendrocyte_progenitor_1,subgroup_model,ExtraTrees,40.0,False,2
DH_in_Npy2r,9,inhibitory,3757,2795903600269100116,DH_in_Kcnip2,subgroup_model,RandomForest,40.0,False,2
DH_ex_Reln/Nmur2,3,excitatory,3771,2795903600301100098,DH_ex_Reln/Nmur2,subgroup_model,LogisticRegression,40.0,True,2
meninges_3,__NA__,__NA__,3774,2795903600302100045,meninges_3,subgroup_model,ExtraTrees,40.0,True,2
astrocyte_1,__NA__,__NA__,3779,2795903600321100032,astrocyte_1,subgroup_model,ExtraTrees,40.0,True,2
MV_in_Gabra1,16,inhibitory,3783,2795903600322100055,MV_in_Gabra1,direct_section,,,True,2
DH_ex_Nmu/Tac2,8,excitatory,3790,2795903600329100108,DH_ex_Nmu/Tac2,subgroup_model,RandomForest,5.0,True,2
DM_ex_Zfhx3,11,excitatory,3801,2795903600348100042,DM_ex_Zfhx3,direct_section,,,True,2
DH_ex_Prkcg/Rxfp1,6,excitatory,3805,2795903600348100238,DH_ex_Prkcg/Rxfp1,subgroup_model,LogisticRegression,5.0,True,2
DH_ex_Grp,6,excitatory,3806,2795903600349100051,DH_ex_Grp,subgroup_model,LogisticRegression,5.0,True,2
DH_ex_Reln,6,excitatory,3808,2795903600349100092,DH_ex_Reln,subgroup_model,LogisticRegression,5.0,True,2
oligodendrocyte_progenitor_2,__NA__,__NA__,3812,2795903600353100272,oligodendrocyte_progenitor_2,subgroup_model,ExtraTrees,40.0,True,2
M_in_Tfap2b,12,inhibitory,3815,2795903600354100044,M_in_Tfap2b,direct_section,,,True,2
DH_in_Npy,4,inhibitory,3816,2795903600354100060,DH_in_Npy,subgroup_model,LogisticRegression,1.0,True,2
DH_in_Rorb,7,inhibitory,3817,2795903600354100080,DH_in_Rorb,direct_section,,,True,2
oligodendrocyte_progenitor_2,__NA__,__NA__,3818,2795903600354100114,oligodendrocyte_progenitor_2,subgroup_model,ExtraTrees,40.0,True,2
astrocyte_2,__NA__,__NA__,3829,2795903600374100128,endothelial,subgroup_model,ExtraTrees,40.0,False,2
oligodendrocyte_2,__NA__,__NA__,3834,2795903600400100035,oligodendrocyte_2,subgroup_model,ExtraTrees,40.0,True,2
DH_ex_Reln/Nmur2,3,excitatory,3835,2795903600401100082,DH_ex_Reln/Nmur2,subgroup_model,LogisticRegression,40.0,True,2
DH_ex_Prkcg/Rxfp1,6,excitatory,3838,2795903600401100124,DH_ex_Grp,subgroup_model,LogisticRegression,5.0,False,2
microglia,__NA__,__NA__,3841,2795903600401200061,microglia,subgroup_model,ExtraTrees,40.0,True,2
DH_ex_Reln/Nmur2,3,excitatory,3849,2795903600411100106,DH_ex_Reln/Nmur2,subgroup_model,LogisticRegression,40.0,True,2
oligodendrocyte_2,__NA__,__NA__,3854,2795903600428100037,oligodendrocyte_2,subgroup_model,ExtraTrees,40.0,True,2
oligodendrocyte_2,__NA__,__NA__,3858,2795903600434100226,microglia,subgroup_model,ExtraTrees,40.0,False,2
oligodendrocyte_progenitor_2,__NA__,__NA__,3861,2795903600435200091,oligodendrocyte_progenitor_2,subgroup_model,ExtraTrees,40.0,True,2
astrocyte_1,__NA__,__NA__,3867,2795903600437100147,astrocyte_1,subgroup_model,ExtraTrees,40.0,True,2
astrocyte_1,__NA__,__NA__,3868,2795903600437100221,peripheral_glia,subgroup_model,ExtraTrees,40.0,False,2
pericyte,__NA__,__NA__,3873,2795903600438100181,pericyte,subgroup_model,ExtraTrees,40.0,True,2
DH_ex_Reln,6,excitatory,3876,2795903600438100298,DH_ex_Reln,subgroup_model,LogisticRegression,5.0,True,2
MV_in_Esrrb,14,inhibitory,3879,2795903600453100084,MV_in_Esrrb,direct_section_EI,,,True,2
astrocyte_1,__NA__,__NA__,3885,2795903600454100235,astrocyte_1,subgroup_model,ExtraTrees,40.0,True,2
astrocyte_1,__NA__,__NA__,3888,2795903600455100171,astrocyte_2,subgroup_model,ExtraTrees,40.0,False,2
astrocyte_1,__NA__,__NA__,3891,2795903600461100149,astrocyte_1,subgroup_model,ExtraTrees,40.0,True,2
astrocyte_1,__NA__,__NA__,3896,2795903600463100104,oligodendrocyte_2,subgroup_model,ExtraTrees,40.0,False,2
pericyte,__NA__,__NA__,3898,2795903600463100205,oligodendrocyte_precursor_cell,subgroup_model,ExtraTrees,40.0,False,2
MV_ex_Shox2,18,excitatory,3901,2795903600480100142,MV_ex_Shox2,direct_section,,,True,2
astrocyte_1,__NA__,__NA__,3902,2795903600481100047,oligodendrocyte_precursor_cell,subgroup_model,ExtraTrees,40.0,False,2
astrocyte_1,__NA__,__NA__,3904,2795903600481100068,astrocyte_1,subgroup_model,ExtraTrees,40.0,True,2
DH_in_Rorb,7,inhibitory,3905,2795903600481100147,DH_in_Rorb,direct_section,,,True,2
oligodendrocyte_2,__NA__,__NA__,3911,2795903600489100136,oligodendrocyte_2,subgroup_model,ExtraTrees,40.0,True,2
astrocyte_1,__NA__,__NA__,3912,2795903600489100162,astrocyte_2,subgroup_model,ExtraTrees,40.0,False,2
oligodendrocyte_1,__NA__,__NA__,3914,2795903600489200147,oligodendrocyte_1,subgroup_model,ExtraTrees,40.0,True,2
endothelial,__NA__,__NA__,3918,2795903600515100071,oligodendrocyte_1,subgroup_model,ExtraTrees,40.0,False,2
endothelial,__NA__,__NA__,3919,2795903600515200029,oligodendrocyte_precursor_cell,subgroup_model,ExtraTrees,40.0,False,2
MV_ex_Syt2,14,excitatory,3921,2795903600516100119,MV_ex_Syt2,direct_section_EI,,,True,2
M_in_Tfap2b,12,inhibitory,3926,2795903600517200076,M_in_Tfap2b,direct_section,,,True,2
DH_ex_Grp,6,excitatory,3927,2795903600518100067,DH_ex_Prkcg/Rxfp1,subgroup_model,LogisticRegression,5.0,False,2
DH_ex_Cpne4,3,excitatory,3930,2795903600518100128,DH_ex_Cpne4,subgroup_model,LogisticRegression,40.0,True,2
astrocyte_2,__NA__,__NA__,3931,2795903600518100164,astrocyte_2,subgroup_model,ExtraTrees,40.0,True,2
oligodendrocyte_progenitor_2,__NA__,__NA__,3933,2795903600541100153,oligodendrocyte_progenitor_2,subgroup_model,ExtraTrees,40.0,True,2
alpha_motoneuron,22,__NA__,3934,2795903600541100205,beta_motoneuron,subgroup_model,LogisticRegression,5.0,False,2
oligodendrocyte_progenitor_2,__NA__,__NA__,3935,2795903600541100227,oligodendrocyte_progenitor_2,subgroup_model,ExtraTrees,40.0,True,2
DH_ex_Grpr,2,excitatory,3938,2795903600544200060,DH_ex_Grpr,subgroup_model,RandomForest,3.0,True,2
peripheral_glia,__NA__,__NA__,3943,2795903600570200068,Schwann_cell,subgroup_model,ExtraTrees,40.0,False,2
MV_in_Sema5b,15,inhibitory,3945,2795903600588100114,MV_in_Sema5b,direct_section,,,True,2
oligodendrocyte_progenitor_1,__NA__,__NA__,3946,2795903600589100109,oligodendrocyte_progenitor_1,subgroup_model,ExtraTrees,40.0,True,2
DH_ex_Maf/Cck,10,excitatory,3949,2795903600589200009,DH_ex_Maf/Cck,subgroup_model,RandomForest,2.0,True,2
DM_ex_Zfhx3,11,excitatory,3953,2795903600590100287,DM_ex_Zfhx3,direct_section,,,True,2
alpha_motoneuron,22,__NA__,3955,2795903600613100074,beta_motoneuron,subgroup_model,LogisticRegression,5.0,False,2
astrocyte_1,__NA__,__NA__,3956,2795903600613100078,astrocyte_1,subgroup_model,ExtraTrees,40.0,True,2
beta_motoneuron,22,__NA__,3959,2795903600614100029,beta_motoneuron,subgroup_model,LogisticRegression,5.0,True,2
oligodendrocyte_precursor_cell,__NA__,__NA__,3963,2795903600615100051,oligodendrocyte_progenitor_1,subgroup_model,ExtraTrees,40.0,False,2
DH_in_Cdh3,10,inhibitory,3967,2795903600616100063,DH_in_Cdh3,subgroup_model,ExtraTrees,40.0,True,2
MV_in_Gabra1,16,inhibitory,3968,2795903600616100081,MV_in_Gabra1,direct_section,,,True,2
Schwann_cell,__NA__,__NA__,3971,2795903600620100053,Schwann_cell,subgroup_model,ExtraTrees,40.0,True,2
endothelial,__NA__,__NA__,3976,2795903600641100143,oligodendrocyte_precursor_cell,subgroup_model,ExtraTrees,40.0,False,2
endothelial,__NA__,__NA__,3984,2795903600668100127,endothelial,subgroup_model,ExtraTrees,40.0,True,2
astrocyte_1,__NA__,__NA__,3988,2795903600669100227,astrocyte_1,subgroup_model,ExtraTrees,40.0,True,2
MV_ex_Shox2,18,excitatory,3990,2795903600669100297,MV_ex_Shox2,direct_section,,,True,2
DH_ex_Reln/Nmur2,3,excitatory,3998,2795903600670100217,DH_ex_Cpne4,subgroup_model,LogisticRegression,40.0,False,2
DH_ex_Prkcg/Rxfp1,6,excitatory,4001,2795903600670100298,DH_ex_Reln,subgroup_model,LogisticRegression,5.0,False,2
oligodendrocyte_progenitor_2,__NA__,__NA__,4002,2795903600693100176,oligodendrocyte_1,subgroup_model,ExtraTrees,40.0,False,2
M_ex_Vsx2/Shox2,20,excitatory,4003,2795903600694100117,M_ex_Vsx2/Shox2,subgroup_model,LogisticRegression,5.0,True,2
astrocyte_1,__NA__,__NA__,4004,2795903600694100230,astrocyte_1,subgroup_model,ExtraTrees,40.0,True,2
DH_ex_Cpne4,3,excitatory,4008,2795903600696100056,DH_ex_Cpne4,subgroup_model,LogisticRegression,40.0,True,2
oligodendrocyte_2,__NA__,__NA__,4010,2796212800013100060,oligodendrocyte_2,subgroup_model,ExtraTrees,40.0,True,2
oligodendrocyte_precursor_cell,__NA__,__NA__,4017,2796212800080100019,oligodendrocyte_progenitor_1,subgroup_model,ExtraTrees,40.0,False,2
astrocyte_1,__NA__,__NA__,4018,2796212800080100043,astrocyte_1,subgroup_model,ExtraTrees,40.0,True,2
endothelial,__NA__,__NA__,4024,2796212800109100153,endothelial,subgroup_model,ExtraTrees,40.0,True,2
oligodendrocyte_2,__NA__,__NA__,4026,2796212800109100174,oligodendrocyte_2,subgroup_model,ExtraTrees,40.0,True,2
DH_in_Npy2r,9,inhibitory,4027,2796212800110100094,DH_in_Npy2r,subgroup_model,RandomForest,40.0,True,2
MV_in_Gabra1,16,inhibitory,4033,2796212800111100134,MV_in_Gabra1,direct_section,,,True,2
astrocyte_1,__NA__,__NA__,4035,2796212800142100062,microglia,subgroup_model,ExtraTrees,40.0,False,2
endothelial,__NA__,__NA__,4042,2796212800175100141,endothelial,subgroup_model,ExtraTrees,40.0,True,2
DH_ex_Nmu/Tac2,8,excitatory,4043,2796212800176100078,DH_ex_Nmu/Tac2,subgroup_model,RandomForest,5.0,True,2
astrocyte_2,__NA__,__NA__,4048,2796212800212100008,astrocyte_2,subgroup_model,ExtraTrees,40.0,True,2
astrocyte_1,__NA__,__NA__,4062,2796212800242100209,astrocyte_1,subgroup_model,ExtraTrees,40.0,True,2
MV_in_Esrrb,14,inhibitory,4065,2796212800263100228,MV_in_Esrrb,direct_section_EI,,,True,2
oligodendrocyte_1,__NA__,__NA__,4069,2796212800264100149,endothelial,subgroup_model,ExtraTrees,40.0,False,2
visceral_motoneuron,20,__NA__,4070,2796212800264100246,visceral_motoneuron,direct_section_EI,,,True,2
DH_ex_Prkcg/Nts,8,excitatory,4072,2796212800265100046,DH_ex_Prkcg/Cck,subgroup_model,RandomForest,5.0,False,2
DH_ex_Sox5,5,excitatory,4073,2796212800265100093,DH_ex_Sox5,subgroup_model,LogisticRegression,1.0,True,2
astrocyte_1,__NA__,__NA__,4079,2796212800295100086,astrocyte_1,subgroup_model,ExtraTrees,40.0,True,2
endothelial,__NA__,__NA__,4081,2796212800295100247,endothelial,subgroup_model,ExtraTrees,40.0,True,2
M_in_Tfap2b,12,inhibitory,4084,2796212800296100102,M_in_Tfap2b,direct_section,,,True,2
DM_ex_Zfhx3,11,excitatory,4086,2796212800296100107,DM_ex_Zfhx3,direct_section,,,True,2
astrocyte_2,__NA__,__NA__,4091,2796212800298100123,oligodendrocyte_2,subgroup_model,ExtraTrees,40.0,False,2
alpha_motoneuron,22,__NA__,4092,2796212800304100174,beta_motoneuron,subgroup_model,LogisticRegression,5.0,False,2
oligodendrocyte_progenitor_2,__NA__,__NA__,4096,2796212800329100152,oligodendrocyte_progenitor_2,subgroup_model,ExtraTrees,40.0,True,2
MV_ex_Shox2,18,excitatory,4098,2796212800333100029,MV_ex_Shox2,direct_section,,,True,2
DH_in_Cdh3,10,inhibitory,4101,2796212800333100190,DH_in_Klhl14,subgroup_model,ExtraTrees,40.0,False,2
astrocyte_1,__NA__,__NA__,4102,2796212800333100220,astrocyte_2,subgroup_model,ExtraTrees,40.0,False,2
beta_motoneuron,22,__NA__,4103,2796212800337100156,beta_motoneuron,subgroup_model,LogisticRegression,5.0,True,2
gamma_motoneuron,22,__NA__,4105,2796212800342100080,alpha_motoneuron,subgroup_model,LogisticRegression,5.0,False,2
oligodendrocyte_progenitor_2,__NA__,__NA__,4108,2796212800354100094,oligodendrocyte_progenitor_2,subgroup_model,ExtraTrees,40.0,True,2
microglia,__NA__,__NA__,4115,2796212800362100090,microglia,subgroup_model,ExtraTrees,40.0,True,2
gamma_motoneuron,22,__NA__,4117,2796212800363100236,gamma_motoneuron,subgroup_model,LogisticRegression,5.0,True,2
oligodendrocyte_progenitor_2,__NA__,__NA__,4118,2796212800364100056,oligodendrocyte_1,subgroup_model,ExtraTrees,40.0,False,2
MV_in_Gm26673,19,inhibitory,4119,2796212800364100180,MV_in_Gm26673,subgroup_model,LogisticRegression,1.0,True,2
oligodendrocyte_progenitor_2,__NA__,__NA__,4125,2796212800365100110,oligodendrocyte_progenitor_1,subgroup_model,ExtraTrees,40.0,False,2
astrocyte_2,__NA__,__NA__,4130,2796212800373100067,astrocyte_2,subgroup_model,ExtraTrees,40.0,True,2
alpha_motoneuron,22,__NA__,4131,2796212800374100015,alpha_motoneuron,subgroup_model,LogisticRegression,5.0,True,2
endothelial,__NA__,__NA__,4136,2796212800377100126,endothelial,subgroup_model,ExtraTrees,40.0,True,2
DM_ex_Zfhx3,11,excitatory,4139,2796212800387100116,DM_ex_Zfhx3,direct_section,,,True,2
oligodendrocyte_progenitor_2,__NA__,__NA__,4141,2796212800388100154,meninges_3,subgroup_model,ExtraTrees,40.0,False,2
alpha_motoneuron,22,__NA__,4143,2796212800394100031,beta_motoneuron,subgroup_model,LogisticRegression,5.0,False,2
MV_in_Gabra1,16,inhibitory,4149,2796212800397100047,MV_in_Gabra1,direct_section,,,True,2
MV_in_Esrrb,14,inhibitory,4151,2796212800397100269,MV_in_Esrrb,direct_section_EI,,,True,2
oligodendrocyte_1,__NA__,__NA__,4153,2796212800398100110,oligodendrocyte_1,subgroup_model,ExtraTrees,40.0,True,2
DH_ex_Sox5/Tac1,5,excitatory,4156,2796212800398100198,DH_ex_Sox5/Tac1,subgroup_model,LogisticRegression,1.0,True,2
DM_ex_Zfhx3,11,excitatory,4157,2796212800399100071,DM_ex_Zfhx3,direct_section,,,True,2
endothelial,__NA__,__NA__,4162,2796212800406100093,endothelial,subgroup_model,ExtraTrees,40.0,True,2
oligodendrocyte_1,__NA__,__NA__,4163,2796212800407100045,oligodendrocyte_1,subgroup_model,ExtraTrees,40.0,True,2
astrocyte_1,__NA__,__NA__,4165,2796212800408100181,astrocyte_2,subgroup_model,ExtraTrees,40.0,False,2
MV_in_Sema5b,15,inhibitory,4168,2796212800418100022,MV_in_Sema5b,direct_section,,,True,2
gamma_motoneuron,22,__NA__,4169,2796212800418100152,gamma_motoneuron,subgroup_model,LogisticRegression,5.0,True,2
oligodendrocyte_progenitor_2,__NA__,__NA__,4178,2796212800422100057,oligodendrocyte_progenitor_2,subgroup_model,ExtraTrees,40.0,True,2
DH_in_Pdyn,2,inhibitory,4183,2796212800424200052,DH_in_Pdyn,direct_section_EI,,,True,2
MV_in_Gabra1,16,inhibitory,4186,2796212800429100202,MV_in_Gabra1,direct_section,,,True,2
MV_in_Sema5b,15,inhibitory,4189,2796212800430100188,MV_in_Sema5b,direct_section,,,True,2
DH_ex_Maf/Cck,10,excitatory,4190,2796212800430100230,DH_ex_Rreb1,subgroup_model,RandomForest,2.0,False,2
DH_ex_Prkcg/Cck,8,excitatory,4195,2796212800431100115,DH_ex_Prkcg/Nts,subgroup_model,RandomForest,5.0,False,2
endothelial,__NA__,__NA__,4197,2796212800431100240,endothelial,subgroup_model,ExtraTrees,40.0,True,2
oligodendrocyte_progenitor_2,__NA__,__NA__,4199,2796212800439100064,meninges_3,subgroup_model,ExtraTrees,40.0,False,2
DH_ex_Reln/Nmur2,3,excitatory,4201,2796212800442100059,DH_ex_Reln/Nmur2,subgroup_model,LogisticRegression,40.0,True,2
oligodendrocyte_1,__NA__,__NA__,4202,2796212800450100113,astrocyte_2,subgroup_model,ExtraTrees,40.0,False,2
astrocyte_2,__NA__,__NA__,4203,2796212800452100117,astrocyte_2,subgroup_model,ExtraTrees,40.0,True,2
DH_in_Cdh3,10,inhibitory,4207,2796212800456100103,DH_in_Cdh3,subgroup_model,ExtraTrees,40.0,True,2
MV_in_Chrna2,19,inhibitory,4208,2796212800456100209,MV_in_Chrna2,subgroup_model,LogisticRegression,1.0,True,2
endothelial,__NA__,__NA__,4211,2796212800456100245,endothelial,subgroup_model,ExtraTrees,40.0,True,2
MV_in_Gm26673,19,inhibitory,4212,2796212800456100252,MV_in_Gm26673,subgroup_model,LogisticRegression,1.0,True,2
oligodendrocyte_progenitor_2,__NA__,__NA__,4214,2796212800456100305,oligodendrocyte_progenitor_2,subgroup_model,ExtraTrees,40.0,True,2
oligodendrocyte_2,__NA__,__NA__,4219,2796212800460100017,oligodendrocyte_2,subgroup_model,ExtraTrees,40.0,True,2
microglia,__NA__,__NA__,4220,2796212800461100025,microglia,subgroup_model,ExtraTrees,40.0,True,2
oligodendrocyte_1,__NA__,__NA__,4225,2796212800462100027,pericyte,subgroup_model,ExtraTrees,40.0,False,2
astrocyte_1,__NA__,__NA__,4227,2796212800462100157,microglia,subgroup_model,ExtraTrees,40.0,False,2
oligodendrocyte_progenitor_2,__NA__,__NA__,4228,2796212800463100101,astrocyte_2,subgroup_model,ExtraTrees,40.0,False,2
oligodendrocyte_progenitor_1,__NA__,__NA__,4229,2796212800463100111,oligodendrocyte_progenitor_1,subgroup_model,ExtraTrees,40.0,True,2
alpha_motoneuron,22,__NA__,4232,2796212800486100123,gamma_motoneuron,subgroup_model,LogisticRegression,5.0,False,2
MV_in_Sema5b,15,inhibitory,4238,2796212800488100116,MV_in_Sema5b,direct_section,,,True,2
astrocyte_1,__NA__,__NA__,4240,2796212800488100280,ependymal,subgroup_model,ExtraTrees,40.0,False,2
DH_in_Cdh3,10,inhibitory,4242,2796212800489100062,DH_in_Cdh3,subgroup_model,ExtraTrees,40.0,True,2
oligodendrocyte_1,__NA__,__NA__,4246,2796212800494200034,astrocyte_2,subgroup_model,ExtraTrees,40.0,False,2
cholinergic_interneuron,21,__NA__,4249,2796212800520100213,cholinergic_interneuron,direct_section,,,True,2
DH_in_Cdh3,10,inhibitory,4254,2796212800529100094,DH_in_Cdh3,subgroup_model,ExtraTrees,40.0,True,2
DM_ex_Zfhx3,11,excitatory,4259,2796212800529100216,DM_ex_Zfhx3,direct_section,,,True,2
astrocyte_1,__NA__,__NA__,4260,2796212800530100028,astrocyte_1,subgroup_model,ExtraTrees,40.0,True,2
DH_ex_Prkcg/Rxfp1,6,excitatory,4261,2796212800530200045,DH_ex_Grp,subgroup_model,LogisticRegression,5.0,False,2
DH_in_Npy,4,inhibitory,4263,2796212800537100108,DH_in_Npy,subgroup_model,LogisticRegression,1.0,True,2
DH_ex_Reln,6,excitatory,4265,2796212800537100211,DH_ex_Reln,subgroup_model,LogisticRegression,5.0,True,2
oligodendrocyte_1,__NA__,__NA__,4267,2796212800552100046,oligodendrocyte_2,subgroup_model,ExtraTrees,40.0,False,2
endothelial,__NA__,__NA__,4270,2796212800553100031,endothelial,subgroup_model,ExtraTrees,40.0,True,2
M_in_Tfap2b,12,inhibitory,4271,2796212800553100039,M_in_Tfap2b,direct_section,,,True,2
DH_in_Npy2r,9,inhibitory,4278,2796212800554100212,DH_in_Npy2r,subgroup_model,RandomForest,40.0,True,2
DH_in_Cdh3,10,inhibitory,4280,2796212800554100272,DH_in_Cdh3,subgroup_model,ExtraTrees,40.0,True,2
DH_in_Cdh3,10,inhibitory,4286,2796212800562100106,DH_in_Cdh3,subgroup_model,ExtraTrees,40.0,True,2
DH_ex_Tac2,8,excitatory,4290,2796212800570100041,DH_ex_Tac2,subgroup_model,RandomForest,5.0,True,2
oligodendrocyte_progenitor_2,__NA__,__NA__,4304,2796212800592100013,pericyte,subgroup_model,ExtraTrees,40.0,False,2
MV_in_Gabra1,16,inhibitory,4307,2796212800593100137,MV_in_Gabra1,direct_section,,,True,2
M_in_Tfap2b,12,inhibitory,4308,2796212800593100138,M_in_Tfap2b,direct_section,,,True,2
oligodendrocyte_precursor_cell,__NA__,__NA__,4309,2796212800593100141,oligodendrocyte_progenitor_1,subgroup_model,ExtraTrees,40.0,False,2
M_ex_Vsx2,20,excitatory,4310,2796212800593100201,M_ex_Vsx2,subgroup_model,LogisticRegression,5.0,True,2
MV_ex_Syt2,14,excitatory,4314,2796212800594100204,MV_ex_Syt2,direct_section_EI,,,True,2
DH_ex_Reln/Nmur2,3,excitatory,4317,2796212800595100035,DH_ex_Reln/Nmur2,subgroup_model,LogisticRegression,40.0,True,2
astrocyte_1,__NA__,__NA__,4322,2796212800595100220,astrocyte_1,subgroup_model,ExtraTrees,40.0,True,2
alpha_motoneuron,22,__NA__,4324,2796212800599100041,beta_motoneuron,subgroup_model,LogisticRegression,5.0,False,2
MV_in_Sema5b,15,inhibitory,4328,2796212800601100080,MV_in_Sema5b,direct_section,,,True,2
oligodendrocyte_2,__NA__,__NA__,4330,2796212800623100048,oligodendrocyte_2,subgroup_model,ExtraTrees,40.0,True,2
oligodendrocyte_2,__NA__,__NA__,4334,2796212800625100259,oligodendrocyte_2,subgroup_model,ExtraTrees,40.0,True,2
oligodendrocyte_progenitor_1,__NA__,__NA__,4336,2796212800625100295,oligodendrocyte_progenitor_1,subgroup_model,ExtraTrees,40.0,True,2
oligodendrocyte_progenitor_2,__NA__,__NA__,4339,2796212800626200036,oligodendrocyte_progenitor_2,subgroup_model,ExtraTrees,40.0,True,2
DH_ex_Maf/Cck,10,excitatory,4342,2796212800627100117,DH_ex_Maf/Cpne4,subgroup_model,RandomForest,2.0,False,2
DH_in_Cdh3,10,inhibitory,4343,2796212800627100141,DH_in_Cdh3,subgroup_model,ExtraTrees,40.0,True,2
oligodendrocyte_precursor_cell,__NA__,__NA__,4344,2796212800631100018,oligodendrocyte_precursor_cell,subgroup_model,ExtraTrees,40.0,True,2
DH_in_Rorb,7,inhibitory,4347,2796212800635100072,DH_in_Rorb,direct_section,,,True,2
oligodendrocyte_progenitor_2,__NA__,__NA__,4350,2796212800657100066,oligodendrocyte_progenitor_2,subgroup_model,ExtraTrees,40.0,True,2
MV_ex_Syt2,14,excitatory,4353,2796212800664100186,MV_ex_Syt2,direct_section_EI,,,True,2
oligodendrocyte_1,__NA__,__NA__,4355,2796212800667100273,oligodendrocyte_progenitor_1,subgroup_model,ExtraTrees,40.0,False,2
DH_in_Pdyn,2,inhibitory,4362,2796212800700100071,DH_in_Pdyn,direct_section_EI,,,True,2
oligodendrocyte_progenitor_2,__NA__,__NA__,4366,2796212800715100159,endothelial,subgroup_model,ExtraTrees,40.0,False,2
endothelial,__NA__,__NA__,4368,2796212800715100169,oligodendrocyte_2,subgroup_model,ExtraTrees,40.0,False,2
DH_ex_Prkcg/Nts,8,excitatory,4372,2796212800716100181,DH_ex_Prkcg/Cck,subgroup_model,RandomForest,5.0,False,2
DH_ex_Rreb1,10,excitatory,4373,2796212800716100201,DH_ex_Maf/Cck,subgroup_model,RandomForest,2.0,False,2
MV_in_Gabra1,16,inhibitory,4374,2796212800716100234,MV_in_Gabra1,direct_section,,,True,2
DM_ex_Zfhx3,11,excitatory,4376,2796212800746100242,DM_ex_Zfhx3,direct_section,,,True,2
oligodendrocyte_1,__NA__,__NA__,4380,2796212800747100256,oligodendrocyte_2,subgroup_model,ExtraTrees,40.0,False,2
M_in_Tfap2b,12,inhibitory,4381,2796212800747100293,M_in_Tfap2b,direct_section,,,True,2
DH_in_Pdyn,2,inhibitory,4385,2796212800759100078,DH_in_Pdyn,direct_section_EI,,,True,2
DH_ex_Tac2,8,excitatory,4388,2796212800760100266,DH_ex_Tac2,subgroup_model,RandomForest,5.0,True,2
oligodendrocyte_precursor_cell,__NA__,__NA__,4389,2796212800760100272,oligodendrocyte_progenitor_1,subgroup_model,ExtraTrees,40.0,False,2
meninges_2,__NA__,__NA__,4397,2796212800783100090,meninges_3,subgroup_model,ExtraTrees,40.0,False,2
MV_in_Gm26673,19,inhibitory,4399,2796212800789100198,MV_in_Gm26673,subgroup_model,LogisticRegression,1.0,True,2
oligodendrocyte_1,__NA__,__NA__,4400,2796212800789100202,oligodendrocyte_progenitor_2,subgroup_model,ExtraTrees,40.0,False,2
endothelial,__NA__,__NA__,4401,2796212800790100101,oligodendrocyte_progenitor_2,subgroup_model,ExtraTrees,40.0,False,2
oligodendrocyte_1,__NA__,__NA__,4402,2796212800790100118,oligodendrocyte_1,subgroup_model,ExtraTrees,40.0,True,2
astrocyte_1,__NA__,__NA__,4403,2796212800790100225,astrocyte_2,subgroup_model,ExtraTrees,40.0,False,2
M_ex_Vsx2/Shox2,20,excitatory,4405,2796212800790100256,M_ex_Vsx2/Shox2,subgroup_model,LogisticRegression,5.0,True,2
DH_ex_Nmu/Tac2,8,excitatory,4416,2796212800792100256,DH_ex_Nmu/Tac2,subgroup_model,RandomForest,5.0,True,2
DH_ex_Tac2,8,excitatory,4417,2796212800792200131,DH_ex_Prkcg/Nts,subgroup_model,RandomForest,5.0,False,2
DH_ex_Prkcg/Nts,8,excitatory,4418,2796212800812100072,DH_ex_Nmu/Tac2,subgroup_model,RandomForest,5.0,False,2
oligodendrocyte_progenitor_2,__NA__,__NA__,4420,2796212800812100181,oligodendrocyte_progenitor_2,subgroup_model,ExtraTrees,40.0,True,2
gamma_motoneuron,22,__NA__,4423,2796212800821100152,alpha_motoneuron,subgroup_model,LogisticRegression,5.0,False,2
DH_in_Pdyn,2,inhibitory,4439,2796212800849100228,DH_in_Pdyn,direct_section_EI,,,True,2
DH_ex_Maf/Cck,10,excitatory,4440,2796212800849100289,DH_ex_Maf/Cpne4,subgroup_model,RandomForest,2.0,False,2
oligodendrocyte_progenitor_2,__NA__,__NA__,4442,2796212800854100092,oligodendrocyte_1,subgroup_model,ExtraTrees,40.0,False,2
astrocyte_2,__NA__,__NA__,4444,2796212800854200124,astrocyte_2,subgroup_model,ExtraTrees,40.0,True,2
MV_in_Gabra1,16,inhibitory,4448,2796212800855100162,MV_in_Gabra1,direct_section,,,True,2
MV_ex_Syt2,14,excitatory,4450,2796212800855100259,MV_ex_Syt2,direct_section_EI,,,True,2
oligodendrocyte_1,__NA__,__NA__,4457,2796212800880100173,endothelial,subgroup_model,ExtraTrees,40.0,False,2
DH_ex_Sox5,5,excitatory,4467,2796212800882100154,DH_ex_Sox5,subgroup_model,LogisticRegression,1.0,True,2
oligodendrocyte_precursor_cell,__NA__,__NA__,4468,2796212800882100157,oligodendrocyte_progenitor_1,subgroup_model,ExtraTrees,40.0,False,2
DH_ex_Grpr,2,excitatory,4472,2796212800882100349,DH_ex_Grpr,subgroup_model,RandomForest,3.0,True,2
DH_ex_Rreb1,10,excitatory,4473,2796212800882100352,DH_ex_Maf/Cpne4,subgroup_model,RandomForest,2.0,False,2
oligodendrocyte_1,__NA__,__NA__,4474,2796212800886100208,oligodendrocyte_2,subgroup_model,ExtraTrees,40.0,False,2
endothelial,__NA__,__NA__,4475,2796212800886100219,endothelial,subgroup_model,ExtraTrees,40.0,True,2
astrocyte_1,__NA__,__NA__,4481,2796212800887200134,astrocyte_2,subgroup_model,ExtraTrees,40.0,False,2
MV_in_Sema5b,15,inhibitory,4494,2796212800889100238,MV_in_Sema5b,direct_section,,,True,2
meninges_2,__NA__,__NA__,4495,2796212800890100038,meninges_3,subgroup_model,ExtraTrees,40.0,False,2
DH_ex_Reln/Npff,1,excitatory,4500,2796212800890100208,DH_ex_Reln/Npff,direct_section,,,True,2
astrocyte_1,__NA__,__NA__,4501,2796212800913100070,endothelial,subgroup_model,ExtraTrees,40.0,False,2
astrocyte_1,__NA__,__NA__,4502,2796212800913100090,astrocyte_1,subgroup_model,ExtraTrees,40.0,True,2
oligodendrocyte_progenitor_2,__NA__,__NA__,4506,2796212800913100278,meninges_3,subgroup_model,ExtraTrees,40.0,False,2
MV_ex_Syt2,14,excitatory,4508,2796212800914100062,MV_ex_Syt2,direct_section_EI,,,True,2
DH_in_Rorb,7,inhibitory,4509,2796212800914100081,DH_in_Rorb,direct_section,,,True,2
MV_in_Gabra1,16,inhibitory,4513,2796212800914100233,MV_in_Gabra1,direct_section,,,True,2
M_ex_Vsx2/Shox2,20,excitatory,4518,2796212800919100045,M_ex_Vsx2/Shox2,subgroup_model,LogisticRegression,5.0,True,2
oligodendrocyte_1,__NA__,__NA__,4520,2796212800919100095,meninges_3,subgroup_model,ExtraTrees,40.0,False,2
alpha_motoneuron,22,__NA__,4522,2796212800919100175,alpha_motoneuron,subgroup_model,LogisticRegression,5.0,True,2
oligodendrocyte_progenitor_2,__NA__,__NA__,4525,2796212800920100186,oligodendrocyte_1,subgroup_model,ExtraTrees,40.0,False,2
meninges_1,__NA__,__NA__,4533,2796212800922100131,meninges_3,subgroup_model,ExtraTrees,40.0,False,2
DH_in_Pdyn,2,inhibitory,4534,2796212800922100150,DH_in_Pdyn,direct_section_EI,,,True,2
endothelial,__NA__,__NA__,4539,2796212800945100053,microglia,subgroup_model,ExtraTrees,40.0,False,2
endothelial,__NA__,__NA__,4540,2796212800945100102,endothelial,subgroup_model,ExtraTrees,40.0,True,2
astrocyte_1,__NA__,__NA__,4541,2796212800945100155,astrocyte_1,subgroup_model,ExtraTrees,40.0,True,2
DM_ex_Zfhx3,11,excitatory,4543,2796212800945100234,DM_ex_Zfhx3,direct_section,,,True,2
M_in_Tfap2b,12,inhibitory,4547,2796212800946100233,M_in_Tfap2b,direct_section,,,True,2
oligodendrocyte_2,__NA__,__NA__,4551,2796212800947100062,microglia,subgroup_model,ExtraTrees,40.0,False,2
alpha_motoneuron,22,__NA__,4553,2796212800951100085,beta_motoneuron,subgroup_model,LogisticRegression,5.0,False,2
oligodendrocyte_progenitor_2,__NA__,__NA__,4554,2796212800951100086,oligodendrocyte_1,subgroup_model,ExtraTrees,40.0,False,2
gamma_motoneuron,22,__NA__,4557,2796212800952100106,beta_motoneuron,subgroup_model,LogisticRegression,5.0,False,2
oligodendrocyte_progenitor_2,__NA__,__NA__,4558,2796212800953100013,oligodendrocyte_progenitor_2,subgroup_model,ExtraTrees,40.0,True,2
MV_ex_Syt2,14,excitatory,4563,2796212800977100222,MV_ex_Syt2,direct_section_EI,,,True,2
MV_in_Gm26673,19,inhibitory,4564,2796212800978100022,MV_in_Gm26673,subgroup_model,LogisticRegression,1.0,True,2
astrocyte_1,__NA__,__NA__,4565,2796212800978100024,astrocyte_1,subgroup_model,ExtraTrees,40.0,True,2
DH_ex_Maf/Cck,10,excitatory,4571,2796212800979100126,DH_ex_Maf/Cck,subgroup_model,RandomForest,2.0,True,2
endothelial,__NA__,__NA__,4577,2796212800980100248,endothelial,subgroup_model,ExtraTrees,40.0,True,2
DM_ex_Zfhx3,11,excitatory,4579,2796212800980100286,DM_ex_Zfhx3,direct_section,,,True,2
oligodendrocyte_2,__NA__,__NA__,4583,2796212801008100063,oligodendrocyte_2,subgroup_model,ExtraTrees,40.0,True,2
MV_in_Gm26673,19,inhibitory,4585,2796212801009100118,MV_in_Gm26673,subgroup_model,LogisticRegression,1.0,True,2
endothelial,__NA__,__NA__,4590,2796212801010100245,oligodendrocyte_precursor_cell,subgroup_model,ExtraTrees,40.0,False,2
oligodendrocyte_progenitor_2,__NA__,__NA__,4591,2796212801010100253,oligodendrocyte_progenitor_2,subgroup_model,ExtraTrees,40.0,True,2
oligodendrocyte_precursor_cell,__NA__,__NA__,4594,2796212801012100120,oligodendrocyte_progenitor_1,subgroup_model,ExtraTrees,40.0,False,2
oligodendrocyte_progenitor_2,__NA__,__NA__,4597,2796212801012100179,oligodendrocyte_precursor_cell,subgroup_model,ExtraTrees,40.0,False,2
DH_ex_Nmu/Tac2,8,excitatory,4599,2796212801012100252,DH_ex_Nmu/Tac2,subgroup_model,RandomForest,5.0,True,2
meninges_1,__NA__,__NA__,4600,2796212801016100049,meninges_3,subgroup_model,ExtraTrees,40.0,False,2
beta_motoneuron,22,__NA__,4604,2796212801042100117,beta_motoneuron,subgroup_model,LogisticRegression,5.0,True,2
oligodendrocyte_progenitor_2,__NA__,__NA__,4605,2796212801042100136,oligodendrocyte_progenitor_2,subgroup_model,ExtraTrees,40.0,True,2
oligodendrocyte_progenitor_2,__NA__,__NA__,4606,2796212801042200051,microglia,subgroup_model,ExtraTrees,40.0,False,2
meninges_1,__NA__,__NA__,4607,2796212801048100215,meninges_3,subgroup_model,ExtraTrees,40.0,False,2
DH_ex_Sox5/Tac1,5,excitatory,4608,2796212801050100028,DH_ex_Sox5/Tac1,subgroup_model,LogisticRegression,1.0,True,2
DH_ex_Tac2,8,excitatory,4610,2796212801050100122,DH_ex_Tac2,subgroup_model,RandomForest,5.0,True,2
DH_ex_Reln/Nmur2,3,excitatory,4612,2796212801050200059,DH_ex_Reln/Nmur2,subgroup_model,LogisticRegression,40.0,True,2
meninges_2,__NA__,__NA__,4614,2796212801076100088,meninges_1,subgroup_model,ExtraTrees,40.0,False,2
meninges_2,__NA__,__NA__,4615,2796212801076200052,meninges_1,subgroup_model,ExtraTrees,40.0,False,2
endothelial,__NA__,__NA__,4618,2945606900000000572,endothelial,subgroup_model,ExtraTrees,40.0,True,2
astrocyte_2,__NA__,__NA__,4621,2945606900000000746,astrocyte_2,subgroup_model,ExtraTrees,40.0,True,2
astrocyte_1,__NA__,__NA__,4631,2945606900000001604,astrocyte_1,subgroup_model,ExtraTrees,40.0,True,2
pericyte,__NA__,__NA__,4636,2945606900000001942,endothelial,subgroup_model,ExtraTrees,40.0,False,2
astrocyte_1,__NA__,__NA__,4637,2945606900000001948,astrocyte_1,subgroup_model,ExtraTrees,40.0,True,2
DH_in_Npy,4,inhibitory,4643,2945606900000003088,DH_in_Npy,subgroup_model,LogisticRegression,1.0,True,2
MV_ex_Shox2,18,excitatory,4645,2945606900000003322,MV_ex_Shox2,direct_section,,,True,2
astrocyte_1,__NA__,__NA__,4647,2945606900000003429,microglia,subgroup_model,ExtraTrees,40.0,False,2
oligodendrocyte_1,__NA__,__NA__,4649,2945606900000003462,endothelial,subgroup_model,ExtraTrees,40.0,False,2
endothelial,__NA__,__NA__,4650,2945606900000003472,endothelial,subgroup_model,ExtraTrees,40.0,True,2
endothelial,__NA__,__NA__,4652,2945606900000003612,endothelial,subgroup_model,ExtraTrees,40.0,True,2
astrocyte_1,__NA__,__NA__,4656,2945606900000005006,astrocyte_1,subgroup_model,ExtraTrees,40.0,True,2
MV_in_Gabra1,16,inhibitory,4666,2945606900000005352,MV_in_Gabra1,direct_section,,,True,2
oligodendrocyte_progenitor_2,__NA__,__NA__,4670,2945606900000006335,meninges_3,subgroup_model,ExtraTrees,40.0,False,2
DH_ex_Sox5/Tac1,5,excitatory,4671,2945606900000006347,DH_ex_Sox5/Tac1,subgroup_model,LogisticRegression,1.0,True,2
MV_in_Gm26673,19,inhibitory,4674,2945606900000006469,MV_in_Chrna2,subgroup_model,LogisticRegression,1.0,False,2
oligodendrocyte_progenitor_2,__NA__,__NA__,4685,2945606900000008179,oligodendrocyte_1,subgroup_model,ExtraTrees,40.0,False,2
oligodendrocyte_2,__NA__,__NA__,4687,2945606900000008676,oligodendrocyte_precursor_cell,subgroup_model,ExtraTrees,40.0,False,2
DH_ex_Prkcg/Rxfp1,6,excitatory,4689,2945606900000009885,DH_ex_Prkcg/Rxfp1,subgroup_model,LogisticRegression,5.0,True,2
DH_ex_Sox5,5,excitatory,4691,2945606900000010005,DH_ex_Sox5,subgroup_model,LogisticRegression,1.0,True,2
oligodendrocyte_2,__NA__,__NA__,4692,2945606900000010097,oligodendrocyte_2,subgroup_model,ExtraTrees,40.0,True,2
oligodendrocyte_2,__NA__,__NA__,4695,2945606900000012740,oligodendrocyte_2,subgroup_model,ExtraTrees,40.0,True,2
DH_ex_Grpr,2,excitatory,4696,2945606900000014513,DH_ex_Gpr83,subgroup_model,RandomForest,3.0,False,2
endothelial,__NA__,__NA__,4699,2945606900000014636,endothelial,subgroup_model,ExtraTrees,40.0,True,2
oligodendrocyte_progenitor_2,__NA__,__NA__,4702,2945606900000014812,oligodendrocyte_1,subgroup_model,ExtraTrees,40.0,False,2
DH_in_Cdh3,10,inhibitory,4705,2945606900000016575,DH_in_Cdh3,subgroup_model,ExtraTrees,40.0,True,2
DH_in_Npy,4,inhibitory,4709,2945606900000016668,DH_in_Npy,subgroup_model,LogisticRegression,1.0,True,2
MV_in_Sema5b,15,inhibitory,4711,2945606900000016911,MV_in_Sema5b,direct_section,,,True,2
oligodendrocyte_2,__NA__,__NA__,4717,2945606900000017130,oligodendrocyte_2,subgroup_model,ExtraTrees,40.0,True,2
oligodendrocyte_1,__NA__,__NA__,4718,2945606900000018159,endothelial,subgroup_model,ExtraTrees,40.0,False,2
astrocyte_2,__NA__,__NA__,4719,2945606900000020380,astrocyte_2,subgroup_model,ExtraTrees,40.0,True,2
DH_ex_Prkcg/Cck,8,excitatory,4726,2945606900000028748,DH_ex_Prkcg/Cck,subgroup_model,RandomForest,5.0,True,2
astrocyte_1,__NA__,__NA__,4727,2945606900000028780,astrocyte_1,subgroup_model,ExtraTrees,40.0,True,2
DH_ex_Prkcg/Cck,8,excitatory,4729,2945606900000028832,DH_ex_Prkcg/Cck,subgroup_model,RandomForest,5.0,True,2
MV_in_Sema5b,15,inhibitory,4731,2945606900000029407,MV_in_Sema5b,direct_section,,,True,2
MV_ex_Syt2,14,excitatory,4732,2945606900000029420,MV_ex_Syt2,direct_section_EI,,,True,2
gamma_motoneuron,22,__NA__,4733,2945606900000029469,alpha_motoneuron,subgroup_model,LogisticRegression,5.0,False,2
oligodendrocyte_precursor_cell,__NA__,__NA__,4737,2946331700000000215,oligodendrocyte_progenitor_1,subgroup_model,ExtraTrees,40.0,False,2
oligodendrocyte_2,__NA__,__NA__,4738,2946331700000000278,oligodendrocyte_2,subgroup_model,ExtraTrees,40.0,True,2
astrocyte_1,__NA__,__NA__,4740,2946331700000000304,astrocyte_1,subgroup_model,ExtraTrees,40.0,True,2
astrocyte_2,__NA__,__NA__,4742,2946331700000000560,astrocyte_2,subgroup_model,ExtraTrees,40.0,True,2
astrocyte_1,__NA__,__NA__,4744,2946331700000000665,astrocyte_1,subgroup_model,ExtraTrees,40.0,True,2
oligodendrocyte_2,__NA__,__NA__,4745,2946331700000000678,oligodendrocyte_2,subgroup_model,ExtraTrees,40.0,True,2
endothelial,__NA__,__NA__,4748,2946331700000000828,endothelial,subgroup_model,ExtraTrees,40.0,True,2
oligodendrocyte_2,__NA__,__NA__,4749,2946331700000000849,oligodendrocyte_2,subgroup_model,ExtraTrees,40.0,True,2
astrocyte_1,__NA__,__NA__,4753,2946331700000001474,astrocyte_1,subgroup_model,ExtraTrees,40.0,True,2
astrocyte_1,__NA__,__NA__,4765,2946331700000001833,astrocyte_1,subgroup_model,ExtraTrees,40.0,True,2
oligodendrocyte_precursor_cell,__NA__,__NA__,4767,2946331700000001984,astrocyte_1,subgroup_model,ExtraTrees,40.0,False,2
microglia,__NA__,__NA__,4777,2946331700000002712,microglia,subgroup_model,ExtraTrees,40.0,True,2
MV_in_Gm26673,19,inhibitory,4785,2946331700000003104,MV_in_Gm26673,subgroup_model,LogisticRegression,1.0,True,2
oligodendrocyte_1,__NA__,__NA__,4786,2946331700000003124,oligodendrocyte_progenitor_2,subgroup_model,ExtraTrees,40.0,False,2
MV_in_Gabra1,16,inhibitory,4788,2946331700000003172,MV_in_Gabra1,direct_section,,,True,2
oligodendrocyte_progenitor_2,__NA__,__NA__,4790,2946331700000003192,oligodendrocyte_2,subgroup_model,ExtraTrees,40.0,False,2
astrocyte_1,__NA__,__NA__,4801,2946331700000003534,astrocyte_1,subgroup_model,ExtraTrees,40.0,True,2
endothelial,__NA__,__NA__,4802,2946331700000003541,oligodendrocyte_precursor_cell,subgroup_model,ExtraTrees,40.0,False,2
DH_in_Npy2r,9,inhibitory,4809,2946331700000004296,DH_in_Npy2r,subgroup_model,RandomForest,40.0,True,2
endothelial,__NA__,__NA__,4810,2946331700000004350,peripheral_glia,subgroup_model,ExtraTrees,40.0,False,2
MV_ex_Syt2,14,excitatory,4816,2946331700000004636,MV_ex_Syt2,direct_section_EI,,,True,2
MV_in_Gabra1,16,inhibitory,4821,2946331700000004973,MV_in_Gabra1,direct_section,,,True,2
meninges_1,__NA__,__NA__,4828,2946331700000006237,meninges_3,subgroup_model,ExtraTrees,40.0,False,2
DH_ex_Sox5,5,excitatory,4830,2946331700000006342,DH_ex_Sox5,subgroup_model,LogisticRegression,1.0,True,2
DM_ex_Zfhx3,11,excitatory,4831,2946331700000006448,DM_ex_Zfhx3,direct_section,,,True,2
DH_ex_Cpne4,3,excitatory,4836,2946331700000006828,DH_ex_Cpne4,subgroup_model,LogisticRegression,40.0,True,2
meninges_1,__NA__,__NA__,4837,2946331700000006978,meninges_3,subgroup_model,ExtraTrees,40.0,False,2
oligodendrocyte_progenitor_2,__NA__,__NA__,4838,2946331700000007362,meninges_2,subgroup_model,ExtraTrees,40.0,False,2
M_ex_Neurod2,13,excitatory,4839,2946331700000007564,M_ex_Neurod2,direct_section,,,True,2
oligodendrocyte_2,__NA__,__NA__,4840,2946331700000008103,oligodendrocyte_2,subgroup_model,ExtraTrees,40.0,True,2
DH_in_Pdyn/Gal,5,inhibitory,4841,2946331700000008179,DH_in_Pdyn/Gal,direct_section_EI,,,True,2
DH_ex_Reln/Npff,1,excitatory,4843,2946331700000008218,DH_ex_Reln/Npff,direct_section,,,True,2
DM_ex_Zfhx3,11,excitatory,4846,2946331700000008512,DM_ex_Zfhx3,direct_section,,,True,2
oligodendrocyte_progenitor_2,__NA__,__NA__,4849,2946331700000008820,meninges_3,subgroup_model,ExtraTrees,40.0,False,2
oligodendrocyte_1,__NA__,__NA__,4851,2946331700000008879,oligodendrocyte_progenitor_2,subgroup_model,ExtraTrees,40.0,False,2
Schwann_cell,__NA__,__NA__,4854,2946331700000009227,Schwann_cell,subgroup_model,ExtraTrees,40.0,True,2
oligodendrocyte_progenitor_1,__NA__,__NA__,4857,2946331700000010493,oligodendrocyte_progenitor_1,subgroup_model,ExtraTrees,40.0,True,2
MV_in_Gm26673,19,inhibitory,4860,2946331700000010656,MV_in_Gm26673,subgroup_model,LogisticRegression,1.0,True,2
oligodendrocyte_progenitor_2,__NA__,__NA__,4861,2946331700000010663,astrocyte_2,subgroup_model,ExtraTrees,40.0,False,2
oligodendrocyte_progenitor_2,__NA__,__NA__,4866,2946331700000010782,oligodendrocyte_progenitor_2,subgroup_model,ExtraTrees,40.0,True,2
DH_in_Pdyn,2,inhibitory,4868,2946331700000010921,DH_in_Pdyn,direct_section_EI,,,True,2
M_in_Tfap2b,12,inhibitory,4869,2946331700000010948,M_in_Tfap2b,direct_section,,,True,2
astrocyte_1,__NA__,__NA__,4874,2946331700000011126,astrocyte_1,subgroup_model,ExtraTrees,40.0,True,2
meninges_3,__NA__,__NA__,4876,2946331700000011500,meninges_3,subgroup_model,ExtraTrees,40.0,True,2
DH_ex_Nmu/Tac2,8,excitatory,4879,2946331700000012285,DH_ex_Nmu/Tac2,subgroup_model,RandomForest,5.0,True,2
astrocyte_1,__NA__,__NA__,4880,2946331700000012393,microglia,subgroup_model,ExtraTrees,40.0,False,2
DH_in_Cdh3,10,inhibitory,4883,2946331700000012532,DH_in_Klhl14,subgroup_model,ExtraTrees,40.0,False,2
oligodendrocyte_1,__NA__,__NA__,4889,2946331700000012957,oligodendrocyte_progenitor_2,subgroup_model,ExtraTrees,40.0,False,2
meninges_2,__NA__,__NA__,4892,2946331700000013083,meninges_1,subgroup_model,ExtraTrees,40.0,False,2
endothelial,__NA__,__NA__,4898,2946331700000013468,endothelial,subgroup_model,ExtraTrees,40.0,True,2
DH_ex_Maf/Cck,10,excitatory,4900,2946331700000013514,DH_ex_Maf/Cck,subgroup_model,RandomForest,2.0,True,2
DH_ex_Reln/Npff,1,excitatory,4902,2946331700000014057,DH_ex_Reln/Npff,direct_section,,,True,2
oligodendrocyte_2,__NA__,__NA__,4906,2946331700000014384,oligodendrocyte_2,subgroup_model,ExtraTrees,40.0,True,2
oligodendrocyte_2,__NA__,__NA__,4907,2946331700000014421,oligodendrocyte_2,subgroup_model,ExtraTrees,40.0,True,2
oligodendrocyte_2,__NA__,__NA__,4910,2946331700000014831,oligodendrocyte_2,subgroup_model,ExtraTrees,40.0,True,2
oligodendrocyte_progenitor_2,__NA__,__NA__,4912,2946331700000014942,meninges_3,subgroup_model,ExtraTrees,40.0,False,2
MV_in_Gm26673,19,inhibitory,4913,2946331700000015027,MV_in_Gm26673,subgroup_model,LogisticRegression,1.0,True,2
oligodendrocyte_2,__NA__,__NA__,4915,2946331700000015672,oligodendrocyte_2,subgroup_model,ExtraTrees,40.0,True,2
oligodendrocyte_2,__NA__,__NA__,4917,2946331700000015799,oligodendrocyte_2,subgroup_model,ExtraTrees,40.0,True,2
oligodendrocyte_progenitor_2,__NA__,__NA__,4919,2946331700000015824,oligodendrocyte_2,subgroup_model,ExtraTrees,40.0,False,2
oligodendrocyte_progenitor_2,__NA__,__NA__,4926,2946331700000016051,oligodendrocyte_progenitor_2,subgroup_model,ExtraTrees,40.0,True,2
oligodendrocyte_2,__NA__,__NA__,4927,2946331700000016068,oligodendrocyte_2,subgroup_model,ExtraTrees,40.0,True,2
oligodendrocyte_progenitor_2,__NA__,__NA__,4929,2946331700000016260,oligodendrocyte_progenitor_2,subgroup_model,ExtraTrees,40.0,True,2
oligodendrocyte_1,__NA__,__NA__,4930,2946331700000016267,meninges_3,subgroup_model,ExtraTrees,40.0,False,2
oligodendrocyte_1,__NA__,__NA__,4938,2946331700000017329,oligodendrocyte_2,subgroup_model,ExtraTrees,40.0,False,2
M_ex_Vsx2,20,excitatory,4939,2946331700000017343,M_ex_Vsx2,subgroup_model,LogisticRegression,5.0,True,2
oligodendrocyte_progenitor_1,__NA__,__NA__,4940,2946331700000017344,oligodendrocyte_progenitor_1,subgroup_model,ExtraTrees,40.0,True,2
oligodendrocyte_1,__NA__,__NA__,4942,2946331700000017402,oligodendrocyte_2,subgroup_model,ExtraTrees,40.0,False,2
endothelial,__NA__,__NA__,4947,2946331700000017596,endothelial,subgroup_model,ExtraTrees,40.0,True,2
oligodendrocyte_2,__NA__,__NA__,4953,2946331700000018412,oligodendrocyte_2,subgroup_model,ExtraTrees,40.0,True,2
M_in_Tfap2b,12,inhibitory,4955,2946331700000018516,M_in_Tfap2b,direct_section,,,True,2
astrocyte_1,__NA__,__NA__,4957,2946331700000018655,astrocyte_1,subgroup_model,ExtraTrees,40.0,True,2
oligodendrocyte_1,__NA__,__NA__,4958,2946331700000018728,endothelial,subgroup_model,ExtraTrees,40.0,False,2
DH_in_Cdh3,10,inhibitory,4959,2946331700000018751,DH_in_Cdh3,subgroup_model,ExtraTrees,40.0,True,2
DM_ex_Zfhx3,11,excitatory,4961,2946331700000018808,DM_ex_Zfhx3,direct_section,,,True,2
astrocyte_1,__NA__,__NA__,4965,2946331700000018966,astrocyte_1,subgroup_model,ExtraTrees,40.0,True,2
oligodendrocyte_progenitor_2,__NA__,__NA__,4966,2946331700000018987,oligodendrocyte_1,subgroup_model,ExtraTrees,40.0,False,2
oligodendrocyte_progenitor_2,__NA__,__NA__,4970,2946331700000019958,oligodendrocyte_progenitor_2,subgroup_model,ExtraTrees,40.0,True,2
DH_in_Cdh3,10,inhibitory,4971,2946331700000020105,DH_in_Cdh3,subgroup_model,ExtraTrees,40.0,True,2
astrocyte_1,__NA__,__NA__,4975,2946331700000020192,astrocyte_1,subgroup_model,ExtraTrees,40.0,True,2
M_in_Tfap2b,12,inhibitory,4976,2946331700000020199,M_in_Tfap2b,direct_section,,,True,2
MV_in_Gm26673,19,inhibitory,4978,2946331700000020243,MV_in_Gm26673,subgroup_model,LogisticRegression,1.0,True,2
astrocyte_2,__NA__,__NA__,4985,2946331700000020461,astrocyte_2,subgroup_model,ExtraTrees,40.0,True,2
MV_in_Esrrb,14,inhibitory,4987,2946331700000021324,MV_in_Esrrb,direct_section_EI,,,True,2
DH_ex_Tac2,8,excitatory,4988,2946331700000021405,DH_ex_Nmu/Tac2,subgroup_model,RandomForest,5.0,False,2
Schwann_cell,__NA__,__NA__,4992,2946331700000021737,Schwann_cell,subgroup_model,ExtraTrees,40.0,True,2
DH_ex_Prkcg/Cck,8,excitatory,4994,2946331700000022140,DH_ex_Prkcg/Nts,subgroup_model,RandomForest,5.0,False,2
DH_in_Kcnip2,9,inhibitory,4995,2946331700000022166,DH_in_Npy2r,subgroup_model,RandomForest,40.0,False,2
DH_in_Pdyn,2,inhibitory,2,2656143800003100156,DH_in_Pdyn,direct_section_EI,,,True,3
DH_ex_Reln,6,excitatory,4,2656143800027100046,DH_ex_Reln,subgroup_model,LogisticRegression,5.0,True,3
DH_ex_Prkcg/Nts,8,excitatory,7,2656143800027100303,DH_ex_Tac2,subgroup_model,RandomForest,10.0,False,3
oligodendrocyte_1,__NA__,__NA__,8,2656143800027100344,oligodendrocyte_1,subgroup_model,LogisticRegression,40.0,True,3
DH_in_Cdh3,10,inhibitory,9,2656143800027200224,DH_in_Klhl14,subgroup_model,ExtraTrees,40.0,False,3
DH_ex_Sox5/Tac1,5,excitatory,13,2656143800028200185,DH_ex_Sox5/Tac1,subgroup_model,LogisticRegression,1.0,True,3
astrocyte_1,__NA__,__NA__,19,2656143800052100087,astrocyte_1,subgroup_model,LogisticRegression,40.0,True,3
astrocyte_1,__NA__,__NA__,25,2656143800052100227,astrocyte_1,subgroup_model,LogisticRegression,40.0,True,3
DH_ex_Reln,6,excitatory,26,2656143800052100231,DH_ex_Reln,subgroup_model,LogisticRegression,5.0,True,3
DH_ex_Prkcg/Nts,8,excitatory,28,2656143800052100258,DH_ex_Prkcg/Cck,subgroup_model,RandomForest,10.0,False,3
DH_ex_Gpr83,2,excitatory,30,2656143800052100293,DH_ex_Grpr,subgroup_model,LogisticRegression,1.0,False,3
M_in_Tfap2b,12,inhibitory,34,2656143800053100114,M_in_Tfap2b,direct_section,,,True,3
oligodendrocyte_1,__NA__,__NA__,40,2656143800054100097,oligodendrocyte_progenitor_2,subgroup_model,LogisticRegression,40.0,False,3
oligodendrocyte_progenitor_2,__NA__,__NA__,44,2656143800054100176,oligodendrocyte_progenitor_2,subgroup_model,LogisticRegression,40.0,True,3
MV_in_Chrna2,19,inhibitory,45,2656143800054100226,MV_in_Gm26673,subgroup_model,LogisticRegression,5.0,False,3
astrocyte_1,__NA__,__NA__,46,2656143800055100014,pericyte,subgroup_model,LogisticRegression,40.0,False,3
gamma_motoneuron,22,__NA__,49,2656143800055100188,alpha_motoneuron,subgroup_model,LogisticRegression,5.0,False,3
MV_ex_Syt2,14,excitatory,53,2656143800079100018,MV_ex_Syt2,direct_section_EI,,,True,3
astrocyte_1,__NA__,__NA__,58,2656143800080100143,astrocyte_1,subgroup_model,LogisticRegression,40.0,True,3
oligodendrocyte_1,__NA__,__NA__,59,2656143800080100205,astrocyte_1,subgroup_model,LogisticRegression,40.0,False,3
astrocyte_1,__NA__,__NA__,64,2656143800103100207,pericyte,subgroup_model,LogisticRegression,40.0,False,3
MV_in_Esrrb,14,inhibitory,68,2656143800104100265,MV_in_Esrrb,direct_section_EI,,,True,3
MV_ex_Syt2,14,excitatory,75,2656143800128100017,MV_ex_Syt2,direct_section_EI,,,True,3
gamma_motoneuron,22,__NA__,84,2656143800130100106,alpha_motoneuron,subgroup_model,LogisticRegression,5.0,False,3
astrocyte_1,__NA__,__NA__,88,2656143800130100202,astrocyte_1,subgroup_model,LogisticRegression,40.0,True,3
alpha_motoneuron,22,__NA__,89,2656143800131100093,alpha_motoneuron,subgroup_model,LogisticRegression,5.0,True,3
DH_ex_Reln/Npff,1,excitatory,91,2656143800152100075,DH_ex_Reln/Npff,direct_section,,,True,3
astrocyte_1,__NA__,__NA__,94,2656143800153100075,astrocyte_1,subgroup_model,LogisticRegression,40.0,True,3
DH_in_Npy,4,inhibitory,101,2656143800153100293,DH_in_Npy,subgroup_model,LogisticRegression,1.0,True,3
DM_ex_Zfhx3,11,excitatory,110,2656143800178100120,DM_ex_Zfhx3,direct_section,,,True,3
DH_ex_Reln/Nmur2,3,excitatory,111,2656143800179100128,DH_ex_Reln/Nmur2,subgroup_model,ExtraTrees,5.0,True,3
MV_ex_Syt2,14,excitatory,116,2656143800190100078,MV_ex_Syt2,direct_section_EI,,,True,3
MV_ex_Syt2,14,excitatory,120,2656143800191100190,MV_ex_Syt2,direct_section_EI,,,True,3
MV_in_Sema5b,15,inhibitory,122,2656143800192100137,MV_in_Sema5b,direct_section,,,True,3
oligodendrocyte_progenitor_2,__NA__,__NA__,123,2656143800192100146,oligodendrocyte_progenitor_2,subgroup_model,LogisticRegression,40.0,True,3
astrocyte_2,__NA__,__NA__,125,2656143800213200032,astrocyte_2,subgroup_model,LogisticRegression,40.0,True,3
oligodendrocyte_progenitor_2,__NA__,__NA__,130,2656143800215100118,oligodendrocyte_progenitor_2,subgroup_model,LogisticRegression,40.0,True,3
MV_in_Gm26673,19,inhibitory,132,2656143800215100150,MV_in_Gm26673,subgroup_model,LogisticRegression,5.0,True,3
oligodendrocyte_precursor_cell,__NA__,__NA__,136,2656143800216100133,oligodendrocyte_precursor_cell,subgroup_model,LogisticRegression,40.0,True,3
MV_in_Gabra1,16,inhibitory,137,2656143800216100204,MV_in_Gabra1,direct_section,,,True,3
DM_ex_Zfhx3,11,excitatory,138,2656143800217100138,DM_ex_Zfhx3,direct_section,,,True,3
oligodendrocyte_progenitor_2,__NA__,__NA__,140,2656143800217200104,oligodendrocyte_progenitor_2,subgroup_model,LogisticRegression,40.0,True,3
M_in_Tfap2b,12,inhibitory,144,2656143800241100034,M_in_Tfap2b,direct_section,,,True,3
DM_ex_Zfhx3,11,excitatory,146,2656143800241100242,DM_ex_Zfhx3,direct_section,,,True,3
oligodendrocyte_1,__NA__,__NA__,147,2656143800242100029,astrocyte_1,subgroup_model,LogisticRegression,40.0,False,3
DH_ex_Gpr83,2,excitatory,150,2656143800242100162,DH_ex_Grpr,subgroup_model,LogisticRegression,1.0,False,3
oligodendrocyte_progenitor_2,__NA__,__NA__,151,2656143800265100021,endothelial,subgroup_model,LogisticRegression,40.0,False,3
astrocyte_2,__NA__,__NA__,152,2656143800265100078,astrocyte_2,subgroup_model,LogisticRegression,40.0,True,3
DH_in_Cdh3,10,inhibitory,154,2656143800267100079,DH_in_Klhl14,subgroup_model,ExtraTrees,40.0,False,3
DH_in_Cdh3,10,inhibitory,155,2656143800267100119,DH_in_Cdh3,subgroup_model,ExtraTrees,40.0,True,3
endothelial,__NA__,__NA__,162,2656143800391100195,endothelial,subgroup_model,LogisticRegression,40.0,True,3
MV_in_Chrna2,19,inhibitory,163,2656143800392100044,MV_in_Chrna2,subgroup_model,LogisticRegression,5.0,True,3
astrocyte_1,__NA__,__NA__,170,2656143800393200013,astrocyte_1,subgroup_model,LogisticRegression,40.0,True,3
endothelial,__NA__,__NA__,172,2656143800394100104,endothelial,subgroup_model,LogisticRegression,40.0,True,3
astrocyte_1,__NA__,__NA__,174,2656143800395100049,astrocyte_1,subgroup_model,LogisticRegression,40.0,True,3
gamma_motoneuron,22,__NA__,175,2656143800395100087,gamma_motoneuron,subgroup_model,LogisticRegression,5.0,True,3
DH_in_Kcnip2,9,inhibitory,177,2656143800415100023,DH_in_Npy2r,subgroup_model,RandomForest,5.0,False,3
DH_ex_Reln/Nmur2,3,excitatory,182,2656143800416100329,DH_ex_Cpne4,subgroup_model,ExtraTrees,5.0,False,3
DH_ex_Grp,6,excitatory,183,2656143800418100055,DH_ex_Prkcg/Rxfp1,subgroup_model,LogisticRegression,5.0,False,3
oligodendrocyte_1,__NA__,__NA__,185,2656143800418100078,astrocyte_1,subgroup_model,LogisticRegression,40.0,False,3
DM_ex_Zfhx3,11,excitatory,188,2656143800418100283,DM_ex_Zfhx3,direct_section,,,True,3
astrocyte_1,__NA__,__NA__,191,2656143800442100176,astrocyte_1,subgroup_model,LogisticRegression,40.0,True,3
oligodendrocyte_progenitor_2,__NA__,__NA__,193,2656143800442200162,oligodendrocyte_1,subgroup_model,LogisticRegression,40.0,False,3
astrocyte_1,__NA__,__NA__,194,2656143800443100154,astrocyte_1,subgroup_model,LogisticRegression,40.0,True,3
oligodendrocyte_progenitor_2,__NA__,__NA__,195,2656143800443100175,oligodendrocyte_1,subgroup_model,LogisticRegression,40.0,False,3
oligodendrocyte_2,__NA__,__NA__,198,2656143800467100019,oligodendrocyte_1,subgroup_model,LogisticRegression,40.0,False,3
DH_ex_Grp,6,excitatory,201,2656143800468100115,DH_ex_Prkcg/Rxfp1,subgroup_model,LogisticRegression,5.0,False,3
peripheral_glia,__NA__,__NA__,204,2656143800469100187,Schwann_cell,subgroup_model,LogisticRegression,40.0,False,3
meninges_3,__NA__,__NA__,205,2656144300036100030,meninges_1,subgroup_model,LogisticRegression,40.0,False,3
DH_in_Pdyn,2,inhibitory,212,2656144300102100126,DH_in_Pdyn,direct_section_EI,,,True,3
DH_ex_Reln,6,excitatory,214,2656144300102100179,DH_ex_Reln,subgroup_model,LogisticRegression,5.0,True,3
DH_in_Cdh3,10,inhibitory,215,2656144300102100198,DH_in_Klhl14,subgroup_model,ExtraTrees,40.0,False,3
astrocyte_1,__NA__,__NA__,224,2656144300123100092,astrocyte_1,subgroup_model,LogisticRegression,40.0,True,3
DH_in_Klhl14,10,inhibitory,226,2656144300125100066,DH_in_Cdh3,subgroup_model,ExtraTrees,40.0,False,3
endothelial,__NA__,__NA__,228,2656144300125100179,astrocyte_2,subgroup_model,LogisticRegression,40.0,False,3
oligodendrocyte_1,__NA__,__NA__,231,2656144300125200083,endothelial,subgroup_model,LogisticRegression,40.0,False,3
oligodendrocyte_1,__NA__,__NA__,236,2656144300147100030,oligodendrocyte_progenitor_2,subgroup_model,LogisticRegression,40.0,False,3
DH_ex_Nmu/Tac2,8,excitatory,237,2656144300147100033,DH_ex_Nmu/Tac2,subgroup_model,RandomForest,10.0,True,3
endothelial,__NA__,__NA__,239,2656144300147100265,endothelial,subgroup_model,LogisticRegression,40.0,True,3
oligodendrocyte_1,__NA__,__NA__,240,2656144300148100103,endothelial,subgroup_model,LogisticRegression,40.0,False,3
astrocyte_1,__NA__,__NA__,241,2656144300148100178,astrocyte_1,subgroup_model,LogisticRegression,40.0,True,3
oligodendrocyte_2,__NA__,__NA__,244,2656144300149200031,oligodendrocyte_2,subgroup_model,LogisticRegression,40.0,True,3
DH_ex_Reln/Nmur2,3,excitatory,248,2656144300163100179,DH_ex_Reln/Nmur2,subgroup_model,ExtraTrees,5.0,True,3
oligodendrocyte_2,__NA__,__NA__,255,2656144300170100090,oligodendrocyte_2,subgroup_model,LogisticRegression,40.0,True,3
gamma_motoneuron,22,__NA__,258,2656144300172100160,gamma_motoneuron,subgroup_model,LogisticRegression,5.0,True,3
peripheral_glia,__NA__,__NA__,259,2656144300174100055,pericyte,subgroup_model,LogisticRegression,40.0,False,3
M_ex_Vsx2,20,excitatory,261,2656144300187100018,M_ex_Vsx2,subgroup_model,LogisticRegression,1.0,True,3
MV_ex_Shox2,18,excitatory,262,2656144300187100061,MV_ex_Shox2,direct_section,,,True,3
astrocyte_1,__NA__,__NA__,270,2656144300188100239,astrocyte_1,subgroup_model,LogisticRegression,40.0,True,3
astrocyte_1,__NA__,__NA__,273,2656144300195100043,astrocyte_1,subgroup_model,LogisticRegression,40.0,True,3
MV_ex_Syt2,14,excitatory,276,2656144300210100200,MV_ex_Syt2,direct_section_EI,,,True,3
DH_ex_Nmu/Tac2,8,excitatory,286,2656144900085100083,DH_ex_Nmu/Tac2,subgroup_model,RandomForest,10.0,True,3
astrocyte_1,__NA__,__NA__,287,2656144900085100136,astrocyte_1,subgroup_model,LogisticRegression,40.0,True,3
oligodendrocyte_progenitor_2,__NA__,__NA__,290,2656144900085100215,oligodendrocyte_1,subgroup_model,LogisticRegression,40.0,False,3
MV_in_Gm26673,19,inhibitory,291,2656144900085100254,MV_in_Gm26673,subgroup_model,LogisticRegression,5.0,True,3
oligodendrocyte_1,__NA__,__NA__,293,2656144900086100045,astrocyte_2,subgroup_model,LogisticRegression,40.0,False,3
endothelial,__NA__,__NA__,297,2656144900087100128,endothelial,subgroup_model,LogisticRegression,40.0,True,3
gamma_motoneuron,22,__NA__,299,2656144900088100089,gamma_motoneuron,subgroup_model,LogisticRegression,5.0,True,3
astrocyte_1,__NA__,__NA__,301,2656144900110100072,endothelial,subgroup_model,LogisticRegression,40.0,False,3
DH_in_Pdyn,2,inhibitory,304,2656144900110200173,DH_in_Pdyn,direct_section_EI,,,True,3
DH_ex_Maf/Cpne4,10,excitatory,311,2656144900111100285,DH_ex_Maf/Slc17a8,subgroup_model,LogisticRegression,20.0,False,3
oligodendrocyte_progenitor_2,__NA__,__NA__,312,2656144900111100294,oligodendrocyte_2,subgroup_model,LogisticRegression,40.0,False,3
oligodendrocyte_progenitor_2,__NA__,__NA__,313,2656144900111100321,oligodendrocyte_2,subgroup_model,LogisticRegression,40.0,False,3
microglia,__NA__,__NA__,314,2656144900112100033,microglia,subgroup_model,LogisticRegression,40.0,True,3
astrocyte_1,__NA__,__NA__,315,2656144900112100046,astrocyte_1,subgroup_model,LogisticRegression,40.0,True,3
MV_in_Gabra1,16,inhibitory,318,2656144900112100151,MV_in_Gabra1,direct_section,,,True,3
endothelial,__NA__,__NA__,321,2656144900112100286,endothelial,subgroup_model,LogisticRegression,40.0,True,3
oligodendrocyte_progenitor_2,__NA__,__NA__,323,2656144900113100019,oligodendrocyte_progenitor_2,subgroup_model,LogisticRegression,40.0,True,3
astrocyte_1,__NA__,__NA__,326,2656144900113100155,astrocyte_1,subgroup_model,LogisticRegression,40.0,True,3
MV_ex_Shox2,18,excitatory,328,2656144900113100199,MV_ex_Shox2,direct_section,,,True,3
Schwann_cell,__NA__,__NA__,333,2656144900135100026,Schwann_cell,subgroup_model,LogisticRegression,40.0,True,3
DM_ex_Zfhx3,11,excitatory,338,2656144900138100115,DM_ex_Zfhx3,direct_section,,,True,3
MV_in_Gabra1,16,inhibitory,339,2656144900138100135,MV_in_Gabra1,direct_section,,,True,3
oligodendrocyte_1,__NA__,__NA__,342,2656144900141100098,oligodendrocyte_1,subgroup_model,LogisticRegression,40.0,True,3
astrocyte_1,__NA__,__NA__,343,2656144900141100122,astrocyte_1,subgroup_model,LogisticRegression,40.0,True,3
M_ex_Vsx2,20,excitatory,350,2656144900166100142,M_ex_Vsx2,subgroup_model,LogisticRegression,1.0,True,3
oligodendrocyte_progenitor_2,__NA__,__NA__,351,2656144900166100212,oligodendrocyte_progenitor_2,subgroup_model,LogisticRegression,40.0,True,3
oligodendrocyte_progenitor_2,__NA__,__NA__,355,2656144900167100066,oligodendrocyte_progenitor_2,subgroup_model,LogisticRegression,40.0,True,3
MV_in_Gabra1,16,inhibitory,356,2656144900167100168,MV_in_Gabra1,direct_section,,,True,3
astrocyte_1,__NA__,__NA__,361,2656144900185100120,astrocyte_1,subgroup_model,LogisticRegression,40.0,True,3
DH_in_Cdh3,10,inhibitory,368,2656144900190100049,DH_in_Cdh3,subgroup_model,ExtraTrees,40.0,True,3
oligodendrocyte_progenitor_2,__NA__,__NA__,371,2656144900190100266,pericyte,subgroup_model,LogisticRegression,40.0,False,3
astrocyte_1,__NA__,__NA__,373,2656144900191100167,astrocyte_1,subgroup_model,LogisticRegression,40.0,True,3
DH_in_Cdh3,10,inhibitory,375,2656144900191100250,DH_in_Cdh3,subgroup_model,ExtraTrees,40.0,True,3
endothelial,__NA__,__NA__,376,2656144900192100014,pericyte,subgroup_model,LogisticRegression,40.0,False,3
oligodendrocyte_progenitor_2,__NA__,__NA__,377,2656144900192100181,oligodendrocyte_1,subgroup_model,LogisticRegression,40.0,False,3
oligodendrocyte_precursor_cell,__NA__,__NA__,378,2656144900193100079,oligodendrocyte_precursor_cell,subgroup_model,LogisticRegression,40.0,True,3
meninges_2,__NA__,__NA__,380,2656144900195200088,meninges_2,subgroup_model,LogisticRegression,40.0,True,3
DH_in_Pdyn/Gal,5,inhibitory,381,2656144900209100024,DH_in_Pdyn/Gal,direct_section_EI,,,True,3
DH_ex_Maf/Cck,10,excitatory,385,2656144900209100194,DH_ex_Maf/Cck,subgroup_model,LogisticRegression,20.0,True,3
endothelial,__NA__,__NA__,386,2656144900210100051,astrocyte_2,subgroup_model,LogisticRegression,40.0,False,3
endothelial,__NA__,__NA__,387,2656144900211100030,oligodendrocyte_precursor_cell,subgroup_model,LogisticRegression,40.0,False,3
oligodendrocyte_progenitor_2,__NA__,__NA__,389,2656144900211100080,pericyte,subgroup_model,LogisticRegression,40.0,False,3
oligodendrocyte_1,__NA__,__NA__,391,2656144900211100121,oligodendrocyte_1,subgroup_model,LogisticRegression,40.0,True,3
DH_ex_Prkcg/Nts,8,excitatory,394,2656144900217100036,DH_ex_Nmu/Tac2,subgroup_model,RandomForest,10.0,False,3
astrocyte_1,__NA__,__NA__,407,2656144900236100115,pericyte,subgroup_model,LogisticRegression,40.0,False,3
DH_ex_Grp,6,excitatory,413,2656144900238100093,DH_ex_Prkcg/Rxfp1,subgroup_model,LogisticRegression,5.0,False,3
endothelial,__NA__,__NA__,418,2656144900263100219,endothelial,subgroup_model,LogisticRegression,40.0,True,3
oligodendrocyte_progenitor_2,__NA__,__NA__,419,2656144900264100063,pericyte,subgroup_model,LogisticRegression,40.0,False,3
oligodendrocyte_progenitor_2,__NA__,__NA__,422,2656144900264100101,oligodendrocyte_progenitor_1,subgroup_model,LogisticRegression,40.0,False,3
DH_ex_Reln/Npff,1,excitatory,433,2656144900314100047,DH_ex_Reln/Npff,direct_section,,,True,3
DH_ex_Tac2,8,excitatory,439,2656144900314200143,DH_ex_Prkcg/Nts,subgroup_model,RandomForest,10.0,False,3
DH_ex_Nmu/Tac2,8,excitatory,442,2656144900315100160,DH_ex_Nmu/Tac2,subgroup_model,RandomForest,10.0,True,3
oligodendrocyte_precursor_cell,__NA__,__NA__,447,2656144900324100039,oligodendrocyte_precursor_cell,subgroup_model,LogisticRegression,40.0,True,3
astrocyte_1,__NA__,__NA__,449,2656144900325100108,astrocyte_1,subgroup_model,LogisticRegression,40.0,True,3
visceral_motoneuron,20,__NA__,450,2656144900325100207,visceral_motoneuron,direct_section_EI,,,True,3
DH_in_Npy2r,9,inhibitory,456,2656144900350100059,DH_in_Npy2r,subgroup_model,RandomForest,5.0,True,3
MV_in_Gm26673,19,inhibitory,457,2656144900351100023,MV_in_Gm26673,subgroup_model,LogisticRegression,5.0,True,3
MV_ex_Shox2,18,excitatory,459,2656144900351100279,MV_ex_Shox2,direct_section,,,True,3
DH_in_Cdh3,10,inhibitory,466,2656144900369100130,DH_in_Cdh3,subgroup_model,ExtraTrees,40.0,True,3
DH_ex_Maf/Cck,10,excitatory,467,2656144900369100140,DH_ex_Maf/Slc17a8,subgroup_model,LogisticRegression,20.0,False,3
oligodendrocyte_progenitor_2,__NA__,__NA__,471,2656144900371100035,oligodendrocyte_progenitor_2,subgroup_model,LogisticRegression,40.0,True,3
meninges_2,__NA__,__NA__,475,2656144900376200073,meninges_1,subgroup_model,LogisticRegression,40.0,False,3
oligodendrocyte_2,__NA__,__NA__,481,2656144900378100026,oligodendrocyte_2,subgroup_model,LogisticRegression,40.0,True,3
endothelial,__NA__,__NA__,483,2656144900394100123,endothelial,subgroup_model,LogisticRegression,40.0,True,3
oligodendrocyte_1,__NA__,__NA__,487,2656144900396100015,oligodendrocyte_1,subgroup_model,LogisticRegression,40.0,True,3
endothelial,__NA__,__NA__,490,2656144900397100106,astrocyte_2,subgroup_model,LogisticRegression,40.0,False,3
DH_ex_Reln/Nmur2,3,excitatory,491,2656144900403100060,DH_ex_Reln/Nmur2,subgroup_model,ExtraTrees,5.0,True,3
DH_in_Cdh3,4,inhibitory,494,2656144900421100049,DH_in_Cdh3,subgroup_model,LogisticRegression,1.0,True,3
MV_in_Gm26673,19,inhibitory,499,2656144900421100259,MV_in_Gm26673,subgroup_model,LogisticRegression,5.0,True,3
M_ex_Vsx2,20,excitatory,501,2656144900422100060,M_ex_Vsx2,subgroup_model,LogisticRegression,1.0,True,3
astrocyte_1,__NA__,__NA__,503,2656144900423100118,astrocyte_1,subgroup_model,LogisticRegression,40.0,True,3
alpha_motoneuron,22,__NA__,504,2656144900423100200,alpha_motoneuron,subgroup_model,LogisticRegression,5.0,True,3
DH_ex_Sox5,5,excitatory,507,2656144900447100099,DH_ex_Sox5,subgroup_model,LogisticRegression,1.0,True,3
oligodendrocyte_2,__NA__,__NA__,513,2656144900477100034,microglia,subgroup_model,LogisticRegression,40.0,False,3
oligodendrocyte_1,__NA__,__NA__,514,2656144900477100087,oligodendrocyte_1,subgroup_model,LogisticRegression,40.0,True,3
alpha_motoneuron,22,__NA__,517,2656144900478100176,alpha_motoneuron,subgroup_model,LogisticRegression,5.0,True,3
oligodendrocyte_2,__NA__,__NA__,519,2656144900479100069,oligodendrocyte_1,subgroup_model,LogisticRegression,40.0,False,3
MV_in_Sema5b,15,inhibitory,525,2656144900488100149,MV_in_Sema5b,direct_section,,,True,3
astrocyte_1,__NA__,__NA__,527,2656144900503100032,astrocyte_2,subgroup_model,LogisticRegression,40.0,False,3
astrocyte_2,__NA__,__NA__,528,2656144900503100045,astrocyte_1,subgroup_model,LogisticRegression,40.0,False,3
astrocyte_2,__NA__,__NA__,530,2656144900503100082,astrocyte_2,subgroup_model,LogisticRegression,40.0,True,3
DH_ex_Reln/Nmur2,3,excitatory,534,2656144900503100227,DH_ex_Reln/Nmur2,subgroup_model,ExtraTrees,5.0,True,3
MV_in_Esrrb,14,inhibitory,543,2656144900505100045,MV_in_Esrrb,direct_section_EI,,,True,3
oligodendrocyte_progenitor_1,__NA__,__NA__,544,2656144900505100087,oligodendrocyte_progenitor_1,subgroup_model,LogisticRegression,40.0,True,3
microglia,__NA__,__NA__,545,2656144900505100116,microglia,subgroup_model,LogisticRegression,40.0,True,3
endothelial,__NA__,__NA__,549,2656144900509200029,endothelial,subgroup_model,LogisticRegression,40.0,True,3
oligodendrocyte_2,__NA__,__NA__,551,2656144900510100035,oligodendrocyte_2,subgroup_model,LogisticRegression,40.0,True,3
astrocyte_1,__NA__,__NA__,552,2656144900515100080,astrocyte_1,subgroup_model,LogisticRegression,40.0,True,3
MV_in_Gabra1,16,inhibitory,554,2656144900515100215,MV_in_Gabra1,direct_section,,,True,3
oligodendrocyte_progenitor_2,__NA__,__NA__,556,2656144900516100236,oligodendrocyte_progenitor_2,subgroup_model,LogisticRegression,40.0,True,3
oligodendrocyte_progenitor_1,__NA__,__NA__,557,2656144900529100118,oligodendrocyte_progenitor_1,subgroup_model,LogisticRegression,40.0,True,3
MV_in_Gabra1,16,inhibitory,560,2656144900530100029,MV_in_Gabra1,direct_section,,,True,3
oligodendrocyte_progenitor_2,__NA__,__NA__,561,2656144900530100054,oligodendrocyte_1,subgroup_model,LogisticRegression,40.0,False,3
endothelial,__NA__,__NA__,564,2656144900530100130,oligodendrocyte_1,subgroup_model,LogisticRegression,40.0,False,3
oligodendrocyte_progenitor_2,__NA__,__NA__,567,2656144900530100252,oligodendrocyte_1,subgroup_model,LogisticRegression,40.0,False,3
oligodendrocyte_2,__NA__,__NA__,569,2656144900532100019,microglia,subgroup_model,LogisticRegression,40.0,False,3
endothelial,__NA__,__NA__,578,2656144900536100103,pericyte,subgroup_model,LogisticRegression,40.0,False,3
astrocyte_1,__NA__,__NA__,581,2656144900537100063,astrocyte_1,subgroup_model,LogisticRegression,40.0,True,3
oligodendrocyte_1,__NA__,__NA__,582,2656144900537100149,oligodendrocyte_1,subgroup_model,LogisticRegression,40.0,True,3
oligodendrocyte_progenitor_1,__NA__,__NA__,584,2656144900537200040,oligodendrocyte_progenitor_1,subgroup_model,LogisticRegression,40.0,True,3
oligodendrocyte_2,__NA__,__NA__,587,2656144900540200062,oligodendrocyte_2,subgroup_model,LogisticRegression,40.0,True,3
oligodendrocyte_progenitor_2,__NA__,__NA__,590,2656144900541100114,endothelial,subgroup_model,LogisticRegression,40.0,False,3
astrocyte_1,__NA__,__NA__,592,2656144900541100148,astrocyte_1,subgroup_model,LogisticRegression,40.0,True,3
astrocyte_2,__NA__,__NA__,598,2656144900542200081,astrocyte_1,subgroup_model,LogisticRegression,40.0,False,3
oligodendrocyte_2,__NA__,__NA__,600,2656144900555100112,oligodendrocyte_2,subgroup_model,LogisticRegression,40.0,True,3
microglia,__NA__,__NA__,602,2656144900556100063,microglia,subgroup_model,LogisticRegression,40.0,True,3
astrocyte_1,__NA__,__NA__,607,2656144900557200081,oligodendrocyte_progenitor_1,subgroup_model,LogisticRegression,40.0,False,3
astrocyte_1,__NA__,__NA__,609,2656144900558100030,astrocyte_1,subgroup_model,LogisticRegression,40.0,True,3
astrocyte_1,__NA__,__NA__,612,2656144900559100090,astrocyte_1,subgroup_model,LogisticRegression,40.0,True,3
MV_in_Esrrb,14,inhibitory,617,2656144900563100093,MV_in_Esrrb,direct_section_EI,,,True,3
DM_ex_Zfhx3,11,excitatory,619,2656144900563200175,DM_ex_Zfhx3,direct_section,,,True,3
oligodendrocyte_2,__NA__,__NA__,626,2656144900566100073,oligodendrocyte_2,subgroup_model,LogisticRegression,40.0,True,3
MV_in_Sema5b,15,inhibitory,629,2656144900582100162,MV_in_Sema5b,direct_section,,,True,3
oligodendrocyte_1,__NA__,__NA__,632,2656144900582100256,oligodendrocyte_1,subgroup_model,LogisticRegression,40.0,True,3
astrocyte_1,__NA__,__NA__,638,2656144900585100020,astrocyte_1,subgroup_model,LogisticRegression,40.0,True,3
endothelial,__NA__,__NA__,639,2656144900585100136,endothelial,subgroup_model,LogisticRegression,40.0,True,3
DH_ex_Reln,6,excitatory,640,2656144900587100015,DH_ex_Reln,subgroup_model,LogisticRegression,5.0,True,3
oligodendrocyte_2,__NA__,__NA__,642,2656144900588100091,oligodendrocyte_2,subgroup_model,LogisticRegression,40.0,True,3
MV_in_Gabra1,16,inhibitory,646,2656144900589100180,MV_in_Gabra1,direct_section,,,True,3
oligodendrocyte_1,__NA__,__NA__,647,2656144900590100199,oligodendrocyte_1,subgroup_model,LogisticRegression,40.0,True,3
oligodendrocyte_2,__NA__,__NA__,651,2656144900591100172,oligodendrocyte_2,subgroup_model,LogisticRegression,40.0,True,3
DH_ex_Prkcg/Nts,8,excitatory,655,2656144900609100174,DH_ex_Prkcg/Cck,subgroup_model,RandomForest,10.0,False,3
M_ex_Neurod2,13,excitatory,659,2656144900615100044,M_ex_Neurod2,direct_section,,,True,3
astrocyte_1,__NA__,__NA__,660,2656144900615100088,oligodendrocyte_progenitor_1,subgroup_model,LogisticRegression,40.0,False,3
microglia,__NA__,__NA__,663,2656144900615100280,microglia,subgroup_model,LogisticRegression,40.0,True,3
visceral_motoneuron,20,__NA__,665,2656144900616100246,visceral_motoneuron,direct_section_EI,,,True,3
MV_in_Gm26673,19,inhibitory,667,2656144900617100113,MV_in_Gm26673,subgroup_model,LogisticRegression,5.0,True,3
DH_ex_Gpr83,2,excitatory,668,2656144900634100045,DH_ex_Grpr,subgroup_model,LogisticRegression,1.0,False,3
oligodendrocyte_2,__NA__,__NA__,670,2656144900635100108,oligodendrocyte_progenitor_2,subgroup_model,LogisticRegression,40.0,False,3
MV_ex_Syt2,14,excitatory,673,2656144900641100094,MV_ex_Syt2,direct_section_EI,,,True,3
DH_ex_Nmu/Tac2,8,excitatory,677,2656144900641100239,DH_ex_Nmu/Tac2,subgroup_model,RandomForest,10.0,True,3
microglia,__NA__,__NA__,680,2656144900641200126,microglia,subgroup_model,LogisticRegression,40.0,True,3
oligodendrocyte_progenitor_2,__NA__,__NA__,684,2656144900642100151,oligodendrocyte_progenitor_2,subgroup_model,LogisticRegression,40.0,True,3
astrocyte_2,__NA__,__NA__,686,2707604000010100086,oligodendrocyte_precursor_cell,subgroup_model,LogisticRegression,40.0,False,3
oligodendrocyte_2,__NA__,__NA__,687,2707604000011100037,oligodendrocyte_2,subgroup_model,LogisticRegression,40.0,True,3
Schwann_cell,__NA__,__NA__,693,2707604000027100015,Schwann_cell,subgroup_model,LogisticRegression,40.0,True,3
oligodendrocyte_1,__NA__,__NA__,695,2707604000039100163,oligodendrocyte_1,subgroup_model,LogisticRegression,40.0,True,3
endothelial,__NA__,__NA__,697,2707604000040100253,endothelial,subgroup_model,LogisticRegression,40.0,True,3
endothelial,__NA__,__NA__,700,2707604000041100057,peripheral_glia,subgroup_model,LogisticRegression,40.0,False,3
endothelial,__NA__,__NA__,704,2707604000041100205,endothelial,subgroup_model,LogisticRegression,40.0,True,3
DH_in_Cdh3,10,inhibitory,710,2707604000042100263,DH_in_Cdh3,subgroup_model,ExtraTrees,40.0,True,3
oligodendrocyte_progenitor_2,__NA__,__NA__,712,2707604000054100020,oligodendrocyte_1,subgroup_model,LogisticRegression,40.0,False,3
astrocyte_1,__NA__,__NA__,713,2707604000054100060,endothelial,subgroup_model,LogisticRegression,40.0,False,3
oligodendrocyte_progenitor_2,__NA__,__NA__,714,2707604000054100107,oligodendrocyte_2,subgroup_model,LogisticRegression,40.0,False,3
oligodendrocyte_progenitor_2,__NA__,__NA__,718,2707604000054100167,oligodendrocyte_1,subgroup_model,LogisticRegression,40.0,False,3
endothelial,__NA__,__NA__,720,2707604000055100067,pericyte,subgroup_model,LogisticRegression,40.0,False,3
astrocyte_1,__NA__,__NA__,721,2707604000055100092,meninges_1,subgroup_model,LogisticRegression,40.0,False,3
DH_in_Cdh3,10,inhibitory,722,2707604000055100283,DH_in_Cdh3,subgroup_model,ExtraTrees,40.0,True,3
cholinergic_interneuron,21,__NA__,724,2707604000055100308,cholinergic_interneuron,direct_section,,,True,3
oligodendrocyte_1,__NA__,__NA__,725,2707604000056100183,oligodendrocyte_1,subgroup_model,LogisticRegression,40.0,True,3
MV_ex_Syt2,14,excitatory,728,2707604000057100022,MV_ex_Syt2,direct_section_EI,,,True,3
DH_ex_Sox5/Tac1,5,excitatory,733,2707604000058100018,DH_ex_Sox5/Tac1,subgroup_model,LogisticRegression,1.0,True,3
astrocyte_1,__NA__,__NA__,739,2707604000070100047,astrocyte_1,subgroup_model,LogisticRegression,40.0,True,3
endothelial,__NA__,__NA__,740,2707604000070100097,endothelial,subgroup_model,LogisticRegression,40.0,True,3
oligodendrocyte_progenitor_2,__NA__,__NA__,743,2707604000071100175,oligodendrocyte_1,subgroup_model,LogisticRegression,40.0,False,3
astrocyte_1,__NA__,__NA__,745,2707604000071100243,astrocyte_2,subgroup_model,LogisticRegression,40.0,False,3
astrocyte_2,__NA__,__NA__,747,2707604000073100035,endothelial,subgroup_model,LogisticRegression,40.0,False,3
MV_in_Gm26673,19,inhibitory,752,2707604000084100031,MV_in_Gm26673,subgroup_model,LogisticRegression,5.0,True,3
MV_in_Gabra1,16,inhibitory,754,2707604000085100071,MV_in_Gabra1,direct_section,,,True,3
oligodendrocyte_2,__NA__,__NA__,758,2707604000085100209,oligodendrocyte_2,subgroup_model,LogisticRegression,40.0,True,3
DM_ex_Zfhx3,11,excitatory,760,2707604000085200113,DM_ex_Zfhx3,direct_section,,,True,3
DH_ex_Maf/Cck,10,excitatory,762,2707604000086100071,DH_ex_Maf/Slc17a8,subgroup_model,LogisticRegression,20.0,False,3
DH_in_Npy,4,inhibitory,763,2707604000086100185,DH_in_Npy,subgroup_model,LogisticRegression,1.0,True,3
DH_ex_Maf/Cck,10,excitatory,765,2707604000086100252,DH_ex_Rreb1,subgroup_model,LogisticRegression,20.0,False,3
oligodendrocyte_progenitor_1,__NA__,__NA__,772,2707604000095100056,oligodendrocyte_progenitor_1,subgroup_model,LogisticRegression,40.0,True,3
astrocyte_2,__NA__,__NA__,774,2707604000095200011,astrocyte_2,subgroup_model,LogisticRegression,40.0,True,3
astrocyte_2,__NA__,__NA__,777,2707604000099100079,astrocyte_2,subgroup_model,LogisticRegression,40.0,True,3
astrocyte_1,__NA__,__NA__,787,2707604000109100025,astrocyte_1,subgroup_model,LogisticRegression,40.0,True,3
pericyte,__NA__,__NA__,788,2707604000109100211,endothelial,subgroup_model,LogisticRegression,40.0,False,3
DH_ex_Reln,6,excitatory,791,2707604000110100022,DH_ex_Reln,subgroup_model,LogisticRegression,5.0,True,3
oligodendrocyte_precursor_cell,__NA__,__NA__,795,2707604000110100203,endothelial,subgroup_model,LogisticRegression,40.0,False,3
DH_ex_Sox5,5,excitatory,798,2707604000110100291,DH_ex_Sox5,subgroup_model,LogisticRegression,1.0,True,3
Schwann_cell,__NA__,__NA__,800,2707604000111100101,Schwann_cell,subgroup_model,LogisticRegression,40.0,True,3
astrocyte_2,__NA__,__NA__,802,2707604000122100150,astrocyte_1,subgroup_model,LogisticRegression,40.0,False,3
oligodendrocyte_2,__NA__,__NA__,803,2707604000123100134,oligodendrocyte_2,subgroup_model,LogisticRegression,40.0,True,3
astrocyte_1,__NA__,__NA__,806,2707604000124100020,oligodendrocyte_precursor_cell,subgroup_model,LogisticRegression,40.0,False,3
endothelial,__NA__,__NA__,810,2707604000124100158,endothelial,subgroup_model,LogisticRegression,40.0,True,3
oligodendrocyte_1,__NA__,__NA__,812,2707604000124100196,astrocyte_1,subgroup_model,LogisticRegression,40.0,False,3
peripheral_glia,__NA__,__NA__,817,2707604000126100113,oligodendrocyte_2,subgroup_model,LogisticRegression,40.0,False,3
Schwann_cell,__NA__,__NA__,819,2707604000126100220,Schwann_cell,subgroup_model,LogisticRegression,40.0,True,3
astrocyte_2,__NA__,__NA__,821,2707604000136100037,astrocyte_2,subgroup_model,LogisticRegression,40.0,True,3
oligodendrocyte_2,__NA__,__NA__,822,2707604000136100065,oligodendrocyte_1,subgroup_model,LogisticRegression,40.0,False,3
DH_ex_Nmu/Tac2,8,excitatory,828,2707604000140100055,DH_ex_Nmu/Tac2,subgroup_model,RandomForest,10.0,True,3
DH_ex_Sox5/Tac1,5,excitatory,830,2707604000140100089,DH_ex_Sox5/Tac1,subgroup_model,LogisticRegression,1.0,True,3
DH_ex_Prkcg/Nts,8,excitatory,841,2707604000155100044,DH_ex_Prkcg/Nts,subgroup_model,RandomForest,10.0,True,3
DH_in_Npy,4,inhibitory,843,2707604000155100066,DH_in_Npy,subgroup_model,LogisticRegression,1.0,True,3
astrocyte_1,__NA__,__NA__,846,2707604000155100192,astrocyte_1,subgroup_model,LogisticRegression,40.0,True,3
oligodendrocyte_1,__NA__,__NA__,848,2707604700012100099,oligodendrocyte_1,subgroup_model,LogisticRegression,40.0,True,3
astrocyte_1,__NA__,__NA__,849,2707604700012100151,astrocyte_1,subgroup_model,LogisticRegression,40.0,True,3
oligodendrocyte_2,__NA__,__NA__,852,2707604700034200011,oligodendrocyte_2,subgroup_model,LogisticRegression,40.0,True,3
microglia,__NA__,__NA__,853,2707604700035100019,astrocyte_2,subgroup_model,LogisticRegression,40.0,False,3
oligodendrocyte_progenitor_2,__NA__,__NA__,855,2707604700035100119,oligodendrocyte_progenitor_2,subgroup_model,LogisticRegression,40.0,True,3
pericyte,__NA__,__NA__,859,2707604700037100080,pericyte,subgroup_model,LogisticRegression,40.0,True,3
astrocyte_1,__NA__,__NA__,860,2707604700037100112,astrocyte_1,subgroup_model,LogisticRegression,40.0,True,3
alpha_motoneuron,22,__NA__,861,2707604700037100127,alpha_motoneuron,subgroup_model,LogisticRegression,5.0,True,3
pericyte,__NA__,__NA__,862,2707604700037200059,pericyte,subgroup_model,LogisticRegression,40.0,True,3
astrocyte_2,__NA__,__NA__,863,2707604700038100142,astrocyte_2,subgroup_model,LogisticRegression,40.0,True,3
endothelial,__NA__,__NA__,875,2707604700060100058,endothelial,subgroup_model,LogisticRegression,40.0,True,3
DH_ex_Maf/Cck,10,excitatory,882,2707604700062100233,DH_ex_Maf/Cpne4,subgroup_model,LogisticRegression,20.0,False,3
astrocyte_1,__NA__,__NA__,896,2707604700069100115,astrocyte_1,subgroup_model,LogisticRegression,40.0,True,3
MV_ex_Syt2,14,excitatory,899,2707604700069100204,MV_ex_Syt2,direct_section_EI,,,True,3
oligodendrocyte_progenitor_2,__NA__,__NA__,900,2707604700070100021,oligodendrocyte_2,subgroup_model,LogisticRegression,40.0,False,3
oligodendrocyte_progenitor_2,__NA__,__NA__,904,2707604700081200046,oligodendrocyte_progenitor_2,subgroup_model,LogisticRegression,40.0,True,3
MV_ex_Syt2,14,excitatory,907,2707604700082100034,MV_ex_Syt2,direct_section_EI,,,True,3
oligodendrocyte_progenitor_2,__NA__,__NA__,917,2707604700083200126,oligodendrocyte_1,subgroup_model,LogisticRegression,40.0,False,3
microglia,__NA__,__NA__,919,2707604700084100145,microglia,subgroup_model,LogisticRegression,40.0,True,3
ependymal,__NA__,__NA__,920,2707604700084200064,ependymal,subgroup_model,LogisticRegression,40.0,True,3
oligodendrocyte_progenitor_2,__NA__,__NA__,921,2707604700085100026,oligodendrocyte_1,subgroup_model,LogisticRegression,40.0,False,3
oligodendrocyte_2,__NA__,__NA__,923,2707604700085100254,oligodendrocyte_2,subgroup_model,LogisticRegression,40.0,True,3
astrocyte_1,__NA__,__NA__,924,2707604700086100038,astrocyte_1,subgroup_model,LogisticRegression,40.0,True,3
oligodendrocyte_progenitor_2,__NA__,__NA__,928,2707604700087100062,microglia,subgroup_model,LogisticRegression,40.0,False,3
DH_ex_Maf/Slc17a8,10,excitatory,931,2707604700091100090,DH_ex_Maf/Cck,subgroup_model,LogisticRegression,20.0,False,3
oligodendrocyte_progenitor_2,__NA__,__NA__,938,2707604700091100246,oligodendrocyte_progenitor_2,subgroup_model,LogisticRegression,40.0,True,3
DH_in_Cdh3,10,inhibitory,939,2707604700092100058,DH_in_Cdh3,subgroup_model,ExtraTrees,40.0,True,3
MV_ex_Syt2,14,excitatory,940,2707604700092100156,MV_ex_Syt2,direct_section_EI,,,True,3
DH_in_Cdh3,10,inhibitory,944,2707604700093100073,DH_in_Cdh3,subgroup_model,ExtraTrees,40.0,True,3
endothelial,__NA__,__NA__,947,2707604700094100060,endothelial,subgroup_model,LogisticRegression,40.0,True,3
DH_ex_Grp,6,excitatory,951,2707604700094100151,DH_ex_Grp,subgroup_model,LogisticRegression,5.0,True,3
astrocyte_2,__NA__,__NA__,953,2707604700104100066,astrocyte_2,subgroup_model,LogisticRegression,40.0,True,3
oligodendrocyte_2,__NA__,__NA__,956,2707604700106100156,oligodendrocyte_2,subgroup_model,LogisticRegression,40.0,True,3
oligodendrocyte_progenitor_2,__NA__,__NA__,957,2707604700107100047,oligodendrocyte_1,subgroup_model,LogisticRegression,40.0,False,3
endothelial,__NA__,__NA__,958,2707604700107100066,endothelial,subgroup_model,LogisticRegression,40.0,True,3
MV_in_Sema5b,15,inhibitory,959,2707604700107100149,MV_in_Sema5b,direct_section,,,True,3
DM_ex_Zfhx3,11,excitatory,961,2707604700108100194,DM_ex_Zfhx3,direct_section,,,True,3
DH_ex_Maf/Cck,10,excitatory,963,2707604700108100260,DH_ex_Maf/Slc17a8,subgroup_model,LogisticRegression,20.0,False,3
DH_ex_Reln/Npff,1,excitatory,964,2707604700109100199,DH_ex_Reln/Npff,direct_section,,,True,3
oligodendrocyte_2,__NA__,__NA__,969,2707604700130100181,oligodendrocyte_2,subgroup_model,LogisticRegression,40.0,True,3
oligodendrocyte_2,__NA__,__NA__,983,2707604700177100073,oligodendrocyte_2,subgroup_model,LogisticRegression,40.0,True,3
oligodendrocyte_2,__NA__,__NA__,985,2707604700198100018,oligodendrocyte_2,subgroup_model,LogisticRegression,40.0,True,3
astrocyte_2,__NA__,__NA__,987,2707604700200100084,astrocyte_2,subgroup_model,LogisticRegression,40.0,True,3
astrocyte_1,__NA__,__NA__,989,2707604700201100012,astrocyte_1,subgroup_model,LogisticRegression,40.0,True,3
oligodendrocyte_progenitor_2,__NA__,__NA__,990,2707604700201100053,oligodendrocyte_2,subgroup_model,LogisticRegression,40.0,False,3
MV_in_Gm26673,19,inhibitory,995,2707604700223100124,MV_in_Gm26673,subgroup_model,LogisticRegression,5.0,True,3
MV_in_Gabra1,16,inhibitory,996,2707604700223100181,MV_in_Gabra1,direct_section,,,True,3
MV_in_Gabra1,16,inhibitory,997,2707604700223100200,MV_in_Gabra1,direct_section,,,True,3
ependymal,__NA__,__NA__,1001,2707604700225100237,ependymal,subgroup_model,LogisticRegression,40.0,True,3
oligodendrocyte_progenitor_2,__NA__,__NA__,1007,2707604700226100221,oligodendrocyte_1,subgroup_model,LogisticRegression,40.0,False,3
endothelial,__NA__,__NA__,1014,2707604700227100146,endothelial,subgroup_model,LogisticRegression,40.0,True,3
astrocyte_1,__NA__,__NA__,1015,2707604700246100039,astrocyte_2,subgroup_model,LogisticRegression,40.0,False,3
endothelial,__NA__,__NA__,1016,2707604700247100028,pericyte,subgroup_model,LogisticRegression,40.0,False,3
endothelial,__NA__,__NA__,1017,2707604700247100067,endothelial,subgroup_model,LogisticRegression,40.0,True,3
oligodendrocyte_precursor_cell,__NA__,__NA__,1025,2707604700248100266,oligodendrocyte_2,subgroup_model,LogisticRegression,40.0,False,3
oligodendrocyte_progenitor_2,__NA__,__NA__,1026,2707604700248200139,astrocyte_1,subgroup_model,LogisticRegression,40.0,False,3
MV_in_Sema5b,15,inhibitory,1028,2707604700249100076,MV_in_Sema5b,direct_section,,,True,3
DH_in_Rorb,7,inhibitory,1030,2707604700250100036,DH_in_Rorb,direct_section,,,True,3
astrocyte_1,__NA__,__NA__,1033,2707604700250100117,astrocyte_1,subgroup_model,LogisticRegression,40.0,True,3
DH_in_Npy2r,9,inhibitory,1034,2707604700250100162,DH_in_Npy2r,subgroup_model,RandomForest,5.0,True,3
DH_ex_Maf/Cck,10,excitatory,1035,2707604700250100199,DH_ex_Maf/Slc17a8,subgroup_model,LogisticRegression,20.0,False,3
DH_ex_Prkcg/Cck,8,excitatory,1039,2707604700250100313,DH_ex_Prkcg/Cck,subgroup_model,RandomForest,10.0,True,3
meninges_1,__NA__,__NA__,1040,2707604700250100319,peripheral_glia,subgroup_model,LogisticRegression,40.0,False,3
microglia,__NA__,__NA__,1042,2707604700270100051,microglia,subgroup_model,LogisticRegression,40.0,True,3
DH_in_Npy,4,inhibitory,1043,2707604700270100082,DH_in_Npy,subgroup_model,LogisticRegression,1.0,True,3
oligodendrocyte_progenitor_2,__NA__,__NA__,1045,2707604700271100168,oligodendrocyte_1,subgroup_model,LogisticRegression,40.0,False,3
DH_in_Pdyn,2,inhibitory,1046,2707604700271100177,DH_in_Pdyn,direct_section_EI,,,True,3
DH_ex_Reln/Nmur2,3,excitatory,1047,2707604700271100235,DH_ex_Reln/Nmur2,subgroup_model,ExtraTrees,5.0,True,3
DH_in_Npy2r,9,inhibitory,1052,2707604700271200103,DH_in_Npy2r,subgroup_model,RandomForest,5.0,True,3
oligodendrocyte_progenitor_2,__NA__,__NA__,1054,2707604700272100141,oligodendrocyte_progenitor_2,subgroup_model,LogisticRegression,40.0,True,3
endothelial,__NA__,__NA__,1055,2707604700272100156,endothelial,subgroup_model,LogisticRegression,40.0,True,3
astrocyte_1,__NA__,__NA__,1056,2707604700272100172,astrocyte_1,subgroup_model,LogisticRegression,40.0,True,3
oligodendrocyte_2,__NA__,__NA__,1059,2707604700295100041,oligodendrocyte_2,subgroup_model,LogisticRegression,40.0,True,3
oligodendrocyte_progenitor_2,__NA__,__NA__,1060,2707604700295100085,oligodendrocyte_progenitor_2,subgroup_model,LogisticRegression,40.0,True,3
oligodendrocyte_progenitor_2,__NA__,__NA__,1064,2707604700316100111,astrocyte_1,subgroup_model,LogisticRegression,40.0,False,3
MV_in_Gm26673,19,inhibitory,1066,2707604700317100153,MV_in_Gm26673,subgroup_model,LogisticRegression,5.0,True,3
oligodendrocyte_progenitor_2,__NA__,__NA__,1069,2707604700318100044,oligodendrocyte_progenitor_2,subgroup_model,LogisticRegression,40.0,True,3
astrocyte_1,__NA__,__NA__,1071,2707604700318100119,astrocyte_1,subgroup_model,LogisticRegression,40.0,True,3
astrocyte_1,__NA__,__NA__,1075,2707604700338100110,oligodendrocyte_2,subgroup_model,LogisticRegression,40.0,False,3
astrocyte_2,__NA__,__NA__,1078,2707604700340100057,astrocyte_1,subgroup_model,LogisticRegression,40.0,False,3
oligodendrocyte_progenitor_2,__NA__,__NA__,1085,2707604700342100102,microglia,subgroup_model,LogisticRegression,40.0,False,3
MV_in_Chrna2,19,inhibitory,1086,2707604700342100104,MV_in_Chrna2,subgroup_model,LogisticRegression,5.0,True,3
astrocyte_1,__NA__,__NA__,1089,2707604700342200088,endothelial,subgroup_model,LogisticRegression,40.0,False,3
MV_in_Sema5b,15,inhibitory,1090,2707604700343100054,MV_in_Sema5b,direct_section,,,True,3
DH_ex_Maf/Slc17a8,10,excitatory,1091,2707604700343100079,DH_ex_Maf/Cck,subgroup_model,LogisticRegression,20.0,False,3
alpha_motoneuron,22,__NA__,1093,2707604700362100030,alpha_motoneuron,subgroup_model,LogisticRegression,5.0,True,3
microglia,__NA__,__NA__,1097,2707604700362100146,endothelial,subgroup_model,LogisticRegression,40.0,False,3
oligodendrocyte_progenitor_2,__NA__,__NA__,1101,2707604700364100115,oligodendrocyte_progenitor_2,subgroup_model,LogisticRegression,40.0,True,3
M_ex_Neurod2,13,excitatory,1105,2707604700364100164,M_ex_Neurod2,direct_section,,,True,3
M_ex_Neurod2,13,excitatory,1108,2707604700365100187,M_ex_Neurod2,direct_section,,,True,3
endothelial,__NA__,__NA__,1110,2707604700366100054,endothelial,subgroup_model,LogisticRegression,40.0,True,3
oligodendrocyte_2,__NA__,__NA__,1111,2707604700366100214,pericyte,subgroup_model,LogisticRegression,40.0,False,3
DH_ex_Nmu/Tac2,8,excitatory,1114,2707604700367100020,DH_ex_Nmu/Tac2,subgroup_model,RandomForest,10.0,True,3
oligodendrocyte_progenitor_2,__NA__,__NA__,1118,2707604700388100039,microglia,subgroup_model,LogisticRegression,40.0,False,3
DH_in_Npy,4,inhibitory,1122,2707604700388100220,DH_in_Npy,subgroup_model,LogisticRegression,1.0,True,3
DH_in_Cdh3,10,inhibitory,1124,2707604700389100182,DH_in_Klhl14,subgroup_model,ExtraTrees,40.0,False,3
oligodendrocyte_2,__NA__,__NA__,1131,2707604700410100048,oligodendrocyte_2,subgroup_model,LogisticRegression,40.0,True,3
DH_ex_Prkcg/Cck,8,excitatory,1132,2707604700412100030,DH_ex_Prkcg/Nts,subgroup_model,RandomForest,10.0,False,3
oligodendrocyte_progenitor_2,__NA__,__NA__,1133,2707604700412100039,oligodendrocyte_progenitor_2,subgroup_model,LogisticRegression,40.0,True,3
DH_ex_Reln/Nmur2,3,excitatory,1134,2707604700412100113,DH_ex_Reln/Nmur2,subgroup_model,ExtraTrees,5.0,True,3
astrocyte_1,__NA__,__NA__,1137,2707604800013100163,astrocyte_1,subgroup_model,LogisticRegression,40.0,True,3
MV_ex_Shox2,18,excitatory,1138,2707604800013100183,MV_ex_Shox2,direct_section,,,True,3
endothelial,__NA__,__NA__,1142,2707604800014100084,endothelial,subgroup_model,LogisticRegression,40.0,True,3
oligodendrocyte_progenitor_2,__NA__,__NA__,1143,2707604800014100172,oligodendrocyte_progenitor_2,subgroup_model,LogisticRegression,40.0,True,3
oligodendrocyte_progenitor_2,__NA__,__NA__,1144,2707604800014100179,oligodendrocyte_progenitor_2,subgroup_model,LogisticRegression,40.0,True,3
DH_ex_Sox5,5,excitatory,1147,2707604800014200029,DH_ex_Sox5,subgroup_model,LogisticRegression,1.0,True,3
oligodendrocyte_progenitor_2,__NA__,__NA__,1151,2707604800034100082,oligodendrocyte_progenitor_2,subgroup_model,LogisticRegression,40.0,True,3
MV_in_Esrrb,14,inhibitory,1154,2707604800034100286,MV_in_Esrrb,direct_section_EI,,,True,3
astrocyte_1,__NA__,__NA__,1155,2707604800035100111,oligodendrocyte_1,subgroup_model,LogisticRegression,40.0,False,3
alpha_motoneuron,22,__NA__,1158,2707604800036100073,gamma_motoneuron,subgroup_model,LogisticRegression,5.0,False,3
Schwann_cell,__NA__,__NA__,1161,2707604800040200008,Schwann_cell,subgroup_model,LogisticRegression,40.0,True,3
alpha_motoneuron,22,__NA__,1163,2707604800055100047,alpha_motoneuron,subgroup_model,LogisticRegression,5.0,True,3
MV_in_Gm26673,19,inhibitory,1164,2707604800055100067,MV_in_Gm26673,subgroup_model,LogisticRegression,5.0,True,3
oligodendrocyte_2,__NA__,__NA__,1167,2707604800058100096,oligodendrocyte_2,subgroup_model,LogisticRegression,40.0,True,3
alpha_motoneuron,22,__NA__,1169,2707604800059100087,alpha_motoneuron,subgroup_model,LogisticRegression,5.0,True,3
oligodendrocyte_progenitor_2,__NA__,__NA__,1170,2707604800059100109,oligodendrocyte_progenitor_2,subgroup_model,LogisticRegression,40.0,True,3
endothelial,__NA__,__NA__,1171,2707604800059100116,endothelial,subgroup_model,LogisticRegression,40.0,True,3
alpha_motoneuron,22,__NA__,1174,2707604800059100199,alpha_motoneuron,subgroup_model,LogisticRegression,5.0,True,3
oligodendrocyte_2,__NA__,__NA__,1179,2707604800078100084,oligodendrocyte_2,subgroup_model,LogisticRegression,40.0,True,3
oligodendrocyte_2,__NA__,__NA__,1182,2707604800079100114,oligodendrocyte_2,subgroup_model,LogisticRegression,40.0,True,3
oligodendrocyte_precursor_cell,__NA__,__NA__,1183,2707604800079100127,oligodendrocyte_precursor_cell,subgroup_model,LogisticRegression,40.0,True,3
DH_ex_Nmu/Tac2,8,excitatory,1186,2707604800082100030,DH_ex_Nmu/Tac2,subgroup_model,RandomForest,10.0,True,3
DH_in_Npy,4,inhibitory,1190,2707604800082100233,DH_in_Npy,subgroup_model,LogisticRegression,1.0,True,3
endothelial,__NA__,__NA__,1196,2707604800101100059,pericyte,subgroup_model,LogisticRegression,40.0,False,3
M_ex_Vsx2/Shox2,20,excitatory,1198,2707604800102100026,M_ex_Vsx2/Shox2,subgroup_model,LogisticRegression,1.0,True,3
oligodendrocyte_2,__NA__,__NA__,1208,2707604800119100064,oligodendrocyte_precursor_cell,subgroup_model,LogisticRegression,40.0,False,3
MV_in_Chrna2,19,inhibitory,1217,2707604800141100047,MV_in_Gm26673,subgroup_model,LogisticRegression,5.0,False,3
endothelial,__NA__,__NA__,1218,2707604800141100064,endothelial,subgroup_model,LogisticRegression,40.0,True,3
endothelial,__NA__,__NA__,1223,2707604800142100058,endothelial,subgroup_model,LogisticRegression,40.0,True,3
oligodendrocyte_progenitor_2,__NA__,__NA__,1225,2707604800143100076,oligodendrocyte_precursor_cell,subgroup_model,LogisticRegression,40.0,False,3
astrocyte_1,__NA__,__NA__,1228,2707604800143100254,astrocyte_1,subgroup_model,LogisticRegression,40.0,True,3
astrocyte_2,__NA__,__NA__,1232,2707604800144100017,astrocyte_2,subgroup_model,LogisticRegression,40.0,True,3
oligodendrocyte_progenitor_2,__NA__,__NA__,1234,2707604800162100101,oligodendrocyte_2,subgroup_model,LogisticRegression,40.0,False,3
Schwann_cell,__NA__,__NA__,1237,2707604800162100155,Schwann_cell,subgroup_model,LogisticRegression,40.0,True,3
Schwann_cell,__NA__,__NA__,1238,2707604800163100143,Schwann_cell,subgroup_model,LogisticRegression,40.0,True,3
pericyte,__NA__,__NA__,1239,2707604800163100144,oligodendrocyte_progenitor_1,subgroup_model,LogisticRegression,40.0,False,3
DH_ex_Reln/Nmur2,3,excitatory,1240,2707604800164100058,DH_ex_Reln/Nmur2,subgroup_model,ExtraTrees,5.0,True,3
oligodendrocyte_1,__NA__,__NA__,1245,2707604800199100173,oligodendrocyte_progenitor_2,subgroup_model,LogisticRegression,40.0,False,3
endothelial,__NA__,__NA__,1249,2707604800219100169,endothelial,subgroup_model,LogisticRegression,40.0,True,3
endothelial,__NA__,__NA__,1250,2707604800219100172,endothelial,subgroup_model,LogisticRegression,40.0,True,3
oligodendrocyte_2,__NA__,__NA__,1251,2707604800220100013,oligodendrocyte_2,subgroup_model,LogisticRegression,40.0,True,3
pericyte,__NA__,__NA__,1254,2707604800221100102,astrocyte_2,subgroup_model,LogisticRegression,40.0,False,3
Schwann_cell,__NA__,__NA__,1255,2707604800222100025,peripheral_glia,subgroup_model,LogisticRegression,40.0,False,3
endothelial,__NA__,__NA__,1258,2707604800240100120,endothelial,subgroup_model,LogisticRegression,40.0,True,3
M_in_Tfap2b,12,inhibitory,1259,2707604800241100041,M_in_Tfap2b,direct_section,,,True,3
M_in_Tfap2b,12,inhibitory,1260,2707604800242100101,M_in_Tfap2b,direct_section,,,True,3
Schwann_cell,__NA__,__NA__,1267,2707604800280100016,Schwann_cell,subgroup_model,LogisticRegression,40.0,True,3
meninges_1,__NA__,__NA__,1268,2707604800281100070,meninges_1,subgroup_model,LogisticRegression,40.0,True,3
DH_ex_Prkcg/Nts,8,excitatory,1270,2707604800283100024,DH_ex_Prkcg/Nts,subgroup_model,RandomForest,10.0,True,3
DH_in_Rorb,7,inhibitory,1271,2707604800283100110,DH_in_Rorb,direct_section,,,True,3
peripheral_glia,__NA__,__NA__,1276,2707604800301100018,Schwann_cell,subgroup_model,LogisticRegression,40.0,False,3
oligodendrocyte_2,__NA__,__NA__,1277,2707604800321100160,oligodendrocyte_2,subgroup_model,LogisticRegression,40.0,True,3
oligodendrocyte_progenitor_2,__NA__,__NA__,1282,2707604800340100075,meninges_1,subgroup_model,LogisticRegression,40.0,False,3
astrocyte_1,__NA__,__NA__,1285,2707604800341100175,astrocyte_1,subgroup_model,LogisticRegression,40.0,True,3
oligodendrocyte_progenitor_2,__NA__,__NA__,1286,2707604800341100216,oligodendrocyte_1,subgroup_model,LogisticRegression,40.0,False,3
oligodendrocyte_progenitor_2,__NA__,__NA__,1287,2707604800342100056,oligodendrocyte_2,subgroup_model,LogisticRegression,40.0,False,3
astrocyte_1,__NA__,__NA__,1288,2707604800342100193,astrocyte_1,subgroup_model,LogisticRegression,40.0,True,3
oligodendrocyte_1,__NA__,__NA__,1289,2707604800343100130,oligodendrocyte_1,subgroup_model,LogisticRegression,40.0,True,3
DH_in_Pdyn,2,inhibitory,1291,2707604800343100193,DH_in_Pdyn,direct_section_EI,,,True,3
DM_ex_Zfhx3,11,excitatory,1300,2707604800364100083,DM_ex_Zfhx3,direct_section,,,True,3
DH_in_Npy,4,inhibitory,1301,2707604800364100115,DH_in_Npy,subgroup_model,LogisticRegression,1.0,True,3
endothelial,__NA__,__NA__,1302,2707604800364100129,endothelial,subgroup_model,LogisticRegression,40.0,True,3
DH_ex_Gpr83,2,excitatory,1304,2707604800364100214,DH_ex_Grpr,subgroup_model,LogisticRegression,1.0,False,3
endothelial,__NA__,__NA__,1307,2707604800382100086,endothelial,subgroup_model,LogisticRegression,40.0,True,3
MV_in_Sema5b,15,inhibitory,1308,2707604800382100113,MV_in_Sema5b,direct_section,,,True,3
astrocyte_1,__NA__,__NA__,1309,2707604800383100031,astrocyte_1,subgroup_model,LogisticRegression,40.0,True,3
astrocyte_1,__NA__,__NA__,1310,2707604800383100058,astrocyte_1,subgroup_model,LogisticRegression,40.0,True,3
DH_in_Npy,4,inhibitory,1314,2707604800384100097,DH_in_Npy,subgroup_model,LogisticRegression,1.0,True,3
DH_ex_Prkcg/Cck,8,excitatory,1317,2707604800384100209,DH_ex_Prkcg/Cck,subgroup_model,RandomForest,10.0,True,3
DH_in_Cdh3,10,inhibitory,1319,2707604800384100256,DH_in_Klhl14,subgroup_model,ExtraTrees,40.0,False,3
DH_ex_Reln/Npff,1,excitatory,1321,2707604800385100106,DH_ex_Reln/Npff,direct_section,,,True,3
oligodendrocyte_progenitor_2,__NA__,__NA__,1326,2707604800403100125,oligodendrocyte_progenitor_2,subgroup_model,LogisticRegression,40.0,True,3
astrocyte_1,__NA__,__NA__,1333,2707604800404100228,astrocyte_1,subgroup_model,LogisticRegression,40.0,True,3
oligodendrocyte_progenitor_2,__NA__,__NA__,1336,2707604800423100115,oligodendrocyte_progenitor_2,subgroup_model,LogisticRegression,40.0,True,3
astrocyte_1,__NA__,__NA__,1337,2707604800424100059,astrocyte_2,subgroup_model,LogisticRegression,40.0,False,3
MV_in_Gabra1,16,inhibitory,1340,2707604800424100200,MV_in_Gabra1,direct_section,,,True,3
oligodendrocyte_progenitor_2,__NA__,__NA__,1341,2707604800425100029,oligodendrocyte_2,subgroup_model,LogisticRegression,40.0,False,3
DH_in_Npy,4,inhibitory,1344,2707604800425100153,DH_in_Npy,subgroup_model,LogisticRegression,1.0,True,3
DH_ex_Tac2,8,excitatory,1345,2707604800425100200,DH_ex_Tac2,subgroup_model,RandomForest,10.0,True,3
DH_in_Pdyn,2,inhibitory,1350,2707604800445100185,DH_in_Pdyn,direct_section_EI,,,True,3
oligodendrocyte_2,__NA__,__NA__,1355,2707737900007100130,oligodendrocyte_1,subgroup_model,LogisticRegression,40.0,False,3
DH_ex_Tac2,8,excitatory,1358,2707737900007100256,DH_ex_Prkcg/Cck,subgroup_model,RandomForest,10.0,False,3
oligodendrocyte_progenitor_2,__NA__,__NA__,1362,2707737900008100185,oligodendrocyte_1,subgroup_model,LogisticRegression,40.0,False,3
astrocyte_1,__NA__,__NA__,1363,2707737900020100052,astrocyte_1,subgroup_model,LogisticRegression,40.0,True,3
oligodendrocyte_progenitor_2,__NA__,__NA__,1364,2707737900020100069,oligodendrocyte_progenitor_2,subgroup_model,LogisticRegression,40.0,True,3
oligodendrocyte_2,__NA__,__NA__,1377,2707737900034200090,endothelial,subgroup_model,LogisticRegression,40.0,False,3
microglia,__NA__,__NA__,1383,2707737900046100034,microglia,subgroup_model,LogisticRegression,40.0,True,3
endothelial,__NA__,__NA__,1386,2707737900047100034,endothelial,subgroup_model,LogisticRegression,40.0,True,3
oligodendrocyte_1,__NA__,__NA__,1389,2707737900047200090,oligodendrocyte_1,subgroup_model,LogisticRegression,40.0,True,3
oligodendrocyte_progenitor_2,__NA__,__NA__,1390,2707737900048100079,oligodendrocyte_progenitor_2,subgroup_model,LogisticRegression,40.0,True,3
DH_in_Cdh3,10,inhibitory,1395,2707737900049100193,DH_in_Cdh3,subgroup_model,ExtraTrees,40.0,True,3
endothelial,__NA__,__NA__,1397,2707737900059100053,oligodendrocyte_1,subgroup_model,LogisticRegression,40.0,False,3
oligodendrocyte_1,__NA__,__NA__,1398,2707737900059100120,oligodendrocyte_progenitor_2,subgroup_model,LogisticRegression,40.0,False,3
oligodendrocyte_1,__NA__,__NA__,1400,2707737900060100041,endothelial,subgroup_model,LogisticRegression,40.0,False,3
oligodendrocyte_progenitor_2,__NA__,__NA__,1404,2707737900060200124,oligodendrocyte_progenitor_2,subgroup_model,LogisticRegression,40.0,True,3
MV_ex_Syt2,14,excitatory,1405,2707737900060200159,MV_ex_Syt2,direct_section_EI,,,True,3
DH_ex_Prkcg/Cck,8,excitatory,1411,2707737900063100045,DH_ex_Prkcg/Cck,subgroup_model,RandomForest,10.0,True,3
astrocyte_2,__NA__,__NA__,1414,2707737900063100163,astrocyte_2,subgroup_model,LogisticRegression,40.0,True,3
endothelial,__NA__,__NA__,1418,2707737900074100107,endothelial,subgroup_model,LogisticRegression,40.0,True,3
DM_ex_Zfhx3,11,excitatory,1420,2707737900074100184,DM_ex_Zfhx3,direct_section,,,True,3
endothelial,__NA__,__NA__,1423,2707737900075100161,pericyte,subgroup_model,LogisticRegression,40.0,False,3
astrocyte_2,__NA__,__NA__,1424,2707737900076100027,astrocyte_2,subgroup_model,LogisticRegression,40.0,True,3
endothelial,__NA__,__NA__,1425,2707737900077100049,endothelial,subgroup_model,LogisticRegression,40.0,True,3
oligodendrocyte_2,__NA__,__NA__,1426,2707737900077100122,oligodendrocyte_2,subgroup_model,LogisticRegression,40.0,True,3
oligodendrocyte_2,__NA__,__NA__,1427,2707737900085100037,oligodendrocyte_2,subgroup_model,LogisticRegression,40.0,True,3
MV_in_Gabra1,16,inhibitory,1432,2707737900087100090,MV_in_Gabra1,direct_section,,,True,3
oligodendrocyte_progenitor_2,__NA__,__NA__,1433,2707737900087100110,oligodendrocyte_progenitor_2,subgroup_model,LogisticRegression,40.0,True,3
MV_ex_Shox2,18,excitatory,1435,2707737900087100192,MV_ex_Shox2,direct_section,,,True,3
DH_ex_Reln/Nmur2,3,excitatory,1439,2707737900089200051,DH_ex_Reln/Nmur2,subgroup_model,ExtraTrees,5.0,True,3
DH_ex_Grpr,2,excitatory,1440,2707737900090100167,DH_ex_Grpr,subgroup_model,LogisticRegression,1.0,True,3
meninges_2,__NA__,__NA__,1442,2707737900095200015,pericyte,subgroup_model,LogisticRegression,40.0,False,3
astrocyte_1,__NA__,__NA__,1445,2707737900098100134,meninges_1,subgroup_model,LogisticRegression,40.0,False,3
astrocyte_1,__NA__,__NA__,1447,2707737900099100094,astrocyte_1,subgroup_model,LogisticRegression,40.0,True,3
M_ex_Vsx2/Shox2,20,excitatory,1452,2707737900100100056,M_ex_Vsx2/Shox2,subgroup_model,LogisticRegression,1.0,True,3
astrocyte_1,__NA__,__NA__,1456,2707737900101100037,oligodendrocyte_1,subgroup_model,LogisticRegression,40.0,False,3
endothelial,__NA__,__NA__,1467,2707737900112100028,oligodendrocyte_1,subgroup_model,LogisticRegression,40.0,False,3
oligodendrocyte_1,__NA__,__NA__,1468,2707737900112100126,oligodendrocyte_2,subgroup_model,LogisticRegression,40.0,False,3
oligodendrocyte_2,__NA__,__NA__,1473,2707737900119100055,oligodendrocyte_2,subgroup_model,LogisticRegression,40.0,True,3
oligodendrocyte_2,__NA__,__NA__,1476,2707737900121100149,oligodendrocyte_2,subgroup_model,LogisticRegression,40.0,True,3
oligodendrocyte_2,__NA__,__NA__,1478,2707737900126100032,oligodendrocyte_2,subgroup_model,LogisticRegression,40.0,True,3
gamma_motoneuron,22,__NA__,1480,2707737900132100020,gamma_motoneuron,subgroup_model,LogisticRegression,5.0,True,3
oligodendrocyte_progenitor_2,__NA__,__NA__,1485,2707737900133100157,oligodendrocyte_progenitor_2,subgroup_model,LogisticRegression,40.0,True,3
MV_in_Gm26673,19,inhibitory,1487,2707737900133100218,MV_in_Gm26673,subgroup_model,LogisticRegression,5.0,True,3
DH_in_Rorb,7,inhibitory,1489,2707737900134100133,DH_in_Rorb,direct_section,,,True,3
oligodendrocyte_1,__NA__,__NA__,1490,2707737900134100140,endothelial,subgroup_model,LogisticRegression,40.0,False,3
astrocyte_2,__NA__,__NA__,1492,2707737900135100028,astrocyte_2,subgroup_model,LogisticRegression,40.0,True,3
DH_in_Rorb,7,inhibitory,1502,2707737900147100271,DH_in_Rorb,direct_section,,,True,3
oligodendrocyte_1,__NA__,__NA__,1504,2726542200027100086,pericyte,subgroup_model,LogisticRegression,40.0,False,3
MV_in_Sema5b,15,inhibitory,1506,2726543700068100121,MV_in_Sema5b,direct_section,,,True,3
oligodendrocyte_1,__NA__,__NA__,1510,2726543700099100088,oligodendrocyte_1,subgroup_model,LogisticRegression,40.0,True,3
astrocyte_1,__NA__,__NA__,1513,2726543700142100084,endothelial,subgroup_model,LogisticRegression,40.0,False,3
endothelial,__NA__,__NA__,1522,2726543700196100153,oligodendrocyte_1,subgroup_model,LogisticRegression,40.0,False,3
DH_ex_Maf/Slc17a8,10,excitatory,1524,2726543700226100102,DH_ex_Rreb1,subgroup_model,LogisticRegression,20.0,False,3
oligodendrocyte_precursor_cell,__NA__,__NA__,1528,2726543700227100336,oligodendrocyte_precursor_cell,subgroup_model,LogisticRegression,40.0,True,3
oligodendrocyte_1,__NA__,__NA__,1535,2726543700432100217,endothelial,subgroup_model,LogisticRegression,40.0,False,3
DM_ex_Zfhx3,11,excitatory,1542,2726543700467100137,DM_ex_Zfhx3,direct_section,,,True,3
oligodendrocyte_progenitor_2,__NA__,__NA__,1545,2726544200026100065,astrocyte_1,subgroup_model,LogisticRegression,40.0,False,3
oligodendrocyte_1,__NA__,__NA__,1549,2726544200046100231,oligodendrocyte_1,subgroup_model,LogisticRegression,40.0,True,3
oligodendrocyte_precursor_cell,__NA__,__NA__,1550,2726544200048100036,oligodendrocyte_1,subgroup_model,LogisticRegression,40.0,False,3
MV_in_Gabra1,16,inhibitory,1551,2726544200048100247,MV_in_Gabra1,direct_section,,,True,3
DH_ex_Tac2,8,excitatory,1554,2726544200059100062,DH_ex_Tac2,subgroup_model,RandomForest,10.0,True,3
beta_motoneuron,22,__NA__,1558,2726544600003100080,beta_motoneuron,subgroup_model,LogisticRegression,5.0,True,3
oligodendrocyte_precursor_cell,__NA__,__NA__,1561,2726544600028100160,oligodendrocyte_precursor_cell,subgroup_model,LogisticRegression,40.0,True,3
MV_in_Sema5b,15,inhibitory,1562,2726544600029100053,MV_in_Sema5b,direct_section,,,True,3
endothelial,__NA__,__NA__,1563,2726544600029100174,oligodendrocyte_precursor_cell,subgroup_model,LogisticRegression,40.0,False,3
oligodendrocyte_progenitor_2,__NA__,__NA__,1570,2726544600055100158,oligodendrocyte_1,subgroup_model,LogisticRegression,40.0,False,3
oligodendrocyte_1,__NA__,__NA__,1571,2726544600056100123,oligodendrocyte_precursor_cell,subgroup_model,LogisticRegression,40.0,False,3
oligodendrocyte_precursor_cell,__NA__,__NA__,1572,2726544600107200114,microglia,subgroup_model,LogisticRegression,40.0,False,3
oligodendrocyte_progenitor_2,__NA__,__NA__,1577,2726544600219100135,oligodendrocyte_2,subgroup_model,LogisticRegression,40.0,False,3
meninges_2,__NA__,__NA__,1579,2726544600273200013,meninges_3,subgroup_model,LogisticRegression,40.0,False,3
DM_ex_Zfhx3,11,excitatory,1582,2726544600383100057,DM_ex_Zfhx3,direct_section,,,True,3
MV_in_Gm26673,19,inhibitory,1588,2726544600431100024,MV_in_Gm26673,subgroup_model,LogisticRegression,5.0,True,3
oligodendrocyte_precursor_cell,__NA__,__NA__,1592,2726544600432100029,oligodendrocyte_precursor_cell,subgroup_model,LogisticRegression,40.0,True,3
endothelial,__NA__,__NA__,1593,2726544600435100028,astrocyte_1,subgroup_model,LogisticRegression,40.0,False,3
DH_in_Rorb,7,inhibitory,1594,2726544600455100090,DH_in_Rorb,direct_section,,,True,3
astrocyte_1,__NA__,__NA__,1597,2726544600457100040,oligodendrocyte_precursor_cell,subgroup_model,LogisticRegression,40.0,False,3
oligodendrocyte_1,__NA__,__NA__,1606,2726562700199100138,oligodendrocyte_precursor_cell,subgroup_model,LogisticRegression,40.0,False,3
DH_ex_Rreb1,10,excitatory,1607,2726562700214100153,DH_ex_Maf/Cck,subgroup_model,LogisticRegression,20.0,False,3
oligodendrocyte_precursor_cell,__NA__,__NA__,1611,2726562700216100124,oligodendrocyte_precursor_cell,subgroup_model,LogisticRegression,40.0,True,3
DM_ex_Zfhx3,11,excitatory,1612,2726562700233100049,DM_ex_Zfhx3,direct_section,,,True,3
oligodendrocyte_1,__NA__,__NA__,1617,2726562700255100233,oligodendrocyte_1,subgroup_model,LogisticRegression,40.0,True,3
DM_ex_Zfhx3,11,excitatory,1619,2726562700257100043,DM_ex_Zfhx3,direct_section,,,True,3
oligodendrocyte_1,__NA__,__NA__,1620,2726562700257100091,oligodendrocyte_1,subgroup_model,LogisticRegression,40.0,True,3
MV_in_Esrrb,14,inhibitory,1626,2726562800059100191,MV_in_Esrrb,direct_section_EI,,,True,3
oligodendrocyte_1,__NA__,__NA__,1628,2726562800078100055,pericyte,subgroup_model,LogisticRegression,40.0,False,3
astrocyte_1,__NA__,__NA__,1630,2726562800098100274,astrocyte_2,subgroup_model,LogisticRegression,40.0,False,3
oligodendrocyte_progenitor_2,__NA__,__NA__,1634,2726562800241100012,astrocyte_1,subgroup_model,LogisticRegression,40.0,False,3
DH_in_Pdyn,2,inhibitory,1636,2726562800258100105,DH_in_Pdyn,direct_section_EI,,,True,3
DH_ex_Reln/Nmur2,3,excitatory,1640,2787445900013100011,DH_ex_Reln/Nmur2,subgroup_model,ExtraTrees,5.0,True,3
DM_ex_Zfhx3,11,excitatory,1651,2787445900051100210,DM_ex_Zfhx3,direct_section,,,True,3
endothelial,__NA__,__NA__,1652,2787445900052100057,endothelial,subgroup_model,LogisticRegression,40.0,True,3
DH_ex_Sox5,5,excitatory,1653,2787445900052100108,DH_ex_Sox5,subgroup_model,LogisticRegression,1.0,True,3
MV_in_Gabra1,16,inhibitory,1661,2787445900088100032,MV_in_Gabra1,direct_section,,,True,3
astrocyte_1,__NA__,__NA__,1664,2787445900088100188,astrocyte_1,subgroup_model,LogisticRegression,40.0,True,3
DH_ex_Maf/Cck,10,excitatory,1669,2787445900090100024,DH_ex_Maf/Slc17a8,subgroup_model,LogisticRegression,20.0,False,3
DH_ex_Grpr,2,excitatory,1674,2787445900094100050,DH_ex_Grpr,subgroup_model,LogisticRegression,1.0,True,3
astrocyte_1,__NA__,__NA__,1676,2787445900094100143,astrocyte_2,subgroup_model,LogisticRegression,40.0,False,3
oligodendrocyte_progenitor_2,__NA__,__NA__,1680,2787445900095100103,oligodendrocyte_2,subgroup_model,LogisticRegression,40.0,False,3
astrocyte_2,__NA__,__NA__,1681,2787445900096100030,endothelial,subgroup_model,LogisticRegression,40.0,False,3
DH_ex_Reln/Nmur2,3,excitatory,1682,2787445900097100031,DH_ex_Reln/Nmur2,subgroup_model,ExtraTrees,5.0,True,3
DH_in_Pdyn/Gal,5,inhibitory,1683,2787445900097100032,DH_in_Pdyn/Gal,direct_section_EI,,,True,3
DH_in_Pdyn/Gal,5,inhibitory,1684,2787445900097100044,DH_in_Pdyn/Gal,direct_section_EI,,,True,3
DH_ex_Cpne4,3,excitatory,1685,2787445900097100091,DH_ex_Reln/Nmur2,subgroup_model,ExtraTrees,5.0,False,3
oligodendrocyte_progenitor_2,__NA__,__NA__,1688,2787445900097100218,oligodendrocyte_progenitor_2,subgroup_model,LogisticRegression,40.0,True,3
DM_ex_Zfhx3,11,excitatory,1695,2787445900098100147,DM_ex_Zfhx3,direct_section,,,True,3
oligodendrocyte_progenitor_2,__NA__,__NA__,1699,2787445900124100012,oligodendrocyte_progenitor_2,subgroup_model,LogisticRegression,40.0,True,3
endothelial,__NA__,__NA__,1701,2787445900125100022,endothelial,subgroup_model,LogisticRegression,40.0,True,3
DH_in_Npy2r,9,inhibitory,1709,2787445900127100017,DH_in_Npy2r,subgroup_model,RandomForest,5.0,True,3
meninges_1,__NA__,__NA__,1716,2787445900130100076,meninges_3,subgroup_model,LogisticRegression,40.0,False,3
DH_ex_Maf/Cck,10,excitatory,1722,2787445900131100144,DH_ex_Maf/Slc17a8,subgroup_model,LogisticRegression,20.0,False,3
oligodendrocyte_1,__NA__,__NA__,1726,2787445900134100141,oligodendrocyte_1,subgroup_model,LogisticRegression,40.0,True,3
oligodendrocyte_1,__NA__,__NA__,1728,2787445900134100265,meninges_3,subgroup_model,LogisticRegression,40.0,False,3
DM_ex_Zfhx3,11,excitatory,1730,2787445900156100017,DM_ex_Zfhx3,direct_section,,,True,3
MV_ex_Syt2,14,excitatory,1734,2787445900162100160,MV_ex_Syt2,direct_section_EI,,,True,3
MV_ex_Syt2,14,excitatory,1735,2787445900162200068,MV_ex_Syt2,direct_section_EI,,,True,3
oligodendrocyte_2,__NA__,__NA__,1743,2787445900167100081,oligodendrocyte_2,subgroup_model,LogisticRegression,40.0,True,3
astrocyte_1,__NA__,__NA__,1745,2787445900168100033,oligodendrocyte_progenitor_1,subgroup_model,LogisticRegression,40.0,False,3
astrocyte_1,__NA__,__NA__,1748,2787445900169100259,astrocyte_1,subgroup_model,LogisticRegression,40.0,True,3
DH_in_Cdh3,10,inhibitory,1749,2787445900170100032,DH_in_Cdh3,subgroup_model,ExtraTrees,40.0,True,3
MV_in_Gabra1,16,inhibitory,1750,2787445900170100133,MV_in_Gabra1,direct_section,,,True,3
endothelial,__NA__,__NA__,1753,2787445900172100012,endothelial,subgroup_model,LogisticRegression,40.0,True,3
oligodendrocyte_progenitor_2,__NA__,__NA__,1756,2787445900173100031,endothelial,subgroup_model,LogisticRegression,40.0,False,3
astrocyte_2,__NA__,__NA__,1760,2787445900173100064,astrocyte_2,subgroup_model,LogisticRegression,40.0,True,3
DH_in_Rorb,7,inhibitory,1763,2787445900194100031,DH_in_Rorb,direct_section,,,True,3
oligodendrocyte_2,__NA__,__NA__,1764,2787445900195100041,oligodendrocyte_2,subgroup_model,LogisticRegression,40.0,True,3
oligodendrocyte_2,__NA__,__NA__,1772,2787445900200100182,oligodendrocyte_2,subgroup_model,LogisticRegression,40.0,True,3
oligodendrocyte_2,__NA__,__NA__,1774,2787445900200100196,oligodendrocyte_2,subgroup_model,LogisticRegression,40.0,True,3
oligodendrocyte_2,__NA__,__NA__,1775,2787445900200200058,oligodendrocyte_2,subgroup_model,LogisticRegression,40.0,True,3
endothelial,__NA__,__NA__,1778,2787445900202100061,microglia,subgroup_model,LogisticRegression,40.0,False,3
astrocyte_2,__NA__,__NA__,1780,2787445900204100037,astrocyte_2,subgroup_model,LogisticRegression,40.0,True,3
astrocyte_2,__NA__,__NA__,1781,2787445900204100050,astrocyte_2,subgroup_model,LogisticRegression,40.0,True,3
astrocyte_1,__NA__,__NA__,1789,2787445900206100256,oligodendrocyte_1,subgroup_model,LogisticRegression,40.0,False,3
DH_in_Cdh3,10,inhibitory,1790,2787445900207100045,DH_in_Cdh3,subgroup_model,ExtraTrees,40.0,True,3
alpha_motoneuron,22,__NA__,1796,2787445900209100186,beta_motoneuron,subgroup_model,LogisticRegression,5.0,False,3
oligodendrocyte_1,__NA__,__NA__,1799,2787445900210100079,oligodendrocyte_1,subgroup_model,LogisticRegression,40.0,True,3
oligodendrocyte_progenitor_2,__NA__,__NA__,1802,2787445900224100171,oligodendrocyte_progenitor_2,subgroup_model,LogisticRegression,40.0,True,3
MV_in_Esrrb,14,inhibitory,1803,2787445900224100201,MV_in_Esrrb,direct_section_EI,,,True,3
astrocyte_1,__NA__,__NA__,1807,2787445900225100147,astrocyte_1,subgroup_model,LogisticRegression,40.0,True,3
DM_ex_Zfhx3,11,excitatory,1814,2787445900228100112,DM_ex_Zfhx3,direct_section,,,True,3
alpha_motoneuron,22,__NA__,1825,2787445900242100084,beta_motoneuron,subgroup_model,LogisticRegression,5.0,False,3
MV_in_Chrna2,19,inhibitory,1827,2787445900242100210,MV_in_Chrna2,subgroup_model,LogisticRegression,5.0,True,3
alpha_motoneuron,22,__NA__,1828,2787445900243100030,alpha_motoneuron,subgroup_model,LogisticRegression,5.0,True,3
oligodendrocyte_1,__NA__,__NA__,1830,2787445900243100229,oligodendrocyte_1,subgroup_model,LogisticRegression,40.0,True,3
meninges_1,__NA__,__NA__,1836,2787445900248100047,meninges_2,subgroup_model,LogisticRegression,40.0,False,3
DH_ex_Reln/Npff,1,excitatory,1840,2787445900248200033,DH_ex_Reln/Npff,direct_section,,,True,3
oligodendrocyte_2,__NA__,__NA__,1844,2787445900250100110,oligodendrocyte_2,subgroup_model,LogisticRegression,40.0,True,3
oligodendrocyte_progenitor_2,__NA__,__NA__,1845,2787445900250100130,oligodendrocyte_progenitor_2,subgroup_model,LogisticRegression,40.0,True,3
oligodendrocyte_2,__NA__,__NA__,1846,2787445900250100157,oligodendrocyte_2,subgroup_model,LogisticRegression,40.0,True,3
oligodendrocyte_2,__NA__,__NA__,1847,2787445900250100184,oligodendrocyte_2,subgroup_model,LogisticRegression,40.0,True,3
oligodendrocyte_2,__NA__,__NA__,1849,2787445900251100108,oligodendrocyte_2,subgroup_model,LogisticRegression,40.0,True,3
DH_in_Pdyn/Gal,5,inhibitory,1852,2787445900252100041,DH_in_Pdyn/Gal,direct_section_EI,,,True,3
DH_in_Pdyn,2,inhibitory,1853,2787445900252100057,DH_in_Pdyn,direct_section_EI,,,True,3
DH_ex_Nmu/Tac2,8,excitatory,1855,2787445900252100131,DH_ex_Nmu/Tac2,subgroup_model,RandomForest,10.0,True,3
DH_ex_Prkcg/Cck,8,excitatory,1857,2787445900252100162,DH_ex_Nmu/Tac2,subgroup_model,RandomForest,10.0,False,3
DH_ex_Nmu/Tac2,8,excitatory,1862,2787445900253100069,DH_ex_Nmu/Tac2,subgroup_model,RandomForest,10.0,True,3
DH_in_Rorb,7,inhibitory,1863,2787445900253100102,DH_in_Rorb,direct_section,,,True,3
DH_ex_Nmu/Tac2,8,excitatory,1867,2787445900253100272,DH_ex_Nmu/Tac2,subgroup_model,RandomForest,10.0,True,3
DH_ex_Maf/Cck,10,excitatory,1868,2787445900253100301,DH_ex_Rreb1,subgroup_model,LogisticRegression,20.0,False,3
oligodendrocyte_progenitor_2,__NA__,__NA__,1869,2787445900253100357,oligodendrocyte_progenitor_2,subgroup_model,LogisticRegression,40.0,True,3
oligodendrocyte_2,__NA__,__NA__,1870,2787445900254100097,oligodendrocyte_2,subgroup_model,LogisticRegression,40.0,True,3
oligodendrocyte_progenitor_1,__NA__,__NA__,1871,2787445900254100099,oligodendrocyte_precursor_cell,subgroup_model,LogisticRegression,40.0,False,3
DH_ex_Prkcg/Rxfp1,6,excitatory,1872,2787445900254100210,DH_ex_Grp,subgroup_model,LogisticRegression,5.0,False,3
MV_ex_Syt2,14,excitatory,1877,2787445900261100124,MV_ex_Syt2,direct_section_EI,,,True,3
astrocyte_1,__NA__,__NA__,1878,2787445900262100029,astrocyte_1,subgroup_model,LogisticRegression,40.0,True,3
astrocyte_1,__NA__,__NA__,1882,2787445900263100160,astrocyte_1,subgroup_model,LogisticRegression,40.0,True,3
DH_ex_Sox5,5,excitatory,1884,2787445900264100127,DH_ex_Sox5/Tac1,subgroup_model,LogisticRegression,1.0,False,3
astrocyte_2,__NA__,__NA__,1885,2787445900264100145,astrocyte_2,subgroup_model,LogisticRegression,40.0,True,3
peripheral_glia,__NA__,__NA__,1890,2787445900265100127,Schwann_cell,subgroup_model,LogisticRegression,40.0,False,3
DH_ex_Tac2,8,excitatory,1892,2787445900265100150,DH_ex_Tac2,subgroup_model,RandomForest,10.0,True,3
DH_ex_Tac2,8,excitatory,1893,2787445900265100216,DH_ex_Tac2,subgroup_model,RandomForest,10.0,True,3
astrocyte_2,__NA__,__NA__,1895,2787445900265100296,astrocyte_2,subgroup_model,LogisticRegression,40.0,True,3
DH_in_Klhl14,10,inhibitory,1896,2787445900266200023,DH_in_Klhl14,subgroup_model,ExtraTrees,40.0,True,3
MV_in_Sema5b,15,inhibitory,1898,2787445900267100193,MV_in_Sema5b,direct_section,,,True,3
oligodendrocyte_2,__NA__,__NA__,1902,2787445900281100048,oligodendrocyte_2,subgroup_model,LogisticRegression,40.0,True,3
astrocyte_1,__NA__,__NA__,1904,2787445900284100038,pericyte,subgroup_model,LogisticRegression,40.0,False,3
DH_in_Kcnip2,9,inhibitory,1908,2787445900285100072,DH_in_Npy2r,subgroup_model,RandomForest,5.0,False,3
DH_ex_Gpr83,2,excitatory,1909,2787445900285100078,DH_ex_Grpr,subgroup_model,LogisticRegression,1.0,False,3
astrocyte_1,__NA__,__NA__,1911,2787445900285100188,astrocyte_1,subgroup_model,LogisticRegression,40.0,True,3
oligodendrocyte_progenitor_2,__NA__,__NA__,1921,2787445900287100091,oligodendrocyte_progenitor_2,subgroup_model,LogisticRegression,40.0,True,3
DH_ex_Sox5,5,excitatory,1923,2787445900288100010,DH_ex_Sox5,subgroup_model,LogisticRegression,1.0,True,3
M_in_Tfap2b,12,inhibitory,1927,2787445900288100242,M_in_Tfap2b,direct_section,,,True,3
oligodendrocyte_progenitor_2,__NA__,__NA__,1935,2787445900290100088,oligodendrocyte_1,subgroup_model,LogisticRegression,40.0,False,3
oligodendrocyte_progenitor_2,__NA__,__NA__,1936,2787445900290100090,oligodendrocyte_1,subgroup_model,LogisticRegression,40.0,False,3
oligodendrocyte_progenitor_2,__NA__,__NA__,1937,2787445900290100129,oligodendrocyte_1,subgroup_model,LogisticRegression,40.0,False,3
oligodendrocyte_precursor_cell,__NA__,__NA__,1939,2787445900290100178,oligodendrocyte_precursor_cell,subgroup_model,LogisticRegression,40.0,True,3
pericyte,__NA__,__NA__,1941,2787445900290100191,endothelial,subgroup_model,LogisticRegression,40.0,False,3
oligodendrocyte_2,__NA__,__NA__,1942,2787445900291100070,oligodendrocyte_2,subgroup_model,LogisticRegression,40.0,True,3
peripheral_glia,__NA__,__NA__,1945,2787445900292100108,oligodendrocyte_2,subgroup_model,LogisticRegression,40.0,False,3
oligodendrocyte_progenitor_2,__NA__,__NA__,1949,2787445900297100022,oligodendrocyte_1,subgroup_model,LogisticRegression,40.0,False,3
oligodendrocyte_1,__NA__,__NA__,1951,2787445900298100111,oligodendrocyte_progenitor_2,subgroup_model,LogisticRegression,40.0,False,3
DH_ex_Prkcg/Cck,8,excitatory,1954,2787445900301100029,DH_ex_Prkcg/Cck,subgroup_model,RandomForest,10.0,True,3
astrocyte_1,__NA__,__NA__,1965,2787445900321100131,astrocyte_2,subgroup_model,LogisticRegression,40.0,False,3
astrocyte_1,__NA__,__NA__,1966,2787445900322100033,oligodendrocyte_precursor_cell,subgroup_model,LogisticRegression,40.0,False,3
endothelial,__NA__,__NA__,1967,2787445900322100059,pericyte,subgroup_model,LogisticRegression,40.0,False,3
oligodendrocyte_progenitor_2,__NA__,__NA__,1969,2787445900322100096,oligodendrocyte_progenitor_2,subgroup_model,LogisticRegression,40.0,True,3
oligodendrocyte_progenitor_2,__NA__,__NA__,1974,2787445900323100118,oligodendrocyte_progenitor_2,subgroup_model,LogisticRegression,40.0,True,3
astrocyte_1,__NA__,__NA__,1976,2787445900323200094,astrocyte_1,subgroup_model,LogisticRegression,40.0,True,3
endothelial,__NA__,__NA__,1978,2787445900324100101,pericyte,subgroup_model,LogisticRegression,40.0,False,3
oligodendrocyte_progenitor_2,__NA__,__NA__,1983,2787445900324100313,astrocyte_1,subgroup_model,LogisticRegression,40.0,False,3
oligodendrocyte_precursor_cell,__NA__,__NA__,1988,2787445900325100219,astrocyte_1,subgroup_model,LogisticRegression,40.0,False,3
endothelial,__NA__,__NA__,1989,2787445900326100037,endothelial,subgroup_model,LogisticRegression,40.0,True,3
oligodendrocyte_2,__NA__,__NA__,1994,2787445900326100236,oligodendrocyte_2,subgroup_model,LogisticRegression,40.0,True,3
oligodendrocyte_progenitor_2,__NA__,__NA__,1996,2787445900327100093,oligodendrocyte_progenitor_2,subgroup_model,LogisticRegression,40.0,True,3
endothelial,__NA__,__NA__,1997,2787445900327100116,pericyte,subgroup_model,LogisticRegression,40.0,False,3
astrocyte_1,__NA__,__NA__,1999,2787445900327100153,astrocyte_1,subgroup_model,LogisticRegression,40.0,True,3
DH_ex_Grpr,2,excitatory,2006,2787445900330200031,DH_ex_Grpr,subgroup_model,LogisticRegression,1.0,True,3
oligodendrocyte_2,__NA__,__NA__,2025,2787445900358100017,oligodendrocyte_2,subgroup_model,LogisticRegression,40.0,True,3
oligodendrocyte_progenitor_1,__NA__,__NA__,2026,2787445900358100094,oligodendrocyte_progenitor_1,subgroup_model,LogisticRegression,40.0,True,3
astrocyte_1,__NA__,__NA__,2027,2787445900358100121,astrocyte_1,subgroup_model,LogisticRegression,40.0,True,3
oligodendrocyte_progenitor_2,__NA__,__NA__,2029,2787445900359100085,oligodendrocyte_1,subgroup_model,LogisticRegression,40.0,False,3
oligodendrocyte_precursor_cell,__NA__,__NA__,2034,2787445900360100047,oligodendrocyte_progenitor_1,subgroup_model,LogisticRegression,40.0,False,3
oligodendrocyte_progenitor_2,__NA__,__NA__,2035,2787445900360100061,oligodendrocyte_1,subgroup_model,LogisticRegression,40.0,False,3
astrocyte_1,__NA__,__NA__,2041,2787445900361100178,oligodendrocyte_precursor_cell,subgroup_model,LogisticRegression,40.0,False,3
MV_ex_Syt2,14,excitatory,2043,2787445900361100230,MV_ex_Syt2,direct_section_EI,,,True,3
MV_in_Gabra1,16,inhibitory,2051,2787445900363100091,MV_in_Gabra1,direct_section,,,True,3
oligodendrocyte_progenitor_2,__NA__,__NA__,2057,2787445900364100174,oligodendrocyte_1,subgroup_model,LogisticRegression,40.0,False,3
astrocyte_2,__NA__,__NA__,2059,2787445900365100030,pericyte,subgroup_model,LogisticRegression,40.0,False,3
oligodendrocyte_progenitor_2,__NA__,__NA__,2060,2787445900365100102,oligodendrocyte_progenitor_2,subgroup_model,LogisticRegression,40.0,True,3
DH_ex_Nmu/Tac2,8,excitatory,2065,2787445900367100123,DH_ex_Nmu/Tac2,subgroup_model,RandomForest,10.0,True,3
oligodendrocyte_progenitor_2,__NA__,__NA__,2077,2787445900390100101,oligodendrocyte_progenitor_2,subgroup_model,LogisticRegression,40.0,True,3
oligodendrocyte_2,__NA__,__NA__,2078,2787445900390100163,oligodendrocyte_2,subgroup_model,LogisticRegression,40.0,True,3
endothelial,__NA__,__NA__,2084,2787445900396100018,endothelial,subgroup_model,LogisticRegression,40.0,True,3
endothelial,__NA__,__NA__,2085,2787445900396100064,endothelial,subgroup_model,LogisticRegression,40.0,True,3
alpha_motoneuron,22,__NA__,2088,2787445900396100208,alpha_motoneuron,subgroup_model,LogisticRegression,5.0,True,3
astrocyte_1,__NA__,__NA__,2089,2787445900396100210,astrocyte_1,subgroup_model,LogisticRegression,40.0,True,3
oligodendrocyte_precursor_cell,__NA__,__NA__,2090,2787445900396100248,oligodendrocyte_progenitor_1,subgroup_model,LogisticRegression,40.0,False,3
gamma_motoneuron,22,__NA__,2096,2787445900397100130,gamma_motoneuron,subgroup_model,LogisticRegression,5.0,True,3
oligodendrocyte_2,__NA__,__NA__,2101,2787445900398100116,oligodendrocyte_2,subgroup_model,LogisticRegression,40.0,True,3
oligodendrocyte_2,__NA__,__NA__,2106,2787445900399100183,oligodendrocyte_2,subgroup_model,LogisticRegression,40.0,True,3
MV_in_Esrrb,14,inhibitory,2109,2787445900400100117,MV_in_Esrrb,direct_section_EI,,,True,3
endothelial,__NA__,__NA__,2111,2787445900401100076,endothelial,subgroup_model,LogisticRegression,40.0,True,3
astrocyte_1,__NA__,__NA__,2120,2787445900425100195,astrocyte_1,subgroup_model,LogisticRegression,40.0,True,3
astrocyte_1,__NA__,__NA__,2124,2787445900426100052,endothelial,subgroup_model,LogisticRegression,40.0,False,3
DH_in_Klhl14,10,inhibitory,2125,2787445900426100072,DH_in_Cdh3,subgroup_model,ExtraTrees,40.0,False,3
MV_in_Esrrb,14,inhibitory,2126,2787445900426100101,MV_in_Esrrb,direct_section_EI,,,True,3
MV_in_Gabra1,16,inhibitory,2127,2787445900426100129,MV_in_Gabra1,direct_section,,,True,3
oligodendrocyte_2,__NA__,__NA__,2135,2787445900432100113,oligodendrocyte_2,subgroup_model,LogisticRegression,40.0,True,3
endothelial,__NA__,__NA__,2150,2787445900462100164,endothelial,subgroup_model,LogisticRegression,40.0,True,3
MV_in_Sema5b,15,inhibitory,2151,2787445900462100171,MV_in_Sema5b,direct_section,,,True,3
MV_in_Esrrb,14,inhibitory,2159,2787445900499100028,MV_in_Esrrb,direct_section_EI,,,True,3
DH_ex_Sox5/Tac1,5,excitatory,2160,2787445900499100076,DH_ex_Sox5/Tac1,subgroup_model,LogisticRegression,1.0,True,3
meninges_1,__NA__,__NA__,2166,2787445900509100078,meninges_1,subgroup_model,LogisticRegression,40.0,True,3
meninges_1,__NA__,__NA__,2167,2787445900510100019,meninges_1,subgroup_model,LogisticRegression,40.0,True,3
oligodendrocyte_progenitor_2,__NA__,__NA__,2169,2787445900511100010,oligodendrocyte_progenitor_2,subgroup_model,LogisticRegression,40.0,True,3
astrocyte_2,__NA__,__NA__,2170,2787445900512100017,astrocyte_2,subgroup_model,LogisticRegression,40.0,True,3
oligodendrocyte_progenitor_2,__NA__,__NA__,2177,2787445900545100063,astrocyte_2,subgroup_model,LogisticRegression,40.0,False,3
DH_in_Npy,4,inhibitory,2178,2787445900545100071,DH_in_Npy,subgroup_model,LogisticRegression,1.0,True,3
DH_ex_Prkcg/Rxfp1,6,excitatory,2179,2787445900545100074,DH_ex_Grp,subgroup_model,LogisticRegression,5.0,False,3
DH_ex_Nmu/Tac2,8,excitatory,2182,2787445900545100198,DH_ex_Nmu/Tac2,subgroup_model,RandomForest,10.0,True,3
astrocyte_2,__NA__,__NA__,2184,2787445900545200035,oligodendrocyte_progenitor_2,subgroup_model,LogisticRegression,40.0,False,3
astrocyte_2,__NA__,__NA__,2187,2787445900546100064,astrocyte_2,subgroup_model,LogisticRegression,40.0,True,3
DH_ex_Reln/Nmur2,3,excitatory,2188,2787445900546100109,DH_ex_Reln/Nmur2,subgroup_model,ExtraTrees,5.0,True,3
astrocyte_1,__NA__,__NA__,2191,2787445900546100147,astrocyte_1,subgroup_model,LogisticRegression,40.0,True,3
microglia,__NA__,__NA__,2202,2787445900549100198,microglia,subgroup_model,LogisticRegression,40.0,True,3
oligodendrocyte_progenitor_2,__NA__,__NA__,2204,2787445900550100068,oligodendrocyte_progenitor_2,subgroup_model,LogisticRegression,40.0,True,3
meninges_1,__NA__,__NA__,2213,2787445900580100037,meninges_2,subgroup_model,LogisticRegression,40.0,False,3
oligodendrocyte_2,__NA__,__NA__,2214,2787445900580100053,oligodendrocyte_2,subgroup_model,LogisticRegression,40.0,True,3
oligodendrocyte_progenitor_2,__NA__,__NA__,2215,2787445900580100145,astrocyte_2,subgroup_model,LogisticRegression,40.0,False,3
endothelial,__NA__,__NA__,2216,2787445900581100044,endothelial,subgroup_model,LogisticRegression,40.0,True,3
endothelial,__NA__,__NA__,2217,2787445900581100113,pericyte,subgroup_model,LogisticRegression,40.0,False,3
oligodendrocyte_2,__NA__,__NA__,2219,2787445900581100192,oligodendrocyte_2,subgroup_model,LogisticRegression,40.0,True,3
MV_in_Gabra1,16,inhibitory,2226,2787445900583100189,MV_in_Gabra1,direct_section,,,True,3
MV_ex_Shox2,18,excitatory,2229,2787445900583100216,MV_ex_Shox2,direct_section,,,True,3
astrocyte_2,__NA__,__NA__,2231,2787445900584100022,oligodendrocyte_progenitor_2,subgroup_model,LogisticRegression,40.0,False,3
oligodendrocyte_2,__NA__,__NA__,2243,2787445900587100057,oligodendrocyte_2,subgroup_model,LogisticRegression,40.0,True,3
MV_in_Sema5b,15,inhibitory,2248,2787445900597100077,MV_in_Sema5b,direct_section,,,True,3
oligodendrocyte_progenitor_2,__NA__,__NA__,2249,2787445900597100100,oligodendrocyte_1,subgroup_model,LogisticRegression,40.0,False,3
Schwann_cell,__NA__,__NA__,2257,2787445900617200024,Schwann_cell,subgroup_model,LogisticRegression,40.0,True,3
astrocyte_1,__NA__,__NA__,2267,2787445900620100087,oligodendrocyte_1,subgroup_model,LogisticRegression,40.0,False,3
MV_in_Gm26673,19,inhibitory,2269,2787445900620100139,MV_in_Gm26673,subgroup_model,LogisticRegression,5.0,True,3
astrocyte_1,__NA__,__NA__,2272,2787445900620100233,endothelial,subgroup_model,LogisticRegression,40.0,False,3
endothelial,__NA__,__NA__,2275,2787445900621100235,pericyte,subgroup_model,LogisticRegression,40.0,False,3
endothelial,__NA__,__NA__,2279,2787445900622100025,endothelial,subgroup_model,LogisticRegression,40.0,True,3
MV_ex_Syt2,14,excitatory,2281,2787445900622100096,MV_ex_Syt2,direct_section_EI,,,True,3
endothelial,__NA__,__NA__,2284,2787445900623100048,pericyte,subgroup_model,LogisticRegression,40.0,False,3
astrocyte_2,__NA__,__NA__,2291,2787445900625100109,astrocyte_2,subgroup_model,LogisticRegression,40.0,True,3
astrocyte_2,__NA__,__NA__,2299,2787445900654100063,astrocyte_1,subgroup_model,LogisticRegression,40.0,False,3
oligodendrocyte_2,__NA__,__NA__,2300,2787445900654100075,oligodendrocyte_2,subgroup_model,LogisticRegression,40.0,True,3
astrocyte_1,__NA__,__NA__,2301,2787445900655100067,astrocyte_1,subgroup_model,LogisticRegression,40.0,True,3
astrocyte_1,__NA__,__NA__,2304,2787445900656200007,astrocyte_1,subgroup_model,LogisticRegression,40.0,True,3
oligodendrocyte_progenitor_2,__NA__,__NA__,2308,2787445900657100164,astrocyte_1,subgroup_model,LogisticRegression,40.0,False,3
oligodendrocyte_progenitor_2,__NA__,__NA__,2310,2787445900657100203,oligodendrocyte_precursor_cell,subgroup_model,LogisticRegression,40.0,False,3
pericyte,__NA__,__NA__,2316,2787445900659100089,pericyte,subgroup_model,LogisticRegression,40.0,True,3
endothelial,__NA__,__NA__,2317,2787445900659100165,pericyte,subgroup_model,LogisticRegression,40.0,False,3
oligodendrocyte_progenitor_2,__NA__,__NA__,2320,2787445900659200073,oligodendrocyte_progenitor_2,subgroup_model,LogisticRegression,40.0,True,3
oligodendrocyte_progenitor_2,__NA__,__NA__,2325,2787445900660100214,oligodendrocyte_1,subgroup_model,LogisticRegression,40.0,False,3
oligodendrocyte_2,__NA__,__NA__,2326,2787445900661100019,oligodendrocyte_precursor_cell,subgroup_model,LogisticRegression,40.0,False,3
meninges_2,__NA__,__NA__,2328,2787445900663100025,meninges_2,subgroup_model,LogisticRegression,40.0,True,3
DH_ex_Maf/Slc17a8,10,excitatory,2330,2787445900681100123,DH_ex_Maf/Cck,subgroup_model,LogisticRegression,20.0,False,3
DH_in_Pdyn,2,inhibitory,2334,2787445900682100044,DH_in_Pdyn,direct_section_EI,,,True,3
DH_ex_Maf/Slc17a8,10,excitatory,2335,2787445900682100104,DH_ex_Maf/Cck,subgroup_model,LogisticRegression,20.0,False,3
oligodendrocyte_2,__NA__,__NA__,2336,2787445900682100128,oligodendrocyte_1,subgroup_model,LogisticRegression,40.0,False,3
oligodendrocyte_2,__NA__,__NA__,2341,2787445900685100098,oligodendrocyte_2,subgroup_model,LogisticRegression,40.0,True,3
DH_ex_Tac2,8,excitatory,2344,2787445900686100178,DH_ex_Tac2,subgroup_model,RandomForest,10.0,True,3
DH_ex_Tac2,8,excitatory,2346,2787445900686100244,DH_ex_Tac2,subgroup_model,RandomForest,10.0,True,3
oligodendrocyte_2,__NA__,__NA__,2349,2787445900692100045,oligodendrocyte_2,subgroup_model,LogisticRegression,40.0,True,3
oligodendrocyte_progenitor_2,__NA__,__NA__,2353,2787445900693200024,oligodendrocyte_progenitor_2,subgroup_model,LogisticRegression,40.0,True,3
oligodendrocyte_2,__NA__,__NA__,2358,2787445900695100049,oligodendrocyte_2,subgroup_model,LogisticRegression,40.0,True,3
astrocyte_2,__NA__,__NA__,2359,2787445900695100107,astrocyte_2,subgroup_model,LogisticRegression,40.0,True,3
oligodendrocyte_2,__NA__,__NA__,2361,2787445900695100118,oligodendrocyte_2,subgroup_model,LogisticRegression,40.0,True,3
astrocyte_1,__NA__,__NA__,2362,2787445900696100046,astrocyte_2,subgroup_model,LogisticRegression,40.0,False,3
oligodendrocyte_1,__NA__,__NA__,2364,2787445900698100019,microglia,subgroup_model,LogisticRegression,40.0,False,3
meninges_3,__NA__,__NA__,2367,2787445900700100017,meninges_2,subgroup_model,LogisticRegression,40.0,False,3
oligodendrocyte_2,__NA__,__NA__,2369,2787445900715100108,oligodendrocyte_2,subgroup_model,LogisticRegression,40.0,True,3
oligodendrocyte_progenitor_2,__NA__,__NA__,2372,2787445900716100043,oligodendrocyte_1,subgroup_model,LogisticRegression,40.0,False,3
astrocyte_1,__NA__,__NA__,2375,2787445900717100055,astrocyte_1,subgroup_model,LogisticRegression,40.0,True,3
oligodendrocyte_progenitor_2,__NA__,__NA__,2382,2787445900719100029,astrocyte_2,subgroup_model,LogisticRegression,40.0,False,3
DH_in_Cdh3,10,inhibitory,2391,2787445900725100116,DH_in_Klhl14,subgroup_model,ExtraTrees,40.0,False,3
astrocyte_2,__NA__,__NA__,2393,2787445900726100019,astrocyte_2,subgroup_model,LogisticRegression,40.0,True,3
DH_ex_Tac2,8,excitatory,2394,2787445900726100200,DH_ex_Prkcg/Nts,subgroup_model,RandomForest,10.0,False,3
DH_in_Cdh3,10,inhibitory,2397,2787445900726100281,DH_in_Cdh3,subgroup_model,ExtraTrees,40.0,True,3
oligodendrocyte_progenitor_1,__NA__,__NA__,2400,2787445900731100026,oligodendrocyte_progenitor_1,subgroup_model,LogisticRegression,40.0,True,3
oligodendrocyte_2,__NA__,__NA__,2402,2787445900734100041,oligodendrocyte_2,subgroup_model,LogisticRegression,40.0,True,3
MV_in_Gm26673,19,inhibitory,2404,2787445900751100108,MV_in_Gm26673,subgroup_model,LogisticRegression,5.0,True,3
oligodendrocyte_1,__NA__,__NA__,2407,2787445900752100090,oligodendrocyte_precursor_cell,subgroup_model,LogisticRegression,40.0,False,3
oligodendrocyte_progenitor_2,__NA__,__NA__,2413,2787445900753100144,oligodendrocyte_progenitor_2,subgroup_model,LogisticRegression,40.0,True,3
astrocyte_1,__NA__,__NA__,2416,2787445900754100069,astrocyte_1,subgroup_model,LogisticRegression,40.0,True,3
astrocyte_1,__NA__,__NA__,2417,2787445900754100137,astrocyte_1,subgroup_model,LogisticRegression,40.0,True,3
oligodendrocyte_precursor_cell,__NA__,__NA__,2418,2787445900755100112,oligodendrocyte_progenitor_1,subgroup_model,LogisticRegression,40.0,False,3
MV_in_Gm26673,19,inhibitory,2419,2787445900756100053,MV_in_Chrna2,subgroup_model,LogisticRegression,5.0,False,3
oligodendrocyte_1,__NA__,__NA__,2424,2787445900760100107,endothelial,subgroup_model,LogisticRegression,40.0,False,3
astrocyte_1,__NA__,__NA__,2425,2787445900760100109,astrocyte_1,subgroup_model,LogisticRegression,40.0,True,3
oligodendrocyte_precursor_cell,__NA__,__NA__,2426,2787445900760200114,oligodendrocyte_precursor_cell,subgroup_model,LogisticRegression,40.0,True,3
oligodendrocyte_progenitor_2,__NA__,__NA__,2430,2787445900761100221,oligodendrocyte_progenitor_2,subgroup_model,LogisticRegression,40.0,True,3
DM_ex_Zfhx3,11,excitatory,2433,2787445900762100013,DM_ex_Zfhx3,direct_section,,,True,3
DM_ex_Zfhx3,11,excitatory,2434,2787445900762100101,DM_ex_Zfhx3,direct_section,,,True,3
MV_in_Gabra1,16,inhibitory,2435,2787445900762100106,MV_in_Gabra1,direct_section,,,True,3
meninges_1,__NA__,__NA__,2440,2787445900771100033,meninges_2,subgroup_model,LogisticRegression,40.0,False,3
oligodendrocyte_2,__NA__,__NA__,2443,2787445900787100023,oligodendrocyte_2,subgroup_model,LogisticRegression,40.0,True,3
MV_in_Gm26673,19,inhibitory,2448,2787445900789100079,MV_in_Gm26673,subgroup_model,LogisticRegression,5.0,True,3
endothelial,__NA__,__NA__,2454,2787445900797200064,pericyte,subgroup_model,LogisticRegression,40.0,False,3
meninges_1,__NA__,__NA__,2459,2787445900803100037,meninges_2,subgroup_model,LogisticRegression,40.0,False,3
DH_ex_Gpr83,2,excitatory,2465,2787445900805100011,DH_ex_Grpr,subgroup_model,LogisticRegression,1.0,False,3
DH_ex_Sox5/Tac1,5,excitatory,2468,2787445900805100115,DH_ex_Sox5/Tac1,subgroup_model,LogisticRegression,1.0,True,3
DH_ex_Reln/Nmur2,3,excitatory,2474,2787445900821100164,DH_ex_Reln/Nmur2,subgroup_model,ExtraTrees,5.0,True,3
astrocyte_2,__NA__,__NA__,2475,2787445900822100028,oligodendrocyte_2,subgroup_model,LogisticRegression,40.0,False,3
M_in_Tfap2b,12,inhibitory,2476,2787445900822100139,M_in_Tfap2b,direct_section,,,True,3
oligodendrocyte_1,__NA__,__NA__,2478,2787445900822100190,oligodendrocyte_1,subgroup_model,LogisticRegression,40.0,True,3
DH_ex_Sox5/Tac1,5,excitatory,2480,2787445900823100092,DH_ex_Sox5/Tac1,subgroup_model,LogisticRegression,1.0,True,3
DH_ex_Cpne4,3,excitatory,2483,2787445900824200051,DH_ex_Cpne4,subgroup_model,ExtraTrees,5.0,True,3
astrocyte_2,__NA__,__NA__,2485,2787445900836100086,astrocyte_2,subgroup_model,LogisticRegression,40.0,True,3
microglia,__NA__,__NA__,2488,2787445900840100059,microglia,subgroup_model,LogisticRegression,40.0,True,3
M_in_Tfap2b,12,inhibitory,2490,2787445900858100201,M_in_Tfap2b,direct_section,,,True,3
oligodendrocyte_progenitor_2,__NA__,__NA__,2491,2787445900858100202,astrocyte_2,subgroup_model,LogisticRegression,40.0,False,3
MV_ex_Syt2,14,excitatory,2499,2787445900860100091,MV_ex_Syt2,direct_section_EI,,,True,3
oligodendrocyte_progenitor_2,__NA__,__NA__,2500,2787445900860100153,oligodendrocyte_precursor_cell,subgroup_model,LogisticRegression,40.0,False,3
oligodendrocyte_progenitor_2,__NA__,__NA__,2501,2787445900860100172,astrocyte_2,subgroup_model,LogisticRegression,40.0,False,3
DM_ex_Zfhx3,11,excitatory,2503,2787445900861100049,DM_ex_Zfhx3,direct_section,,,True,3
astrocyte_1,__NA__,__NA__,2504,2787445900861100089,astrocyte_1,subgroup_model,LogisticRegression,40.0,True,3
MV_in_Gm26673,19,inhibitory,2509,2787445900896100036,MV_in_Gm26673,subgroup_model,LogisticRegression,5.0,True,3
oligodendrocyte_2,__NA__,__NA__,2519,2787445900899100025,oligodendrocyte_2,subgroup_model,LogisticRegression,40.0,True,3
oligodendrocyte_progenitor_2,__NA__,__NA__,2528,2787889600023100289,oligodendrocyte_progenitor_2,subgroup_model,LogisticRegression,40.0,True,3
DM_ex_Zfhx3,11,excitatory,2529,2787889600023100290,DM_ex_Zfhx3,direct_section,,,True,3
endothelial,__NA__,__NA__,2530,2787889600023100297,oligodendrocyte_1,subgroup_model,LogisticRegression,40.0,False,3
oligodendrocyte_2,__NA__,__NA__,2535,2787889600055100062,oligodendrocyte_2,subgroup_model,LogisticRegression,40.0,True,3
DH_ex_Maf/Cck,10,excitatory,2536,2787889600056100011,DH_ex_Maf/Slc17a8,subgroup_model,LogisticRegression,20.0,False,3
oligodendrocyte_progenitor_2,__NA__,__NA__,2541,2787889600056100182,oligodendrocyte_1,subgroup_model,LogisticRegression,40.0,False,3
oligodendrocyte_1,__NA__,__NA__,2544,2787889600057100130,oligodendrocyte_2,subgroup_model,LogisticRegression,40.0,False,3
oligodendrocyte_progenitor_2,__NA__,__NA__,2550,2787889600058100120,oligodendrocyte_progenitor_2,subgroup_model,LogisticRegression,40.0,True,3
MV_in_Gabra1,16,inhibitory,2554,2787889600059100062,MV_in_Gabra1,direct_section,,,True,3
endothelial,__NA__,__NA__,2555,2787889600059100160,endothelial,subgroup_model,LogisticRegression,40.0,True,3
MV_ex_Syt2,14,excitatory,2556,2787889600059100183,MV_ex_Syt2,direct_section_EI,,,True,3
oligodendrocyte_progenitor_2,__NA__,__NA__,2558,2787889600060100077,oligodendrocyte_progenitor_2,subgroup_model,LogisticRegression,40.0,True,3
oligodendrocyte_progenitor_2,__NA__,__NA__,2559,2787889600060100090,oligodendrocyte_1,subgroup_model,LogisticRegression,40.0,False,3
oligodendrocyte_progenitor_2,__NA__,__NA__,2563,2787889600092100043,oligodendrocyte_1,subgroup_model,LogisticRegression,40.0,False,3
MV_in_Sema5b,15,inhibitory,2567,2787889600093100030,MV_in_Sema5b,direct_section,,,True,3
oligodendrocyte_1,__NA__,__NA__,2574,2787889600094100056,pericyte,subgroup_model,LogisticRegression,40.0,False,3
M_ex_Vsx2,20,excitatory,2580,2787889600094100279,M_ex_Vsx2,subgroup_model,LogisticRegression,1.0,True,3
M_ex_Vsx2/Shox2,20,excitatory,2581,2787889600095100107,M_ex_Vsx2/Shox2,subgroup_model,LogisticRegression,1.0,True,3
oligodendrocyte_progenitor_2,__NA__,__NA__,2584,2787889600095100179,oligodendrocyte_2,subgroup_model,LogisticRegression,40.0,False,3
endothelial,__NA__,__NA__,2585,2787889600095100205,endothelial,subgroup_model,LogisticRegression,40.0,True,3
oligodendrocyte_2,__NA__,__NA__,2587,2787889600097100017,oligodendrocyte_1,subgroup_model,LogisticRegression,40.0,False,3
oligodendrocyte_progenitor_2,__NA__,__NA__,2591,2787889600127100032,oligodendrocyte_1,subgroup_model,LogisticRegression,40.0,False,3
gamma_motoneuron,22,__NA__,2592,2787889600127100038,gamma_motoneuron,subgroup_model,LogisticRegression,5.0,True,3
astrocyte_1,__NA__,__NA__,2593,2787889600127100088,astrocyte_1,subgroup_model,LogisticRegression,40.0,True,3
astrocyte_1,__NA__,__NA__,2595,2787889600127100176,endothelial,subgroup_model,LogisticRegression,40.0,False,3
MV_ex_Syt2,14,excitatory,2602,2787889600129100147,MV_ex_Syt2,direct_section_EI,,,True,3
MV_in_Gm26673,19,inhibitory,2603,2787889600129100183,MV_in_Gm26673,subgroup_model,LogisticRegression,5.0,True,3
alpha_motoneuron,22,__NA__,2610,2787889600131100210,gamma_motoneuron,subgroup_model,LogisticRegression,5.0,False,3
astrocyte_1,__NA__,__NA__,2613,2787889600132100171,astrocyte_1,subgroup_model,LogisticRegression,40.0,True,3
astrocyte_1,__NA__,__NA__,2618,2787889600132200038,astrocyte_1,subgroup_model,LogisticRegression,40.0,True,3
astrocyte_2,__NA__,__NA__,2621,2787889600162100053,pericyte,subgroup_model,LogisticRegression,40.0,False,3
gamma_motoneuron,22,__NA__,2623,2787889600163100026,alpha_motoneuron,subgroup_model,LogisticRegression,5.0,False,3
endothelial,__NA__,__NA__,2625,2787889600163100062,pericyte,subgroup_model,LogisticRegression,40.0,False,3
oligodendrocyte_progenitor_2,__NA__,__NA__,2629,2787889600165100140,oligodendrocyte_1,subgroup_model,LogisticRegression,40.0,False,3
oligodendrocyte_2,__NA__,__NA__,2630,2787889600166100025,oligodendrocyte_2,subgroup_model,LogisticRegression,40.0,True,3
oligodendrocyte_2,__NA__,__NA__,2633,2787889600168100104,oligodendrocyte_2,subgroup_model,LogisticRegression,40.0,True,3
oligodendrocyte_2,__NA__,__NA__,2634,2787889600169100049,oligodendrocyte_2,subgroup_model,LogisticRegression,40.0,True,3
DH_ex_Prkcg/Rxfp1,6,excitatory,2638,2787889600193100194,DH_ex_Grp,subgroup_model,LogisticRegression,5.0,False,3
oligodendrocyte_progenitor_2,__NA__,__NA__,2640,2787889600194100119,oligodendrocyte_1,subgroup_model,LogisticRegression,40.0,False,3
DH_in_Cdh3,10,inhibitory,2642,2787889600195100078,DH_in_Klhl14,subgroup_model,ExtraTrees,40.0,False,3
MV_in_Gabra1,16,inhibitory,2656,2787889600230100054,MV_in_Gabra1,direct_section,,,True,3
DH_ex_Sox5/Tac1,5,excitatory,2657,2787889600230100066,DH_ex_Sox5/Tac1,subgroup_model,LogisticRegression,1.0,True,3
pericyte,__NA__,__NA__,2660,2787889600230100129,pericyte,subgroup_model,LogisticRegression,40.0,True,3
oligodendrocyte_progenitor_1,__NA__,__NA__,2667,2787889600231100070,oligodendrocyte_progenitor_1,subgroup_model,LogisticRegression,40.0,True,3
M_in_Tfap2b,12,inhibitory,2668,2787889600231100108,M_in_Tfap2b,direct_section,,,True,3
microglia,__NA__,__NA__,2671,2787889600231100234,microglia,subgroup_model,LogisticRegression,40.0,True,3
MV_in_Esrrb,14,inhibitory,2674,2787889600231100307,MV_in_Esrrb,direct_section_EI,,,True,3
oligodendrocyte_progenitor_2,__NA__,__NA__,2677,2787889600232100067,oligodendrocyte_progenitor_2,subgroup_model,LogisticRegression,40.0,True,3
oligodendrocyte_2,__NA__,__NA__,2680,2787889600242100123,oligodendrocyte_2,subgroup_model,LogisticRegression,40.0,True,3
oligodendrocyte_2,__NA__,__NA__,2683,2787889600243100120,oligodendrocyte_2,subgroup_model,LogisticRegression,40.0,True,3
oligodendrocyte_progenitor_2,__NA__,__NA__,2689,2787889600267100014,oligodendrocyte_progenitor_2,subgroup_model,LogisticRegression,40.0,True,3
meninges_1,__NA__,__NA__,2691,2787889600276100013,meninges_1,subgroup_model,LogisticRegression,40.0,True,3
DH_in_Pdyn/Gal,5,inhibitory,2692,2787889600276100039,DH_in_Pdyn/Gal,direct_section_EI,,,True,3
oligodendrocyte_progenitor_2,__NA__,__NA__,2696,2787889600277100011,astrocyte_2,subgroup_model,LogisticRegression,40.0,False,3
meninges_2,__NA__,__NA__,2697,2787889600277100054,meninges_1,subgroup_model,LogisticRegression,40.0,False,3
DH_ex_Sox5,5,excitatory,2700,2787889600277100226,DH_ex_Sox5,subgroup_model,LogisticRegression,1.0,True,3
pericyte,__NA__,__NA__,2705,2787889600279100182,astrocyte_1,subgroup_model,LogisticRegression,40.0,False,3
microglia,__NA__,__NA__,2709,2787889600280100079,microglia,subgroup_model,LogisticRegression,40.0,True,3
DH_in_Npy2r,9,inhibitory,2710,2787889600280100187,DH_in_Npy2r,subgroup_model,RandomForest,5.0,True,3
MV_ex_Syt2,14,excitatory,2712,2787889600280100304,MV_ex_Syt2,direct_section_EI,,,True,3
DM_ex_Zfhx3,11,excitatory,2713,2787889600280100317,DM_ex_Zfhx3,direct_section,,,True,3
DH_ex_Prkcg/Rxfp1,6,excitatory,2714,2787889600281100069,DH_ex_Grp,subgroup_model,LogisticRegression,5.0,False,3
DH_in_Cdh3,10,inhibitory,2715,2787889600281100092,DH_in_Cdh3,subgroup_model,ExtraTrees,40.0,True,3
oligodendrocyte_precursor_cell,__NA__,__NA__,2716,2787889600282100136,oligodendrocyte_precursor_cell,subgroup_model,LogisticRegression,40.0,True,3
meninges_2,__NA__,__NA__,2718,2787889600311100120,meninges_2,subgroup_model,LogisticRegression,40.0,True,3
DH_ex_Prkcg/Nts,8,excitatory,2721,2787889600312100045,DH_ex_Prkcg/Nts,subgroup_model,RandomForest,10.0,True,3
DH_in_Cdh3,10,inhibitory,2722,2787889600312100137,DH_in_Cdh3,subgroup_model,ExtraTrees,40.0,True,3
MV_in_Gabra1,16,inhibitory,2726,2787889600313100066,MV_in_Gabra1,direct_section,,,True,3
endothelial,__NA__,__NA__,2729,2787889600313100166,endothelial,subgroup_model,LogisticRegression,40.0,True,3
oligodendrocyte_progenitor_2,__NA__,__NA__,2731,2787889600313100231,endothelial,subgroup_model,LogisticRegression,40.0,False,3
MV_in_Gabra1,16,inhibitory,2734,2787889600314100176,MV_in_Gabra1,direct_section,,,True,3
oligodendrocyte_1,__NA__,__NA__,2738,2787889600315100079,oligodendrocyte_1,subgroup_model,LogisticRegression,40.0,True,3
endothelial,__NA__,__NA__,2745,2787889600316100144,oligodendrocyte_1,subgroup_model,LogisticRegression,40.0,False,3
oligodendrocyte_precursor_cell,__NA__,__NA__,2747,2787889600316100176,oligodendrocyte_progenitor_1,subgroup_model,LogisticRegression,40.0,False,3
astrocyte_1,__NA__,__NA__,2749,2787889600316100216,oligodendrocyte_progenitor_2,subgroup_model,LogisticRegression,40.0,False,3
DM_ex_Zfhx3,11,excitatory,2750,2787889600316100224,DM_ex_Zfhx3,direct_section,,,True,3
astrocyte_1,__NA__,__NA__,2752,2787889600317100098,oligodendrocyte_1,subgroup_model,LogisticRegression,40.0,False,3
DH_in_Npy2r,9,inhibitory,2756,2787889600325100080,DH_in_Npy2r,subgroup_model,RandomForest,5.0,True,3
DH_ex_Reln/Npff,1,excitatory,2757,2787889600326100064,DH_ex_Reln/Npff,direct_section,,,True,3
DH_in_Pdyn,2,inhibitory,2758,2787889600326100080,DH_in_Pdyn,direct_section_EI,,,True,3
meninges_2,__NA__,__NA__,2760,2787889600346100131,meninges_3,subgroup_model,LogisticRegression,40.0,False,3
microglia,__NA__,__NA__,2764,2787889600348100014,microglia,subgroup_model,LogisticRegression,40.0,True,3
oligodendrocyte_precursor_cell,__NA__,__NA__,2766,2787889600348100092,oligodendrocyte_progenitor_1,subgroup_model,LogisticRegression,40.0,False,3
MV_in_Sema5b,15,inhibitory,2768,2787889600348100196,MV_in_Sema5b,direct_section,,,True,3
MV_in_Gabra1,16,inhibitory,2770,2787889600349100026,MV_in_Gabra1,direct_section,,,True,3
MV_ex_Syt2,14,excitatory,2775,2787889600350100053,MV_ex_Syt2,direct_section_EI,,,True,3
astrocyte_1,__NA__,__NA__,2776,2787889600350100103,astrocyte_1,subgroup_model,LogisticRegression,40.0,True,3
M_ex_Vsx2,20,excitatory,2777,2787889600350100152,M_ex_Vsx2,subgroup_model,LogisticRegression,1.0,True,3
astrocyte_1,__NA__,__NA__,2780,2787889600351100126,astrocyte_1,subgroup_model,LogisticRegression,40.0,True,3
pericyte,__NA__,__NA__,2782,2787889600351100217,pericyte,subgroup_model,LogisticRegression,40.0,True,3
oligodendrocyte_progenitor_1,__NA__,__NA__,2783,2787889600351100314,oligodendrocyte_progenitor_1,subgroup_model,LogisticRegression,40.0,True,3
oligodendrocyte_progenitor_2,__NA__,__NA__,2787,2787889600353100134,oligodendrocyte_1,subgroup_model,LogisticRegression,40.0,False,3
oligodendrocyte_progenitor_2,__NA__,__NA__,2800,2787889600360100197,oligodendrocyte_1,subgroup_model,LogisticRegression,40.0,False,3
astrocyte_1,__NA__,__NA__,2801,2787889600360100199,astrocyte_1,subgroup_model,LogisticRegression,40.0,True,3
oligodendrocyte_progenitor_2,__NA__,__NA__,2803,2787889600360100224,oligodendrocyte_progenitor_2,subgroup_model,LogisticRegression,40.0,True,3
meninges_2,__NA__,__NA__,2813,2787889600370100102,meninges_3,subgroup_model,LogisticRegression,40.0,False,3
astrocyte_2,__NA__,__NA__,2817,2787889600377100069,astrocyte_2,subgroup_model,LogisticRegression,40.0,True,3
DH_ex_Reln/Npff,1,excitatory,2820,2787889600379100067,DH_ex_Reln/Npff,direct_section,,,True,3
DH_ex_Sox5,5,excitatory,2822,2787889600379100095,DH_ex_Sox5,subgroup_model,LogisticRegression,1.0,True,3
DH_in_Npy,4,inhibitory,2823,2787889600379100099,DH_in_Npy,subgroup_model,LogisticRegression,1.0,True,3
DH_in_Cdh3,10,inhibitory,2824,2787889600379100132,DH_in_Cdh3,subgroup_model,ExtraTrees,40.0,True,3
meninges_1,__NA__,__NA__,2828,2787889600382100037,meninges_1,subgroup_model,LogisticRegression,40.0,True,3
oligodendrocyte_progenitor_2,__NA__,__NA__,2830,2787889600383100148,oligodendrocyte_2,subgroup_model,LogisticRegression,40.0,False,3
oligodendrocyte_progenitor_2,__NA__,__NA__,2831,2787889600384100079,meninges_1,subgroup_model,LogisticRegression,40.0,False,3
oligodendrocyte_2,__NA__,__NA__,2832,2787889600384100081,oligodendrocyte_2,subgroup_model,LogisticRegression,40.0,True,3
microglia,__NA__,__NA__,2837,2787889600386100190,microglia,subgroup_model,LogisticRegression,40.0,True,3
astrocyte_2,__NA__,__NA__,2841,2787889600387100167,astrocyte_2,subgroup_model,LogisticRegression,40.0,True,3
oligodendrocyte_progenitor_2,__NA__,__NA__,2843,2787889600388100027,oligodendrocyte_progenitor_2,subgroup_model,LogisticRegression,40.0,True,3
gamma_motoneuron,22,__NA__,2845,2787889600388100113,gamma_motoneuron,subgroup_model,LogisticRegression,5.0,True,3
astrocyte_1,__NA__,__NA__,2847,2787889600388100134,astrocyte_1,subgroup_model,LogisticRegression,40.0,True,3
microglia,__NA__,__NA__,2848,2787889600388100182,microglia,subgroup_model,LogisticRegression,40.0,True,3
oligodendrocyte_1,__NA__,__NA__,2852,2787889600389100137,oligodendrocyte_1,subgroup_model,LogisticRegression,40.0,True,3
astrocyte_1,__NA__,__NA__,2856,2787889600396100089,astrocyte_2,subgroup_model,LogisticRegression,40.0,False,3
oligodendrocyte_progenitor_2,__NA__,__NA__,2857,2787889600396100092,oligodendrocyte_progenitor_2,subgroup_model,LogisticRegression,40.0,True,3
oligodendrocyte_progenitor_2,__NA__,__NA__,2859,2787889600396100207,astrocyte_2,subgroup_model,LogisticRegression,40.0,False,3
DH_ex_Prkcg/Rxfp1,6,excitatory,2868,2787889600405100195,DH_ex_Grp,subgroup_model,LogisticRegression,5.0,False,3
oligodendrocyte_progenitor_2,__NA__,__NA__,2869,2787889600405100262,oligodendrocyte_2,subgroup_model,LogisticRegression,40.0,False,3
astrocyte_1,__NA__,__NA__,2870,2787889600405100288,oligodendrocyte_1,subgroup_model,LogisticRegression,40.0,False,3
astrocyte_1,__NA__,__NA__,2875,2787889600407100145,astrocyte_2,subgroup_model,LogisticRegression,40.0,False,3
M_in_Tfap2b,12,inhibitory,2877,2787889600408100159,M_in_Tfap2b,direct_section,,,True,3
DH_in_Pdyn,2,inhibitory,2879,2787889600409100019,DH_in_Pdyn,direct_section_EI,,,True,3
oligodendrocyte_2,__NA__,__NA__,2881,2787889600409100136,oligodendrocyte_2,subgroup_model,LogisticRegression,40.0,True,3
DH_in_Cdh3,10,inhibitory,2883,2787889600409100150,DH_in_Cdh3,subgroup_model,ExtraTrees,40.0,True,3
DM_ex_Zfhx3,11,excitatory,2885,2787889600409100225,DM_ex_Zfhx3,direct_section,,,True,3
MV_ex_Syt2,14,excitatory,2886,2787889600409100243,MV_ex_Syt2,direct_section_EI,,,True,3
MV_in_Gabra1,16,inhibitory,2890,2787889600410100233,MV_in_Gabra1,direct_section,,,True,3
oligodendrocyte_progenitor_2,__NA__,__NA__,2891,2787889600410100270,oligodendrocyte_2,subgroup_model,LogisticRegression,40.0,False,3
DH_ex_Sox5/Tac1,5,excitatory,2896,2787889600412100086,DH_ex_Sox5/Tac1,subgroup_model,LogisticRegression,1.0,True,3
DH_ex_Maf/Cck,10,excitatory,2900,2787889600412100217,DH_ex_Maf/Slc17a8,subgroup_model,LogisticRegression,20.0,False,3
MV_ex_Syt2,14,excitatory,2903,2787889600413100137,MV_ex_Syt2,direct_section_EI,,,True,3
oligodendrocyte_2,__NA__,__NA__,2906,2787889600413100206,oligodendrocyte_2,subgroup_model,LogisticRegression,40.0,True,3
astrocyte_2,__NA__,__NA__,2913,2787889600419100030,astrocyte_2,subgroup_model,LogisticRegression,40.0,True,3
oligodendrocyte_2,__NA__,__NA__,2915,2787889600421100191,oligodendrocyte_2,subgroup_model,LogisticRegression,40.0,True,3
oligodendrocyte_progenitor_1,__NA__,__NA__,2916,2787889600422100054,oligodendrocyte_precursor_cell,subgroup_model,LogisticRegression,40.0,False,3
oligodendrocyte_progenitor_2,__NA__,__NA__,2920,2787889600422100186,oligodendrocyte_progenitor_2,subgroup_model,LogisticRegression,40.0,True,3
oligodendrocyte_2,__NA__,__NA__,2922,2787889600432100028,oligodendrocyte_2,subgroup_model,LogisticRegression,40.0,True,3
DH_ex_Sox5/Tac1,5,excitatory,2924,2787889600441100050,DH_ex_Sox5/Tac1,subgroup_model,LogisticRegression,1.0,True,3
astrocyte_1,__NA__,__NA__,2930,2787889600443100212,astrocyte_1,subgroup_model,LogisticRegression,40.0,True,3
astrocyte_1,__NA__,__NA__,2939,2787889600444200032,astrocyte_2,subgroup_model,LogisticRegression,40.0,False,3
MV_ex_Syt2,14,excitatory,2940,2787889600444200175,MV_ex_Syt2,direct_section_EI,,,True,3
VH_in_Chat,17,inhibitory,2941,2787889600445100169,VH_in_Chat,direct_section,,,True,3
astrocyte_1,__NA__,__NA__,2942,2787889600445200006,astrocyte_1,subgroup_model,LogisticRegression,40.0,True,3
oligodendrocyte_1,__NA__,__NA__,2943,2787889600445200056,oligodendrocyte_1,subgroup_model,LogisticRegression,40.0,True,3
DM_ex_Zfhx3,11,excitatory,2963,2787889600451200007,DM_ex_Zfhx3,direct_section,,,True,3
oligodendrocyte_2,__NA__,__NA__,2964,2787889600452100034,oligodendrocyte_2,subgroup_model,LogisticRegression,40.0,True,3
endothelial,__NA__,__NA__,2967,2787889600478100002,oligodendrocyte_1,subgroup_model,LogisticRegression,40.0,False,3
astrocyte_1,__NA__,__NA__,2968,2787889600478100046,oligodendrocyte_1,subgroup_model,LogisticRegression,40.0,False,3
oligodendrocyte_2,__NA__,__NA__,2975,2787889600479100155,oligodendrocyte_2,subgroup_model,LogisticRegression,40.0,True,3
oligodendrocyte_progenitor_2,__NA__,__NA__,2979,2787889600480100113,oligodendrocyte_1,subgroup_model,LogisticRegression,40.0,False,3
astrocyte_1,__NA__,__NA__,2980,2787889600480100136,astrocyte_1,subgroup_model,LogisticRegression,40.0,True,3
alpha_motoneuron,22,__NA__,2981,2787889600480100184,beta_motoneuron,subgroup_model,LogisticRegression,5.0,False,3
oligodendrocyte_1,__NA__,__NA__,2988,2787889600482100046,oligodendrocyte_1,subgroup_model,LogisticRegression,40.0,True,3
oligodendrocyte_2,__NA__,__NA__,2991,2787889600483100030,oligodendrocyte_2,subgroup_model,LogisticRegression,40.0,True,3
gamma_motoneuron,22,__NA__,2995,2787889600485100085,alpha_motoneuron,subgroup_model,LogisticRegression,5.0,False,3
oligodendrocyte_2,__NA__,__NA__,2997,2787889600485200069,oligodendrocyte_2,subgroup_model,LogisticRegression,40.0,True,3
alpha_motoneuron,22,__NA__,3000,2787889600486100100,gamma_motoneuron,subgroup_model,LogisticRegression,5.0,False,3
oligodendrocyte_progenitor_2,__NA__,__NA__,3001,2787889600486100113,oligodendrocyte_progenitor_2,subgroup_model,LogisticRegression,40.0,True,3
oligodendrocyte_1,__NA__,__NA__,3003,2787889600486100174,oligodendrocyte_1,subgroup_model,LogisticRegression,40.0,True,3
oligodendrocyte_1,__NA__,__NA__,3011,2787889600515100014,astrocyte_2,subgroup_model,LogisticRegression,40.0,False,3
astrocyte_2,__NA__,__NA__,3017,2787889600523100074,astrocyte_1,subgroup_model,LogisticRegression,40.0,False,3
astrocyte_1,__NA__,__NA__,3018,2787889600544100140,oligodendrocyte_precursor_cell,subgroup_model,LogisticRegression,40.0,False,3
DH_ex_Reln/Npff,1,excitatory,3019,2787889600544100149,DH_ex_Reln/Npff,direct_section,,,True,3
oligodendrocyte_progenitor_2,__NA__,__NA__,3020,2787889600545100042,oligodendrocyte_2,subgroup_model,LogisticRegression,40.0,False,3
astrocyte_1,__NA__,__NA__,3021,2787889600545100073,astrocyte_2,subgroup_model,LogisticRegression,40.0,False,3
DH_ex_Sox5,5,excitatory,3022,2787889600546100029,DH_ex_Sox5,subgroup_model,LogisticRegression,1.0,True,3
DH_ex_Prkcg/Nts,8,excitatory,3023,2787889600546100097,DH_ex_Prkcg/Cck,subgroup_model,RandomForest,10.0,False,3
endothelial,__NA__,__NA__,3026,2787889600546100297,endothelial,subgroup_model,LogisticRegression,40.0,True,3
MV_in_Gm26673,19,inhibitory,3027,2787889600546100314,MV_in_Chrna2,subgroup_model,LogisticRegression,5.0,False,3
DH_in_Pdyn/Gal,5,inhibitory,3031,2787889600580100094,DH_in_Pdyn/Gal,direct_section_EI,,,True,3
oligodendrocyte_progenitor_2,__NA__,__NA__,3035,2787889600581100124,oligodendrocyte_2,subgroup_model,LogisticRegression,40.0,False,3
astrocyte_1,__NA__,__NA__,3037,2787889600582100128,astrocyte_1,subgroup_model,LogisticRegression,40.0,True,3
DH_in_Cdh3,10,inhibitory,3038,2787889600582100166,DH_in_Cdh3,subgroup_model,ExtraTrees,40.0,True,3
oligodendrocyte_progenitor_2,__NA__,__NA__,3041,2787889600583100038,oligodendrocyte_1,subgroup_model,LogisticRegression,40.0,False,3
pericyte,__NA__,__NA__,3043,2787889600584100018,pericyte,subgroup_model,LogisticRegression,40.0,True,3
oligodendrocyte_progenitor_2,__NA__,__NA__,3045,2787889600584100162,oligodendrocyte_progenitor_2,subgroup_model,LogisticRegression,40.0,True,3
oligodendrocyte_2,__NA__,__NA__,3046,2787889600584100191,oligodendrocyte_2,subgroup_model,LogisticRegression,40.0,True,3
MV_in_Gm26673,19,inhibitory,3047,2787889600617100084,MV_in_Gm26673,subgroup_model,LogisticRegression,5.0,True,3
MV_in_Sema5b,15,inhibitory,3048,2787889600617100099,MV_in_Sema5b,direct_section,,,True,3
oligodendrocyte_progenitor_1,__NA__,__NA__,3053,2795103300029100113,oligodendrocyte_progenitor_1,subgroup_model,LogisticRegression,40.0,True,3
M_ex_Vsx2,20,excitatory,3060,2795103300074100151,M_ex_Vsx2/Shox2,subgroup_model,LogisticRegression,1.0,False,3
oligodendrocyte_2,__NA__,__NA__,3063,2795103300088100150,oligodendrocyte_2,subgroup_model,LogisticRegression,40.0,True,3
DH_in_Npy,4,inhibitory,3065,2795103300097100252,DH_in_Npy,subgroup_model,LogisticRegression,1.0,True,3
astrocyte_1,__NA__,__NA__,3067,2795103300098100192,oligodendrocyte_1,subgroup_model,LogisticRegression,40.0,False,3
oligodendrocyte_1,__NA__,__NA__,3068,2795103300108100026,astrocyte_2,subgroup_model,LogisticRegression,40.0,False,3
endothelial,__NA__,__NA__,3069,2795103300108100038,endothelial,subgroup_model,LogisticRegression,40.0,True,3
MV_in_Gm26673,19,inhibitory,3071,2795103300113100076,MV_in_Gm26673,subgroup_model,LogisticRegression,5.0,True,3
MV_ex_Shox2,18,excitatory,3077,2795103300120100144,MV_ex_Shox2,direct_section,,,True,3
DH_in_Klhl14,10,inhibitory,3079,2795103300120100312,DH_in_Klhl14,subgroup_model,ExtraTrees,40.0,True,3
astrocyte_1,__NA__,__NA__,3082,2795103300121100090,oligodendrocyte_progenitor_1,subgroup_model,LogisticRegression,40.0,False,3
beta_motoneuron,22,__NA__,3086,2795103300127100139,beta_motoneuron,subgroup_model,LogisticRegression,5.0,True,3
DM_ex_Zfhx3,11,excitatory,3094,2795103300145100121,DM_ex_Zfhx3,direct_section,,,True,3
cholinergic_interneuron,21,__NA__,3095,2795103300145100127,cholinergic_interneuron,direct_section,,,True,3
MV_ex_Syt2,14,excitatory,3098,2795103300146100183,MV_ex_Syt2,direct_section_EI,,,True,3
oligodendrocyte_progenitor_2,__NA__,__NA__,3103,2795103300153100110,oligodendrocyte_progenitor_2,subgroup_model,LogisticRegression,40.0,True,3
MV_in_Gabra1,16,inhibitory,3108,2795103300154100196,MV_in_Gabra1,direct_section,,,True,3
DH_ex_Maf/Cck,10,excitatory,3114,2795103300156100227,DH_ex_Maf/Cck,subgroup_model,LogisticRegression,20.0,True,3
DH_ex_Gpr83,2,excitatory,3115,2795103300157100127,DH_ex_Gpr83,subgroup_model,LogisticRegression,1.0,True,3
oligodendrocyte_1,__NA__,__NA__,3117,2795103300160100095,oligodendrocyte_1,subgroup_model,LogisticRegression,40.0,True,3
astrocyte_1,__NA__,__NA__,3118,2795103300161100219,astrocyte_1,subgroup_model,LogisticRegression,40.0,True,3
oligodendrocyte_2,__NA__,__NA__,3119,2795103300162100262,oligodendrocyte_2,subgroup_model,LogisticRegression,40.0,True,3
MV_ex_Shox2,18,excitatory,3121,2795103300163100183,MV_ex_Shox2,direct_section,,,True,3
astrocyte_1,__NA__,__NA__,3122,2795103300163100231,astrocyte_1,subgroup_model,LogisticRegression,40.0,True,3
alpha_motoneuron,22,__NA__,3125,2795103300164100105,alpha_motoneuron,subgroup_model,LogisticRegression,5.0,True,3
oligodendrocyte_2,__NA__,__NA__,3128,2795103300165100050,oligodendrocyte_2,subgroup_model,LogisticRegression,40.0,True,3
MV_in_Gabra1,16,inhibitory,3134,2795103300179100159,MV_in_Gabra1,direct_section,,,True,3
DH_ex_Grp,6,excitatory,3135,2795103300179100161,DH_ex_Grp,subgroup_model,LogisticRegression,5.0,True,3
DH_ex_Maf/Cck,10,excitatory,3136,2795103300179100196,DH_ex_Maf/Cck,subgroup_model,LogisticRegression,20.0,True,3
DH_in_Cdh3,10,inhibitory,3141,2795103300183100208,DH_in_Klhl14,subgroup_model,ExtraTrees,40.0,False,3
oligodendrocyte_2,__NA__,__NA__,3143,2795103300189100043,oligodendrocyte_progenitor_2,subgroup_model,LogisticRegression,40.0,False,3
oligodendrocyte_2,__NA__,__NA__,3151,2795103300196100110,astrocyte_2,subgroup_model,LogisticRegression,40.0,False,3
astrocyte_2,__NA__,__NA__,3156,2795103300200100048,astrocyte_2,subgroup_model,LogisticRegression,40.0,True,3
MV_in_Gabra1,16,inhibitory,3161,2795103300232100046,MV_in_Gabra1,direct_section,,,True,3
DH_ex_Sox5,5,excitatory,3164,2795103300232100193,DH_ex_Sox5,subgroup_model,LogisticRegression,1.0,True,3
DH_in_Npy,4,inhibitory,3165,2795103300232100195,DH_in_Npy,subgroup_model,LogisticRegression,1.0,True,3
DH_ex_Grpr,2,excitatory,3174,2795103300233100283,DH_ex_Grpr,subgroup_model,LogisticRegression,1.0,True,3
meninges_1,__NA__,__NA__,3178,2795103300267100083,meninges_2,subgroup_model,LogisticRegression,40.0,False,3
meninges_1,__NA__,__NA__,3179,2795103300268100072,meninges_2,subgroup_model,LogisticRegression,40.0,False,3
oligodendrocyte_2,__NA__,__NA__,3183,2795103300309100085,oligodendrocyte_2,subgroup_model,LogisticRegression,40.0,True,3
oligodendrocyte_progenitor_2,__NA__,__NA__,3184,2795103300310200123,oligodendrocyte_progenitor_2,subgroup_model,LogisticRegression,40.0,True,3
oligodendrocyte_2,__NA__,__NA__,3186,2795103300312100055,oligodendrocyte_2,subgroup_model,LogisticRegression,40.0,True,3
oligodendrocyte_precursor_cell,__NA__,__NA__,3187,2795103300330100098,oligodendrocyte_progenitor_1,subgroup_model,LogisticRegression,40.0,False,3
M_ex_Vsx2/Shox2,20,excitatory,3188,2795103300330100202,M_ex_Vsx2,subgroup_model,LogisticRegression,1.0,False,3
oligodendrocyte_progenitor_2,__NA__,__NA__,3189,2795103300331100022,oligodendrocyte_1,subgroup_model,LogisticRegression,40.0,False,3
MV_in_Gabra1,16,inhibitory,3196,2795103300331100331,MV_in_Gabra1,direct_section,,,True,3
astrocyte_1,__NA__,__NA__,3200,2795103300332100065,astrocyte_2,subgroup_model,LogisticRegression,40.0,False,3
oligodendrocyte_progenitor_2,__NA__,__NA__,3201,2795103300332100123,endothelial,subgroup_model,LogisticRegression,40.0,False,3
oligodendrocyte_progenitor_2,__NA__,__NA__,3204,2795103300344100019,oligodendrocyte_1,subgroup_model,LogisticRegression,40.0,False,3
oligodendrocyte_progenitor_2,__NA__,__NA__,3205,2795103300344100210,oligodendrocyte_progenitor_2,subgroup_model,LogisticRegression,40.0,True,3
oligodendrocyte_progenitor_2,__NA__,__NA__,3206,2795103300344100214,oligodendrocyte_progenitor_2,subgroup_model,LogisticRegression,40.0,True,3
MV_in_Gabra1,16,inhibitory,3208,2795103300345100187,MV_in_Gabra1,direct_section,,,True,3
astrocyte_1,__NA__,__NA__,3211,2795103300346100265,astrocyte_1,subgroup_model,LogisticRegression,40.0,True,3
MV_in_Gabra1,16,inhibitory,3212,2795103300346100275,MV_in_Gabra1,direct_section,,,True,3
MV_in_Gabra1,16,inhibitory,3218,2795103300366100183,MV_in_Gabra1,direct_section,,,True,3
oligodendrocyte_progenitor_2,__NA__,__NA__,3233,2795103300381100107,oligodendrocyte_progenitor_1,subgroup_model,LogisticRegression,40.0,False,3
astrocyte_1,__NA__,__NA__,3238,2795103300382100107,oligodendrocyte_1,subgroup_model,LogisticRegression,40.0,False,3
DH_in_Cdh3,10,inhibitory,3242,2795103300382100194,DH_in_Cdh3,subgroup_model,ExtraTrees,40.0,True,3
DH_ex_Cpne4,3,excitatory,3243,2795103300382100212,DH_ex_Cpne4,subgroup_model,ExtraTrees,5.0,True,3
DH_ex_Grpr,2,excitatory,3246,2795103300400100111,DH_ex_Gpr83,subgroup_model,LogisticRegression,1.0,False,3
oligodendrocyte_1,__NA__,__NA__,3251,2795103300410100288,oligodendrocyte_1,subgroup_model,LogisticRegression,40.0,True,3
oligodendrocyte_progenitor_2,__NA__,__NA__,3257,2795103300445100084,endothelial,subgroup_model,LogisticRegression,40.0,False,3
DH_ex_Nmu/Tac2,8,excitatory,3261,2795103300446100279,DH_ex_Nmu/Tac2,subgroup_model,RandomForest,10.0,True,3
DH_ex_Reln/Nmur2,3,excitatory,3263,2795103300447100274,DH_ex_Reln/Nmur2,subgroup_model,ExtraTrees,5.0,True,3
DH_ex_Nmu/Tac2,8,excitatory,3271,2795584800086100217,DH_ex_Nmu/Tac2,subgroup_model,RandomForest,10.0,True,3
DH_in_Cdh3,10,inhibitory,3273,2795584800087100221,DH_in_Klhl14,subgroup_model,ExtraTrees,40.0,False,3
MV_in_Esrrb,14,inhibitory,3275,2795584800089100161,MV_in_Esrrb,direct_section_EI,,,True,3
MV_in_Gabra1,16,inhibitory,3276,2795584800089100218,MV_in_Gabra1,direct_section,,,True,3
oligodendrocyte_progenitor_2,__NA__,__NA__,3280,2795584800100100106,oligodendrocyte_1,subgroup_model,LogisticRegression,40.0,False,3
MV_in_Esrrb,14,inhibitory,3282,2795584800101100203,MV_in_Esrrb,direct_section_EI,,,True,3
MV_in_Gabra1,16,inhibitory,3284,2795584800101100220,MV_in_Gabra1,direct_section,,,True,3
oligodendrocyte_2,__NA__,__NA__,3287,2795584800102100067,oligodendrocyte_progenitor_2,subgroup_model,LogisticRegression,40.0,False,3
alpha_motoneuron,22,__NA__,3291,2795584800103100092,beta_motoneuron,subgroup_model,LogisticRegression,5.0,False,3
DH_in_Cdh3,10,inhibitory,3297,2795584800122100117,DH_in_Cdh3,subgroup_model,ExtraTrees,40.0,True,3
oligodendrocyte_progenitor_2,__NA__,__NA__,3299,2795584800123100172,oligodendrocyte_progenitor_2,subgroup_model,LogisticRegression,40.0,True,3
astrocyte_1,__NA__,__NA__,3300,2795584800124100044,astrocyte_1,subgroup_model,LogisticRegression,40.0,True,3
oligodendrocyte_1,__NA__,__NA__,3301,2795584800124100180,oligodendrocyte_1,subgroup_model,LogisticRegression,40.0,True,3
MV_in_Sema5b,15,inhibitory,3302,2795584800124100245,MV_in_Sema5b,direct_section,,,True,3
DM_ex_Zfhx3,11,excitatory,3304,2795584800125100047,DM_ex_Zfhx3,direct_section,,,True,3
oligodendrocyte_2,__NA__,__NA__,3307,2795584800127100128,oligodendrocyte_2,subgroup_model,LogisticRegression,40.0,True,3
oligodendrocyte_1,__NA__,__NA__,3308,2795584800129100078,oligodendrocyte_1,subgroup_model,LogisticRegression,40.0,True,3
oligodendrocyte_2,__NA__,__NA__,3311,2795584800130100086,oligodendrocyte_2,subgroup_model,LogisticRegression,40.0,True,3
alpha_motoneuron,22,__NA__,3314,2795584800130100208,alpha_motoneuron,subgroup_model,LogisticRegression,5.0,True,3
oligodendrocyte_2,__NA__,__NA__,3317,2795584800136100143,oligodendrocyte_2,subgroup_model,LogisticRegression,40.0,True,3
astrocyte_2,__NA__,__NA__,3320,2795584800136100189,astrocyte_2,subgroup_model,LogisticRegression,40.0,True,3
oligodendrocyte_2,__NA__,__NA__,3324,2795584800137100267,oligodendrocyte_2,subgroup_model,LogisticRegression,40.0,True,3
oligodendrocyte_progenitor_2,__NA__,__NA__,3325,2795584800137200073,oligodendrocyte_progenitor_2,subgroup_model,LogisticRegression,40.0,True,3
astrocyte_2,__NA__,__NA__,3328,2795584800139100104,oligodendrocyte_progenitor_2,subgroup_model,LogisticRegression,40.0,False,3
microglia,__NA__,__NA__,3330,2795584800139100144,microglia,subgroup_model,LogisticRegression,40.0,True,3
MV_in_Sema5b,15,inhibitory,3334,2795584800152100329,MV_in_Sema5b,direct_section,,,True,3
oligodendrocyte_2,__NA__,__NA__,3336,2795584800156100008,oligodendrocyte_2,subgroup_model,LogisticRegression,40.0,True,3
DM_ex_Zfhx3,11,excitatory,3338,2795584800160100192,DM_ex_Zfhx3,direct_section,,,True,3
oligodendrocyte_1,__NA__,__NA__,3346,2795584800166100073,oligodendrocyte_1,subgroup_model,LogisticRegression,40.0,True,3
astrocyte_1,__NA__,__NA__,3347,2795584800166100182,astrocyte_1,subgroup_model,LogisticRegression,40.0,True,3
astrocyte_2,__NA__,__NA__,3356,2795584800173100312,astrocyte_2,subgroup_model,LogisticRegression,40.0,True,3
oligodendrocyte_progenitor_2,__NA__,__NA__,3357,2795584800174100034,oligodendrocyte_progenitor_2,subgroup_model,LogisticRegression,40.0,True,3
oligodendrocyte_progenitor_2,__NA__,__NA__,3358,2795584800175100098,oligodendrocyte_1,subgroup_model,LogisticRegression,40.0,False,3
oligodendrocyte_precursor_cell,__NA__,__NA__,3361,2795584800185100100,astrocyte_2,subgroup_model,LogisticRegression,40.0,False,3
M_in_Tfap2b,12,inhibitory,3375,2795584800202100191,M_in_Tfap2b,direct_section,,,True,3
oligodendrocyte_progenitor_2,__NA__,__NA__,3378,2795584800203100322,astrocyte_2,subgroup_model,LogisticRegression,40.0,False,3
MV_in_Esrrb,14,inhibitory,3379,2795584800204100110,MV_in_Esrrb,direct_section_EI,,,True,3
M_in_Tfap2b,12,inhibitory,3380,2795584800204100181,M_in_Tfap2b,direct_section,,,True,3
MV_in_Esrrb,14,inhibitory,3382,2795584800204100229,MV_in_Esrrb,direct_section_EI,,,True,3
oligodendrocyte_2,__NA__,__NA__,3384,2795584800222100031,oligodendrocyte_2,subgroup_model,LogisticRegression,40.0,True,3
DH_in_Npy2r,9,inhibitory,3391,2795584800224100079,DH_in_Kcnip2,subgroup_model,RandomForest,5.0,False,3
DH_in_Pdyn,2,inhibitory,3394,2795584800225100220,DH_in_Pdyn,direct_section_EI,,,True,3
oligodendrocyte_progenitor_2,__NA__,__NA__,3397,2795584800226100077,oligodendrocyte_2,subgroup_model,LogisticRegression,40.0,False,3
oligodendrocyte_progenitor_2,__NA__,__NA__,3399,2795584800226100153,oligodendrocyte_1,subgroup_model,LogisticRegression,40.0,False,3
endothelial,__NA__,__NA__,3404,2795584800237100106,oligodendrocyte_2,subgroup_model,LogisticRegression,40.0,False,3
DH_ex_Tac2,8,excitatory,3410,2795584800239100064,DH_ex_Tac2,subgroup_model,RandomForest,10.0,True,3
astrocyte_1,__NA__,__NA__,3415,2795584800241100099,astrocyte_1,subgroup_model,LogisticRegression,40.0,True,3
DH_ex_Sox5,5,excitatory,3421,2795584800276100019,DH_ex_Sox5,subgroup_model,LogisticRegression,1.0,True,3
oligodendrocyte_precursor_cell,__NA__,__NA__,3426,2795584800345100081,oligodendrocyte_progenitor_1,subgroup_model,LogisticRegression,40.0,False,3
astrocyte_2,__NA__,__NA__,3427,2795584800348100087,astrocyte_2,subgroup_model,LogisticRegression,40.0,True,3
astrocyte_1,__NA__,__NA__,3428,2795584800349100126,astrocyte_1,subgroup_model,LogisticRegression,40.0,True,3
oligodendrocyte_progenitor_2,__NA__,__NA__,3432,2795584800352100080,oligodendrocyte_progenitor_2,subgroup_model,LogisticRegression,40.0,True,3
astrocyte_2,__NA__,__NA__,3433,2795584800352200043,oligodendrocyte_1,subgroup_model,LogisticRegression,40.0,False,3
oligodendrocyte_progenitor_2,__NA__,__NA__,3437,2795584800354100043,oligodendrocyte_progenitor_2,subgroup_model,LogisticRegression,40.0,True,3
oligodendrocyte_progenitor_2,__NA__,__NA__,3438,2795584800354100082,oligodendrocyte_progenitor_2,subgroup_model,LogisticRegression,40.0,True,3
oligodendrocyte_precursor_cell,__NA__,__NA__,3439,2795584800362100019,astrocyte_2,subgroup_model,LogisticRegression,40.0,False,3
astrocyte_2,__NA__,__NA__,3442,2795584800374100049,astrocyte_2,subgroup_model,LogisticRegression,40.0,True,3
Schwann_cell,__NA__,__NA__,3447,2795584800379100079,Schwann_cell,subgroup_model,LogisticRegression,40.0,True,3
gamma_motoneuron,22,__NA__,3448,2795584800380100010,gamma_motoneuron,subgroup_model,LogisticRegression,5.0,True,3
MV_in_Gm26673,19,inhibitory,3451,2795584800381100163,MV_in_Chrna2,subgroup_model,LogisticRegression,5.0,False,3
MV_in_Gm26673,19,inhibitory,3452,2795584800381100173,MV_in_Gm26673,subgroup_model,LogisticRegression,5.0,True,3
oligodendrocyte_progenitor_2,__NA__,__NA__,3455,2795584800382100072,oligodendrocyte_progenitor_2,subgroup_model,LogisticRegression,40.0,True,3
M_ex_Vsx2/Shox2,20,excitatory,3459,2795584800384100230,M_ex_Vsx2/Shox2,subgroup_model,LogisticRegression,1.0,True,3
M_in_Tfap2b,12,inhibitory,3468,2795584800388100078,M_in_Tfap2b,direct_section,,,True,3
astrocyte_1,__NA__,__NA__,3470,2795584800389100065,astrocyte_1,subgroup_model,LogisticRegression,40.0,True,3
oligodendrocyte_precursor_cell,__NA__,__NA__,3471,2795584800389100090,oligodendrocyte_precursor_cell,subgroup_model,LogisticRegression,40.0,True,3
oligodendrocyte_2,__NA__,__NA__,3475,2795584800391100125,oligodendrocyte_2,subgroup_model,LogisticRegression,40.0,True,3
oligodendrocyte_1,__NA__,__NA__,3477,2795584800391100182,oligodendrocyte_progenitor_2,subgroup_model,LogisticRegression,40.0,False,3
M_in_Tfap2b,12,inhibitory,3486,2795584800411100230,M_in_Tfap2b,direct_section,,,True,3
endothelial,__NA__,__NA__,3488,2795584800412100093,oligodendrocyte_1,subgroup_model,LogisticRegression,40.0,False,3
DM_ex_Zfhx3,11,excitatory,3490,2795584800412100193,DM_ex_Zfhx3,direct_section,,,True,3
MV_in_Gabra1,16,inhibitory,3491,2795584800412100210,MV_in_Gabra1,direct_section,,,True,3
M_in_Tfap2b,12,inhibitory,3493,2795584800412100278,M_in_Tfap2b,direct_section,,,True,3
oligodendrocyte_progenitor_2,__NA__,__NA__,3494,2795584800413100059,oligodendrocyte_1,subgroup_model,LogisticRegression,40.0,False,3
oligodendrocyte_progenitor_2,__NA__,__NA__,3496,2795584800413100085,oligodendrocyte_progenitor_2,subgroup_model,LogisticRegression,40.0,True,3
M_in_Tfap2b,12,inhibitory,3498,2795584800413100183,M_in_Tfap2b,direct_section,,,True,3
oligodendrocyte_progenitor_2,__NA__,__NA__,3501,2795584800415100082,oligodendrocyte_progenitor_2,subgroup_model,LogisticRegression,40.0,True,3
astrocyte_1,__NA__,__NA__,3506,2795584800418100073,astrocyte_2,subgroup_model,LogisticRegression,40.0,False,3
MV_ex_Syt2,14,excitatory,3507,2795584800418100082,MV_ex_Syt2,direct_section_EI,,,True,3
oligodendrocyte_1,__NA__,__NA__,3509,2795584800419100041,endothelial,subgroup_model,LogisticRegression,40.0,False,3
M_in_Tfap2b,12,inhibitory,3510,2795584800419100065,M_in_Tfap2b,direct_section,,,True,3
MV_in_Esrrb,14,inhibitory,3513,2795584800419100209,MV_in_Esrrb,direct_section_EI,,,True,3
DH_in_Cdh3,10,inhibitory,3514,2795584800419100227,DH_in_Cdh3,subgroup_model,ExtraTrees,40.0,True,3
endothelial,__NA__,__NA__,3516,2795584800419100280,pericyte,subgroup_model,LogisticRegression,40.0,False,3
oligodendrocyte_1,__NA__,__NA__,3518,2795584800420100182,oligodendrocyte_1,subgroup_model,LogisticRegression,40.0,True,3
oligodendrocyte_progenitor_2,__NA__,__NA__,3522,2795584800421100246,oligodendrocyte_precursor_cell,subgroup_model,LogisticRegression,40.0,False,3
astrocyte_1,__NA__,__NA__,3523,2795584800422100171,astrocyte_1,subgroup_model,LogisticRegression,40.0,True,3
oligodendrocyte_progenitor_2,__NA__,__NA__,3525,2795584800425100122,oligodendrocyte_1,subgroup_model,LogisticRegression,40.0,False,3
DH_ex_Reln/Nmur2,3,excitatory,3531,2795584800434100185,DH_ex_Reln/Nmur2,subgroup_model,ExtraTrees,5.0,True,3
DH_in_Cdh3,10,inhibitory,3533,2795584800435100032,DH_in_Cdh3,subgroup_model,ExtraTrees,40.0,True,3
oligodendrocyte_progenitor_1,__NA__,__NA__,3536,2795584800435100204,oligodendrocyte_progenitor_1,subgroup_model,LogisticRegression,40.0,True,3
DH_in_Rorb,7,inhibitory,3541,2795584800436100303,DH_in_Rorb,direct_section,,,True,3
DH_in_Pdyn/Gal,5,inhibitory,3542,2795584800436100321,DH_in_Pdyn/Gal,direct_section_EI,,,True,3
oligodendrocyte_2,__NA__,__NA__,3543,2795584800442100068,oligodendrocyte_2,subgroup_model,LogisticRegression,40.0,True,3
oligodendrocyte_precursor_cell,__NA__,__NA__,3545,2795584800446100145,peripheral_glia,subgroup_model,LogisticRegression,40.0,False,3
oligodendrocyte_precursor_cell,__NA__,__NA__,3553,2795584800448100140,oligodendrocyte_progenitor_1,subgroup_model,LogisticRegression,40.0,False,3
oligodendrocyte_progenitor_2,__NA__,__NA__,3555,2795584800449100102,oligodendrocyte_precursor_cell,subgroup_model,LogisticRegression,40.0,False,3
DH_ex_Maf/Slc17a8,10,excitatory,3557,2795584800449100183,DH_ex_Maf/Cck,subgroup_model,LogisticRegression,20.0,False,3
DH_ex_Grp,6,excitatory,3561,2795584800450100146,DH_ex_Grp,subgroup_model,LogisticRegression,5.0,True,3
oligodendrocyte_progenitor_1,__NA__,__NA__,3562,2795584800450100164,oligodendrocyte_progenitor_1,subgroup_model,LogisticRegression,40.0,True,3
DH_ex_Reln,6,excitatory,3564,2795584800450100239,DH_ex_Prkcg/Rxfp1,subgroup_model,LogisticRegression,5.0,False,3
microglia,__NA__,__NA__,3565,2795584800451100007,microglia,subgroup_model,LogisticRegression,40.0,True,3
DH_ex_Grp,6,excitatory,3566,2795584800453100080,DH_ex_Grp,subgroup_model,LogisticRegression,5.0,True,3
DH_ex_Grpr,2,excitatory,3570,2795584800454100219,DH_ex_Gpr83,subgroup_model,LogisticRegression,1.0,False,3
DH_ex_Maf/Cpne4,10,excitatory,3572,2795584800455100125,DH_ex_Maf/Cck,subgroup_model,LogisticRegression,20.0,False,3
astrocyte_1,__NA__,__NA__,3575,2795584800457100131,endothelial,subgroup_model,LogisticRegression,40.0,False,3
DH_ex_Reln/Nmur2,3,excitatory,3580,2795584800462100146,DH_ex_Reln/Nmur2,subgroup_model,ExtraTrees,5.0,True,3
DH_in_Pdyn,2,inhibitory,3581,2795584800462100162,DH_in_Pdyn,direct_section_EI,,,True,3
DH_ex_Grpr,2,excitatory,3583,2795584800472100061,DH_ex_Grpr,subgroup_model,LogisticRegression,1.0,True,3
meninges_3,__NA__,__NA__,3584,2795584800472100167,meninges_3,subgroup_model,LogisticRegression,40.0,True,3
meninges_1,__NA__,__NA__,3585,2795584800472100176,meninges_2,subgroup_model,LogisticRegression,40.0,False,3
DH_ex_Nmu/Tac2,8,excitatory,3587,2795584800476100135,DH_ex_Nmu/Tac2,subgroup_model,RandomForest,10.0,True,3
DH_ex_Prkcg/Nts,8,excitatory,3591,2795584800483100029,DH_ex_Prkcg/Nts,subgroup_model,RandomForest,10.0,True,3
oligodendrocyte_precursor_cell,__NA__,__NA__,3599,2795584800493100063,oligodendrocyte_precursor_cell,subgroup_model,LogisticRegression,40.0,True,3
astrocyte_1,__NA__,__NA__,3600,2795584800493100084,astrocyte_1,subgroup_model,LogisticRegression,40.0,True,3
DH_in_Cdh3,10,inhibitory,3601,2795584800493100085,DH_in_Cdh3,subgroup_model,ExtraTrees,40.0,True,3
DH_ex_Prkcg/Rxfp1,6,excitatory,3603,2795584800493100159,DH_ex_Prkcg/Rxfp1,subgroup_model,LogisticRegression,5.0,True,3
DH_in_Npy,4,inhibitory,3604,2795584800493100180,DH_in_Npy,subgroup_model,LogisticRegression,1.0,True,3
astrocyte_2,__NA__,__NA__,3608,2795584800494100148,astrocyte_2,subgroup_model,LogisticRegression,40.0,True,3
MV_in_Esrrb,14,inhibitory,3616,2795584800588100034,MV_in_Esrrb,direct_section_EI,,,True,3
oligodendrocyte_2,__NA__,__NA__,3619,2795584800591100128,oligodendrocyte_2,subgroup_model,LogisticRegression,40.0,True,3
oligodendrocyte_progenitor_2,__NA__,__NA__,3626,2795584800639100140,oligodendrocyte_2,subgroup_model,LogisticRegression,40.0,False,3
gamma_motoneuron,22,__NA__,3627,2795584800639100173,gamma_motoneuron,subgroup_model,LogisticRegression,5.0,True,3
MV_in_Sema5b,15,inhibitory,3634,2795584800670100085,MV_in_Sema5b,direct_section,,,True,3
MV_in_Sema5b,15,inhibitory,3643,2795584800696100028,MV_in_Sema5b,direct_section,,,True,3
oligodendrocyte_2,__NA__,__NA__,3645,2795584800700100066,oligodendrocyte_2,subgroup_model,LogisticRegression,40.0,True,3
oligodendrocyte_1,__NA__,__NA__,3646,2795584800701100074,oligodendrocyte_progenitor_2,subgroup_model,LogisticRegression,40.0,False,3
oligodendrocyte_2,__NA__,__NA__,3648,2795584800705100012,oligodendrocyte_2,subgroup_model,LogisticRegression,40.0,True,3
MV_in_Sema5b,15,inhibitory,3650,2795584800709100041,MV_in_Sema5b,direct_section,,,True,3
MV_in_Sema5b,15,inhibitory,3652,2795584800709100282,MV_in_Sema5b,direct_section,,,True,3
DH_ex_Gpr83,2,excitatory,3656,2795584800713100062,DH_ex_Grpr,subgroup_model,LogisticRegression,1.0,False,3
DH_ex_Prkcg/Cck,8,excitatory,3659,2795584800713100117,DH_ex_Prkcg/Cck,subgroup_model,RandomForest,10.0,True,3
DH_ex_Maf/Cck,10,excitatory,3660,2795584800713100203,DH_ex_Maf/Cck,subgroup_model,LogisticRegression,20.0,True,3
oligodendrocyte_progenitor_2,__NA__,__NA__,3662,2795584800715100014,oligodendrocyte_progenitor_2,subgroup_model,LogisticRegression,40.0,True,3
endothelial,__NA__,__NA__,3666,2795584800747100097,endothelial,subgroup_model,LogisticRegression,40.0,True,3
oligodendrocyte_2,__NA__,__NA__,3667,2795584800747100174,oligodendrocyte_2,subgroup_model,LogisticRegression,40.0,True,3
DH_ex_Gpr83,2,excitatory,3669,2795584800749100119,DH_ex_Gpr83,subgroup_model,LogisticRegression,1.0,True,3
astrocyte_2,__NA__,__NA__,3671,2795584800750100007,astrocyte_2,subgroup_model,LogisticRegression,40.0,True,3
MV_in_Sema5b,15,inhibitory,3673,2795903600006100074,MV_in_Sema5b,direct_section,,,True,3
MV_ex_Shox2,18,excitatory,3675,2795903600031100190,MV_ex_Shox2,direct_section,,,True,3
endothelial,__NA__,__NA__,3676,2795903600031100202,oligodendrocyte_1,subgroup_model,LogisticRegression,40.0,False,3
DH_in_Npy,4,inhibitory,3678,2795903600032100130,DH_in_Npy,subgroup_model,LogisticRegression,1.0,True,3
gamma_motoneuron,22,__NA__,3685,2795903600057100084,gamma_motoneuron,subgroup_model,LogisticRegression,5.0,True,3
oligodendrocyte_progenitor_2,__NA__,__NA__,3686,2795903600057100096,oligodendrocyte_1,subgroup_model,LogisticRegression,40.0,False,3
oligodendrocyte_2,__NA__,__NA__,3690,2795903600112100070,oligodendrocyte_2,subgroup_model,LogisticRegression,40.0,True,3
oligodendrocyte_1,__NA__,__NA__,3692,2795903600114100055,pericyte,subgroup_model,LogisticRegression,40.0,False,3
MV_in_Sema5b,15,inhibitory,3693,2795903600114100170,MV_in_Sema5b,direct_section,,,True,3
astrocyte_1,__NA__,__NA__,3694,2795903600114100248,astrocyte_1,subgroup_model,LogisticRegression,40.0,True,3
astrocyte_1,__NA__,__NA__,3698,2795903600115100200,oligodendrocyte_progenitor_2,subgroup_model,LogisticRegression,40.0,False,3
astrocyte_1,__NA__,__NA__,3700,2795903600140100177,oligodendrocyte_precursor_cell,subgroup_model,LogisticRegression,40.0,False,3
M_ex_Vsx2/Shox2,20,excitatory,3702,2795903600141100114,M_ex_Vsx2/Shox2,subgroup_model,LogisticRegression,1.0,True,3
DH_ex_Reln,6,excitatory,3707,2795903600143100380,DH_ex_Reln,subgroup_model,LogisticRegression,5.0,True,3
oligodendrocyte_progenitor_2,__NA__,__NA__,3709,2795903600158100065,oligodendrocyte_progenitor_2,subgroup_model,LogisticRegression,40.0,True,3
DH_ex_Maf/Cck,10,excitatory,3710,2795903600158100109,DH_ex_Maf/Cck,subgroup_model,LogisticRegression,20.0,True,3
oligodendrocyte_progenitor_2,__NA__,__NA__,3713,2795903600166100037,astrocyte_2,subgroup_model,LogisticRegression,40.0,False,3
astrocyte_1,__NA__,__NA__,3714,2795903600167100157,astrocyte_1,subgroup_model,LogisticRegression,40.0,True,3
endothelial,__NA__,__NA__,3716,2795903600168100312,endothelial,subgroup_model,LogisticRegression,40.0,True,3
oligodendrocyte_progenitor_2,__NA__,__NA__,3720,2795903600185200054,oligodendrocyte_1,subgroup_model,LogisticRegression,40.0,False,3
alpha_motoneuron,22,__NA__,3729,2795903600210100077,alpha_motoneuron,subgroup_model,LogisticRegression,5.0,True,3
oligodendrocyte_progenitor_2,__NA__,__NA__,3733,2795903600212200113,oligodendrocyte_2,subgroup_model,LogisticRegression,40.0,False,3
oligodendrocyte_2,__NA__,__NA__,3734,2795903600215100042,oligodendrocyte_2,subgroup_model,LogisticRegression,40.0,True,3
astrocyte_1,__NA__,__NA__,3735,2795903600220100034,astrocyte_1,subgroup_model,LogisticRegression,40.0,True,3
oligodendrocyte_2,__NA__,__NA__,3736,2795903600238100008,oligodendrocyte_2,subgroup_model,LogisticRegression,40.0,True,3
MV_in_Chrna2,19,inhibitory,3738,2795903600241200092,MV_in_Chrna2,subgroup_model,LogisticRegression,5.0,True,3
oligodendrocyte_progenitor_2,__NA__,__NA__,3740,2795903600242100166,oligodendrocyte_1,subgroup_model,LogisticRegression,40.0,False,3
oligodendrocyte_2,__NA__,__NA__,3745,2795903600246100041,oligodendrocyte_2,subgroup_model,LogisticRegression,40.0,True,3
alpha_motoneuron,22,__NA__,3746,2795903600266100045,alpha_motoneuron,subgroup_model,LogisticRegression,5.0,True,3
M_ex_Vsx2/Shox2,20,excitatory,3751,2795903600267200054,M_ex_Vsx2/Shox2,subgroup_model,LogisticRegression,1.0,True,3
DH_in_Npy2r,9,inhibitory,3755,2795903600269100021,DH_in_Npy2r,subgroup_model,RandomForest,5.0,True,3
DH_in_Cdh3,10,inhibitory,3756,2795903600269100080,DH_in_Klhl14,subgroup_model,ExtraTrees,40.0,False,3
DH_ex_Prkcg/Rxfp1,6,excitatory,3758,2795903600269100134,DH_ex_Prkcg/Rxfp1,subgroup_model,LogisticRegression,5.0,True,3
oligodendrocyte_2,__NA__,__NA__,3759,2795903600269100167,oligodendrocyte_2,subgroup_model,LogisticRegression,40.0,True,3
oligodendrocyte_progenitor_2,__NA__,__NA__,3760,2795903600269100183,oligodendrocyte_1,subgroup_model,LogisticRegression,40.0,False,3
MV_ex_Shox2,18,excitatory,3762,2795903600294100071,MV_ex_Shox2,direct_section,,,True,3
oligodendrocyte_progenitor_2,__NA__,__NA__,3763,2795903600294100147,oligodendrocyte_1,subgroup_model,LogisticRegression,40.0,False,3
DH_ex_Sox5,5,excitatory,3765,2795903600300100043,DH_ex_Sox5,subgroup_model,LogisticRegression,1.0,True,3
DH_ex_Prkcg/Rxfp1,6,excitatory,3767,2795903600300100098,DH_ex_Prkcg/Rxfp1,subgroup_model,LogisticRegression,5.0,True,3
DH_ex_Nmu/Tac2,8,excitatory,3769,2795903600300100156,DH_ex_Nmu/Tac2,subgroup_model,RandomForest,10.0,True,3
astrocyte_2,__NA__,__NA__,3770,2795903600301100052,astrocyte_1,subgroup_model,LogisticRegression,40.0,False,3
DH_ex_Grpr,2,excitatory,3773,2795903600301100349,DH_ex_Gpr83,subgroup_model,LogisticRegression,1.0,False,3
MV_in_Gabra1,16,inhibitory,3776,2795903600320100046,MV_in_Gabra1,direct_section,,,True,3
oligodendrocyte_progenitor_2,__NA__,__NA__,3777,2795903600320100064,oligodendrocyte_1,subgroup_model,LogisticRegression,40.0,False,3
oligodendrocyte_progenitor_2,__NA__,__NA__,3778,2795903600320100084,oligodendrocyte_1,subgroup_model,LogisticRegression,40.0,False,3
DM_ex_Zfhx3,11,excitatory,3780,2795903600321100047,DM_ex_Zfhx3,direct_section,,,True,3
DH_ex_Prkcg/Rxfp1,6,excitatory,3781,2795903600321100277,DH_ex_Grp,subgroup_model,LogisticRegression,5.0,False,3
DH_in_Pdyn,2,inhibitory,3782,2795903600322100049,DH_in_Pdyn,direct_section_EI,,,True,3
astrocyte_1,__NA__,__NA__,3787,2795903600322100214,astrocyte_1,subgroup_model,LogisticRegression,40.0,True,3
DM_ex_Zfhx3,11,excitatory,3791,2795903600329100117,DM_ex_Zfhx3,direct_section,,,True,3
oligodendrocyte_progenitor_2,__NA__,__NA__,3795,2795903600346100148,oligodendrocyte_1,subgroup_model,LogisticRegression,40.0,False,3
oligodendrocyte_precursor_cell,__NA__,__NA__,3797,2795903600346200057,oligodendrocyte_progenitor_1,subgroup_model,LogisticRegression,40.0,False,3
DM_ex_Zfhx3,11,excitatory,3799,2795903600347100196,DM_ex_Zfhx3,direct_section,,,True,3
oligodendrocyte_1,__NA__,__NA__,3802,2795903600348100067,oligodendrocyte_1,subgroup_model,LogisticRegression,40.0,True,3
DM_ex_Zfhx3,11,excitatory,3803,2795903600348100080,DM_ex_Zfhx3,direct_section,,,True,3
DH_in_Pdyn,2,inhibitory,3807,2795903600349100059,DH_in_Pdyn,direct_section_EI,,,True,3
DH_ex_Sox5/Tac1,5,excitatory,3809,2795903600349100115,DH_ex_Sox5/Tac1,subgroup_model,LogisticRegression,1.0,True,3
endothelial,__NA__,__NA__,3813,2795903600353100318,oligodendrocyte_1,subgroup_model,LogisticRegression,40.0,False,3
oligodendrocyte_progenitor_2,__NA__,__NA__,3819,2795903600354100169,oligodendrocyte_progenitor_2,subgroup_model,LogisticRegression,40.0,True,3
astrocyte_1,__NA__,__NA__,3820,2795903600354100173,astrocyte_2,subgroup_model,LogisticRegression,40.0,False,3
DH_ex_Reln/Nmur2,3,excitatory,3822,2795903600355100101,DH_ex_Reln/Nmur2,subgroup_model,ExtraTrees,5.0,True,3
DH_ex_Prkcg/Nts,8,excitatory,3823,2795903600355100216,DH_ex_Prkcg/Cck,subgroup_model,RandomForest,10.0,False,3
Schwann_cell,__NA__,__NA__,3824,2795903600355200166,Schwann_cell,subgroup_model,LogisticRegression,40.0,True,3
Schwann_cell,__NA__,__NA__,3825,2795903600371100109,Schwann_cell,subgroup_model,LogisticRegression,40.0,True,3
alpha_motoneuron,22,__NA__,3827,2795903600372100136,alpha_motoneuron,subgroup_model,LogisticRegression,5.0,True,3
oligodendrocyte_progenitor_2,__NA__,__NA__,3828,2795903600374100028,oligodendrocyte_progenitor_2,subgroup_model,LogisticRegression,40.0,True,3
alpha_motoneuron,22,__NA__,3830,2795903600379100095,alpha_motoneuron,subgroup_model,LogisticRegression,5.0,True,3
DH_in_Npy2r,9,inhibitory,3836,2795903600401100113,DH_in_Kcnip2,subgroup_model,RandomForest,5.0,False,3
DM_ex_Zfhx3,11,excitatory,3837,2795903600401100121,DM_ex_Zfhx3,direct_section,,,True,3
M_in_Tfap2b,12,inhibitory,3840,2795903600401100225,M_in_Tfap2b,direct_section,,,True,3
oligodendrocyte_precursor_cell,__NA__,__NA__,3845,2795903600410100025,oligodendrocyte_precursor_cell,subgroup_model,LogisticRegression,40.0,True,3
oligodendrocyte_progenitor_2,__NA__,__NA__,3846,2795903600410100164,oligodendrocyte_progenitor_2,subgroup_model,LogisticRegression,40.0,True,3
peripheral_glia,__NA__,__NA__,3847,2795903600411100019,Schwann_cell,subgroup_model,LogisticRegression,40.0,False,3
DH_ex_Reln/Nmur2,3,excitatory,3848,2795903600411100094,DH_ex_Reln/Nmur2,subgroup_model,ExtraTrees,5.0,True,3
DH_in_Kcnip2,9,inhibitory,3853,2795903600428100028,DH_in_Npy2r,subgroup_model,RandomForest,5.0,False,3
DH_ex_Prkcg/Cck,8,excitatory,3855,2795903600428100059,DH_ex_Prkcg/Nts,subgroup_model,RandomForest,10.0,False,3
oligodendrocyte_progenitor_2,__NA__,__NA__,3865,2795903600437100021,oligodendrocyte_progenitor_2,subgroup_model,LogisticRegression,40.0,True,3
astrocyte_1,__NA__,__NA__,3866,2795903600437100058,pericyte,subgroup_model,LogisticRegression,40.0,False,3
DH_ex_Sox5,5,excitatory,3870,2795903600438100042,DH_ex_Sox5,subgroup_model,LogisticRegression,1.0,True,3
DH_ex_Prkcg/Nts,8,excitatory,3871,2795903600438100113,DH_ex_Prkcg/Nts,subgroup_model,RandomForest,10.0,True,3
DH_ex_Prkcg/Nts,8,excitatory,3874,2795903600438100190,DH_ex_Tac2,subgroup_model,RandomForest,10.0,False,3
M_ex_Vsx2/Shox2,20,excitatory,3877,2795903600453100037,M_ex_Vsx2/Shox2,subgroup_model,LogisticRegression,1.0,True,3
astrocyte_1,__NA__,__NA__,3878,2795903600453100052,endothelial,subgroup_model,LogisticRegression,40.0,False,3
astrocyte_1,__NA__,__NA__,3881,2795903600454100124,astrocyte_1,subgroup_model,LogisticRegression,40.0,True,3
DH_in_Cdh3,10,inhibitory,3882,2795903600454100132,DH_in_Cdh3,subgroup_model,ExtraTrees,40.0,True,3
oligodendrocyte_2,__NA__,__NA__,3883,2795903600454100196,oligodendrocyte_progenitor_2,subgroup_model,LogisticRegression,40.0,False,3
DM_ex_Zfhx3,11,excitatory,3884,2795903600454100222,DM_ex_Zfhx3,direct_section,,,True,3
DH_ex_Cpne4,3,excitatory,3886,2795903600455100075,DH_ex_Cpne4,subgroup_model,ExtraTrees,5.0,True,3
oligodendrocyte_progenitor_2,__NA__,__NA__,3890,2795903600461100105,oligodendrocyte_progenitor_2,subgroup_model,LogisticRegression,40.0,True,3
astrocyte_1,__NA__,__NA__,3892,2795903600462100044,astrocyte_1,subgroup_model,LogisticRegression,40.0,True,3
endothelial,__NA__,__NA__,3893,2795903600462100093,oligodendrocyte_precursor_cell,subgroup_model,LogisticRegression,40.0,False,3
astrocyte_1,__NA__,__NA__,3894,2795903600463100030,astrocyte_1,subgroup_model,LogisticRegression,40.0,True,3
oligodendrocyte_2,__NA__,__NA__,3895,2795903600463100037,oligodendrocyte_2,subgroup_model,LogisticRegression,40.0,True,3
oligodendrocyte_1,__NA__,__NA__,3897,2795903600463100194,oligodendrocyte_progenitor_2,subgroup_model,LogisticRegression,40.0,False,3
DH_in_Cdh3,10,inhibitory,3903,2795903600481100063,DH_in_Cdh3,subgroup_model,ExtraTrees,40.0,True,3
astrocyte_1,__NA__,__NA__,3906,2795903600481100163,astrocyte_2,subgroup_model,LogisticRegression,40.0,False,3
oligodendrocyte_2,__NA__,__NA__,3908,2795903600488100062,oligodendrocyte_2,subgroup_model,LogisticRegression,40.0,True,3
astrocyte_1,__NA__,__NA__,3909,2795903600489100060,astrocyte_1,subgroup_model,LogisticRegression,40.0,True,3
oligodendrocyte_progenitor_2,__NA__,__NA__,3920,2795903600516100102,endothelial,subgroup_model,LogisticRegression,40.0,False,3
oligodendrocyte_progenitor_2,__NA__,__NA__,3924,2795903600517100056,oligodendrocyte_progenitor_2,subgroup_model,LogisticRegression,40.0,True,3
endothelial,__NA__,__NA__,3925,2795903600517100085,endothelial,subgroup_model,LogisticRegression,40.0,True,3
meninges_1,__NA__,__NA__,3928,2795903600518100091,meninges_1,subgroup_model,LogisticRegression,40.0,True,3
DH_ex_Sox5,5,excitatory,3929,2795903600518100124,DH_ex_Sox5,subgroup_model,LogisticRegression,1.0,True,3
alpha_motoneuron,22,__NA__,3936,2795903600542100082,alpha_motoneuron,subgroup_model,LogisticRegression,5.0,True,3
DH_ex_Prkcg/Nts,8,excitatory,3940,2795903600563100287,DH_ex_Prkcg/Cck,subgroup_model,RandomForest,10.0,False,3
Schwann_cell,__NA__,__NA__,3941,2795903600570100068,Schwann_cell,subgroup_model,LogisticRegression,40.0,True,3
astrocyte_1,__NA__,__NA__,3944,2795903600588100112,astrocyte_1,subgroup_model,LogisticRegression,40.0,True,3
M_in_Tfap2b,12,inhibitory,3947,2795903600589100248,M_in_Tfap2b,direct_section,,,True,3
meninges_1,__NA__,__NA__,3950,2795903600590100039,meninges_2,subgroup_model,LogisticRegression,40.0,False,3
DH_ex_Cpne4,3,excitatory,3951,2795903600590100141,DH_ex_Cpne4,subgroup_model,ExtraTrees,5.0,True,3
meninges_3,__NA__,__NA__,3954,2795903600595100184,meninges_3,subgroup_model,LogisticRegression,40.0,True,3
oligodendrocyte_precursor_cell,__NA__,__NA__,3958,2795903600613200010,oligodendrocyte_precursor_cell,subgroup_model,LogisticRegression,40.0,True,3
oligodendrocyte_1,__NA__,__NA__,3960,2795903600614100079,oligodendrocyte_1,subgroup_model,LogisticRegression,40.0,True,3
alpha_motoneuron,22,__NA__,3961,2795903600614100134,beta_motoneuron,subgroup_model,LogisticRegression,5.0,False,3
endothelial,__NA__,__NA__,3962,2795903600614100222,endothelial,subgroup_model,LogisticRegression,40.0,True,3
MV_in_Gm26673,19,inhibitory,3964,2795903600615100158,MV_in_Gm26673,subgroup_model,LogisticRegression,5.0,True,3
M_in_Tfap2b,12,inhibitory,3965,2795903600616100042,M_in_Tfap2b,direct_section,,,True,3
oligodendrocyte_1,__NA__,__NA__,3970,2795903600616100113,oligodendrocyte_1,subgroup_model,LogisticRegression,40.0,True,3
beta_motoneuron,22,__NA__,3972,2795903600639100122,alpha_motoneuron,subgroup_model,LogisticRegression,5.0,False,3
oligodendrocyte_2,__NA__,__NA__,3973,2795903600639100170,oligodendrocyte_2,subgroup_model,LogisticRegression,40.0,True,3
MV_in_Gm26673,19,inhibitory,3974,2795903600640100055,MV_in_Gm26673,subgroup_model,LogisticRegression,5.0,True,3
astrocyte_1,__NA__,__NA__,3977,2795903600641100188,astrocyte_2,subgroup_model,LogisticRegression,40.0,False,3
oligodendrocyte_1,__NA__,__NA__,3978,2795903600641100193,oligodendrocyte_1,subgroup_model,LogisticRegression,40.0,True,3
oligodendrocyte_progenitor_1,__NA__,__NA__,3979,2795903600641100239,oligodendrocyte_progenitor_1,subgroup_model,LogisticRegression,40.0,True,3
astrocyte_1,__NA__,__NA__,3982,2795903600667100156,oligodendrocyte_precursor_cell,subgroup_model,LogisticRegression,40.0,False,3
MV_in_Gm26673,19,inhibitory,3983,2795903600668100106,MV_in_Gm26673,subgroup_model,LogisticRegression,5.0,True,3
MV_in_Gabra1,16,inhibitory,3985,2795903600668100212,MV_in_Gabra1,direct_section,,,True,3
MV_ex_Shox2,18,excitatory,3991,2795903600669100305,MV_ex_Shox2,direct_section,,,True,3
DH_ex_Sox5/Tac1,5,excitatory,3993,2795903600670100044,DH_ex_Sox5/Tac1,subgroup_model,LogisticRegression,1.0,True,3
DM_ex_Zfhx3,11,excitatory,4000,2795903600670100272,DM_ex_Zfhx3,direct_section,,,True,3
DH_in_Npy,4,inhibitory,4006,2795903600696100023,DH_in_Npy,subgroup_model,LogisticRegression,1.0,True,3
oligodendrocyte_progenitor_2,__NA__,__NA__,4009,2795903600696100115,oligodendrocyte_progenitor_2,subgroup_model,LogisticRegression,40.0,True,3
DH_ex_Gpr83,2,excitatory,4013,2796212800048100035,DH_ex_Gpr83,subgroup_model,LogisticRegression,1.0,True,3
oligodendrocyte_1,__NA__,__NA__,4014,2796212800079100090,astrocyte_1,subgroup_model,LogisticRegression,40.0,False,3
DH_in_Rorb,7,inhibitory,4019,2796212800080100061,DH_in_Rorb,direct_section,,,True,3
oligodendrocyte_progenitor_2,__NA__,__NA__,4020,2796212800109100030,oligodendrocyte_1,subgroup_model,LogisticRegression,40.0,False,3
oligodendrocyte_1,__NA__,__NA__,4022,2796212800109100145,oligodendrocyte_progenitor_2,subgroup_model,LogisticRegression,40.0,False,3
endothelial,__NA__,__NA__,4025,2796212800109100154,oligodendrocyte_2,subgroup_model,LogisticRegression,40.0,False,3
oligodendrocyte_progenitor_2,__NA__,__NA__,4030,2796212800111100031,oligodendrocyte_1,subgroup_model,LogisticRegression,40.0,False,3
DH_in_Npy2r,9,inhibitory,4032,2796212800111100103,DH_in_Npy2r,subgroup_model,RandomForest,5.0,True,3
oligodendrocyte_2,__NA__,__NA__,4034,2796212800141100067,oligodendrocyte_2,subgroup_model,LogisticRegression,40.0,True,3
DH_in_Cdh3,10,inhibitory,4037,2796212800142100201,DH_in_Cdh3,subgroup_model,ExtraTrees,40.0,True,3
astrocyte_2,__NA__,__NA__,4040,2796212800174100040,oligodendrocyte_2,subgroup_model,LogisticRegression,40.0,False,3
astrocyte_2,__NA__,__NA__,4041,2796212800175100064,oligodendrocyte_1,subgroup_model,LogisticRegression,40.0,False,3
astrocyte_1,__NA__,__NA__,4044,2796212800176100149,astrocyte_1,subgroup_model,LogisticRegression,40.0,True,3
MV_in_Sema5b,15,inhibitory,4045,2796212800176100308,MV_in_Sema5b,direct_section,,,True,3
DH_ex_Sox5,5,excitatory,4047,2796212800210100126,DH_ex_Sox5,subgroup_model,LogisticRegression,1.0,True,3
oligodendrocyte_progenitor_2,__NA__,__NA__,4051,2796212800232100166,oligodendrocyte_1,subgroup_model,LogisticRegression,40.0,False,3
DH_ex_Reln/Nmur2,3,excitatory,4053,2796212800233100131,DH_ex_Reln/Nmur2,subgroup_model,ExtraTrees,5.0,True,3
gamma_motoneuron,22,__NA__,4056,2796212800238100210,gamma_motoneuron,subgroup_model,LogisticRegression,5.0,True,3
MV_ex_Syt2,14,excitatory,4060,2796212800242100045,MV_ex_Syt2,direct_section_EI,,,True,3
DM_ex_Zfhx3,11,excitatory,4063,2796212800248100090,DM_ex_Zfhx3,direct_section,,,True,3
MV_in_Gabra1,16,inhibitory,4066,2796212800264100058,MV_in_Gabra1,direct_section,,,True,3
oligodendrocyte_progenitor_2,__NA__,__NA__,4067,2796212800264100108,oligodendrocyte_1,subgroup_model,LogisticRegression,40.0,False,3
endothelial,__NA__,__NA__,4068,2796212800264100110,pericyte,subgroup_model,LogisticRegression,40.0,False,3
DH_ex_Nmu/Tac2,8,excitatory,4071,2796212800265100041,DH_ex_Nmu/Tac2,subgroup_model,RandomForest,10.0,True,3
oligodendrocyte_progenitor_2,__NA__,__NA__,4074,2796212800271100055,endothelial,subgroup_model,LogisticRegression,40.0,False,3
MV_in_Sema5b,15,inhibitory,4076,2796212800273100138,MV_in_Sema5b,direct_section,,,True,3
oligodendrocyte_progenitor_2,__NA__,__NA__,4078,2796212800295100043,oligodendrocyte_1,subgroup_model,LogisticRegression,40.0,False,3
MV_in_Gm26673,19,inhibitory,4080,2796212800295100181,MV_in_Gm26673,subgroup_model,LogisticRegression,5.0,True,3
MV_in_Esrrb,14,inhibitory,4082,2796212800295100265,MV_in_Esrrb,direct_section_EI,,,True,3
oligodendrocyte_progenitor_2,__NA__,__NA__,4087,2796212800296200119,oligodendrocyte_progenitor_2,subgroup_model,LogisticRegression,40.0,True,3
DH_in_Cdh3,10,inhibitory,4088,2796212800297100043,DH_in_Cdh3,subgroup_model,ExtraTrees,40.0,True,3
astrocyte_1,__NA__,__NA__,4093,2796212800305100059,astrocyte_2,subgroup_model,LogisticRegression,40.0,False,3
oligodendrocyte_2,__NA__,__NA__,4094,2796212800327100095,oligodendrocyte_2,subgroup_model,LogisticRegression,40.0,True,3
astrocyte_2,__NA__,__NA__,4100,2796212800333100156,astrocyte_2,subgroup_model,LogisticRegression,40.0,True,3
DH_ex_Reln/Npff,1,excitatory,4109,2796212800355100022,DH_ex_Reln/Npff,direct_section,,,True,3
oligodendrocyte_1,__NA__,__NA__,4110,2796212800355100039,pericyte,subgroup_model,LogisticRegression,40.0,False,3
oligodendrocyte_2,__NA__,__NA__,4111,2796212800355100068,oligodendrocyte_1,subgroup_model,LogisticRegression,40.0,False,3
oligodendrocyte_progenitor_2,__NA__,__NA__,4114,2796212800362100078,astrocyte_2,subgroup_model,LogisticRegression,40.0,False,3
alpha_motoneuron,22,__NA__,4116,2796212800362100170,beta_motoneuron,subgroup_model,LogisticRegression,5.0,False,3
oligodendrocyte_progenitor_2,__NA__,__NA__,4120,2796212800364100230,endothelial,subgroup_model,LogisticRegression,40.0,False,3
astrocyte_1,__NA__,__NA__,4121,2796212800364100254,astrocyte_1,subgroup_model,LogisticRegression,40.0,True,3
oligodendrocyte_1,__NA__,__NA__,4122,2796212800364100281,oligodendrocyte_1,subgroup_model,LogisticRegression,40.0,True,3
oligodendrocyte_progenitor_2,__NA__,__NA__,4123,2796212800364200078,oligodendrocyte_progenitor_2,subgroup_model,LogisticRegression,40.0,True,3
astrocyte_1,__NA__,__NA__,4126,2796212800365100159,pericyte,subgroup_model,LogisticRegression,40.0,False,3
oligodendrocyte_progenitor_2,__NA__,__NA__,4127,2796212800365100219,oligodendrocyte_progenitor_2,subgroup_model,LogisticRegression,40.0,True,3
DH_in_Pdyn,2,inhibitory,4128,2796212800365100233,DH_in_Pdyn,direct_section_EI,,,True,3
Schwann_cell,__NA__,__NA__,4129,2796212800371200067,peripheral_glia,subgroup_model,LogisticRegression,40.0,False,3
endothelial,__NA__,__NA__,4133,2796212800375100106,astrocyte_1,subgroup_model,LogisticRegression,40.0,False,3
oligodendrocyte_progenitor_2,__NA__,__NA__,4134,2796212800375100176,oligodendrocyte_progenitor_2,subgroup_model,LogisticRegression,40.0,True,3
astrocyte_1,__NA__,__NA__,4137,2796212800386100109,oligodendrocyte_precursor_cell,subgroup_model,LogisticRegression,40.0,False,3
MV_in_Gm26673,19,inhibitory,4138,2796212800387100075,MV_in_Gm26673,subgroup_model,LogisticRegression,5.0,True,3
gamma_motoneuron,22,__NA__,4144,2796212800394100051,gamma_motoneuron,subgroup_model,LogisticRegression,5.0,True,3
oligodendrocyte_1,__NA__,__NA__,4146,2796212800395100045,oligodendrocyte_1,subgroup_model,LogisticRegression,40.0,True,3
endothelial,__NA__,__NA__,4147,2796212800395100111,endothelial,subgroup_model,LogisticRegression,40.0,True,3
MV_ex_Syt2,14,excitatory,4148,2796212800396100144,MV_ex_Syt2,direct_section_EI,,,True,3
DH_ex_Nmu/Tac2,8,excitatory,4155,2796212800398100158,DH_ex_Nmu/Tac2,subgroup_model,RandomForest,10.0,True,3
DH_ex_Reln,6,excitatory,4158,2796212800399100077,DH_ex_Reln,subgroup_model,LogisticRegression,5.0,True,3
DH_ex_Reln,6,excitatory,4159,2796212800399100086,DH_ex_Grp,subgroup_model,LogisticRegression,5.0,False,3
DH_in_Cdh3,10,inhibitory,4167,2796212800409100038,DH_in_Cdh3,subgroup_model,ExtraTrees,40.0,True,3
MV_ex_Shox2,18,excitatory,4170,2796212800419100109,MV_ex_Shox2,direct_section,,,True,3
MV_ex_Syt2,14,excitatory,4172,2796212800420100106,MV_ex_Syt2,direct_section_EI,,,True,3
oligodendrocyte_2,__NA__,__NA__,4173,2796212800420100197,oligodendrocyte_1,subgroup_model,LogisticRegression,40.0,False,3
DH_ex_Reln/Nmur2,3,excitatory,4176,2796212800421100026,DH_ex_Reln/Nmur2,subgroup_model,ExtraTrees,5.0,True,3
oligodendrocyte_2,__NA__,__NA__,4177,2796212800421100119,oligodendrocyte_2,subgroup_model,LogisticRegression,40.0,True,3
DH_ex_Reln/Npff,1,excitatory,4180,2796212800423100067,DH_ex_Reln/Npff,direct_section,,,True,3
DH_ex_Sox5,5,excitatory,4181,2796212800424100035,DH_ex_Sox5,subgroup_model,LogisticRegression,1.0,True,3
oligodendrocyte_progenitor_2,__NA__,__NA__,4182,2796212800424100103,oligodendrocyte_progenitor_2,subgroup_model,LogisticRegression,40.0,True,3
oligodendrocyte_progenitor_2,__NA__,__NA__,4185,2796212800429100114,oligodendrocyte_2,subgroup_model,LogisticRegression,40.0,False,3
MV_ex_Syt2,14,excitatory,4191,2796212800430100251,MV_ex_Syt2,direct_section_EI,,,True,3
astrocyte_1,__NA__,__NA__,4194,2796212800431100106,astrocyte_1,subgroup_model,LogisticRegression,40.0,True,3
DH_in_Cdh3,10,inhibitory,4196,2796212800431100204,DH_in_Klhl14,subgroup_model,ExtraTrees,40.0,False,3
astrocyte_1,__NA__,__NA__,4198,2796212800431100265,astrocyte_2,subgroup_model,LogisticRegression,40.0,False,3
DH_ex_Grpr,2,excitatory,4200,2796212800441100176,DH_ex_Gpr83,subgroup_model,LogisticRegression,1.0,False,3
DH_ex_Sox5/Tac1,5,excitatory,4205,2796212800456100018,DH_ex_Sox5/Tac1,subgroup_model,LogisticRegression,1.0,True,3
oligodendrocyte_progenitor_2,__NA__,__NA__,4209,2796212800456100223,astrocyte_2,subgroup_model,LogisticRegression,40.0,False,3
oligodendrocyte_progenitor_2,__NA__,__NA__,4210,2796212800456100226,endothelial,subgroup_model,LogisticRegression,40.0,False,3
astrocyte_1,__NA__,__NA__,4216,2796212800457100064,astrocyte_1,subgroup_model,LogisticRegression,40.0,True,3
DH_ex_Nmu/Tac2,8,excitatory,4217,2796212800457100128,DH_ex_Nmu/Tac2,subgroup_model,RandomForest,10.0,True,3
MV_in_Gm26673,19,inhibitory,4221,2796212800461100222,MV_in_Gm26673,subgroup_model,LogisticRegression,5.0,True,3
oligodendrocyte_progenitor_2,__NA__,__NA__,4222,2796212800461100225,oligodendrocyte_1,subgroup_model,LogisticRegression,40.0,False,3
beta_motoneuron,22,__NA__,4223,2796212800461100233,alpha_motoneuron,subgroup_model,LogisticRegression,5.0,False,3
oligodendrocyte_progenitor_2,__NA__,__NA__,4226,2796212800462100059,oligodendrocyte_progenitor_2,subgroup_model,LogisticRegression,40.0,True,3
oligodendrocyte_progenitor_2,__NA__,__NA__,4230,2796212800483100024,astrocyte_2,subgroup_model,LogisticRegression,40.0,False,3
alpha_motoneuron,22,__NA__,4231,2796212800485100033,beta_motoneuron,subgroup_model,LogisticRegression,5.0,False,3
oligodendrocyte_progenitor_2,__NA__,__NA__,4234,2796212800487100024,oligodendrocyte_1,subgroup_model,LogisticRegression,40.0,False,3
oligodendrocyte_1,__NA__,__NA__,4236,2796212800487100153,oligodendrocyte_precursor_cell,subgroup_model,LogisticRegression,40.0,False,3
oligodendrocyte_1,__NA__,__NA__,4237,2796212800487200120,oligodendrocyte_1,subgroup_model,LogisticRegression,40.0,True,3
MV_in_Esrrb,14,inhibitory,4239,2796212800488100197,MV_in_Esrrb,direct_section_EI,,,True,3
MV_in_Sema5b,15,inhibitory,4245,2796212800494100111,MV_in_Sema5b,direct_section,,,True,3
oligodendrocyte_progenitor_2,__NA__,__NA__,4248,2796212800520100087,oligodendrocyte_progenitor_2,subgroup_model,LogisticRegression,40.0,True,3
MV_ex_Syt2,14,excitatory,4250,2796212800521100134,MV_ex_Syt2,direct_section_EI,,,True,3
astrocyte_2,__NA__,__NA__,4251,2796212800522100026,astrocyte_1,subgroup_model,LogisticRegression,40.0,False,3
DH_ex_Prkcg/Cck,8,excitatory,4252,2796212800529100021,DH_ex_Tac2,subgroup_model,RandomForest,10.0,False,3
astrocyte_1,__NA__,__NA__,4253,2796212800529100067,oligodendrocyte_precursor_cell,subgroup_model,LogisticRegression,40.0,False,3
DH_in_Npy,4,inhibitory,4256,2796212800529100125,DH_in_Npy,subgroup_model,LogisticRegression,1.0,True,3
DH_ex_Cpne4,3,excitatory,4257,2796212800529100128,DH_ex_Reln/Nmur2,subgroup_model,ExtraTrees,5.0,False,3
DH_ex_Prkcg/Nts,8,excitatory,4258,2796212800529100186,DH_ex_Prkcg/Nts,subgroup_model,RandomForest,10.0,True,3
Schwann_cell,__NA__,__NA__,4262,2796212800536100091,Schwann_cell,subgroup_model,LogisticRegression,40.0,True,3
oligodendrocyte_progenitor_1,__NA__,__NA__,4264,2796212800537100149,oligodendrocyte_progenitor_1,subgroup_model,LogisticRegression,40.0,True,3
oligodendrocyte_1,__NA__,__NA__,4268,2796212800552100092,astrocyte_1,subgroup_model,LogisticRegression,40.0,False,3
astrocyte_1,__NA__,__NA__,4269,2796212800552100138,oligodendrocyte_precursor_cell,subgroup_model,LogisticRegression,40.0,False,3
oligodendrocyte_progenitor_2,__NA__,__NA__,4272,2796212800553100050,oligodendrocyte_progenitor_2,subgroup_model,LogisticRegression,40.0,True,3
oligodendrocyte_progenitor_2,__NA__,__NA__,4273,2796212800553100213,oligodendrocyte_1,subgroup_model,LogisticRegression,40.0,False,3
DH_ex_Maf/Cck,10,excitatory,4274,2796212800553100258,DH_ex_Maf/Cck,subgroup_model,LogisticRegression,20.0,True,3
oligodendrocyte_progenitor_2,__NA__,__NA__,4275,2796212800553200125,oligodendrocyte_progenitor_2,subgroup_model,LogisticRegression,40.0,True,3
DH_ex_Prkcg/Nts,8,excitatory,4277,2796212800554100093,DH_ex_Tac2,subgroup_model,RandomForest,10.0,False,3
oligodendrocyte_precursor_cell,__NA__,__NA__,4281,2796212800554100278,oligodendrocyte_precursor_cell,subgroup_model,LogisticRegression,40.0,True,3
astrocyte_2,__NA__,__NA__,4282,2796212800559100014,astrocyte_2,subgroup_model,LogisticRegression,40.0,True,3
DH_ex_Maf/Cck,10,excitatory,4289,2796212800569100099,DH_ex_Maf/Cck,subgroup_model,LogisticRegression,20.0,True,3
DH_ex_Grp,6,excitatory,4291,2796212800570100101,DH_ex_Grp,subgroup_model,LogisticRegression,5.0,True,3
DH_ex_Prkcg/Rxfp1,6,excitatory,4292,2796212800570100205,DH_ex_Grp,subgroup_model,LogisticRegression,5.0,False,3
oligodendrocyte_2,__NA__,__NA__,4293,2796212800583100026,oligodendrocyte_2,subgroup_model,LogisticRegression,40.0,True,3
oligodendrocyte_1,__NA__,__NA__,4299,2796212800585100162,oligodendrocyte_1,subgroup_model,LogisticRegression,40.0,True,3
MV_in_Gabra1,16,inhibitory,4300,2796212800585100200,MV_in_Gabra1,direct_section,,,True,3
oligodendrocyte_1,__NA__,__NA__,4301,2796212800585100243,oligodendrocyte_1,subgroup_model,LogisticRegression,40.0,True,3
alpha_motoneuron,22,__NA__,4302,2796212800585100299,beta_motoneuron,subgroup_model,LogisticRegression,5.0,False,3
MV_ex_Shox2,18,excitatory,4311,2796212800593100256,MV_ex_Shox2,direct_section,,,True,3
astrocyte_1,__NA__,__NA__,4313,2796212800593200044,oligodendrocyte_progenitor_2,subgroup_model,LogisticRegression,40.0,False,3
astrocyte_1,__NA__,__NA__,4315,2796212800594100218,oligodendrocyte_progenitor_1,subgroup_model,LogisticRegression,40.0,False,3
DH_ex_Prkcg/Nts,8,excitatory,4319,2796212800595100096,DH_ex_Prkcg/Cck,subgroup_model,RandomForest,10.0,False,3
DH_ex_Nmu/Tac2,8,excitatory,4321,2796212800595100131,DH_ex_Nmu/Tac2,subgroup_model,RandomForest,10.0,True,3
MV_in_Sema5b,15,inhibitory,4323,2796212800598100156,MV_in_Sema5b,direct_section,,,True,3
oligodendrocyte_1,__NA__,__NA__,4325,2796212800600100106,oligodendrocyte_1,subgroup_model,LogisticRegression,40.0,True,3
oligodendrocyte_1,__NA__,__NA__,4327,2796212800600100243,oligodendrocyte_1,subgroup_model,LogisticRegression,40.0,True,3
endothelial,__NA__,__NA__,4332,2796212800625100073,endothelial,subgroup_model,LogisticRegression,40.0,True,3
astrocyte_1,__NA__,__NA__,4333,2796212800625100214,oligodendrocyte_1,subgroup_model,LogisticRegression,40.0,False,3
MV_in_Gm26673,19,inhibitory,4338,2796212800626100079,MV_in_Gm26673,subgroup_model,LogisticRegression,5.0,True,3
alpha_motoneuron,22,__NA__,4349,2796212800657100043,gamma_motoneuron,subgroup_model,LogisticRegression,5.0,False,3
alpha_motoneuron,22,__NA__,4351,2796212800657200009,gamma_motoneuron,subgroup_model,LogisticRegression,5.0,False,3
astrocyte_2,__NA__,__NA__,4352,2796212800659100083,astrocyte_2,subgroup_model,LogisticRegression,40.0,True,3
DH_ex_Reln/Npff,1,excitatory,4356,2796212800668100013,DH_ex_Reln/Npff,direct_section,,,True,3
Schwann_cell,__NA__,__NA__,4357,2796212800681100042,Schwann_cell,subgroup_model,LogisticRegression,40.0,True,3
meninges_2,__NA__,__NA__,4358,2796212800684100065,meninges_3,subgroup_model,LogisticRegression,40.0,False,3
meninges_3,__NA__,__NA__,4360,2796212800693100168,meninges_3,subgroup_model,LogisticRegression,40.0,True,3
alpha_motoneuron,22,__NA__,4361,2796212800697100145,alpha_motoneuron,subgroup_model,LogisticRegression,5.0,True,3
DH_in_Klhl14,10,inhibitory,4371,2796212800716100115,DH_in_Klhl14,subgroup_model,ExtraTrees,40.0,True,3
DH_in_Cdh3,10,inhibitory,4375,2796212800716100242,DH_in_Cdh3,subgroup_model,ExtraTrees,40.0,True,3
DH_in_Cdh3,10,inhibitory,4378,2796212800747100123,DH_in_Cdh3,subgroup_model,ExtraTrees,40.0,True,3
DH_in_Klhl14,10,inhibitory,4382,2796212800748100065,DH_in_Cdh3,subgroup_model,ExtraTrees,40.0,False,3
oligodendrocyte_2,__NA__,__NA__,4384,2796212800756200038,oligodendrocyte_2,subgroup_model,LogisticRegression,40.0,True,3
DH_ex_Grp,6,excitatory,4386,2796212800759100219,DH_ex_Grp,subgroup_model,LogisticRegression,5.0,True,3
oligodendrocyte_1,__NA__,__NA__,4387,2796212800759100295,oligodendrocyte_precursor_cell,subgroup_model,LogisticRegression,40.0,False,3
oligodendrocyte_progenitor_2,__NA__,__NA__,4394,2796212800779100235,oligodendrocyte_1,subgroup_model,LogisticRegression,40.0,False,3
MV_in_Sema5b,15,inhibitory,4404,2796212800790100231,MV_in_Sema5b,direct_section,,,True,3
DM_ex_Zfhx3,11,excitatory,4406,2796212800791100031,DM_ex_Zfhx3,direct_section,,,True,3
MV_in_Gabra1,16,inhibitory,4409,2796212800791100130,MV_in_Gabra1,direct_section,,,True,3
M_in_Tfap2b,12,inhibitory,4410,2796212800791100135,M_in_Tfap2b,direct_section,,,True,3
DH_ex_Reln/Nmur2,3,excitatory,4411,2796212800792100033,DH_ex_Reln/Nmur2,subgroup_model,ExtraTrees,5.0,True,3
oligodendrocyte_progenitor_2,__NA__,__NA__,4414,2796212800792100233,oligodendrocyte_1,subgroup_model,LogisticRegression,40.0,False,3
meninges_2,__NA__,__NA__,4421,2796212800816200003,meninges_3,subgroup_model,LogisticRegression,40.0,False,3
alpha_motoneuron,22,__NA__,4422,2796212800821100031,alpha_motoneuron,subgroup_model,LogisticRegression,5.0,True,3
MV_ex_Shox2,18,excitatory,4424,2796212800821100177,MV_ex_Shox2,direct_section,,,True,3
MV_in_Gm26673,19,inhibitory,4426,2796212800822100044,MV_in_Gm26673,subgroup_model,LogisticRegression,5.0,True,3
oligodendrocyte_progenitor_2,__NA__,__NA__,4428,2796212800822100098,oligodendrocyte_1,subgroup_model,LogisticRegression,40.0,False,3
MV_in_Gm26673,19,inhibitory,4429,2796212800822100173,MV_in_Gm26673,subgroup_model,LogisticRegression,5.0,True,3
M_in_Tfap2b,12,inhibitory,4432,2796212800823100060,M_in_Tfap2b,direct_section,,,True,3
MV_ex_Syt2,14,excitatory,4433,2796212800823100125,MV_ex_Syt2,direct_section_EI,,,True,3
astrocyte_1,__NA__,__NA__,4434,2796212800823100133,astrocyte_1,subgroup_model,LogisticRegression,40.0,True,3
oligodendrocyte_2,__NA__,__NA__,4437,2796212800849100193,oligodendrocyte_2,subgroup_model,LogisticRegression,40.0,True,3
DH_in_Klhl14,10,inhibitory,4438,2796212800849100208,DH_in_Cdh3,subgroup_model,ExtraTrees,40.0,False,3
astrocyte_1,__NA__,__NA__,4443,2796212800854100197,oligodendrocyte_precursor_cell,subgroup_model,LogisticRegression,40.0,False,3
endothelial,__NA__,__NA__,4446,2796212800855100114,oligodendrocyte_1,subgroup_model,LogisticRegression,40.0,False,3
MV_in_Gabra1,16,inhibitory,4447,2796212800855100139,MV_in_Gabra1,direct_section,,,True,3
endothelial,__NA__,__NA__,4451,2796212800855100297,endothelial,subgroup_model,LogisticRegression,40.0,True,3
endothelial,__NA__,__NA__,4458,2796212800880100212,endothelial,subgroup_model,LogisticRegression,40.0,True,3
DM_ex_Zfhx3,11,excitatory,4459,2796212800881100048,DM_ex_Zfhx3,direct_section,,,True,3
MV_in_Sema5b,15,inhibitory,4460,2796212800881100107,MV_in_Sema5b,direct_section,,,True,3
DH_ex_Cpne4,3,excitatory,4464,2796212800882100083,DH_ex_Cpne4,subgroup_model,ExtraTrees,5.0,True,3
DH_in_Pdyn/Gal,5,inhibitory,4465,2796212800882100105,DH_in_Pdyn/Gal,direct_section_EI,,,True,3
DH_ex_Maf/Cck,10,excitatory,4466,2796212800882100128,DH_ex_Maf/Cck,subgroup_model,LogisticRegression,20.0,True,3
DH_in_Pdyn,2,inhibitory,4470,2796212800882100229,DH_in_Pdyn,direct_section_EI,,,True,3
endothelial,__NA__,__NA__,4478,2796212800887100077,endothelial,subgroup_model,LogisticRegression,40.0,True,3
MV_in_Gabra1,16,inhibitory,4479,2796212800887100097,MV_in_Gabra1,direct_section,,,True,3
astrocyte_1,__NA__,__NA__,4483,2796212800888100108,astrocyte_1,subgroup_model,LogisticRegression,40.0,True,3
MV_ex_Syt2,14,excitatory,4484,2796212800888100146,MV_ex_Syt2,direct_section_EI,,,True,3
MV_ex_Syt2,14,excitatory,4491,2796212800889100116,MV_ex_Syt2,direct_section_EI,,,True,3
astrocyte_1,__NA__,__NA__,4492,2796212800889100168,oligodendrocyte_progenitor_2,subgroup_model,LogisticRegression,40.0,False,3
astrocyte_1,__NA__,__NA__,4493,2796212800889100232,pericyte,subgroup_model,LogisticRegression,40.0,False,3
DH_ex_Grpr,2,excitatory,4496,2796212800890100052,DH_ex_Grpr,subgroup_model,LogisticRegression,1.0,True,3
DH_ex_Nmu/Tac2,8,excitatory,4497,2796212800890100131,DH_ex_Nmu/Tac2,subgroup_model,RandomForest,10.0,True,3
DH_ex_Cpne4,3,excitatory,4498,2796212800890100143,DH_ex_Cpne4,subgroup_model,ExtraTrees,5.0,True,3
MV_in_Gabra1,16,inhibitory,4503,2796212800913100116,MV_in_Gabra1,direct_section,,,True,3
oligodendrocyte_progenitor_2,__NA__,__NA__,4507,2796212800913100297,oligodendrocyte_1,subgroup_model,LogisticRegression,40.0,False,3
astrocyte_1,__NA__,__NA__,4510,2796212800914100146,pericyte,subgroup_model,LogisticRegression,40.0,False,3
astrocyte_1,__NA__,__NA__,4512,2796212800914100220,astrocyte_1,subgroup_model,LogisticRegression,40.0,True,3
M_ex_Vsx2,20,excitatory,4515,2796212800918100051,M_ex_Vsx2,subgroup_model,LogisticRegression,1.0,True,3
oligodendrocyte_2,__NA__,__NA__,4516,2796212800918100098,oligodendrocyte_2,subgroup_model,LogisticRegression,40.0,True,3
oligodendrocyte_1,__NA__,__NA__,4519,2796212800919100069,oligodendrocyte_1,subgroup_model,LogisticRegression,40.0,True,3
alpha_motoneuron,22,__NA__,4521,2796212800919100151,gamma_motoneuron,subgroup_model,LogisticRegression,5.0,False,3
oligodendrocyte_1,__NA__,__NA__,4523,2796212800920100156,meninges_3,subgroup_model,LogisticRegression,40.0,False,3
astrocyte_1,__NA__,__NA__,4526,2796212800920100202,endothelial,subgroup_model,LogisticRegression,40.0,False,3
oligodendrocyte_1,__NA__,__NA__,4527,2796212800921100093,oligodendrocyte_1,subgroup_model,LogisticRegression,40.0,True,3
DM_ex_Zfhx3,11,excitatory,4528,2796212800921100212,DM_ex_Zfhx3,direct_section,,,True,3
DH_in_Npy2r,9,inhibitory,4530,2796212800922100039,DH_in_Npy2r,subgroup_model,RandomForest,5.0,True,3
DH_ex_Grpr,2,excitatory,4532,2796212800922100128,DH_ex_Grpr,subgroup_model,LogisticRegression,1.0,True,3
MV_in_Gm26673,19,inhibitory,4535,2796212800944100061,MV_in_Gm26673,subgroup_model,LogisticRegression,5.0,True,3
MV_in_Esrrb,14,inhibitory,4542,2796212800945100206,MV_in_Esrrb,direct_section_EI,,,True,3
astrocyte_1,__NA__,__NA__,4544,2796212800945100322,astrocyte_1,subgroup_model,LogisticRegression,40.0,True,3
MV_ex_Syt2,14,excitatory,4546,2796212800946100203,MV_ex_Syt2,direct_section_EI,,,True,3
M_in_Tfap2b,12,inhibitory,4548,2796212800946100256,M_in_Tfap2b,direct_section,,,True,3
oligodendrocyte_precursor_cell,__NA__,__NA__,4549,2796212800946100284,astrocyte_1,subgroup_model,LogisticRegression,40.0,False,3
alpha_motoneuron,22,__NA__,4556,2796212800951100149,alpha_motoneuron,subgroup_model,LogisticRegression,5.0,True,3
MV_in_Gm26673,19,inhibitory,4562,2796212800977100037,MV_in_Gm26673,subgroup_model,LogisticRegression,5.0,True,3
MV_in_Gabra1,16,inhibitory,4566,2796212800978100048,MV_in_Gabra1,direct_section,,,True,3
M_in_Tfap2b,12,inhibitory,4567,2796212800978100121,M_in_Tfap2b,direct_section,,,True,3
DH_ex_Cpne4,3,excitatory,4572,2796212800979200022,DH_ex_Reln/Nmur2,subgroup_model,ExtraTrees,5.0,False,3
oligodendrocyte_2,__NA__,__NA__,4581,2796212800986100038,microglia,subgroup_model,LogisticRegression,40.0,False,3
oligodendrocyte_2,__NA__,__NA__,4582,2796212801008100053,oligodendrocyte_1,subgroup_model,LogisticRegression,40.0,False,3
oligodendrocyte_progenitor_2,__NA__,__NA__,4584,2796212801009100041,oligodendrocyte_1,subgroup_model,LogisticRegression,40.0,False,3
astrocyte_1,__NA__,__NA__,4586,2796212801009100122,endothelial,subgroup_model,LogisticRegression,40.0,False,3
oligodendrocyte_1,__NA__,__NA__,4588,2796212801010100021,oligodendrocyte_1,subgroup_model,LogisticRegression,40.0,True,3
oligodendrocyte_2,__NA__,__NA__,4589,2796212801010100023,oligodendrocyte_2,subgroup_model,LogisticRegression,40.0,True,3
oligodendrocyte_progenitor_2,__NA__,__NA__,4592,2796212801011100022,oligodendrocyte_1,subgroup_model,LogisticRegression,40.0,False,3
DH_in_Pdyn,2,inhibitory,4593,2796212801012100064,DH_in_Pdyn,direct_section_EI,,,True,3
DH_in_Rorb,7,inhibitory,4595,2796212801012100140,DH_in_Rorb,direct_section,,,True,3
DH_ex_Gpr83,2,excitatory,4596,2796212801012100167,DH_ex_Grpr,subgroup_model,LogisticRegression,1.0,False,3
oligodendrocyte_progenitor_2,__NA__,__NA__,4601,2796212801018100056,oligodendrocyte_1,subgroup_model,LogisticRegression,40.0,False,3
oligodendrocyte_progenitor_2,__NA__,__NA__,4603,2796212801042100021,oligodendrocyte_progenitor_2,subgroup_model,LogisticRegression,40.0,True,3
DM_ex_Zfhx3,11,excitatory,4609,2796212801050100054,DM_ex_Zfhx3,direct_section,,,True,3
meninges_1,__NA__,__NA__,4613,2796212801076100050,meninges_1,subgroup_model,LogisticRegression,40.0,True,3
meninges_2,__NA__,__NA__,4617,2796212801137100119,meninges_3,subgroup_model,LogisticRegression,40.0,False,3
meninges_1,__NA__,__NA__,4619,2945606900000000578,meninges_1,subgroup_model,LogisticRegression,40.0,True,3
meninges_2,__NA__,__NA__,4620,2945606900000000710,meninges_3,subgroup_model,LogisticRegression,40.0,False,3
DH_in_Pdyn,2,inhibitory,4625,2945606900000001412,DH_in_Pdyn,direct_section_EI,,,True,3
astrocyte_2,__NA__,__NA__,4627,2945606900000001437,astrocyte_2,subgroup_model,LogisticRegression,40.0,True,3
DH_ex_Prkcg/Nts,8,excitatory,4630,2945606900000001552,DH_ex_Tac2,subgroup_model,RandomForest,10.0,False,3
astrocyte_1,__NA__,__NA__,4634,2945606900000001734,astrocyte_1,subgroup_model,LogisticRegression,40.0,True,3
meninges_1,__NA__,__NA__,4639,2945606900000002040,meninges_2,subgroup_model,LogisticRegression,40.0,False,3
DH_ex_Prkcg/Cck,8,excitatory,4642,2945606900000002962,DH_ex_Prkcg/Cck,subgroup_model,RandomForest,10.0,True,3
astrocyte_1,__NA__,__NA__,4644,2945606900000003289,astrocyte_1,subgroup_model,LogisticRegression,40.0,True,3
pericyte,__NA__,__NA__,4646,2945606900000003404,microglia,subgroup_model,LogisticRegression,40.0,False,3
meninges_2,__NA__,__NA__,4654,2945606900000003759,meninges_2,subgroup_model,LogisticRegression,40.0,True,3
DM_ex_Zfhx3,11,excitatory,4655,2945606900000004564,DM_ex_Zfhx3,direct_section,,,True,3
ependymal,__NA__,__NA__,4658,2945606900000005080,ependymal,subgroup_model,LogisticRegression,40.0,True,3
M_ex_Neurod2,13,excitatory,4660,2945606900000005140,M_ex_Neurod2,direct_section,,,True,3
oligodendrocyte_progenitor_1,__NA__,__NA__,4661,2945606900000005264,oligodendrocyte_progenitor_1,subgroup_model,LogisticRegression,40.0,True,3
oligodendrocyte_progenitor_2,__NA__,__NA__,4662,2945606900000005288,astrocyte_2,subgroup_model,LogisticRegression,40.0,False,3
MV_in_Gabra1,16,inhibitory,4663,2945606900000005317,MV_in_Gabra1,direct_section,,,True,3
MV_in_Gabra1,16,inhibitory,4665,2945606900000005336,MV_in_Gabra1,direct_section,,,True,3
endothelial,__NA__,__NA__,4668,2945606900000005485,meninges_2,subgroup_model,LogisticRegression,40.0,False,3
meninges_1,__NA__,__NA__,4669,2945606900000006224,meninges_2,subgroup_model,LogisticRegression,40.0,False,3
DH_in_Pdyn,2,inhibitory,4680,2945606900000007957,DH_in_Pdyn,direct_section_EI,,,True,3
meninges_1,__NA__,__NA__,4682,2945606900000008074,microglia,subgroup_model,LogisticRegression,40.0,False,3
MV_in_Esrrb,14,inhibitory,4683,2945606900000008091,MV_in_Esrrb,direct_section_EI,,,True,3
meninges_1,__NA__,__NA__,4688,2945606900000008782,meninges_1,subgroup_model,LogisticRegression,40.0,True,3
meninges_3,__NA__,__NA__,4694,2945606900000011838,meninges_2,subgroup_model,LogisticRegression,40.0,False,3
DH_in_Npy,4,inhibitory,4698,2945606900000014601,DH_in_Npy,subgroup_model,LogisticRegression,1.0,True,3
alpha_motoneuron,22,__NA__,4700,2945606900000014781,alpha_motoneuron,subgroup_model,LogisticRegression,5.0,True,3
astrocyte_1,__NA__,__NA__,4701,2945606900000014789,astrocyte_1,subgroup_model,LogisticRegression,40.0,True,3
oligodendrocyte_2,__NA__,__NA__,4704,2945606900000014953,oligodendrocyte_2,subgroup_model,LogisticRegression,40.0,True,3
DH_ex_Reln/Npff,1,excitatory,4706,2945606900000016601,DH_ex_Reln/Npff,direct_section,,,True,3
DH_ex_Reln/Nmur2,3,excitatory,4707,2945606900000016615,DH_ex_Reln/Nmur2,subgroup_model,ExtraTrees,5.0,True,3
pericyte,__NA__,__NA__,4710,2945606900000016901,pericyte,subgroup_model,LogisticRegression,40.0,True,3
oligodendrocyte_progenitor_2,__NA__,__NA__,4713,2945606900000016928,oligodendrocyte_progenitor_2,subgroup_model,LogisticRegression,40.0,True,3
DM_ex_Zfhx3,11,excitatory,4714,2945606900000017008,DM_ex_Zfhx3,direct_section,,,True,3
oligodendrocyte_2,__NA__,__NA__,4715,2945606900000017077,oligodendrocyte_2,subgroup_model,LogisticRegression,40.0,True,3
oligodendrocyte_progenitor_2,__NA__,__NA__,4720,2945606900000021324,oligodendrocyte_progenitor_2,subgroup_model,LogisticRegression,40.0,True,3
endothelial,__NA__,__NA__,4721,2945606900000028496,astrocyte_1,subgroup_model,LogisticRegression,40.0,False,3
MV_in_Sema5b,15,inhibitory,4723,2945606900000028641,MV_in_Sema5b,direct_section,,,True,3
MV_in_Esrrb,14,inhibitory,4724,2945606900000028675,MV_in_Esrrb,direct_section_EI,,,True,3
oligodendrocyte_progenitor_2,__NA__,__NA__,4725,2945606900000028691,oligodendrocyte_progenitor_2,subgroup_model,LogisticRegression,40.0,True,3
oligodendrocyte_progenitor_2,__NA__,__NA__,4728,2945606900000028825,oligodendrocyte_progenitor_2,subgroup_model,LogisticRegression,40.0,True,3
oligodendrocyte_1,__NA__,__NA__,4734,2945606900000029531,meninges_3,subgroup_model,LogisticRegression,40.0,False,3
M_in_Tfap2b,12,inhibitory,4735,2945606900000029557,M_in_Tfap2b,direct_section,,,True,3
astrocyte_2,__NA__,__NA__,4741,2946331700000000470,astrocyte_2,subgroup_model,LogisticRegression,40.0,True,3
endothelial,__NA__,__NA__,4743,2946331700000000664,endothelial,subgroup_model,LogisticRegression,40.0,True,3
oligodendrocyte_2,__NA__,__NA__,4751,2946331700000000900,oligodendrocyte_2,subgroup_model,LogisticRegression,40.0,True,3
astrocyte_1,__NA__,__NA__,4752,2946331700000001467,astrocyte_1,subgroup_model,LogisticRegression,40.0,True,3
oligodendrocyte_2,__NA__,__NA__,4754,2946331700000001528,oligodendrocyte_2,subgroup_model,LogisticRegression,40.0,True,3
oligodendrocyte_progenitor_2,__NA__,__NA__,4756,2946331700000001546,oligodendrocyte_precursor_cell,subgroup_model,LogisticRegression,40.0,False,3
astrocyte_1,__NA__,__NA__,4758,2946331700000001579,astrocyte_1,subgroup_model,LogisticRegression,40.0,True,3
M_in_Tfap2b,12,inhibitory,4759,2946331700000001665,M_in_Tfap2b,direct_section,,,True,3
MV_in_Chrna2,19,inhibitory,4760,2946331700000001675,MV_in_Gm26673,subgroup_model,LogisticRegression,5.0,False,3
endothelial,__NA__,__NA__,4762,2946331700000001714,endothelial,subgroup_model,LogisticRegression,40.0,True,3
endothelial,__NA__,__NA__,4768,2946331700000001987,endothelial,subgroup_model,LogisticRegression,40.0,True,3
astrocyte_1,__NA__,__NA__,4769,2946331700000002034,astrocyte_1,subgroup_model,LogisticRegression,40.0,True,3
meninges_1,__NA__,__NA__,4772,2946331700000002516,meninges_3,subgroup_model,LogisticRegression,40.0,False,3
oligodendrocyte_progenitor_2,__NA__,__NA__,4778,2946331700000002881,oligodendrocyte_1,subgroup_model,LogisticRegression,40.0,False,3
MV_ex_Syt2,14,excitatory,4781,2946331700000002954,MV_ex_Syt2,direct_section_EI,,,True,3
oligodendrocyte_progenitor_2,__NA__,__NA__,4783,2946331700000003012,oligodendrocyte_1,subgroup_model,LogisticRegression,40.0,False,3
astrocyte_1,__NA__,__NA__,4792,2946331700000003226,astrocyte_1,subgroup_model,LogisticRegression,40.0,True,3
oligodendrocyte_progenitor_2,__NA__,__NA__,4793,2946331700000003288,oligodendrocyte_progenitor_2,subgroup_model,LogisticRegression,40.0,True,3
astrocyte_1,__NA__,__NA__,4794,2946331700000003291,ependymal,subgroup_model,LogisticRegression,40.0,False,3
endothelial,__NA__,__NA__,4797,2946331700000003302,endothelial,subgroup_model,LogisticRegression,40.0,True,3
oligodendrocyte_2,__NA__,__NA__,4798,2946331700000003340,oligodendrocyte_2,subgroup_model,LogisticRegression,40.0,True,3
oligodendrocyte_progenitor_2,__NA__,__NA__,4800,2946331700000003422,oligodendrocyte_progenitor_2,subgroup_model,LogisticRegression,40.0,True,3
microglia,__NA__,__NA__,4804,2946331700000003596,microglia,subgroup_model,LogisticRegression,40.0,True,3
oligodendrocyte_2,__NA__,__NA__,4805,2946331700000003802,oligodendrocyte_2,subgroup_model,LogisticRegression,40.0,True,3
DH_ex_Prkcg/Cck,8,excitatory,4808,2946331700000004280,DH_ex_Prkcg/Cck,subgroup_model,RandomForest,10.0,True,3
astrocyte_1,__NA__,__NA__,4811,2946331700000004355,astrocyte_1,subgroup_model,LogisticRegression,40.0,True,3
DH_in_Npy2r,9,inhibitory,4812,2946331700000004413,DH_in_Kcnip2,subgroup_model,RandomForest,5.0,False,3
oligodendrocyte_progenitor_2,__NA__,__NA__,4818,2946331700000004869,oligodendrocyte_1,subgroup_model,LogisticRegression,40.0,False,3
oligodendrocyte_2,__NA__,__NA__,4819,2946331700000004910,oligodendrocyte_1,subgroup_model,LogisticRegression,40.0,False,3
oligodendrocyte_1,__NA__,__NA__,4822,2946331700000004996,oligodendrocyte_1,subgroup_model,LogisticRegression,40.0,True,3
MV_in_Gabra1,16,inhibitory,4824,2946331700000005130,MV_in_Gabra1,direct_section,,,True,3
endothelial,__NA__,__NA__,4826,2946331700000005379,endothelial,subgroup_model,LogisticRegression,40.0,True,3
DH_ex_Maf/Cck,10,excitatory,4829,2946331700000006248,DH_ex_Maf/Cck,subgroup_model,LogisticRegression,20.0,True,3
oligodendrocyte_2,__NA__,__NA__,4834,2946331700000006711,oligodendrocyte_2,subgroup_model,LogisticRegression,40.0,True,3
oligodendrocyte_precursor_cell,__NA__,__NA__,4845,2946331700000008417,oligodendrocyte_progenitor_1,subgroup_model,LogisticRegression,40.0,False,3
endothelial,__NA__,__NA__,4847,2946331700000008641,endothelial,subgroup_model,LogisticRegression,40.0,True,3
MV_ex_Syt2,14,excitatory,4850,2946331700000008872,MV_ex_Syt2,direct_section_EI,,,True,3
peripheral_glia,__NA__,__NA__,4853,2946331700000009204,pericyte,subgroup_model,LogisticRegression,40.0,False,3
DH_ex_Reln,6,excitatory,4855,2946331700000009388,DH_ex_Reln,subgroup_model,LogisticRegression,5.0,True,3
MV_ex_Syt2,14,excitatory,4863,2946331700000010667,MV_ex_Syt2,direct_section_EI,,,True,3
endothelial,__NA__,__NA__,4865,2946331700000010728,endothelial,subgroup_model,LogisticRegression,40.0,True,3
microglia,__NA__,__NA__,4867,2946331700000010890,microglia,subgroup_model,LogisticRegression,40.0,True,3
MV_in_Sema5b,15,inhibitory,4871,2946331700000011040,MV_in_Sema5b,direct_section,,,True,3
oligodendrocyte_precursor_cell,__NA__,__NA__,4873,2946331700000011070,astrocyte_1,subgroup_model,LogisticRegression,40.0,False,3
astrocyte_2,__NA__,__NA__,4877,2946331700000011600,astrocyte_2,subgroup_model,LogisticRegression,40.0,True,3
oligodendrocyte_1,__NA__,__NA__,4886,2946331700000012697,oligodendrocyte_2,subgroup_model,LogisticRegression,40.0,False,3
astrocyte_2,__NA__,__NA__,4891,2946331700000013053,astrocyte_2,subgroup_model,LogisticRegression,40.0,True,3
oligodendrocyte_1,__NA__,__NA__,4896,2946331700000013295,oligodendrocyte_1,subgroup_model,LogisticRegression,40.0,True,3
DH_in_Pdyn/Gal,5,inhibitory,4899,2946331700000013478,DH_in_Pdyn/Gal,direct_section_EI,,,True,3
oligodendrocyte_2,__NA__,__NA__,4903,2946331700000014165,endothelial,subgroup_model,LogisticRegression,40.0,False,3
oligodendrocyte_2,__NA__,__NA__,4908,2946331700000014482,oligodendrocyte_2,subgroup_model,LogisticRegression,40.0,True,3
oligodendrocyte_progenitor_2,__NA__,__NA__,4921,2946331700000015862,oligodendrocyte_progenitor_2,subgroup_model,LogisticRegression,40.0,True,3
MV_in_Gm26673,19,inhibitory,4922,2946331700000015889,MV_in_Gm26673,subgroup_model,LogisticRegression,5.0,True,3
endothelial,__NA__,__NA__,4924,2946331700000015941,oligodendrocyte_1,subgroup_model,LogisticRegression,40.0,False,3
astrocyte_2,__NA__,__NA__,4925,2946331700000016015,astrocyte_1,subgroup_model,LogisticRegression,40.0,False,3
astrocyte_2,__NA__,__NA__,4931,2946331700000017216,astrocyte_1,subgroup_model,LogisticRegression,40.0,False,3
oligodendrocyte_progenitor_2,__NA__,__NA__,4933,2946331700000017243,endothelial,subgroup_model,LogisticRegression,40.0,False,3
DH_ex_Maf/Cck,10,excitatory,4934,2946331700000017280,DH_ex_Maf/Cck,subgroup_model,LogisticRegression,20.0,True,3
DH_ex_Reln/Nmur2,3,excitatory,4935,2946331700000017314,DH_ex_Reln/Nmur2,subgroup_model,ExtraTrees,5.0,True,3
MV_in_Gm26673,19,inhibitory,4937,2946331700000017324,MV_in_Gm26673,subgroup_model,LogisticRegression,5.0,True,3
oligodendrocyte_precursor_cell,__NA__,__NA__,4941,2946331700000017356,oligodendrocyte_1,subgroup_model,LogisticRegression,40.0,False,3
MV_in_Gm26673,19,inhibitory,4944,2946331700000017494,MV_in_Gm26673,subgroup_model,LogisticRegression,5.0,True,3
astrocyte_1,__NA__,__NA__,4945,2946331700000017554,astrocyte_1,subgroup_model,LogisticRegression,40.0,True,3
endothelial,__NA__,__NA__,4946,2946331700000017564,astrocyte_1,subgroup_model,LogisticRegression,40.0,False,3
oligodendrocyte_progenitor_2,__NA__,__NA__,4948,2946331700000017600,endothelial,subgroup_model,LogisticRegression,40.0,False,3
astrocyte_1,__NA__,__NA__,4949,2946331700000017689,pericyte,subgroup_model,LogisticRegression,40.0,False,3
DH_ex_Rreb1,10,excitatory,4952,2946331700000018324,DH_ex_Maf/Slc17a8,subgroup_model,LogisticRegression,20.0,False,3
DH_in_Cdh3,10,inhibitory,4956,2946331700000018601,DH_in_Cdh3,subgroup_model,ExtraTrees,40.0,True,3
MV_in_Gabra1,16,inhibitory,4963,2946331700000018872,MV_in_Gabra1,direct_section,,,True,3
astrocyte_1,__NA__,__NA__,4964,2946331700000018939,astrocyte_1,subgroup_model,LogisticRegression,40.0,True,3
DH_ex_Reln,6,excitatory,4968,2946331700000019907,DH_ex_Grp,subgroup_model,LogisticRegression,5.0,False,3
astrocyte_1,__NA__,__NA__,4969,2946331700000019946,astrocyte_1,subgroup_model,LogisticRegression,40.0,True,3
astrocyte_1,__NA__,__NA__,4972,2946331700000020112,astrocyte_1,subgroup_model,LogisticRegression,40.0,True,3
M_ex_Vsx2,20,excitatory,4977,2946331700000020205,M_ex_Vsx2,subgroup_model,LogisticRegression,1.0,True,3
astrocyte_1,__NA__,__NA__,4980,2946331700000020283,astrocyte_1,subgroup_model,LogisticRegression,40.0,True,3
oligodendrocyte_progenitor_2,__NA__,__NA__,4981,2946331700000020347,meninges_3,subgroup_model,LogisticRegression,40.0,False,3
astrocyte_1,__NA__,__NA__,4984,2946331700000020454,astrocyte_1,subgroup_model,LogisticRegression,40.0,True,3
DH_ex_Rreb1,10,excitatory,4986,2946331700000021284,DH_ex_Maf/Cck,subgroup_model,LogisticRegression,20.0,False,3
M_ex_Vsx2,20,excitatory,4990,2946331700000021488,M_ex_Vsx2,subgroup_model,LogisticRegression,1.0,True,3
astrocyte_2,__NA__,__NA__,4998,2946331700000022386,astrocyte_2,subgroup_model,LogisticRegression,40.0,True,3
astrocyte_2,__NA__,__NA__,4999,2946331700000022441,astrocyte_2,subgroup_model,LogisticRegression,40.0,True,3
