repeat,cell_index,model,true,predicted
1,2012,genes_volume,oligodendrocyte_precursor_cell,oligodendrocyte_progenitor_2
1,1688,genes_volume,oligodendrocyte_2,oligodendrocyte_2
1,764,genes_volume,astrocyte_2,astrocyte_1
1,2057,genes_volume,oligodendrocyte_precursor_cell,oligodendrocyte_precursor_cell
1,2025,genes_volume,oligodendrocyte_precursor_cell,astrocyte_1
1,2099,genes_volume,oligodendrocyte_progenitor_1,oligodendrocyte_progenitor_1
1,807,genes_volume,endothelial,endothelial
1,2414,genes_volume,oligodendrocyte_progenitor_2,oligodendrocyte_progenitor_2
1,1582,genes_volume,oligodendrocyte_2,oligodendrocyte_2
1,332,genes_volume,astrocyte_1,astrocyte_1
1,2691,genes_volume,oligodendrocyte_progenitor_2,oligodendrocyte_1
1,2821,genes_volume,oligodendrocyte_progenitor_2,oligodendrocyte_progenitor_2
1,1343,genes_volume,oligodendrocyte_1,oligodendrocyte_progenitor_2
1,2463,genes_volume,oligodendrocyte_progenitor_2,oligodendrocyte_2
1,812,genes_volume,endothelial,astrocyte_1
1,2219,genes_volume,oligodendrocyte_progenitor_2,oligodendrocyte_progenitor_2
1,2238,genes_volume,oligodendrocyte_progenitor_2,oligodendrocyte_progenitor_2
1,2234,genes_volume,oligodendrocyte_progenitor_2,astrocyte_1
1,93,genes_volume,astrocyte_1,astrocyte_1
1,1288,genes_volume,microglia,microglia
1,1259,genes_volume,microglia,microglia
1,2855,genes_volume,pericyte,pericyte
1,685,genes_volume,astrocyte_2,oligodendrocyte_2
1,178,genes_volume,astrocyte_1,astrocyte_1
1,599,genes_volume,astrocyte_2,astrocyte_2
1,2835,genes_volume,oligodendrocyte_progenitor_2,oligodendrocyte_1
1,1502,genes_volume,oligodendrocyte_1,astrocyte_1
1,2403,genes_volume,oligodendrocyte_progenitor_2,oligodendrocyte_progenitor_2
1,2666,genes_volume,oligodendrocyte_progenitor_2,astrocyte_1
1,2360,genes_volume,oligodendrocyte_progenitor_2,oligodendrocyte_progenitor_2
1,1743,genes_volume,oligodendrocyte_2,oligodendrocyte_2
1,783,genes_volume,endothelial,endothelial
1,2328,genes_volume,oligodendrocyte_progenitor_2,oligodendrocyte_progenitor_2
1,2527,genes_volume,oligodendrocyte_progenitor_2,astrocyte_2
1,1406,genes_volume,oligodendrocyte_1,oligodendrocyte_progenitor_2
1,2340,genes_volume,oligodendrocyte_progenitor_2,astrocyte_1
1,676,genes_volume,astrocyte_2,astrocyte_2
1,63,genes_volume,astrocyte_1,astrocyte_1
1,1637,genes_volume,oligodendrocyte_2,oligodendrocyte_2
1,2851,genes_volume,pericyte,pericyte
1,1505,genes_volume,oligodendrocyte_1,oligodendrocyte_progenitor_2
1,1356,genes_volume,oligodendrocyte_1,oligodendrocyte_progenitor_2
1,1575,genes_volume,oligodendrocyte_2,oligodendrocyte_progenitor_2
1,1326,genes_volume,oligodendrocyte_1,astrocyte_1
1,1737,genes_volume,oligodendrocyte_2,oligodendrocyte_progenitor_2
1,1788,genes_volume,oligodendrocyte_2,oligodendrocyte_progenitor_2
1,2833,genes_volume,oligodendrocyte_progenitor_2,oligodendrocyte_progenitor_2
1,1075,genes_volume,endothelial,endothelial
1,1426,genes_volume,oligodendrocyte_1,oligodendrocyte_1
1,1525,genes_volume,oligodendrocyte_1,oligodendrocyte_progenitor_2
1,2509,genes_volume,oligodendrocyte_progenitor_2,oligodendrocyte_2
1,45,genes_volume,astrocyte_1,astrocyte_1
1,2752,genes_volume,oligodendrocyte_progenitor_2,oligodendrocyte_progenitor_2
1,2192,genes_volume,oligodendrocyte_progenitor_2,oligodendrocyte_progenitor_2
1,2597,genes_volume,oligodendrocyte_progenitor_2,oligodendrocyte_progenitor_2
1,2745,genes_volume,oligodendrocyte_progenitor_2,oligodendrocyte_progenitor_2
1,1616,genes_volume,oligodendrocyte_2,oligodendrocyte_2
1,1255,genes_volume,microglia,oligodendrocyte_progenitor_2
1,1149,genes_volume,meninges_1,meninges_1
1,2254,genes_volume,oligodendrocyte_progenitor_2,oligodendrocyte_2
1,324,genes_volume,astrocyte_1,astrocyte_1
1,2601,genes_volume,oligodendrocyte_progenitor_2,oligodendrocyte_progenitor_2
1,1018,genes_volume,endothelial,endothelial
1,2129,genes_volume,oligodendrocyte_progenitor_1,oligodendrocyte_progenitor_1
1,2662,genes_volume,oligodendrocyte_progenitor_2,oligodendrocyte_progenitor_2
1,695,genes_volume,astrocyte_2,oligodendrocyte_progenitor_2
1,1613,genes_volume,oligodendrocyte_2,oligodendrocyte_2
1,256,genes_volume,astrocyte_1,astrocyte_1
1,507,genes_volume,astrocyte_1,astrocyte_1
1,2033,genes_volume,oligodendrocyte_precursor_cell,oligodendrocyte_precursor_cell
1,174,genes_volume,astrocyte_1,oligodendrocyte_1
1,1793,genes_volume,oligodendrocyte_2,oligodendrocyte_2
1,1897,genes_volume,oligodendrocyte_2,oligodendrocyte_2
1,251,genes_volume,astrocyte_1,astrocyte_1
1,246,genes_volume,astrocyte_1,astrocyte_1
1,2688,genes_volume,oligodendrocyte_progenitor_2,oligodendrocyte_progenitor_2
1,436,genes_volume,astrocyte_1,astrocyte_1
1,789,genes_volume,endothelial,endothelial
1,1187,genes_volume,meninges_2,meninges_1
1,2374,genes_volume,oligodendrocyte_progenitor_2,oligodendrocyte_progenitor_2
1,102,genes_volume,astrocyte_1,astrocyte_1
1,602,genes_volume,astrocyte_2,astrocyte_1
1,744,genes_volume,astrocyte_2,astrocyte_2
1,2248,genes_volume,oligodendrocyte_progenitor_2,oligodendrocyte_progenitor_2
1,506,genes_volume,astrocyte_1,astrocyte_1
1,1833,genes_volume,oligodendrocyte_2,oligodendrocyte_2
1,354,genes_volume,astrocyte_1,oligodendrocyte_1
1,790,genes_volume,endothelial,astrocyte_1
1,2434,genes_volume,oligodendrocyte_progenitor_2,oligodendrocyte_progenitor_2
1,693,genes_volume,astrocyte_2,oligodendrocyte_2
1,298,genes_volume,astrocyte_1,astrocyte_1
1,831,genes_volume,endothelial,endothelial
1,2641,genes_volume,oligodendrocyte_progenitor_2,oligodendrocyte_progenitor_2
1,2023,genes_volume,oligodendrocyte_precursor_cell,microglia
1,1815,genes_volume,oligodendrocyte_2,oligodendrocyte_2
1,51,genes_volume,astrocyte_1,astrocyte_1
1,1068,genes_volume,endothelial,astrocyte_1
1,2131,genes_volume,oligodendrocyte_progenitor_1,oligodendrocyte_precursor_cell
1,932,genes_volume,endothelial,oligodendrocyte_1
1,862,genes_volume,endothelial,endothelial
1,2637,genes_volume,oligodendrocyte_progenitor_2,oligodendrocyte_progenitor_2
1,211,genes_volume,astrocyte_1,astrocyte_1
1,1612,genes_volume,oligodendrocyte_2,oligodendrocyte_2
1,1862,genes_volume,oligodendrocyte_2,oligodendrocyte_progenitor_2
1,2453,genes_volume,oligodendrocyte_progenitor_2,oligodendrocyte_progenitor_2
1,192,genes_volume,astrocyte_1,astrocyte_1
1,2677,genes_volume,oligodendrocyte_progenitor_2,oligodendrocyte_progenitor_2
1,1225,genes_volume,meninges_3,meninges_1
1,1283,genes_volume,microglia,oligodendrocyte_progenitor_2
1,1640,genes_volume,oligodendrocyte_2,oligodendrocyte_2
1,1735,genes_volume,oligodendrocyte_2,oligodendrocyte_2
1,1569,genes_volume,oligodendrocyte_2,oligodendrocyte_2
1,2077,genes_volume,oligodendrocyte_precursor_cell,oligodendrocyte_precursor_cell
1,321,genes_volume,astrocyte_1,astrocyte_1
1,2011,genes_volume,oligodendrocyte_precursor_cell,oligodendrocyte_precursor_cell
1,2296,genes_volume,oligodendrocyte_progenitor_2,oligodendrocyte_progenitor_2
1,2739,genes_volume,oligodendrocyte_progenitor_2,oligodendrocyte_progenitor_2
1,2806,genes_volume,oligodendrocyte_progenitor_2,oligodendrocyte_1
1,2831,genes_volume,oligodendrocyte_progenitor_2,oligodendrocyte_progenitor_2
1,2753,genes_volume,oligodendrocyte_progenitor_2,oligodendrocyte_progenitor_2
1,1134,genes_volume,meninges_1,meninges_1
1,2002,genes_volume,oligodendrocyte_precursor_cell,endothelial
1,1037,genes_volume,endothelial,astrocyte_1
1,486,genes_volume,astrocyte_1,astrocyte_1
1,651,genes_volume,astrocyte_2,astrocyte_2
1,67,genes_volume,astrocyte_1,astrocyte_1
1,2481,genes_volume,oligodendrocyte_progenitor_2,oligodendrocyte_progenitor_2
1,2018,genes_volume,oligodendrocyte_precursor_cell,endothelial
1,318,genes_volume,astrocyte_1,astrocyte_1
1,2380,genes_volume,oligodendrocyte_progenitor_2,oligodendrocyte_progenitor_2
1,2467,genes_volume,oligodendrocyte_progenitor_2,astrocyte_1
1,2477,genes_volume,oligodendrocyte_progenitor_2,oligodendrocyte_progenitor_2
1,1554,genes_volume,oligodendrocyte_1,oligodendrocyte_1
1,1729,genes_volume,oligodendrocyte_2,oligodendrocyte_2
1,2314,genes_volume,oligodendrocyte_progenitor_2,oligodendrocyte_2
1,2407,genes_volume,oligodendrocyte_progenitor_2,oligodendrocyte_progenitor_2
1,1427,genes_volume,oligodendrocyte_1,oligodendrocyte_progenitor_2
1,1644,genes_volume,oligodendrocyte_2,oligodendrocyte_2
1,124,genes_volume,astrocyte_1,astrocyte_1
1,144,genes_volume,astrocyte_1,oligodendrocyte_2
1,2944,genes_volume,Schwann_cell,Schwann_cell
1,1244,genes_volume,microglia,microglia
1,2246,genes_volume,oligodendrocyte_progenitor_2,oligodendrocyte_progenitor_2
1,203,genes_volume,astrocyte_1,astrocyte_1
1,368,genes_volume,astrocyte_1,astrocyte_1
1,410,genes_volume,astrocyte_1,oligodendrocyte_progenitor_2
1,1419,genes_volume,oligodendrocyte_1,microglia
1,2562,genes_volume,oligodendrocyte_progenitor_2,oligodendrocyte_progenitor_2
1,443,genes_volume,astrocyte_1,astrocyte_1
1,1584,genes_volume,oligodendrocyte_2,oligodendrocyte_2
1,1795,genes_volume,oligodendrocyte_2,oligodendrocyte_2
1,2817,genes_volume,oligodendrocyte_progenitor_2,oligodendrocyte_1
1,296,genes_volume,astrocyte_1,astrocyte_1
1,2592,genes_volume,oligodendrocyte_progenitor_2,oligodendrocyte_progenitor_2
1,1251,genes_volume,microglia,microglia
1,1116,genes_volume,meninges_1,meninges_3
1,1091,genes_volume,endothelial,astrocyte_1
1,1651,genes_volume,oligodendrocyte_2,oligodendrocyte_2
1,194,genes_volume,astrocyte_1,astrocyte_1
1,1228,genes_volume,meninges_3,meninges_2
1,1475,genes_volume,oligodendrocyte_1,oligodendrocyte_progenitor_2
1,80,genes_volume,astrocyte_1,astrocyte_1
1,32,genes_volume,astrocyte_1,astrocyte_1
1,2500,genes_volume,oligodendrocyte_progenitor_2,oligodendrocyte_progenitor_2
1,594,genes_volume,astrocyte_2,astrocyte_1
1,196,genes_volume,astrocyte_1,astrocyte_1
1,1231,genes_volume,microglia,microglia
1,532,genes_volume,astrocyte_1,astrocyte_1
1,881,genes_volume,endothelial,endothelial
1,471,genes_volume,astrocyte_1,astrocyte_1
1,1477,genes_volume,oligodendrocyte_1,endothelial
1,944,genes_volume,endothelial,endothelial
1,999,genes_volume,endothelial,astrocyte_2
1,1391,genes_volume,oligodendrocyte_1,oligodendrocyte_progenitor_2
1,1017,genes_volume,endothelial,oligodendrocyte_1
1,1777,genes_volume,oligodendrocyte_2,oligodendrocyte_progenitor_2
1,1236,genes_volume,microglia,microglia
1,2098,genes_volume,oligodendrocyte_progenitor_1,oligodendrocyte_precursor_cell
1,2250,genes_volume,oligodendrocyte_progenitor_2,oligodendrocyte_progenitor_2
1,998,genes_volume,endothelial,oligodendrocyte_2
1,2638,genes_volume,oligodendrocyte_progenitor_2,oligodendrocyte_progenitor_2
1,958,genes_volume,endothelial,endothelial
1,755,genes_volume,astrocyte_2,astrocyte_2
1,1071,genes_volume,endothelial,endothelial
1,677,genes_volume,astrocyte_2,astrocyte_2
1,141,genes_volume,astrocyte_1,astrocyte_1
1,1041,genes_volume,endothelial,endothelial
1,1740,genes_volume,oligodendrocyte_2,oligodendrocyte_2
1,650,genes_volume,astrocyte_2,oligodendrocyte_2
1,1418,genes_volume,oligodendrocyte_1,oligodendrocyte_1
1,2162,genes_volume,oligodendrocyte_progenitor_2,oligodendrocyte_2
1,175,genes_volume,astrocyte_1,astrocyte_1
1,331,genes_volume,astrocyte_1,astrocyte_1
1,1674,genes_volume,oligodendrocyte_2,oligodendrocyte_progenitor_2
1,2726,genes_volume,oligodendrocyte_progenitor_2,oligodendrocyte_progenitor_2
1,857,genes_volume,endothelial,endothelial
1,1948,genes_volume,oligodendrocyte_2,oligodendrocyte_2
1,430,genes_volume,astrocyte_1,astrocyte_1
1,2218,genes_volume,oligodendrocyte_progenitor_2,oligodendrocyte_progenitor_2
1,2194,genes_volume,oligodendrocyte_progenitor_2,oligodendrocyte_progenitor_2
1,177,genes_volume,astrocyte_1,astrocyte_1
1,1053,genes_volume,endothelial,astrocyte_1
1,2525,genes_volume,oligodendrocyte_progenitor_2,oligodendrocyte_progenitor_2
1,184,genes_volume,astrocyte_1,astrocyte_1
1,1607,genes_volume,oligodendrocyte_2,oligodendrocyte_2
1,2404,genes_volume,oligodendrocyte_progenitor_2,oligodendrocyte_progenitor_2
1,1849,genes_volume,oligodendrocyte_2,oligodendrocyte_2
1,1146,genes_volume,meninges_1,meninges_1
1,567,genes_volume,astrocyte_1,astrocyte_1
1,44,genes_volume,astrocyte_1,astrocyte_1
1,1559,genes_volume,oligodendrocyte_1,oligodendrocyte_progenitor_2
1,463,genes_volume,astrocyte_1,astrocyte_1
1,581,genes_volume,astrocyte_2,astrocyte_1
1,2232,genes_volume,oligodendrocyte_progenitor_2,oligodendrocyte_progenitor_2
1,1099,genes_volume,ependymal,astrocyte_1
1,1000,genes_volume,endothelial,endothelial
1,2913,genes_volume,Schwann_cell,Schwann_cell
1,2553,genes_volume,oligodendrocyte_progenitor_2,oligodendrocyte_progenitor_2
1,1820,genes_volume,oligodendrocyte_2,oligodendrocyte_2
1,1100,genes_volume,ependymal,ependymal
1,2421,genes_volume,oligodendrocyte_progenitor_2,oligodendrocyte_progenitor_2
1,705,genes_volume,astrocyte_2,astrocyte_2
1,2736,genes_volume,oligodendrocyte_progenitor_2,oligodendrocyte_progenitor_2
1,811,genes_volume,endothelial,endothelial
1,420,genes_volume,astrocyte_1,astrocyte_1
1,1005,genes_volume,endothelial,astrocyte_1
1,2292,genes_volume,oligodendrocyte_progenitor_2,oligodendrocyte_progenitor_2
1,521,genes_volume,astrocyte_1,astrocyte_1
1,1951,genes_volume,oligodendrocyte_2,oligodendrocyte_2
1,1271,genes_volume,microglia,microglia
1,2174,genes_volume,oligodendrocyte_progenitor_2,oligodendrocyte_progenitor_2
1,1972,genes_volume,oligodendrocyte_2,oligodendrocyte_2
1,2271,genes_volume,oligodendrocyte_progenitor_2,astrocyte_1
1,1220,genes_volume,meninges_3,meninges_2
1,700,genes_volume,astrocyte_2,astrocyte_1
1,2859,genes_volume,pericyte,endothelial
1,2123,genes_volume,oligodendrocyte_progenitor_1,astrocyte_1
1,30,genes_volume,astrocyte_1,astrocyte_1
1,1551,genes_volume,oligodendrocyte_1,oligodendrocyte_1
1,2702,genes_volume,oligodendrocyte_progenitor_2,oligodendrocyte_progenitor_2
1,1253,genes_volume,microglia,microglia
1,1920,genes_volume,oligodendrocyte_2,oligodendrocyte_2
1,802,genes_volume,endothelial,endothelial
1,1778,genes_volume,oligodendrocyte_2,oligodendrocyte_2
1,1700,genes_volume,oligodendrocyte_2,oligodendrocyte_2
1,2804,genes_volume,oligodendrocyte_progenitor_2,oligodendrocyte_progenitor_2
1,1422,genes_volume,oligodendrocyte_1,endothelial
1,942,genes_volume,endothelial,endothelial
1,2504,genes_volume,oligodendrocyte_progenitor_2,oligodendrocyte_progenitor_2
1,1364,genes_volume,oligodendrocyte_1,oligodendrocyte_progenitor_2
1,162,genes_volume,astrocyte_1,astrocyte_1
1,544,genes_volume,astrocyte_1,astrocyte_1
1,432,genes_volume,astrocyte_1,astrocyte_1
1,976,genes_volume,endothelial,endothelial
1,1360,genes_volume,oligodendrocyte_1,oligodendrocyte_progenitor_2
1,322,genes_volume,astrocyte_1,astrocyte_1
1,1608,genes_volume,oligodendrocyte_2,oligodendrocyte_2
1,2587,genes_volume,oligodendrocyte_progenitor_2,oligodendrocyte_progenitor_2
1,929,genes_volume,endothelial,endothelial
1,73,genes_volume,astrocyte_1,astrocyte_1
1,2279,genes_volume,oligodendrocyte_progenitor_2,oligodendrocyte_progenitor_2
1,1011,genes_volume,endothelial,astrocyte_1
1,2046,genes_volume,oligodendrocyte_precursor_cell,oligodendrocyte_precursor_cell
1,1507,genes_volume,oligodendrocyte_1,oligodendrocyte_1
1,907,genes_volume,endothelial,endothelial
1,528,genes_volume,astrocyte_1,astrocyte_1
1,2307,genes_volume,oligodendrocyte_progenitor_2,oligodendrocyte_2
1,1962,genes_volume,oligodendrocyte_2,oligodendrocyte_2
1,1421,genes_volume,oligodendrocyte_1,oligodendrocyte_progenitor_2
1,2780,genes_volume,oligodendrocyte_progenitor_2,astrocyte_1
1,2810,genes_volume,oligodendrocyte_progenitor_2,oligodendrocyte_progenitor_2
1,402,genes_volume,astrocyte_1,astrocyte_1
1,2400,genes_volume,oligodendrocyte_progenitor_2,oligodendrocyte_progenitor_2
1,1476,genes_volume,oligodendrocyte_1,oligodendrocyte_progenitor_2
1,2341,genes_volume,oligodendrocyte_progenitor_2,endothelial
1,2646,genes_volume,oligodendrocyte_progenitor_2,oligodendrocyte_progenitor_2
1,564,genes_volume,astrocyte_1,astrocyte_1
1,2737,genes_volume,oligodendrocyte_progenitor_2,astrocyte_1
1,1395,genes_volume,oligodendrocyte_1,oligodendrocyte_progenitor_2
1,1747,genes_volume,oligodendrocyte_2,oligodendrocyte_2
1,759,genes_volume,astrocyte_2,oligodendrocyte_progenitor_2
1,1583,genes_volume,oligodendrocyte_2,oligodendrocyte_2
1,239,genes_volume,astrocyte_1,astrocyte_1
1,2749,genes_volume,oligodendrocyte_progenitor_2,oligodendrocyte_progenitor_2
1,2228,genes_volume,oligodendrocyte_progenitor_2,oligodendrocyte_progenitor_2
1,1057,genes_volume,endothelial,endothelial
1,2838,genes_volume,oligodendrocyte_progenitor_2,endothelial
1,2508,genes_volume,oligodendrocyte_progenitor_2,oligodendrocyte_progenitor_2
1,289,genes_volume,astrocyte_1,astrocyte_1
1,1179,genes_volume,meninges_2,oligodendrocyte_progenitor_2
1,387,genes_volume,astrocyte_1,astrocyte_1
1,1580,genes_volume,oligodendrocyte_2,oligodendrocyte_2
1,1791,genes_volume,oligodendrocyte_2,oligodendrocyte_2
1,1626,genes_volume,oligodendrocyte_2,astrocyte_1
1,439,genes_volume,astrocyte_1,astrocyte_1
1,1127,genes_volume,meninges_1,meninges_1
1,2771,genes_volume,oligodendrocyte_progenitor_2,oligodendrocyte_progenitor_2
1,2334,genes_volume,oligodendrocyte_progenitor_2,oligodendrocyte_progenitor_2
1,1709,genes_volume,oligodendrocyte_2,oligodendrocyte_2
1,554,genes_volume,astrocyte_1,astrocyte_1
1,644,genes_volume,astrocyte_2,oligodendrocyte_progenitor_2
1,2766,genes_volume,oligodendrocyte_progenitor_2,oligodendrocyte_progenitor_2
1,2126,genes_volume,oligodendrocyte_progenitor_1,oligodendrocyte_precursor_cell
1,108,genes_volume,astrocyte_1,astrocyte_1
1,840,genes_volume,endothelial,endothelial
1,411,genes_volume,astrocyte_1,astrocyte_1
1,1362,genes_volume,oligodendrocyte_1,oligodendrocyte_2
1,1023,genes_volume,endothelial,endothelial
1,1956,genes_volume,oligodendrocyte_2,oligodendrocyte_progenitor_2
1,1978,genes_volume,oligodendrocyte_2,oligodendrocyte_2
1,1357,genes_volume,oligodendrocyte_1,oligodendrocyte_progenitor_2
1,817,genes_volume,endothelial,endothelial
1,1814,genes_volume,oligodendrocyte_2,oligodendrocyte_2
1,572,genes_volume,astrocyte_1,astrocyte_1
1,937,genes_volume,endothelial,oligodendrocyte_progenitor_2
1,1322,genes_volume,oligodendrocyte_1,oligodendrocyte_progenitor_2
1,2411,genes_volume,oligodendrocyte_progenitor_2,oligodendrocyte_progenitor_2
1,1178,genes_volume,meninges_2,endothelial
1,1359,genes_volume,oligodendrocyte_1,oligodendrocyte_1
1,897,genes_volume,endothelial,endothelial
1,1748,genes_volume,oligodendrocyte_2,oligodendrocyte_2
1,2678,genes_volume,oligodendrocyte_progenitor_2,oligodendrocyte_progenitor_2
1,1713,genes_volume,oligodendrocyte_2,oligodendrocyte_2
1,70,genes_volume,astrocyte_1,astrocyte_2
1,679,genes_volume,astrocyte_2,astrocyte_1
1,2204,genes_volume,oligodendrocyte_progenitor_2,meninges_1
1,2797,genes_volume,oligodendrocyte_progenitor_2,oligodendrocyte_progenitor_2
1,56,genes_volume,astrocyte_1,astrocyte_1
1,1547,genes_volume,oligodendrocyte_1,oligodendrocyte_progenitor_2
1,605,genes_volume,astrocyte_2,astrocyte_1
1,2953,genes_volume,Schwann_cell,Schwann_cell
1,2377,genes_volume,oligodendrocyte_progenitor_2,oligodendrocyte_progenitor_2
1,309,genes_volume,astrocyte_1,astrocyte_1
1,2792,genes_volume,oligodendrocyte_progenitor_2,oligodendrocyte_progenitor_2
1,1055,genes_volume,endothelial,oligodendrocyte_progenitor_2
1,1093,genes_volume,ependymal,ependymal
1,2649,genes_volume,oligodendrocyte_progenitor_2,oligodendrocyte_2
1,1135,genes_volume,meninges_1,meninges_1
1,1269,genes_volume,microglia,microglia
1,2770,genes_volume,oligodendrocyte_progenitor_2,oligodendrocyte_progenitor_2
1,485,genes_volume,astrocyte_1,astrocyte_1
1,2063,genes_volume,oligodendrocyte_precursor_cell,endothelial
1,2848,genes_volume,pericyte,pericyte
1,1361,genes_volume,oligodendrocyte_1,oligodendrocyte_progenitor_2
1,2261,genes_volume,oligodendrocyte_progenitor_2,oligodendrocyte_2
1,869,genes_volume,endothelial,endothelial
1,2269,genes_volume,oligodendrocyte_progenitor_2,oligodendrocyte_progenitor_2
1,2032,genes_volume,oligodendrocyte_precursor_cell,astrocyte_1
1,2136,genes_volume,oligodendrocyte_progenitor_1,oligodendrocyte_precursor_cell
1,1706,genes_volume,oligodendrocyte_2,endothelial
1,2588,genes_volume,oligodendrocyte_progenitor_2,oligodendrocyte_progenitor_2
1,120,genes_volume,astrocyte_1,astrocyte_1
1,1097,genes_volume,ependymal,ependymal
1,748,genes_volume,astrocyte_2,astrocyte_2
1,637,genes_volume,astrocyte_2,astrocyte_1
1,1448,genes_volume,oligodendrocyte_1,oligodendrocyte_progenitor_2
1,313,genes_volume,astrocyte_1,astrocyte_1
1,2280,genes_volume,oligodendrocyte_progenitor_2,oligodendrocyte_progenitor_2
1,233,genes_volume,astrocyte_1,astrocyte_1
1,414,genes_volume,astrocyte_1,oligodendrocyte_progenitor_2
1,2092,genes_volume,oligodendrocyte_precursor_cell,oligodendrocyte_1
1,111,genes_volume,astrocyte_1,oligodendrocyte_progenitor_2
1,1090,genes_volume,endothelial,endothelial
1,218,genes_volume,astrocyte_1,astrocyte_1
1,2880,genes_volume,pericyte,pericyte
1,1025,genes_volume,endothelial,oligodendrocyte_2
1,457,genes_volume,astrocyte_1,astrocyte_1
1,2877,genes_volume,pericyte,pericyte
1,460,genes_volume,astrocyte_1,astrocyte_1
1,1450,genes_volume,oligodendrocyte_1,oligodendrocyte_progenitor_2
1,1896,genes_volume,oligodendrocyte_2,oligodendrocyte_2
1,718,genes_volume,astrocyte_2,astrocyte_1
1,393,genes_volume,astrocyte_1,astrocyte_1
1,1064,genes_volume,endothelial,endothelial
1,1159,genes_volume,meninges_1,meninges_1
1,1818,genes_volume,oligodendrocyte_2,oligodendrocyte_precursor_cell
1,1229,genes_volume,meninges_3,meninges_2
1,2171,genes_volume,oligodendrocyte_progenitor_2,oligodendrocyte_2
1,2473,genes_volume,oligodendrocyte_progenitor_2,oligodendrocyte_2
1,856,genes_volume,endothelial,endothelial
1,568,genes_volume,astrocyte_1,astrocyte_1
1,2051,genes_volume,oligodendrocyte_precursor_cell,oligodendrocyte_precursor_cell
1,2134,genes_volume,oligodendrocyte_progenitor_1,oligodendrocyte_progenitor_1
1,2515,genes_volume,oligodendrocyte_progenitor_2,oligodendrocyte_1
1,2571,genes_volume,oligodendrocyte_progenitor_2,oligodendrocyte_progenitor_2
1,366,genes_volume,astrocyte_1,astrocyte_1
1,819,genes_volume,endothelial,endothelial
1,2858,genes_volume,pericyte,pericyte
1,29,genes_volume,astrocyte_1,astrocyte_2
1,2800,genes_volume,oligodendrocyte_progenitor_2,oligodendrocyte_progenitor_2
1,1412,genes_volume,oligodendrocyte_1,oligodendrocyte_progenitor_2
1,1736,genes_volume,oligodendrocyte_2,oligodendrocyte_2
1,1370,genes_volume,oligodendrocyte_1,oligodendrocyte_1
1,945,genes_volume,endothelial,endothelial
1,183,genes_volume,astrocyte_1,astrocyte_1
1,1462,genes_volume,oligodendrocyte_1,oligodendrocyte_2
1,188,genes_volume,astrocyte_1,astrocyte_1
1,170,genes_volume,astrocyte_1,astrocyte_1
1,1730,genes_volume,oligodendrocyte_2,oligodendrocyte_2
1,43,genes_volume,astrocyte_1,astrocyte_1
1,87,genes_volume,astrocyte_1,astrocyte_1
1,2383,genes_volume,oligodendrocyte_progenitor_2,oligodendrocyte_progenitor_2
1,834,genes_volume,endothelial,endothelial
1,282,genes_volume,astrocyte_1,astrocyte_1
1,867,genes_volume,endothelial,astrocyte_1
1,741,genes_volume,astrocyte_2,astrocyte_2
1,2619,genes_volume,oligodendrocyte_progenitor_2,oligodendrocyte_progenitor_2
1,2130,genes_volume,oligodendrocyte_progenitor_1,oligodendrocyte_precursor_cell
1,2754,genes_volume,oligodendrocyte_progenitor_2,oligodendrocyte_progenitor_2
1,1230,genes_volume,microglia,microglia
1,2358,genes_volume,oligodendrocyte_progenitor_2,oligodendrocyte_progenitor_2
1,949,genes_volume,endothelial,endothelial
1,2416,genes_volume,oligodendrocyte_progenitor_2,oligodendrocyte_progenitor_2
1,149,genes_volume,astrocyte_1,astrocyte_1
1,1036,genes_volume,endothelial,endothelial
1,495,genes_volume,astrocyte_1,oligodendrocyte_progenitor_2
1,2356,genes_volume,oligodendrocyte_progenitor_2,oligodendrocyte_progenitor_2
1,1665,genes_volume,oligodendrocyte_2,oligodendrocyte_2
1,2080,genes_volume,oligodendrocyte_precursor_cell,oligodendrocyte_precursor_cell
1,2320,genes_volume,oligodendrocyte_progenitor_2,oligodendrocyte_progenitor_2
1,134,genes_volume,astrocyte_1,astrocyte_1
1,1472,genes_volume,oligodendrocyte_1,oligodendrocyte_progenitor_2
1,1980,genes_volume,oligodendrocyte_2,oligodendrocyte_2
1,787,genes_volume,endothelial,endothelial
1,642,genes_volume,astrocyte_2,astrocyte_2
1,1047,genes_volume,endothelial,endothelial
1,2272,genes_volume,oligodendrocyte_progenitor_2,oligodendrocyte_progenitor_2
1,2399,genes_volume,oligodendrocyte_progenitor_2,oligodendrocyte_progenitor_2
1,1313,genes_volume,oligodendrocyte_1,oligodendrocyte_progenitor_2
1,1837,genes_volume,oligodendrocyte_2,oligodendrocyte_2
1,2423,genes_volume,oligodendrocyte_progenitor_2,oligodendrocyte_progenitor_2
1,2577,genes_volume,oligodendrocyte_progenitor_2,oligodendrocyte_2
1,1411,genes_volume,oligodendrocyte_1,oligodendrocyte_progenitor_2
1,478,genes_volume,astrocyte_1,astrocyte_1
1,221,genes_volume,astrocyte_1,astrocyte_1
1,1847,genes_volume,oligodendrocyte_2,oligodendrocyte_progenitor_2
1,2830,genes_volume,oligodendrocyte_progenitor_2,oligodendrocyte_progenitor_2
1,2412,genes_volume,oligodendrocyte_progenitor_2,oligodendrocyte_progenitor_2
1,858,genes_volume,endothelial,oligodendrocyte_2
1,2108,genes_volume,oligodendrocyte_progenitor_1,oligodendrocyte_2
1,173,genes_volume,astrocyte_1,astrocyte_1
1,527,genes_volume,astrocyte_1,astrocyte_1
1,670,genes_volume,astrocyte_2,oligodendrocyte_progenitor_2
1,2903,genes_volume,peripheral_glia,Schwann_cell
1,2302,genes_volume,oligodendrocyte_progenitor_2,oligodendrocyte_2
1,1337,genes_volume,oligodendrocyte_1,astrocyte_1
1,2697,genes_volume,oligodendrocyte_progenitor_2,oligodendrocyte_progenitor_2
1,2439,genes_volume,oligodendrocyte_progenitor_2,oligodendrocyte_progenitor_2
1,598,genes_volume,astrocyte_2,astrocyte_1
1,1173,genes_volume,meninges_2,meninges_2
1,314,genes_volume,astrocyte_1,oligodendrocyte_progenitor_2
1,152,genes_volume,astrocyte_1,astrocyte_1
1,565,genes_volume,astrocyte_1,astrocyte_1
1,1557,genes_volume,oligodendrocyte_1,oligodendrocyte_2
1,423,genes_volume,astrocyte_1,astrocyte_1
1,272,genes_volume,astrocyte_1,astrocyte_1
1,270,genes_volume,astrocyte_1,astrocyte_1
1,2528,genes_volume,oligodendrocyte_progenitor_2,oligodendrocyte_progenitor_2
1,1717,genes_volume,oligodendrocyte_2,oligodendrocyte_2
1,2115,genes_volume,oligodendrocyte_progenitor_1,oligodendrocyte_precursor_cell
1,1832,genes_volume,oligodendrocyte_2,oligodendrocyte_2
1,2610,genes_volume,oligodendrocyte_progenitor_2,oligodendrocyte_progenitor_2
1,781,genes_volume,endothelial,endothelial
1,1226,genes_volume,meninges_3,meninges_3
1,2564,genes_volume,oligodendrocyte_progenitor_2,oligodendrocyte_progenitor_2
1,2003,genes_volume,oligodendrocyte_precursor_cell,oligodendrocyte_2
1,2623,genes_volume,oligodendrocyte_progenitor_2,oligodendrocyte_progenitor_2
1,2555,genes_volume,oligodendrocyte_progenitor_2,oligodendrocyte_progenitor_2
1,794,genes_volume,endothelial,endothelial
1,257,genes_volume,astrocyte_1,astrocyte_1
1,2607,genes_volume,oligodendrocyte_progenitor_2,oligodendrocyte_progenitor_2
1,139,genes_volume,astrocyte_1,astrocyte_1
1,1378,genes_volume,oligodendrocyte_1,oligodendrocyte_progenitor_2
1,2270,genes_volume,oligodendrocyte_progenitor_2,oligodendrocyte_progenitor_2
1,1061,genes_volume,endothelial,endothelial
1,2554,genes_volume,oligodendrocyte_progenitor_2,oligodendrocyte_2
1,254,genes_volume,astrocyte_1,oligodendrocyte_progenitor_2
1,610,genes_volume,astrocyte_2,astrocyte_1
1,2805,genes_volume,oligodendrocyte_progenitor_2,oligodendrocyte_1
1,845,genes_volume,endothelial,endothelial
1,2195,genes_volume,oligodendrocyte_progenitor_2,oligodendrocyte_progenitor_2
1,168,genes_volume,astrocyte_1,astrocyte_1
1,555,genes_volume,astrocyte_1,astrocyte_1
1,2064,genes_volume,oligodendrocyte_precursor_cell,oligodendrocyte_precursor_cell
1,2397,genes_volume,oligodendrocyte_progenitor_2,oligodendrocyte_progenitor_2
1,2841,genes_volume,oligodendrocyte_progenitor_2,oligodendrocyte_progenitor_2
1,291,genes_volume,astrocyte_1,astrocyte_1
1,838,genes_volume,endothelial,endothelial
1,450,genes_volume,astrocyte_1,astrocyte_1
1,433,genes_volume,astrocyte_1,astrocyte_1
1,1775,genes_volume,oligodendrocyte_2,oligodendrocyte_2
1,940,genes_volume,endothelial,endothelial
1,612,genes_volume,astrocyte_2,astrocyte_1
1,408,genes_volume,astrocyte_1,oligodendrocyte_1
1,1953,genes_volume,oligodendrocyte_2,oligodendrocyte_progenitor_2
1,2322,genes_volume,oligodendrocyte_progenitor_2,oligodendrocyte_progenitor_2
1,135,genes_volume,astrocyte_1,astrocyte_1
1,2437,genes_volume,oligodendrocyte_progenitor_2,oligodendrocyte_progenitor_2
1,2708,genes_volume,oligodendrocyte_progenitor_2,oligodendrocyte_progenitor_2
1,2899,genes_volume,peripheral_glia,Schwann_cell
1,367,genes_volume,astrocyte_1,astrocyte_1
1,479,genes_volume,astrocyte_1,astrocyte_1
1,2768,genes_volume,oligodendrocyte_progenitor_2,oligodendrocyte_progenitor_2
1,1752,genes_volume,oligodendrocyte_2,oligodendrocyte_2
1,2459,genes_volume,oligodendrocyte_progenitor_2,oligodendrocyte_progenitor_2
1,1817,genes_volume,oligodendrocyte_2,oligodendrocyte_2
1,533,genes_volume,astrocyte_1,astrocyte_1
1,351,genes_volume,astrocyte_1,astrocyte_1
1,1830,genes_volume,oligodendrocyte_2,oligodendrocyte_2
1,1295,genes_volume,oligodendrocyte_1,oligodendrocyte_progenitor_2
1,511,genes_volume,astrocyte_1,oligodendrocyte_progenitor_2
1,1089,genes_volume,endothelial,endothelial
1,742,genes_volume,astrocyte_2,astrocyte_2
1,2494,genes_volume,oligodendrocyte_progenitor_2,oligodendrocyte_progenitor_2
1,498,genes_volume,astrocyte_1,astrocyte_1
1,2275,genes_volume,oligodendrocyte_progenitor_2,oligodendrocyte_progenitor_2
1,210,genes_volume,astrocyte_1,astrocyte_1
1,2579,genes_volume,oligodendrocyte_progenitor_2,oligodendrocyte_progenitor_2
1,1517,genes_volume,oligodendrocyte_1,astrocyte_1
1,2007,genes_volume,oligodendrocyte_precursor_cell,endothelial
1,365,genes_volume,astrocyte_1,microglia
1,543,genes_volume,astrocyte_1,astrocyte_1
1,2306,genes_volume,oligodendrocyte_progenitor_2,oligodendrocyte_progenitor_2
1,1979,genes_volume,oligodendrocyte_2,oligodendrocyte_2
1,557,genes_volume,astrocyte_1,astrocyte_1
1,1398,genes_volume,oligodendrocyte_1,oligodendrocyte_1
1,407,genes_volume,astrocyte_1,pericyte
1,2914,genes_volume,Schwann_cell,Schwann_cell
1,2957,genes_volume,Schwann_cell,Schwann_cell
1,2750,genes_volume,oligodendrocyte_progenitor_2,oligodendrocyte_progenitor_2
1,535,genes_volume,astrocyte_1,astrocyte_1
1,2371,genes_volume,oligodendrocyte_progenitor_2,oligodendrocyte_progenitor_2
1,2111,genes_volume,oligodendrocyte_progenitor_1,oligodendrocyte_progenitor_2
1,7,genes_volume,astrocyte_1,astrocyte_1
1,1945,genes_volume,oligodendrocyte_2,oligodendrocyte_2
1,1913,genes_volume,oligodendrocyte_2,oligodendrocyte_2
1,2828,genes_volume,oligodendrocyte_progenitor_2,oligodendrocyte_2
1,415,genes_volume,astrocyte_1,astrocyte_1
1,2465,genes_volume,oligodendrocyte_progenitor_2,oligodendrocyte_1
1,1914,genes_volume,oligodendrocyte_2,oligodendrocyte_2
1,1410,genes_volume,oligodendrocyte_1,oligodendrocyte_progenitor_2
1,199,genes_volume,astrocyte_1,astrocyte_1
1,283,genes_volume,astrocyte_1,astrocyte_1
1,231,genes_volume,astrocyte_1,astrocyte_1
1,2727,genes_volume,oligodendrocyte_progenitor_2,oligodendrocyte_progenitor_2
1,2118,genes_volume,oligodendrocyte_progenitor_1,oligodendrocyte_precursor_cell
1,96,genes_volume,astrocyte_1,oligodendrocyte_progenitor_2
1,1298,genes_volume,oligodendrocyte_1,oligodendrocyte_progenitor_2
1,2685,genes_volume,oligodendrocyte_progenitor_2,endothelial
1,1939,genes_volume,oligodendrocyte_2,oligodendrocyte_2
1,1670,genes_volume,oligodendrocyte_2,oligodendrocyte_2
1,2822,genes_volume,oligodendrocyte_progenitor_2,oligodendrocyte_progenitor_2
1,2548,genes_volume,oligodendrocyte_progenitor_2,oligodendrocyte_2
1,2497,genes_volume,oligodendrocyte_progenitor_2,oligodendrocyte_progenitor_2
1,1321,genes_volume,oligodendrocyte_1,oligodendrocyte_progenitor_2
1,104,genes_volume,astrocyte_1,astrocyte_1
1,979,genes_volume,endothelial,oligodendrocyte_progenitor_2
1,2530,genes_volume,oligodendrocyte_progenitor_2,oligodendrocyte_2
1,2401,genes_volume,oligodendrocyte_progenitor_2,astrocyte_1
1,847,genes_volume,endothelial,endothelial
1,2019,genes_volume,oligodendrocyte_precursor_cell,oligodendrocyte_precursor_cell
1,1110,genes_volume,meninges_1,meninges_1
1,226,genes_volume,astrocyte_1,astrocyte_1
1,1601,genes_volume,oligodendrocyte_2,microglia
1,2684,genes_volume,oligodendrocyte_progenitor_2,astrocyte_2
1,2347,genes_volume,oligodendrocyte_progenitor_2,astrocyte_1
1,1936,genes_volume,oligodendrocyte_2,oligodendrocyte_2
1,1860,genes_volume,oligodendrocyte_2,oligodendrocyte_progenitor_2
1,1947,genes_volume,oligodendrocyte_2,astrocyte_1
1,464,genes_volume,astrocyte_1,astrocyte_1
1,1675,genes_volume,oligodendrocyte_2,oligodendrocyte_2
1,2189,genes_volume,oligodendrocyte_progenitor_2,oligodendrocyte_2
1,2512,genes_volume,oligodendrocyte_progenitor_2,oligodendrocyte_progenitor_2
1,1494,genes_volume,oligodendrocyte_1,oligodendrocyte_1
1,2916,genes_volume,Schwann_cell,Schwann_cell
1,1916,genes_volume,oligodendrocyte_2,oligodendrocyte_2
1,212,genes_volume,astrocyte_1,astrocyte_1
1,12,genes_volume,astrocyte_1,oligodendrocyte_1
1,2342,genes_volume,oligodendrocyte_progenitor_2,oligodendrocyte_1
1,422,genes_volume,astrocyte_1,endothelial
1,746,genes_volume,astrocyte_2,astrocyte_2
1,2600,genes_volume,oligodendrocyte_progenitor_2,oligodendrocyte_progenitor_2
1,1742,genes_volume,oligodendrocyte_2,oligodendrocyte_2
1,1340,genes_volume,oligodendrocyte_1,oligodendrocyte_2
1,1234,genes_volume,microglia,microglia
1,2406,genes_volume,oligodendrocyte_progenitor_2,astrocyte_1
1,509,genes_volume,astrocyte_1,oligodendrocyte_progenitor_2
1,809,genes_volume,endothelial,endothelial
1,691,genes_volume,astrocyte_2,astrocyte_2
1,1188,genes_volume,meninges_2,meninges_1
1,2798,genes_volume,oligodendrocyte_progenitor_2,oligodendrocyte_progenitor_2
1,518,genes_volume,astrocyte_1,astrocyte_1
1,2012,targeted_hybrid,oligodendrocyte_precursor_cell,oligodendrocyte_progenitor_2
1,1688,targeted_hybrid,oligodendrocyte_2,oligodendrocyte_2
1,764,targeted_hybrid,astrocyte_2,astrocyte_1
1,2057,targeted_hybrid,oligodendrocyte_precursor_cell,oligodendrocyte_precursor_cell
1,2025,targeted_hybrid,oligodendrocyte_precursor_cell,astrocyte_1
1,2099,targeted_hybrid,oligodendrocyte_progenitor_1,oligodendrocyte_progenitor_1
1,807,targeted_hybrid,endothelial,endothelial
1,2414,targeted_hybrid,oligodendrocyte_progenitor_2,oligodendrocyte_progenitor_2
1,1582,targeted_hybrid,oligodendrocyte_2,oligodendrocyte_2
1,332,targeted_hybrid,astrocyte_1,astrocyte_1
1,2691,targeted_hybrid,oligodendrocyte_progenitor_2,oligodendrocyte_1
1,2821,targeted_hybrid,oligodendrocyte_progenitor_2,oligodendrocyte_progenitor_2
1,1343,targeted_hybrid,oligodendrocyte_1,oligodendrocyte_progenitor_2
1,2463,targeted_hybrid,oligodendrocyte_progenitor_2,oligodendrocyte_2
1,812,targeted_hybrid,endothelial,astrocyte_1
1,2219,targeted_hybrid,oligodendrocyte_progenitor_2,oligodendrocyte_progenitor_2
1,2238,targeted_hybrid,oligodendrocyte_progenitor_2,oligodendrocyte_progenitor_2
1,2234,targeted_hybrid,oligodendrocyte_progenitor_2,astrocyte_1
1,93,targeted_hybrid,astrocyte_1,astrocyte_1
1,1288,targeted_hybrid,microglia,microglia
1,1259,targeted_hybrid,microglia,microglia
1,2855,targeted_hybrid,pericyte,pericyte
1,685,targeted_hybrid,astrocyte_2,oligodendrocyte_2
1,178,targeted_hybrid,astrocyte_1,astrocyte_1
1,599,targeted_hybrid,astrocyte_2,astrocyte_2
1,2835,targeted_hybrid,oligodendrocyte_progenitor_2,oligodendrocyte_1
1,1502,targeted_hybrid,oligodendrocyte_1,astrocyte_1
1,2403,targeted_hybrid,oligodendrocyte_progenitor_2,oligodendrocyte_progenitor_2
1,2666,targeted_hybrid,oligodendrocyte_progenitor_2,astrocyte_1
1,2360,targeted_hybrid,oligodendrocyte_progenitor_2,oligodendrocyte_progenitor_2
1,1743,targeted_hybrid,oligodendrocyte_2,oligodendrocyte_precursor_cell
1,783,targeted_hybrid,endothelial,endothelial
1,2328,targeted_hybrid,oligodendrocyte_progenitor_2,oligodendrocyte_progenitor_2
1,2527,targeted_hybrid,oligodendrocyte_progenitor_2,astrocyte_2
1,1406,targeted_hybrid,oligodendrocyte_1,oligodendrocyte_progenitor_2
1,2340,targeted_hybrid,oligodendrocyte_progenitor_2,astrocyte_1
1,676,targeted_hybrid,astrocyte_2,astrocyte_2
1,63,targeted_hybrid,astrocyte_1,astrocyte_2
1,1637,targeted_hybrid,oligodendrocyte_2,oligodendrocyte_2
1,2851,targeted_hybrid,pericyte,pericyte
1,1505,targeted_hybrid,oligodendrocyte_1,oligodendrocyte_progenitor_2
1,1356,targeted_hybrid,oligodendrocyte_1,oligodendrocyte_progenitor_2
1,1575,targeted_hybrid,oligodendrocyte_2,oligodendrocyte_progenitor_2
1,1326,targeted_hybrid,oligodendrocyte_1,astrocyte_2
1,1737,targeted_hybrid,oligodendrocyte_2,oligodendrocyte_progenitor_2
1,1788,targeted_hybrid,oligodendrocyte_2,oligodendrocyte_2
1,2833,targeted_hybrid,oligodendrocyte_progenitor_2,oligodendrocyte_progenitor_2
1,1075,targeted_hybrid,endothelial,endothelial
1,1426,targeted_hybrid,oligodendrocyte_1,oligodendrocyte_1
1,1525,targeted_hybrid,oligodendrocyte_1,oligodendrocyte_progenitor_2
1,2509,targeted_hybrid,oligodendrocyte_progenitor_2,oligodendrocyte_2
1,45,targeted_hybrid,astrocyte_1,astrocyte_2
1,2752,targeted_hybrid,oligodendrocyte_progenitor_2,oligodendrocyte_progenitor_2
1,2192,targeted_hybrid,oligodendrocyte_progenitor_2,oligodendrocyte_1
1,2597,targeted_hybrid,oligodendrocyte_progenitor_2,oligodendrocyte_progenitor_2
1,2745,targeted_hybrid,oligodendrocyte_progenitor_2,oligodendrocyte_1
1,1616,targeted_hybrid,oligodendrocyte_2,oligodendrocyte_2
1,1255,targeted_hybrid,microglia,oligodendrocyte_progenitor_2
1,1149,targeted_hybrid,meninges_1,meninges_1
1,2254,targeted_hybrid,oligodendrocyte_progenitor_2,oligodendrocyte_2
1,324,targeted_hybrid,astrocyte_1,astrocyte_1
1,2601,targeted_hybrid,oligodendrocyte_progenitor_2,oligodendrocyte_progenitor_2
1,1018,targeted_hybrid,endothelial,endothelial
1,2129,targeted_hybrid,oligodendrocyte_progenitor_1,oligodendrocyte_progenitor_1
1,2662,targeted_hybrid,oligodendrocyte_progenitor_2,oligodendrocyte_progenitor_2
1,695,targeted_hybrid,astrocyte_2,oligodendrocyte_precursor_cell
1,1613,targeted_hybrid,oligodendrocyte_2,oligodendrocyte_2
1,256,targeted_hybrid,astrocyte_1,astrocyte_1
1,507,targeted_hybrid,astrocyte_1,astrocyte_1
1,2033,targeted_hybrid,oligodendrocyte_precursor_cell,oligodendrocyte_precursor_cell
1,174,targeted_hybrid,astrocyte_1,oligodendrocyte_1
1,1793,targeted_hybrid,oligodendrocyte_2,oligodendrocyte_2
1,1897,targeted_hybrid,oligodendrocyte_2,oligodendrocyte_2
1,251,targeted_hybrid,astrocyte_1,astrocyte_1
1,246,targeted_hybrid,astrocyte_1,astrocyte_1
1,2688,targeted_hybrid,oligodendrocyte_progenitor_2,oligodendrocyte_1
1,436,targeted_hybrid,astrocyte_1,astrocyte_1
1,789,targeted_hybrid,endothelial,endothelial
1,1187,targeted_hybrid,meninges_2,meninges_1
1,2374,targeted_hybrid,oligodendrocyte_progenitor_2,oligodendrocyte_progenitor_2
1,102,targeted_hybrid,astrocyte_1,astrocyte_1
1,602,targeted_hybrid,astrocyte_2,astrocyte_2
1,744,targeted_hybrid,astrocyte_2,astrocyte_2
1,2248,targeted_hybrid,oligodendrocyte_progenitor_2,oligodendrocyte_2
1,506,targeted_hybrid,astrocyte_1,astrocyte_1
1,1833,targeted_hybrid,oligodendrocyte_2,oligodendrocyte_2
1,354,targeted_hybrid,astrocyte_1,oligodendrocyte_1
1,790,targeted_hybrid,endothelial,astrocyte_2
1,2434,targeted_hybrid,oligodendrocyte_progenitor_2,oligodendrocyte_2
1,693,targeted_hybrid,astrocyte_2,oligodendrocyte_2
1,298,targeted_hybrid,astrocyte_1,astrocyte_1
1,831,targeted_hybrid,endothelial,endothelial
1,2641,targeted_hybrid,oligodendrocyte_progenitor_2,oligodendrocyte_progenitor_2
1,2023,targeted_hybrid,oligodendrocyte_precursor_cell,microglia
1,1815,targeted_hybrid,oligodendrocyte_2,oligodendrocyte_2
1,51,targeted_hybrid,astrocyte_1,astrocyte_1
1,1068,targeted_hybrid,endothelial,astrocyte_1
1,2131,targeted_hybrid,oligodendrocyte_progenitor_1,oligodendrocyte_progenitor_1
1,932,targeted_hybrid,endothelial,oligodendrocyte_1
1,862,targeted_hybrid,endothelial,endothelial
1,2637,targeted_hybrid,oligodendrocyte_progenitor_2,oligodendrocyte_progenitor_2
1,211,targeted_hybrid,astrocyte_1,astrocyte_1
1,1612,targeted_hybrid,oligodendrocyte_2,oligodendrocyte_2
1,1862,targeted_hybrid,oligodendrocyte_2,oligodendrocyte_progenitor_2
1,2453,targeted_hybrid,oligodendrocyte_progenitor_2,oligodendrocyte_progenitor_2
1,192,targeted_hybrid,astrocyte_1,astrocyte_1
1,2677,targeted_hybrid,oligodendrocyte_progenitor_2,oligodendrocyte_precursor_cell
1,1225,targeted_hybrid,meninges_3,meninges_1
1,1283,targeted_hybrid,microglia,oligodendrocyte_progenitor_2
1,1640,targeted_hybrid,oligodendrocyte_2,oligodendrocyte_2
1,1735,targeted_hybrid,oligodendrocyte_2,oligodendrocyte_2
1,1569,targeted_hybrid,oligodendrocyte_2,oligodendrocyte_2
1,2077,targeted_hybrid,oligodendrocyte_precursor_cell,oligodendrocyte_precursor_cell
1,321,targeted_hybrid,astrocyte_1,astrocyte_1
1,2011,targeted_hybrid,oligodendrocyte_precursor_cell,oligodendrocyte_precursor_cell
1,2296,targeted_hybrid,oligodendrocyte_progenitor_2,oligodendrocyte_progenitor_2
1,2739,targeted_hybrid,oligodendrocyte_progenitor_2,oligodendrocyte_progenitor_2
1,2806,targeted_hybrid,oligodendrocyte_progenitor_2,oligodendrocyte_1
1,2831,targeted_hybrid,oligodendrocyte_progenitor_2,oligodendrocyte_progenitor_2
1,2753,targeted_hybrid,oligodendrocyte_progenitor_2,oligodendrocyte_progenitor_2
1,1134,targeted_hybrid,meninges_1,meninges_1
1,2002,targeted_hybrid,oligodendrocyte_precursor_cell,endothelial
1,1037,targeted_hybrid,endothelial,astrocyte_1
1,486,targeted_hybrid,astrocyte_1,astrocyte_1
1,651,targeted_hybrid,astrocyte_2,astrocyte_2
1,67,targeted_hybrid,astrocyte_1,astrocyte_2
1,2481,targeted_hybrid,oligodendrocyte_progenitor_2,oligodendrocyte_progenitor_2
1,2018,targeted_hybrid,oligodendrocyte_precursor_cell,endothelial
1,318,targeted_hybrid,astrocyte_1,astrocyte_1
1,2380,targeted_hybrid,oligodendrocyte_progenitor_2,oligodendrocyte_progenitor_2
1,2467,targeted_hybrid,oligodendrocyte_progenitor_2,astrocyte_1
1,2477,targeted_hybrid,oligodendrocyte_progenitor_2,oligodendrocyte_progenitor_2
1,1554,targeted_hybrid,oligodendrocyte_1,oligodendrocyte_1
1,1729,targeted_hybrid,oligodendrocyte_2,oligodendrocyte_2
1,2314,targeted_hybrid,oligodendrocyte_progenitor_2,oligodendrocyte_2
1,2407,targeted_hybrid,oligodendrocyte_progenitor_2,oligodendrocyte_progenitor_2
1,1427,targeted_hybrid,oligodendrocyte_1,oligodendrocyte_progenitor_2
1,1644,targeted_hybrid,oligodendrocyte_2,oligodendrocyte_2
1,124,targeted_hybrid,astrocyte_1,astrocyte_1
1,144,targeted_hybrid,astrocyte_1,oligodendrocyte_2
1,2944,targeted_hybrid,Schwann_cell,Schwann_cell
1,1244,targeted_hybrid,microglia,microglia
1,2246,targeted_hybrid,oligodendrocyte_progenitor_2,oligodendrocyte_progenitor_2
1,203,targeted_hybrid,astrocyte_1,astrocyte_1
1,368,targeted_hybrid,astrocyte_1,astrocyte_1
1,410,targeted_hybrid,astrocyte_1,oligodendrocyte_progenitor_2
1,1419,targeted_hybrid,oligodendrocyte_1,microglia
1,2562,targeted_hybrid,oligodendrocyte_progenitor_2,oligodendrocyte_progenitor_2
1,443,targeted_hybrid,astrocyte_1,astrocyte_1
1,1584,targeted_hybrid,oligodendrocyte_2,oligodendrocyte_2
1,1795,targeted_hybrid,oligodendrocyte_2,oligodendrocyte_2
1,2817,targeted_hybrid,oligodendrocyte_progenitor_2,oligodendrocyte_1
1,296,targeted_hybrid,astrocyte_1,astrocyte_1
1,2592,targeted_hybrid,oligodendrocyte_progenitor_2,oligodendrocyte_progenitor_2
1,1251,targeted_hybrid,microglia,microglia
1,1116,targeted_hybrid,meninges_1,meninges_3
1,1091,targeted_hybrid,endothelial,astrocyte_1
1,1651,targeted_hybrid,oligodendrocyte_2,oligodendrocyte_2
1,194,targeted_hybrid,astrocyte_1,astrocyte_1
1,1228,targeted_hybrid,meninges_3,meninges_2
1,1475,targeted_hybrid,oligodendrocyte_1,oligodendrocyte_1
1,80,targeted_hybrid,astrocyte_1,astrocyte_1
1,32,targeted_hybrid,astrocyte_1,astrocyte_1
1,2500,targeted_hybrid,oligodendrocyte_progenitor_2,oligodendrocyte_progenitor_2
1,594,targeted_hybrid,astrocyte_2,astrocyte_1
1,196,targeted_hybrid,astrocyte_1,astrocyte_2
1,1231,targeted_hybrid,microglia,microglia
1,532,targeted_hybrid,astrocyte_1,astrocyte_1
1,881,targeted_hybrid,endothelial,endothelial
1,471,targeted_hybrid,astrocyte_1,astrocyte_1
1,1477,targeted_hybrid,oligodendrocyte_1,endothelial
1,944,targeted_hybrid,endothelial,endothelial
1,999,targeted_hybrid,endothelial,astrocyte_2
1,1391,targeted_hybrid,oligodendrocyte_1,oligodendrocyte_progenitor_2
1,1017,targeted_hybrid,endothelial,oligodendrocyte_1
1,1777,targeted_hybrid,oligodendrocyte_2,oligodendrocyte_progenitor_2
1,1236,targeted_hybrid,microglia,microglia
1,2098,targeted_hybrid,oligodendrocyte_progenitor_1,oligodendrocyte_progenitor_1
1,2250,targeted_hybrid,oligodendrocyte_progenitor_2,oligodendrocyte_progenitor_2
1,998,targeted_hybrid,endothelial,oligodendrocyte_2
1,2638,targeted_hybrid,oligodendrocyte_progenitor_2,oligodendrocyte_progenitor_2
1,958,targeted_hybrid,endothelial,endothelial
1,755,targeted_hybrid,astrocyte_2,astrocyte_2
1,1071,targeted_hybrid,endothelial,endothelial
1,677,targeted_hybrid,astrocyte_2,astrocyte_2
1,141,targeted_hybrid,astrocyte_1,astrocyte_1
1,1041,targeted_hybrid,endothelial,endothelial
1,1740,targeted_hybrid,oligodendrocyte_2,oligodendrocyte_2
1,650,targeted_hybrid,astrocyte_2,oligodendrocyte_2
1,1418,targeted_hybrid,oligodendrocyte_1,oligodendrocyte_1
1,2162,targeted_hybrid,oligodendrocyte_progenitor_2,oligodendrocyte_2
1,175,targeted_hybrid,astrocyte_1,astrocyte_1
1,331,targeted_hybrid,astrocyte_1,astrocyte_1
1,1674,targeted_hybrid,oligodendrocyte_2,oligodendrocyte_2
1,2726,targeted_hybrid,oligodendrocyte_progenitor_2,oligodendrocyte_progenitor_2
1,857,targeted_hybrid,endothelial,endothelial
1,1948,targeted_hybrid,oligodendrocyte_2,oligodendrocyte_2
1,430,targeted_hybrid,astrocyte_1,astrocyte_1
1,2218,targeted_hybrid,oligodendrocyte_progenitor_2,oligodendrocyte_progenitor_2
1,2194,targeted_hybrid,oligodendrocyte_progenitor_2,oligodendrocyte_progenitor_2
1,177,targeted_hybrid,astrocyte_1,astrocyte_1
1,1053,targeted_hybrid,endothelial,astrocyte_1
1,2525,targeted_hybrid,oligodendrocyte_progenitor_2,oligodendrocyte_progenitor_2
1,184,targeted_hybrid,astrocyte_1,astrocyte_2
1,1607,targeted_hybrid,oligodendrocyte_2,oligodendrocyte_2
1,2404,targeted_hybrid,oligodendrocyte_progenitor_2,oligodendrocyte_progenitor_2
1,1849,targeted_hybrid,oligodendrocyte_2,oligodendrocyte_2
1,1146,targeted_hybrid,meninges_1,meninges_1
1,567,targeted_hybrid,astrocyte_1,astrocyte_1
1,44,targeted_hybrid,astrocyte_1,astrocyte_1
1,1559,targeted_hybrid,oligodendrocyte_1,oligodendrocyte_progenitor_2
1,463,targeted_hybrid,astrocyte_1,astrocyte_1
1,581,targeted_hybrid,astrocyte_2,astrocyte_2
1,2232,targeted_hybrid,oligodendrocyte_progenitor_2,oligodendrocyte_progenitor_2
1,1099,targeted_hybrid,ependymal,astrocyte_1
1,1000,targeted_hybrid,endothelial,endothelial
1,2913,targeted_hybrid,Schwann_cell,peripheral_glia
1,2553,targeted_hybrid,oligodendrocyte_progenitor_2,oligodendrocyte_progenitor_2
1,1820,targeted_hybrid,oligodendrocyte_2,oligodendrocyte_2
1,1100,targeted_hybrid,ependymal,ependymal
1,2421,targeted_hybrid,oligodendrocyte_progenitor_2,oligodendrocyte_1
1,705,targeted_hybrid,astrocyte_2,astrocyte_2
1,2736,targeted_hybrid,oligodendrocyte_progenitor_2,oligodendrocyte_1
1,811,targeted_hybrid,endothelial,endothelial
1,420,targeted_hybrid,astrocyte_1,astrocyte_2
1,1005,targeted_hybrid,endothelial,astrocyte_2
1,2292,targeted_hybrid,oligodendrocyte_progenitor_2,oligodendrocyte_progenitor_2
1,521,targeted_hybrid,astrocyte_1,astrocyte_1
1,1951,targeted_hybrid,oligodendrocyte_2,oligodendrocyte_2
1,1271,targeted_hybrid,microglia,microglia
1,2174,targeted_hybrid,oligodendrocyte_progenitor_2,oligodendrocyte_progenitor_2
1,1972,targeted_hybrid,oligodendrocyte_2,oligodendrocyte_2
1,2271,targeted_hybrid,oligodendrocyte_progenitor_2,astrocyte_1
1,1220,targeted_hybrid,meninges_3,meninges_2
1,700,targeted_hybrid,astrocyte_2,astrocyte_2
1,2859,targeted_hybrid,pericyte,endothelial
1,2123,targeted_hybrid,oligodendrocyte_progenitor_1,astrocyte_1
1,30,targeted_hybrid,astrocyte_1,astrocyte_1
1,1551,targeted_hybrid,oligodendrocyte_1,oligodendrocyte_1
1,2702,targeted_hybrid,oligodendrocyte_progenitor_2,oligodendrocyte_progenitor_2
1,1253,targeted_hybrid,microglia,microglia
1,1920,targeted_hybrid,oligodendrocyte_2,oligodendrocyte_precursor_cell
1,802,targeted_hybrid,endothelial,endothelial
1,1778,targeted_hybrid,oligodendrocyte_2,oligodendrocyte_2
1,1700,targeted_hybrid,oligodendrocyte_2,oligodendrocyte_2
1,2804,targeted_hybrid,oligodendrocyte_progenitor_2,oligodendrocyte_progenitor_2
1,1422,targeted_hybrid,oligodendrocyte_1,endothelial
1,942,targeted_hybrid,endothelial,endothelial
1,2504,targeted_hybrid,oligodendrocyte_progenitor_2,oligodendrocyte_progenitor_2
1,1364,targeted_hybrid,oligodendrocyte_1,oligodendrocyte_2
1,162,targeted_hybrid,astrocyte_1,astrocyte_1
1,544,targeted_hybrid,astrocyte_1,astrocyte_1
1,432,targeted_hybrid,astrocyte_1,astrocyte_1
1,976,targeted_hybrid,endothelial,endothelial
1,1360,targeted_hybrid,oligodendrocyte_1,oligodendrocyte_progenitor_2
1,322,targeted_hybrid,astrocyte_1,astrocyte_1
1,1608,targeted_hybrid,oligodendrocyte_2,oligodendrocyte_2
1,2587,targeted_hybrid,oligodendrocyte_progenitor_2,oligodendrocyte_1
1,929,targeted_hybrid,endothelial,endothelial
1,73,targeted_hybrid,astrocyte_1,astrocyte_1
1,2279,targeted_hybrid,oligodendrocyte_progenitor_2,oligodendrocyte_progenitor_2
1,1011,targeted_hybrid,endothelial,astrocyte_1
1,2046,targeted_hybrid,oligodendrocyte_precursor_cell,oligodendrocyte_progenitor_1
1,1507,targeted_hybrid,oligodendrocyte_1,oligodendrocyte_1
1,907,targeted_hybrid,endothelial,endothelial
1,528,targeted_hybrid,astrocyte_1,astrocyte_1
1,2307,targeted_hybrid,oligodendrocyte_progenitor_2,oligodendrocyte_2
1,1962,targeted_hybrid,oligodendrocyte_2,oligodendrocyte_2
1,1421,targeted_hybrid,oligodendrocyte_1,oligodendrocyte_progenitor_2
1,2780,targeted_hybrid,oligodendrocyte_progenitor_2,astrocyte_1
1,2810,targeted_hybrid,oligodendrocyte_progenitor_2,oligodendrocyte_progenitor_2
1,402,targeted_hybrid,astrocyte_1,astrocyte_1
1,2400,targeted_hybrid,oligodendrocyte_progenitor_2,oligodendrocyte_progenitor_2
1,1476,targeted_hybrid,oligodendrocyte_1,oligodendrocyte_1
1,2341,targeted_hybrid,oligodendrocyte_progenitor_2,endothelial
1,2646,targeted_hybrid,oligodendrocyte_progenitor_2,oligodendrocyte_1
1,564,targeted_hybrid,astrocyte_1,astrocyte_1
1,2737,targeted_hybrid,oligodendrocyte_progenitor_2,astrocyte_1
1,1395,targeted_hybrid,oligodendrocyte_1,oligodendrocyte_progenitor_2
1,1747,targeted_hybrid,oligodendrocyte_2,oligodendrocyte_2
1,759,targeted_hybrid,astrocyte_2,oligodendrocyte_progenitor_2
1,1583,targeted_hybrid,oligodendrocyte_2,oligodendrocyte_2
1,239,targeted_hybrid,astrocyte_1,astrocyte_1
1,2749,targeted_hybrid,oligodendrocyte_progenitor_2,oligodendrocyte_progenitor_2
1,2228,targeted_hybrid,oligodendrocyte_progenitor_2,oligodendrocyte_progenitor_2
1,1057,targeted_hybrid,endothelial,endothelial
1,2838,targeted_hybrid,oligodendrocyte_progenitor_2,endothelial
1,2508,targeted_hybrid,oligodendrocyte_progenitor_2,oligodendrocyte_progenitor_2
1,289,targeted_hybrid,astrocyte_1,astrocyte_1
1,1179,targeted_hybrid,meninges_2,oligodendrocyte_1
1,387,targeted_hybrid,astrocyte_1,astrocyte_1
1,1580,targeted_hybrid,oligodendrocyte_2,oligodendrocyte_2
1,1791,targeted_hybrid,oligodendrocyte_2,oligodendrocyte_2
1,1626,targeted_hybrid,oligodendrocyte_2,astrocyte_2
1,439,targeted_hybrid,astrocyte_1,astrocyte_1
1,1127,targeted_hybrid,meninges_1,meninges_1
1,2771,targeted_hybrid,oligodendrocyte_progenitor_2,oligodendrocyte_1
1,2334,targeted_hybrid,oligodendrocyte_progenitor_2,oligodendrocyte_progenitor_2
1,1709,targeted_hybrid,oligodendrocyte_2,oligodendrocyte_2
1,554,targeted_hybrid,astrocyte_1,astrocyte_1
1,644,targeted_hybrid,astrocyte_2,oligodendrocyte_progenitor_2
1,2766,targeted_hybrid,oligodendrocyte_progenitor_2,oligodendrocyte_progenitor_2
1,2126,targeted_hybrid,oligodendrocyte_progenitor_1,oligodendrocyte_progenitor_1
1,108,targeted_hybrid,astrocyte_1,astrocyte_1
1,840,targeted_hybrid,endothelial,endothelial
1,411,targeted_hybrid,astrocyte_1,astrocyte_1
1,1362,targeted_hybrid,oligodendrocyte_1,oligodendrocyte_1
1,1023,targeted_hybrid,endothelial,endothelial
1,1956,targeted_hybrid,oligodendrocyte_2,oligodendrocyte_1
1,1978,targeted_hybrid,oligodendrocyte_2,oligodendrocyte_2
1,1357,targeted_hybrid,oligodendrocyte_1,oligodendrocyte_progenitor_2
1,817,targeted_hybrid,endothelial,endothelial
1,1814,targeted_hybrid,oligodendrocyte_2,oligodendrocyte_2
1,572,targeted_hybrid,astrocyte_1,astrocyte_1
1,937,targeted_hybrid,endothelial,oligodendrocyte_progenitor_2
1,1322,targeted_hybrid,oligodendrocyte_1,oligodendrocyte_1
1,2411,targeted_hybrid,oligodendrocyte_progenitor_2,oligodendrocyte_progenitor_2
1,1178,targeted_hybrid,meninges_2,endothelial
1,1359,targeted_hybrid,oligodendrocyte_1,oligodendrocyte_1
1,897,targeted_hybrid,endothelial,endothelial
1,1748,targeted_hybrid,oligodendrocyte_2,oligodendrocyte_2
1,2678,targeted_hybrid,oligodendrocyte_progenitor_2,oligodendrocyte_progenitor_2
1,1713,targeted_hybrid,oligodendrocyte_2,oligodendrocyte_2
1,70,targeted_hybrid,astrocyte_1,astrocyte_2
1,679,targeted_hybrid,astrocyte_2,astrocyte_2
1,2204,targeted_hybrid,oligodendrocyte_progenitor_2,meninges_1
1,2797,targeted_hybrid,oligodendrocyte_progenitor_2,oligodendrocyte_progenitor_2
1,56,targeted_hybrid,astrocyte_1,astrocyte_1
1,1547,targeted_hybrid,oligodendrocyte_1,oligodendrocyte_progenitor_2
1,605,targeted_hybrid,astrocyte_2,astrocyte_2
1,2953,targeted_hybrid,Schwann_cell,Schwann_cell
1,2377,targeted_hybrid,oligodendrocyte_progenitor_2,oligodendrocyte_progenitor_2
1,309,targeted_hybrid,astrocyte_1,astrocyte_1
1,2792,targeted_hybrid,oligodendrocyte_progenitor_2,oligodendrocyte_progenitor_2
1,1055,targeted_hybrid,endothelial,oligodendrocyte_progenitor_2
1,1093,targeted_hybrid,ependymal,ependymal
1,2649,targeted_hybrid,oligodendrocyte_progenitor_2,oligodendrocyte_2
1,1135,targeted_hybrid,meninges_1,meninges_1
1,1269,targeted_hybrid,microglia,microglia
1,2770,targeted_hybrid,oligodendrocyte_progenitor_2,oligodendrocyte_progenitor_2
1,485,targeted_hybrid,astrocyte_1,astrocyte_2
1,2063,targeted_hybrid,oligodendrocyte_precursor_cell,endothelial
1,2848,targeted_hybrid,pericyte,pericyte
1,1361,targeted_hybrid,oligodendrocyte_1,oligodendrocyte_progenitor_2
1,2261,targeted_hybrid,oligodendrocyte_progenitor_2,oligodendrocyte_2
1,869,targeted_hybrid,endothelial,endothelial
1,2269,targeted_hybrid,oligodendrocyte_progenitor_2,oligodendrocyte_precursor_cell
1,2032,targeted_hybrid,oligodendrocyte_precursor_cell,astrocyte_1
1,2136,targeted_hybrid,oligodendrocyte_progenitor_1,oligodendrocyte_precursor_cell
1,1706,targeted_hybrid,oligodendrocyte_2,endothelial
1,2588,targeted_hybrid,oligodendrocyte_progenitor_2,oligodendrocyte_progenitor_2
1,120,targeted_hybrid,astrocyte_1,astrocyte_1
1,1097,targeted_hybrid,ependymal,ependymal
1,748,targeted_hybrid,astrocyte_2,astrocyte_2
1,637,targeted_hybrid,astrocyte_2,astrocyte_1
1,1448,targeted_hybrid,oligodendrocyte_1,oligodendrocyte_2
1,313,targeted_hybrid,astrocyte_1,astrocyte_1
1,2280,targeted_hybrid,oligodendrocyte_progenitor_2,oligodendrocyte_progenitor_2
1,233,targeted_hybrid,astrocyte_1,astrocyte_1
1,414,targeted_hybrid,astrocyte_1,oligodendrocyte_progenitor_2
1,2092,targeted_hybrid,oligodendrocyte_precursor_cell,oligodendrocyte_1
1,111,targeted_hybrid,astrocyte_1,oligodendrocyte_1
1,1090,targeted_hybrid,endothelial,endothelial
1,218,targeted_hybrid,astrocyte_1,astrocyte_2
1,2880,targeted_hybrid,pericyte,pericyte
1,1025,targeted_hybrid,endothelial,oligodendrocyte_2
1,457,targeted_hybrid,astrocyte_1,astrocyte_1
1,2877,targeted_hybrid,pericyte,pericyte
1,460,targeted_hybrid,astrocyte_1,astrocyte_1
1,1450,targeted_hybrid,oligodendrocyte_1,oligodendrocyte_1
1,1896,targeted_hybrid,oligodendrocyte_2,oligodendrocyte_2
1,718,targeted_hybrid,astrocyte_2,astrocyte_2
1,393,targeted_hybrid,astrocyte_1,astrocyte_1
1,1064,targeted_hybrid,endothelial,endothelial
1,1159,targeted_hybrid,meninges_1,meninges_1
1,1818,targeted_hybrid,oligodendrocyte_2,oligodendrocyte_precursor_cell
1,1229,targeted_hybrid,meninges_3,meninges_2
1,2171,targeted_hybrid,oligodendrocyte_progenitor_2,oligodendrocyte_2
1,2473,targeted_hybrid,oligodendrocyte_progenitor_2,oligodendrocyte_2
1,856,targeted_hybrid,endothelial,endothelial
1,568,targeted_hybrid,astrocyte_1,astrocyte_1
1,2051,targeted_hybrid,oligodendrocyte_precursor_cell,oligodendrocyte_precursor_cell
1,2134,targeted_hybrid,oligodendrocyte_progenitor_1,oligodendrocyte_progenitor_1
1,2515,targeted_hybrid,oligodendrocyte_progenitor_2,oligodendrocyte_1
1,2571,targeted_hybrid,oligodendrocyte_progenitor_2,oligodendrocyte_progenitor_2
1,366,targeted_hybrid,astrocyte_1,astrocyte_1
1,819,targeted_hybrid,endothelial,endothelial
1,2858,targeted_hybrid,pericyte,pericyte
1,29,targeted_hybrid,astrocyte_1,astrocyte_2
1,2800,targeted_hybrid,oligodendrocyte_progenitor_2,oligodendrocyte_progenitor_2
1,1412,targeted_hybrid,oligodendrocyte_1,oligodendrocyte_progenitor_2
1,1736,targeted_hybrid,oligodendrocyte_2,oligodendrocyte_2
1,1370,targeted_hybrid,oligodendrocyte_1,oligodendrocyte_1
1,945,targeted_hybrid,endothelial,endothelial
1,183,targeted_hybrid,astrocyte_1,astrocyte_1
1,1462,targeted_hybrid,oligodendrocyte_1,oligodendrocyte_2
1,188,targeted_hybrid,astrocyte_1,astrocyte_1
1,170,targeted_hybrid,astrocyte_1,astrocyte_1
1,1730,targeted_hybrid,oligodendrocyte_2,oligodendrocyte_2
1,43,targeted_hybrid,astrocyte_1,astrocyte_1
1,87,targeted_hybrid,astrocyte_1,astrocyte_1
1,2383,targeted_hybrid,oligodendrocyte_progenitor_2,oligodendrocyte_progenitor_2
1,834,targeted_hybrid,endothelial,endothelial
1,282,targeted_hybrid,astrocyte_1,astrocyte_1
1,867,targeted_hybrid,endothelial,astrocyte_1
1,741,targeted_hybrid,astrocyte_2,astrocyte_2
1,2619,targeted_hybrid,oligodendrocyte_progenitor_2,oligodendrocyte_progenitor_2
1,2130,targeted_hybrid,oligodendrocyte_progenitor_1,oligodendrocyte_precursor_cell
1,2754,targeted_hybrid,oligodendrocyte_progenitor_2,oligodendrocyte_progenitor_2
1,1230,targeted_hybrid,microglia,microglia
1,2358,targeted_hybrid,oligodendrocyte_progenitor_2,oligodendrocyte_progenitor_2
1,949,targeted_hybrid,endothelial,endothelial
1,2416,targeted_hybrid,oligodendrocyte_progenitor_2,oligodendrocyte_progenitor_2
1,149,targeted_hybrid,astrocyte_1,astrocyte_1
1,1036,targeted_hybrid,endothelial,endothelial
1,495,targeted_hybrid,astrocyte_1,oligodendrocyte_progenitor_2
1,2356,targeted_hybrid,oligodendrocyte_progenitor_2,oligodendrocyte_progenitor_2
1,1665,targeted_hybrid,oligodendrocyte_2,oligodendrocyte_2
1,2080,targeted_hybrid,oligodendrocyte_precursor_cell,oligodendrocyte_precursor_cell
1,2320,targeted_hybrid,oligodendrocyte_progenitor_2,oligodendrocyte_2
1,134,targeted_hybrid,astrocyte_1,astrocyte_1
1,1472,targeted_hybrid,oligodendrocyte_1,oligodendrocyte_1
1,1980,targeted_hybrid,oligodendrocyte_2,oligodendrocyte_2
1,787,targeted_hybrid,endothelial,endothelial
1,642,targeted_hybrid,astrocyte_2,astrocyte_2
1,1047,targeted_hybrid,endothelial,endothelial
1,2272,targeted_hybrid,oligodendrocyte_progenitor_2,oligodendrocyte_progenitor_2
1,2399,targeted_hybrid,oligodendrocyte_progenitor_2,oligodendrocyte_progenitor_2
1,1313,targeted_hybrid,oligodendrocyte_1,oligodendrocyte_1
1,1837,targeted_hybrid,oligodendrocyte_2,oligodendrocyte_2
1,2423,targeted_hybrid,oligodendrocyte_progenitor_2,oligodendrocyte_progenitor_2
1,2577,targeted_hybrid,oligodendrocyte_progenitor_2,oligodendrocyte_2
1,1411,targeted_hybrid,oligodendrocyte_1,oligodendrocyte_progenitor_2
1,478,targeted_hybrid,astrocyte_1,astrocyte_2
1,221,targeted_hybrid,astrocyte_1,astrocyte_1
1,1847,targeted_hybrid,oligodendrocyte_2,oligodendrocyte_progenitor_2
1,2830,targeted_hybrid,oligodendrocyte_progenitor_2,oligodendrocyte_progenitor_2
1,2412,targeted_hybrid,oligodendrocyte_progenitor_2,oligodendrocyte_2
1,858,targeted_hybrid,endothelial,oligodendrocyte_2
1,2108,targeted_hybrid,oligodendrocyte_progenitor_1,oligodendrocyte_2
1,173,targeted_hybrid,astrocyte_1,astrocyte_2
1,527,targeted_hybrid,astrocyte_1,astrocyte_1
1,670,targeted_hybrid,astrocyte_2,oligodendrocyte_progenitor_2
1,2903,targeted_hybrid,peripheral_glia,peripheral_glia
1,2302,targeted_hybrid,oligodendrocyte_progenitor_2,oligodendrocyte_2
1,1337,targeted_hybrid,oligodendrocyte_1,astrocyte_1
1,2697,targeted_hybrid,oligodendrocyte_progenitor_2,oligodendrocyte_1
1,2439,targeted_hybrid,oligodendrocyte_progenitor_2,oligodendrocyte_2
1,598,targeted_hybrid,astrocyte_2,astrocyte_2
1,1173,targeted_hybrid,meninges_2,meninges_2
1,314,targeted_hybrid,astrocyte_1,oligodendrocyte_progenitor_2
1,152,targeted_hybrid,astrocyte_1,astrocyte_1
1,565,targeted_hybrid,astrocyte_1,astrocyte_1
1,1557,targeted_hybrid,oligodendrocyte_1,oligodendrocyte_2
1,423,targeted_hybrid,astrocyte_1,astrocyte_2
1,272,targeted_hybrid,astrocyte_1,astrocyte_1
1,270,targeted_hybrid,astrocyte_1,astrocyte_1
1,2528,targeted_hybrid,oligodendrocyte_progenitor_2,oligodendrocyte_progenitor_2
1,1717,targeted_hybrid,oligodendrocyte_2,oligodendrocyte_2
1,2115,targeted_hybrid,oligodendrocyte_progenitor_1,oligodendrocyte_precursor_cell
1,1832,targeted_hybrid,oligodendrocyte_2,oligodendrocyte_2
1,2610,targeted_hybrid,oligodendrocyte_progenitor_2,oligodendrocyte_progenitor_2
1,781,targeted_hybrid,endothelial,endothelial
1,1226,targeted_hybrid,meninges_3,meninges_3
1,2564,targeted_hybrid,oligodendrocyte_progenitor_2,oligodendrocyte_progenitor_2
1,2003,targeted_hybrid,oligodendrocyte_precursor_cell,oligodendrocyte_2
1,2623,targeted_hybrid,oligodendrocyte_progenitor_2,oligodendrocyte_progenitor_2
1,2555,targeted_hybrid,oligodendrocyte_progenitor_2,oligodendrocyte_progenitor_2
1,794,targeted_hybrid,endothelial,endothelial
1,257,targeted_hybrid,astrocyte_1,astrocyte_1
1,2607,targeted_hybrid,oligodendrocyte_progenitor_2,oligodendrocyte_progenitor_2
1,139,targeted_hybrid,astrocyte_1,astrocyte_1
1,1378,targeted_hybrid,oligodendrocyte_1,oligodendrocyte_1
1,2270,targeted_hybrid,oligodendrocyte_progenitor_2,oligodendrocyte_progenitor_2
1,1061,targeted_hybrid,endothelial,endothelial
1,2554,targeted_hybrid,oligodendrocyte_progenitor_2,oligodendrocyte_2
1,254,targeted_hybrid,astrocyte_1,oligodendrocyte_progenitor_2
1,610,targeted_hybrid,astrocyte_2,astrocyte_1
1,2805,targeted_hybrid,oligodendrocyte_progenitor_2,oligodendrocyte_1
1,845,targeted_hybrid,endothelial,endothelial
1,2195,targeted_hybrid,oligodendrocyte_progenitor_2,oligodendrocyte_1
1,168,targeted_hybrid,astrocyte_1,astrocyte_1
1,555,targeted_hybrid,astrocyte_1,astrocyte_2
1,2064,targeted_hybrid,oligodendrocyte_precursor_cell,oligodendrocyte_progenitor_1
1,2397,targeted_hybrid,oligodendrocyte_progenitor_2,oligodendrocyte_progenitor_2
1,2841,targeted_hybrid,oligodendrocyte_progenitor_2,oligodendrocyte_progenitor_2
1,291,targeted_hybrid,astrocyte_1,astrocyte_1
1,838,targeted_hybrid,endothelial,endothelial
1,450,targeted_hybrid,astrocyte_1,astrocyte_1
1,433,targeted_hybrid,astrocyte_1,astrocyte_1
1,1775,targeted_hybrid,oligodendrocyte_2,oligodendrocyte_2
1,940,targeted_hybrid,endothelial,endothelial
1,612,targeted_hybrid,astrocyte_2,astrocyte_2
1,408,targeted_hybrid,astrocyte_1,oligodendrocyte_1
1,1953,targeted_hybrid,oligodendrocyte_2,oligodendrocyte_progenitor_2
1,2322,targeted_hybrid,oligodendrocyte_progenitor_2,oligodendrocyte_progenitor_2
1,135,targeted_hybrid,astrocyte_1,astrocyte_1
1,2437,targeted_hybrid,oligodendrocyte_progenitor_2,oligodendrocyte_progenitor_2
1,2708,targeted_hybrid,oligodendrocyte_progenitor_2,oligodendrocyte_progenitor_2
1,2899,targeted_hybrid,peripheral_glia,peripheral_glia
1,367,targeted_hybrid,astrocyte_1,astrocyte_1
1,479,targeted_hybrid,astrocyte_1,astrocyte_1
1,2768,targeted_hybrid,oligodendrocyte_progenitor_2,oligodendrocyte_progenitor_2
1,1752,targeted_hybrid,oligodendrocyte_2,oligodendrocyte_2
1,2459,targeted_hybrid,oligodendrocyte_progenitor_2,oligodendrocyte_progenitor_2
1,1817,targeted_hybrid,oligodendrocyte_2,oligodendrocyte_2
1,533,targeted_hybrid,astrocyte_1,astrocyte_1
1,351,targeted_hybrid,astrocyte_1,astrocyte_1
1,1830,targeted_hybrid,oligodendrocyte_2,oligodendrocyte_2
1,1295,targeted_hybrid,oligodendrocyte_1,oligodendrocyte_progenitor_2
1,511,targeted_hybrid,astrocyte_1,oligodendrocyte_progenitor_2
1,1089,targeted_hybrid,endothelial,endothelial
1,742,targeted_hybrid,astrocyte_2,astrocyte_2
1,2494,targeted_hybrid,oligodendrocyte_progenitor_2,oligodendrocyte_progenitor_2
1,498,targeted_hybrid,astrocyte_1,astrocyte_1
1,2275,targeted_hybrid,oligodendrocyte_progenitor_2,oligodendrocyte_progenitor_2
1,210,targeted_hybrid,astrocyte_1,astrocyte_1
1,2579,targeted_hybrid,oligodendrocyte_progenitor_2,oligodendrocyte_progenitor_2
1,1517,targeted_hybrid,oligodendrocyte_1,astrocyte_1
1,2007,targeted_hybrid,oligodendrocyte_precursor_cell,endothelial
1,365,targeted_hybrid,astrocyte_1,microglia
1,543,targeted_hybrid,astrocyte_1,astrocyte_1
1,2306,targeted_hybrid,oligodendrocyte_progenitor_2,oligodendrocyte_progenitor_2
1,1979,targeted_hybrid,oligodendrocyte_2,oligodendrocyte_2
1,557,targeted_hybrid,astrocyte_1,astrocyte_1
1,1398,targeted_hybrid,oligodendrocyte_1,oligodendrocyte_1
1,407,targeted_hybrid,astrocyte_1,pericyte
1,2914,targeted_hybrid,Schwann_cell,Schwann_cell
1,2957,targeted_hybrid,Schwann_cell,Schwann_cell
1,2750,targeted_hybrid,oligodendrocyte_progenitor_2,oligodendrocyte_progenitor_2
1,535,targeted_hybrid,astrocyte_1,astrocyte_1
1,2371,targeted_hybrid,oligodendrocyte_progenitor_2,oligodendrocyte_progenitor_2
1,2111,targeted_hybrid,oligodendrocyte_progenitor_1,oligodendrocyte_precursor_cell
1,7,targeted_hybrid,astrocyte_1,astrocyte_1
1,1945,targeted_hybrid,oligodendrocyte_2,oligodendrocyte_2
1,1913,targeted_hybrid,oligodendrocyte_2,oligodendrocyte_2
1,2828,targeted_hybrid,oligodendrocyte_progenitor_2,oligodendrocyte_2
1,415,targeted_hybrid,astrocyte_1,astrocyte_1
1,2465,targeted_hybrid,oligodendrocyte_progenitor_2,oligodendrocyte_1
1,1914,targeted_hybrid,oligodendrocyte_2,oligodendrocyte_2
1,1410,targeted_hybrid,oligodendrocyte_1,oligodendrocyte_precursor_cell
1,199,targeted_hybrid,astrocyte_1,astrocyte_1
1,283,targeted_hybrid,astrocyte_1,astrocyte_1
1,231,targeted_hybrid,astrocyte_1,astrocyte_1
1,2727,targeted_hybrid,oligodendrocyte_progenitor_2,oligodendrocyte_1
1,2118,targeted_hybrid,oligodendrocyte_progenitor_1,oligodendrocyte_precursor_cell
1,96,targeted_hybrid,astrocyte_1,oligodendrocyte_1
1,1298,targeted_hybrid,oligodendrocyte_1,oligodendrocyte_progenitor_2
1,2685,targeted_hybrid,oligodendrocyte_progenitor_2,endothelial
1,1939,targeted_hybrid,oligodendrocyte_2,oligodendrocyte_2
1,1670,targeted_hybrid,oligodendrocyte_2,oligodendrocyte_2
1,2822,targeted_hybrid,oligodendrocyte_progenitor_2,oligodendrocyte_progenitor_2
1,2548,targeted_hybrid,oligodendrocyte_progenitor_2,oligodendrocyte_2
1,2497,targeted_hybrid,oligodendrocyte_progenitor_2,oligodendrocyte_progenitor_2
1,1321,targeted_hybrid,oligodendrocyte_1,oligodendrocyte_1
1,104,targeted_hybrid,astrocyte_1,astrocyte_1
1,979,targeted_hybrid,endothelial,oligodendrocyte_progenitor_2
1,2530,targeted_hybrid,oligodendrocyte_progenitor_2,oligodendrocyte_2
1,2401,targeted_hybrid,oligodendrocyte_progenitor_2,astrocyte_1
1,847,targeted_hybrid,endothelial,endothelial
1,2019,targeted_hybrid,oligodendrocyte_precursor_cell,oligodendrocyte_precursor_cell
1,1110,targeted_hybrid,meninges_1,meninges_1
1,226,targeted_hybrid,astrocyte_1,astrocyte_1
1,1601,targeted_hybrid,oligodendrocyte_2,microglia
1,2684,targeted_hybrid,oligodendrocyte_progenitor_2,astrocyte_2
1,2347,targeted_hybrid,oligodendrocyte_progenitor_2,astrocyte_2
1,1936,targeted_hybrid,oligodendrocyte_2,oligodendrocyte_2
1,1860,targeted_hybrid,oligodendrocyte_2,oligodendrocyte_progenitor_2
1,1947,targeted_hybrid,oligodendrocyte_2,astrocyte_1
1,464,targeted_hybrid,astrocyte_1,astrocyte_1
1,1675,targeted_hybrid,oligodendrocyte_2,oligodendrocyte_2
1,2189,targeted_hybrid,oligodendrocyte_progenitor_2,oligodendrocyte_2
1,2512,targeted_hybrid,oligodendrocyte_progenitor_2,oligodendrocyte_progenitor_2
1,1494,targeted_hybrid,oligodendrocyte_1,oligodendrocyte_1
1,2916,targeted_hybrid,Schwann_cell,Schwann_cell
1,1916,targeted_hybrid,oligodendrocyte_2,oligodendrocyte_2
1,212,targeted_hybrid,astrocyte_1,astrocyte_1
1,12,targeted_hybrid,astrocyte_1,oligodendrocyte_1
1,2342,targeted_hybrid,oligodendrocyte_progenitor_2,oligodendrocyte_1
1,422,targeted_hybrid,astrocyte_1,endothelial
1,746,targeted_hybrid,astrocyte_2,astrocyte_2
1,2600,targeted_hybrid,oligodendrocyte_progenitor_2,oligodendrocyte_progenitor_2
1,1742,targeted_hybrid,oligodendrocyte_2,oligodendrocyte_2
1,1340,targeted_hybrid,oligodendrocyte_1,oligodendrocyte_2
1,1234,targeted_hybrid,microglia,microglia
1,2406,targeted_hybrid,oligodendrocyte_progenitor_2,astrocyte_1
1,509,targeted_hybrid,astrocyte_1,oligodendrocyte_precursor_cell
1,809,targeted_hybrid,endothelial,endothelial
1,691,targeted_hybrid,astrocyte_2,astrocyte_2
1,1188,targeted_hybrid,meninges_2,meninges_1
1,2798,targeted_hybrid,oligodendrocyte_progenitor_2,oligodendrocyte_1
1,518,targeted_hybrid,astrocyte_1,astrocyte_1
2,1654,genes_volume,oligodendrocyte_2,oligodendrocyte_2
2,1560,genes_volume,oligodendrocyte_1,oligodendrocyte_1
2,1507,genes_volume,oligodendrocyte_1,oligodendrocyte_1
2,259,genes_volume,astrocyte_1,astrocyte_1
2,2876,genes_volume,pericyte,endothelial
2,1443,genes_volume,oligodendrocyte_1,oligodendrocyte_progenitor_2
2,2115,genes_volume,oligodendrocyte_progenitor_1,oligodendrocyte_progenitor_1
2,1851,genes_volume,oligodendrocyte_2,oligodendrocyte_2
2,926,genes_volume,endothelial,endothelial
2,1433,genes_volume,oligodendrocyte_1,oligodendrocyte_progenitor_2
2,1418,genes_volume,oligodendrocyte_1,oligodendrocyte_1
2,381,genes_volume,astrocyte_1,astrocyte_1
2,2304,genes_volume,oligodendrocyte_progenitor_2,oligodendrocyte_progenitor_2
2,1848,genes_volume,oligodendrocyte_2,oligodendrocyte_2
2,2474,genes_volume,oligodendrocyte_progenitor_2,oligodendrocyte_progenitor_2
2,2012,genes_volume,oligodendrocyte_precursor_cell,oligodendrocyte_progenitor_2
2,2357,genes_volume,oligodendrocyte_progenitor_2,oligodendrocyte_progenitor_2
2,2603,genes_volume,oligodendrocyte_progenitor_2,oligodendrocyte_progenitor_2
2,2610,genes_volume,oligodendrocyte_progenitor_2,oligodendrocyte_progenitor_2
2,1500,genes_volume,oligodendrocyte_1,endothelial
2,1566,genes_volume,oligodendrocyte_2,oligodendrocyte_2
2,1297,genes_volume,oligodendrocyte_1,oligodendrocyte_progenitor_2
2,1854,genes_volume,oligodendrocyte_2,oligodendrocyte_2
2,2170,genes_volume,oligodendrocyte_progenitor_2,endothelial
2,797,genes_volume,endothelial,endothelial
2,472,genes_volume,astrocyte_1,astrocyte_1
2,2407,genes_volume,oligodendrocyte_progenitor_2,oligodendrocyte_progenitor_2
2,1890,genes_volume,oligodendrocyte_2,oligodendrocyte_2
2,1329,genes_volume,oligodendrocyte_1,oligodendrocyte_progenitor_2
2,2668,genes_volume,oligodendrocyte_progenitor_2,oligodendrocyte_progenitor_2
2,223,genes_volume,astrocyte_1,astrocyte_1
2,2246,genes_volume,oligodendrocyte_progenitor_2,oligodendrocyte_progenitor_2
2,2560,genes_volume,oligodendrocyte_progenitor_2,oligodendrocyte_progenitor_2
2,1575,genes_volume,oligodendrocyte_2,oligodendrocyte_progenitor_2
2,2136,genes_volume,oligodendrocyte_progenitor_1,oligodendrocyte_precursor_cell
2,812,genes_volume,endothelial,astrocyte_1
2,2222,genes_volume,oligodendrocyte_progenitor_2,oligodendrocyte_progenitor_2
2,2317,genes_volume,oligodendrocyte_progenitor_2,oligodendrocyte_progenitor_2
2,1751,genes_volume,oligodendrocyte_2,oligodendrocyte_2
2,1700,genes_volume,oligodendrocyte_2,oligodendrocyte_2
2,2099,genes_volume,oligodendrocyte_progenitor_1,oligodendrocyte_progenitor_1
2,993,genes_volume,endothelial,endothelial
2,2048,genes_volume,oligodendrocyte_precursor_cell,oligodendrocyte_precursor_cell
2,2578,genes_volume,oligodendrocyte_progenitor_2,oligodendrocyte_progenitor_2
2,788,genes_volume,endothelial,astrocyte_1
2,2414,genes_volume,oligodendrocyte_progenitor_2,oligodendrocyte_progenitor_2
2,2361,genes_volume,oligodendrocyte_progenitor_2,oligodendrocyte_2
2,1551,genes_volume,oligodendrocyte_1,oligodendrocyte_1
2,2243,genes_volume,oligodendrocyte_progenitor_2,oligodendrocyte_progenitor_2
2,1989,genes_volume,oligodendrocyte_precursor_cell,oligodendrocyte_precursor_cell
2,1521,genes_volume,oligodendrocyte_1,endothelial
2,2162,genes_volume,oligodendrocyte_progenitor_2,oligodendrocyte_2
2,1509,genes_volume,oligodendrocyte_1,oligodendrocyte_progenitor_2
2,2105,genes_volume,oligodendrocyte_progenitor_1,oligodendrocyte_precursor_cell
2,1716,genes_volume,oligodendrocyte_2,oligodendrocyte_2
2,2323,genes_volume,oligodendrocyte_progenitor_2,oligodendrocyte_progenitor_2
2,2029,genes_volume,oligodendrocyte_precursor_cell,astrocyte_1
2,2548,genes_volume,oligodendrocyte_progenitor_2,oligodendrocyte_2
2,214,genes_volume,astrocyte_1,oligodendrocyte_progenitor_2
2,18,genes_volume,astrocyte_1,astrocyte_1
2,1385,genes_volume,oligodendrocyte_1,oligodendrocyte_1
2,2586,genes_volume,oligodendrocyte_progenitor_2,oligodendrocyte_2
2,1701,genes_volume,oligodendrocyte_2,oligodendrocyte_2
2,237,genes_volume,astrocyte_1,astrocyte_1
2,1713,genes_volume,oligodendrocyte_2,oligodendrocyte_2
2,68,genes_volume,astrocyte_1,astrocyte_1
2,2658,genes_volume,oligodendrocyte_progenitor_2,oligodendrocyte_progenitor_2
2,1347,genes_volume,oligodendrocyte_1,oligodendrocyte_progenitor_2
2,1530,genes_volume,oligodendrocyte_1,oligodendrocyte_progenitor_2
2,233,genes_volume,astrocyte_1,astrocyte_1
2,1887,genes_volume,oligodendrocyte_2,oligodendrocyte_2
2,267,genes_volume,astrocyte_1,endothelial
2,444,genes_volume,astrocyte_1,astrocyte_1
2,1774,genes_volume,oligodendrocyte_2,oligodendrocyte_2
2,454,genes_volume,astrocyte_1,astrocyte_1
2,440,genes_volume,astrocyte_1,astrocyte_1
2,2755,genes_volume,oligodendrocyte_progenitor_2,oligodendrocyte_progenitor_2
2,1372,genes_volume,oligodendrocyte_1,astrocyte_1
2,515,genes_volume,astrocyte_1,pericyte
2,819,genes_volume,endothelial,endothelial
2,742,genes_volume,astrocyte_2,astrocyte_2
2,2787,genes_volume,oligodendrocyte_progenitor_2,astrocyte_1
2,942,genes_volume,endothelial,endothelial
2,2215,genes_volume,oligodendrocyte_progenitor_2,oligodendrocyte_progenitor_2
2,1146,genes_volume,meninges_1,meninges_1
2,403,genes_volume,astrocyte_1,astrocyte_1
2,2829,genes_volume,oligodendrocyte_progenitor_2,oligodendrocyte_1
2,770,genes_volume,endothelial,oligodendrocyte_progenitor_2
2,1345,genes_volume,oligodendrocyte_1,oligodendrocyte_1
2,1838,genes_volume,oligodendrocyte_2,oligodendrocyte_2
2,969,genes_volume,endothelial,endothelial
2,2865,genes_volume,pericyte,endothelial
2,1999,genes_volume,oligodendrocyte_precursor_cell,oligodendrocyte_precursor_cell
2,1966,genes_volume,oligodendrocyte_2,oligodendrocyte_2
2,2934,genes_volume,Schwann_cell,Schwann_cell
2,2158,genes_volume,oligodendrocyte_progenitor_2,oligodendrocyte_progenitor_2
2,900,genes_volume,endothelial,oligodendrocyte_progenitor_2
2,669,genes_volume,astrocyte_2,astrocyte_2
2,335,genes_volume,astrocyte_1,endothelial
2,1049,genes_volume,endothelial,oligodendrocyte_2
2,2597,genes_volume,oligodendrocyte_progenitor_2,oligodendrocyte_progenitor_2
2,2070,genes_volume,oligodendrocyte_precursor_cell,oligodendrocyte_progenitor_2
2,2085,genes_volume,oligodendrocyte_precursor_cell,astrocyte_1
2,424,genes_volume,astrocyte_1,astrocyte_1
2,532,genes_volume,astrocyte_1,astrocyte_1
2,2009,genes_volume,oligodendrocyte_precursor_cell,oligodendrocyte_precursor_cell
2,2216,genes_volume,oligodendrocyte_progenitor_2,oligodendrocyte_1
2,1416,genes_volume,oligodendrocyte_1,oligodendrocyte_progenitor_2
2,2851,genes_volume,pericyte,pericyte
2,2208,genes_volume,oligodendrocyte_progenitor_2,oligodendrocyte_progenitor_2
2,1395,genes_volume,oligodendrocyte_1,oligodendrocyte_progenitor_2
2,112,genes_volume,astrocyte_1,astrocyte_1
2,2058,genes_volume,oligodendrocyte_precursor_cell,oligodendrocyte_progenitor_1
2,2039,genes_volume,oligodendrocyte_precursor_cell,oligodendrocyte_precursor_cell
2,1208,genes_volume,meninges_2,meninges_2
2,2848,genes_volume,pericyte,pericyte
2,2725,genes_volume,oligodendrocyte_progenitor_2,oligodendrocyte_progenitor_2
2,956,genes_volume,endothelial,endothelial
2,2066,genes_volume,oligodendrocyte_precursor_cell,oligodendrocyte_progenitor_2
2,2800,genes_volume,oligodendrocyte_progenitor_2,oligodendrocyte_progenitor_2
2,2697,genes_volume,oligodendrocyte_progenitor_2,oligodendrocyte_progenitor_2
2,358,genes_volume,astrocyte_1,astrocyte_1
2,1234,genes_volume,microglia,microglia
2,2765,genes_volume,oligodendrocyte_progenitor_2,oligodendrocyte_progenitor_2
2,2686,genes_volume,oligodendrocyte_progenitor_2,astrocyte_1
2,783,genes_volume,endothelial,endothelial
2,1118,genes_volume,meninges_1,pericyte
2,846,genes_volume,endothelial,endothelial
2,1790,genes_volume,oligodendrocyte_2,oligodendrocyte_2
2,1328,genes_volume,oligodendrocyte_1,oligodendrocyte_2
2,1082,genes_volume,endothelial,oligodendrocyte_progenitor_2
2,1679,genes_volume,oligodendrocyte_2,oligodendrocyte_1
2,1084,genes_volume,endothelial,endothelial
2,921,genes_volume,endothelial,oligodendrocyte_progenitor_2
2,748,genes_volume,astrocyte_2,astrocyte_2
2,2050,genes_volume,oligodendrocyte_precursor_cell,oligodendrocyte_2
2,2866,genes_volume,pericyte,pericyte
2,2337,genes_volume,oligodendrocyte_progenitor_2,astrocyte_1
2,2567,genes_volume,oligodendrocyte_progenitor_2,oligodendrocyte_progenitor_2
2,639,genes_volume,astrocyte_2,astrocyte_1
2,1336,genes_volume,oligodendrocyte_1,astrocyte_1
2,2283,genes_volume,oligodendrocyte_progenitor_2,oligodendrocyte_progenitor_2
2,80,genes_volume,astrocyte_1,endothelial
2,1260,genes_volume,microglia,astrocyte_1
2,2762,genes_volume,oligodendrocyte_progenitor_2,oligodendrocyte_progenitor_2
2,2608,genes_volume,oligodendrocyte_progenitor_2,oligodendrocyte_1
2,751,genes_volume,astrocyte_2,astrocyte_1
2,1831,genes_volume,oligodendrocyte_2,oligodendrocyte_2
2,73,genes_volume,astrocyte_1,astrocyte_1
2,2576,genes_volume,oligodendrocyte_progenitor_2,oligodendrocyte_progenitor_2
2,1358,genes_volume,oligodendrocyte_1,oligodendrocyte_progenitor_2
2,46,genes_volume,astrocyte_1,endothelial
2,2656,genes_volume,oligodendrocyte_progenitor_2,oligodendrocyte_1
2,688,genes_volume,astrocyte_2,astrocyte_1
2,1486,genes_volume,oligodendrocyte_1,oligodendrocyte_progenitor_2
2,924,genes_volume,endothelial,endothelial
2,1856,genes_volume,oligodendrocyte_2,oligodendrocyte_2
2,77,genes_volume,astrocyte_1,astrocyte_2
2,2613,genes_volume,oligodendrocyte_progenitor_2,oligodendrocyte_progenitor_2
2,1469,genes_volume,oligodendrocyte_1,oligodendrocyte_progenitor_2
2,2614,genes_volume,oligodendrocyte_progenitor_2,oligodendrocyte_progenitor_2
2,1641,genes_volume,oligodendrocyte_2,oligodendrocyte_2
2,2546,genes_volume,oligodendrocyte_progenitor_2,oligodendrocyte_progenitor_2
2,352,genes_volume,astrocyte_1,oligodendrocyte_1
2,1815,genes_volume,oligodendrocyte_2,oligodendrocyte_2
2,822,genes_volume,endothelial,endothelial
2,2272,genes_volume,oligodendrocyte_progenitor_2,oligodendrocyte_progenitor_2
2,2437,genes_volume,oligodendrocyte_progenitor_2,oligodendrocyte_progenitor_2
2,892,genes_volume,endothelial,endothelial
2,594,genes_volume,astrocyte_2,astrocyte_1
2,1660,genes_volume,oligodendrocyte_2,oligodendrocyte_2
2,2700,genes_volume,oligodendrocyte_progenitor_2,oligodendrocyte_1
2,1362,genes_volume,oligodendrocyte_1,oligodendrocyte_2
2,2316,genes_volume,oligodendrocyte_progenitor_2,oligodendrocyte_progenitor_2
2,2491,genes_volume,oligodendrocyte_progenitor_2,oligodendrocyte_progenitor_2
2,1935,genes_volume,oligodendrocyte_2,oligodendrocyte_2
2,972,genes_volume,endothelial,endothelial
2,1427,genes_volume,oligodendrocyte_1,oligodendrocyte_progenitor_2
2,2616,genes_volume,oligodendrocyte_progenitor_2,oligodendrocyte_progenitor_2
2,1866,genes_volume,oligodendrocyte_2,oligodendrocyte_2
2,1326,genes_volume,oligodendrocyte_1,astrocyte_1
2,831,genes_volume,endothelial,endothelial
2,1305,genes_volume,oligodendrocyte_1,oligodendrocyte_progenitor_2
2,853,genes_volume,endothelial,endothelial
2,593,genes_volume,astrocyte_2,astrocyte_1
2,553,genes_volume,astrocyte_1,astrocyte_1
2,1807,genes_volume,oligodendrocyte_2,oligodendrocyte_2
2,612,genes_volume,astrocyte_2,astrocyte_1
2,467,genes_volume,astrocyte_1,astrocyte_1
2,2553,genes_volume,oligodendrocyte_progenitor_2,oligodendrocyte_progenitor_2
2,2452,genes_volume,oligodendrocyte_progenitor_2,oligodendrocyte_progenitor_2
2,2505,genes_volume,oligodendrocyte_progenitor_2,oligodendrocyte_progenitor_2
2,2077,genes_volume,oligodendrocyte_precursor_cell,oligodendrocyte_precursor_cell
2,2715,genes_volume,oligodendrocyte_progenitor_2,oligodendrocyte_progenitor_2
2,323,genes_volume,astrocyte_1,astrocyte_1
2,1633,genes_volume,oligodendrocyte_2,oligodendrocyte_2
2,311,genes_volume,astrocyte_1,oligodendrocyte_progenitor_2
2,1970,genes_volume,oligodendrocyte_2,oligodendrocyte_2
2,2358,genes_volume,oligodendrocyte_progenitor_2,oligodendrocyte_progenitor_2
2,703,genes_volume,astrocyte_2,astrocyte_1
2,270,genes_volume,astrocyte_1,astrocyte_1
2,2780,genes_volume,oligodendrocyte_progenitor_2,astrocyte_1
2,2938,genes_volume,Schwann_cell,Schwann_cell
2,2528,genes_volume,oligodendrocyte_progenitor_2,oligodendrocyte_progenitor_2
2,785,genes_volume,endothelial,endothelial
2,269,genes_volume,astrocyte_1,oligodendrocyte_progenitor_2
2,1301,genes_volume,oligodendrocyte_1,astrocyte_1
2,2585,genes_volume,oligodendrocyte_progenitor_2,oligodendrocyte_2
2,2439,genes_volume,oligodendrocyte_progenitor_2,oligodendrocyte_progenitor_2
2,1237,genes_volume,microglia,microglia
2,2442,genes_volume,oligodendrocyte_progenitor_2,oligodendrocyte_progenitor_2
2,1814,genes_volume,oligodendrocyte_2,oligodendrocyte_2
2,2826,genes_volume,oligodendrocyte_progenitor_2,astrocyte_1
2,560,genes_volume,astrocyte_1,astrocyte_1
2,1892,genes_volume,oligodendrocyte_2,oligodendrocyte_2
2,905,genes_volume,endothelial,endothelial
2,2022,genes_volume,oligodendrocyte_precursor_cell,oligodendrocyte_precursor_cell
2,2481,genes_volume,oligodendrocyte_progenitor_2,oligodendrocyte_progenitor_2
2,376,genes_volume,astrocyte_1,astrocyte_1
2,1414,genes_volume,oligodendrocyte_1,oligodendrocyte_progenitor_2
2,2399,genes_volume,oligodendrocyte_progenitor_2,oligodendrocyte_progenitor_2
2,1412,genes_volume,oligodendrocyte_1,oligodendrocyte_progenitor_2
2,1222,genes_volume,meninges_3,meninges_3
2,1264,genes_volume,microglia,microglia
2,550,genes_volume,astrocyte_1,astrocyte_1
2,2666,genes_volume,oligodendrocyte_progenitor_2,astrocyte_1
2,1964,genes_volume,oligodendrocyte_2,oligodendrocyte_2
2,1441,genes_volume,oligodendrocyte_1,oligodendrocyte_progenitor_2
2,938,genes_volume,endothelial,endothelial
2,465,genes_volume,astrocyte_1,astrocyte_1
2,2832,genes_volume,oligodendrocyte_progenitor_2,oligodendrocyte_progenitor_2
2,1489,genes_volume,oligodendrocyte_1,oligodendrocyte_2
2,1294,genes_volume,oligodendrocyte_1,oligodendrocyte_progenitor_2
2,2338,genes_volume,oligodendrocyte_progenitor_2,astrocyte_1
2,2319,genes_volume,oligodendrocyte_progenitor_2,oligodendrocyte_progenitor_2
2,1525,genes_volume,oligodendrocyte_1,oligodendrocyte_progenitor_2
2,2743,genes_volume,oligodendrocyte_progenitor_2,oligodendrocyte_progenitor_2
2,935,genes_volume,endothelial,endothelial
2,1559,genes_volume,oligodendrocyte_1,oligodendrocyte_progenitor_2
2,2388,genes_volume,oligodendrocyte_progenitor_2,oligodendrocyte_progenitor_2
2,949,genes_volume,endothelial,endothelial
2,2698,genes_volume,oligodendrocyte_progenitor_2,oligodendrocyte_progenitor_2
2,2007,genes_volume,oligodendrocyte_precursor_cell,oligodendrocyte_progenitor_1
2,301,genes_volume,astrocyte_1,astrocyte_1
2,2112,genes_volume,oligodendrocyte_progenitor_1,oligodendrocyte_progenitor_1
2,234,genes_volume,astrocyte_1,astrocyte_1
2,2379,genes_volume,oligodendrocyte_progenitor_2,oligodendrocyte_progenitor_2
2,387,genes_volume,astrocyte_1,astrocyte_1
2,548,genes_volume,astrocyte_1,astrocyte_1
2,996,genes_volume,endothelial,oligodendrocyte_2
2,1194,genes_volume,meninges_2,pericyte
2,1157,genes_volume,meninges_1,meninges_1
2,1189,genes_volume,meninges_2,meninges_1
2,2152,genes_volume,oligodendrocyte_progenitor_2,astrocyte_1
2,745,genes_volume,astrocyte_2,oligodendrocyte_2
2,1087,genes_volume,endothelial,oligodendrocyte_progenitor_2
2,1893,genes_volume,oligodendrocyte_2,oligodendrocyte_2
2,2290,genes_volume,oligodendrocyte_progenitor_2,oligodendrocyte_progenitor_2
2,2244,genes_volume,oligodendrocyte_progenitor_2,oligodendrocyte_2
2,2504,genes_volume,oligodendrocyte_progenitor_2,oligodendrocyte_progenitor_2
2,1918,genes_volume,oligodendrocyte_2,oligodendrocyte_2
2,2627,genes_volume,oligodendrocyte_progenitor_2,oligodendrocyte_progenitor_2
2,2898,genes_volume,peripheral_glia,peripheral_glia
2,1147,genes_volume,meninges_1,meninges_1
2,828,genes_volume,endothelial,endothelial
2,1307,genes_volume,oligodendrocyte_1,oligodendrocyte_progenitor_2
2,2667,genes_volume,oligodendrocyte_progenitor_2,oligodendrocyte_2
2,2180,genes_volume,oligodendrocyte_progenitor_2,oligodendrocyte_progenitor_2
2,907,genes_volume,endothelial,endothelial
2,887,genes_volume,endothelial,astrocyte_1
2,10,genes_volume,astrocyte_1,astrocyte_1
2,2599,genes_volume,oligodendrocyte_progenitor_2,endothelial
2,1349,genes_volume,oligodendrocyte_1,oligodendrocyte_progenitor_2
2,2660,genes_volume,oligodendrocyte_progenitor_2,oligodendrocyte_progenitor_2
2,1524,genes_volume,oligodendrocyte_1,oligodendrocyte_progenitor_2
2,1166,genes_volume,meninges_1,meninges_1
2,1230,genes_volume,microglia,microglia
2,916,genes_volume,endothelial,endothelial
2,1256,genes_volume,microglia,oligodendrocyte_progenitor_2
2,2483,genes_volume,oligodendrocyte_progenitor_2,oligodendrocyte_progenitor_2
2,1648,genes_volume,oligodendrocyte_2,oligodendrocyte_2
2,247,genes_volume,astrocyte_1,astrocyte_1
2,305,genes_volume,astrocyte_1,astrocyte_1
2,711,genes_volume,astrocyte_2,oligodendrocyte_progenitor_2
2,2073,genes_volume,oligodendrocyte_precursor_cell,oligodendrocyte_progenitor_1
2,502,genes_volume,astrocyte_1,astrocyte_1
2,588,genes_volume,astrocyte_2,oligodendrocyte_progenitor_2
2,2214,genes_volume,oligodendrocyte_progenitor_2,oligodendrocyte_progenitor_2
2,2174,genes_volume,oligodendrocyte_progenitor_2,oligodendrocyte_progenitor_2
2,2026,genes_volume,oligodendrocyte_precursor_cell,oligodendrocyte_1
2,899,genes_volume,endothelial,endothelial
2,2224,genes_volume,oligodendrocyte_progenitor_2,oligodendrocyte_progenitor_2
2,1312,genes_volume,oligodendrocyte_1,oligodendrocyte_progenitor_2
2,2254,genes_volume,oligodendrocyte_progenitor_2,oligodendrocyte_2
2,261,genes_volume,astrocyte_1,astrocyte_1
2,1069,genes_volume,endothelial,astrocyte_1
2,1779,genes_volume,oligodendrocyte_2,oligodendrocyte_2
2,1653,genes_volume,oligodendrocyte_2,oligodendrocyte_2
2,2680,genes_volume,oligodendrocyte_progenitor_2,oligodendrocyte_progenitor_2
2,2638,genes_volume,oligodendrocyte_progenitor_2,oligodendrocyte_progenitor_2
2,61,genes_volume,astrocyte_1,astrocyte_1
2,2689,genes_volume,oligodendrocyte_progenitor_2,oligodendrocyte_progenitor_2
2,21,genes_volume,astrocyte_1,astrocyte_1
2,1991,genes_volume,oligodendrocyte_precursor_cell,oligodendrocyte_precursor_cell
2,2549,genes_volume,oligodendrocyte_progenitor_2,astrocyte_1
2,1445,genes_volume,oligodendrocyte_1,oligodendrocyte_progenitor_2
2,443,genes_volume,astrocyte_1,astrocyte_1
2,2472,genes_volume,oligodendrocyte_progenitor_2,oligodendrocyte_progenitor_2
2,1199,genes_volume,meninges_2,meninges_1
2,1373,genes_volume,oligodendrocyte_1,oligodendrocyte_progenitor_2
2,2751,genes_volume,oligodendrocyte_progenitor_2,oligodendrocyte_progenitor_2
2,2466,genes_volume,oligodendrocyte_progenitor_2,oligodendrocyte_progenitor_2
2,1383,genes_volume,oligodendrocyte_1,astrocyte_1
2,1591,genes_volume,oligodendrocyte_2,oligodendrocyte_2
2,1191,genes_volume,meninges_2,meninges_1
2,72,genes_volume,astrocyte_1,astrocyte_1
2,2542,genes_volume,oligodendrocyte_progenitor_2,astrocyte_1
2,1580,genes_volume,oligodendrocyte_2,oligodendrocyte_2
2,1689,genes_volume,oligodendrocyte_2,oligodendrocyte_2
2,2675,genes_volume,oligodendrocyte_progenitor_2,oligodendrocyte_progenitor_2
2,17,genes_volume,astrocyte_1,oligodendrocyte_progenitor_2
2,2046,genes_volume,oligodendrocyte_precursor_cell,oligodendrocyte_progenitor_1
2,294,genes_volume,astrocyte_1,astrocyte_1
2,707,genes_volume,astrocyte_2,astrocyte_1
2,2425,genes_volume,oligodendrocyte_progenitor_2,oligodendrocyte_progenitor_2
2,2646,genes_volume,oligodendrocyte_progenitor_2,oligodendrocyte_progenitor_2
2,1659,genes_volume,oligodendrocyte_2,oligodendrocyte_2
2,2150,genes_volume,oligodendrocyte_progenitor_2,oligodendrocyte_progenitor_2
2,1715,genes_volume,oligodendrocyte_2,oligodendrocyte_2
2,195,genes_volume,astrocyte_1,oligodendrocyte_progenitor_2
2,67,genes_volume,astrocyte_1,astrocyte_1
2,1736,genes_volume,oligodendrocyte_2,oligodendrocyte_2
2,1078,genes_volume,endothelial,oligodendrocyte_2
2,1821,genes_volume,oligodendrocyte_2,oligodendrocyte_2
2,421,genes_volume,astrocyte_1,astrocyte_1
2,2625,genes_volume,oligodendrocyte_progenitor_2,oligodendrocyte_1
2,903,genes_volume,endothelial,microglia
2,2108,genes_volume,oligodendrocyte_progenitor_1,oligodendrocyte_2
2,2251,genes_volume,oligodendrocyte_progenitor_2,oligodendrocyte_progenitor_2
2,2766,genes_volume,oligodendrocyte_progenitor_2,oligodendrocyte_progenitor_2
2,895,genes_volume,endothelial,oligodendrocyte_progenitor_2
2,396,genes_volume,astrocyte_1,astrocyte_1
2,875,genes_volume,endothelial,endothelial
2,999,genes_volume,endothelial,endothelial
2,2309,genes_volume,oligodendrocyte_progenitor_2,oligodendrocyte_progenitor_2
2,1204,genes_volume,meninges_2,meninges_1
2,384,genes_volume,astrocyte_1,astrocyte_1
2,824,genes_volume,endothelial,endothelial
2,1463,genes_volume,oligodendrocyte_1,oligodendrocyte_progenitor_2
2,913,genes_volume,endothelial,endothelial
2,2172,genes_volume,oligodendrocyte_progenitor_2,oligodendrocyte_progenitor_2
2,2768,genes_volume,oligodendrocyte_progenitor_2,oligodendrocyte_progenitor_2
2,1818,genes_volume,oligodendrocyte_2,oligodendrocyte_2
2,1967,genes_volume,oligodendrocyte_2,oligodendrocyte_2
2,1732,genes_volume,oligodendrocyte_2,oligodendrocyte_2
2,220,genes_volume,astrocyte_1,astrocyte_1
2,349,genes_volume,astrocyte_1,astrocyte_1
2,2955,genes_volume,Schwann_cell,oligodendrocyte_2
2,1957,genes_volume,oligodendrocyte_2,oligodendrocyte_2
2,2405,genes_volume,oligodendrocyte_progenitor_2,oligodendrocyte_progenitor_2
2,1505,genes_volume,oligodendrocyte_1,oligodendrocyte_progenitor_2
2,2390,genes_volume,oligodendrocyte_progenitor_2,oligodendrocyte_2
2,2657,genes_volume,oligodendrocyte_progenitor_2,oligodendrocyte_progenitor_2
2,2334,genes_volume,oligodendrocyte_progenitor_2,oligodendrocyte_progenitor_2
2,2858,genes_volume,pericyte,pericyte
2,1454,genes_volume,oligodendrocyte_1,oligodendrocyte_2
2,968,genes_volume,endothelial,oligodendrocyte_progenitor_2
2,1540,genes_volume,oligodendrocyte_1,oligodendrocyte_progenitor_2
2,1862,genes_volume,oligodendrocyte_2,oligodendrocyte_progenitor_2
2,474,genes_volume,astrocyte_1,astrocyte_1
2,1706,genes_volume,oligodendrocyte_2,oligodendrocyte_progenitor_2
2,1666,genes_volume,oligodendrocyte_2,oligodendrocyte_2
2,1381,genes_volume,oligodendrocyte_1,oligodendrocyte_1
2,2401,genes_volume,oligodendrocyte_progenitor_2,oligodendrocyte_progenitor_2
2,621,genes_volume,astrocyte_2,astrocyte_2
2,490,genes_volume,astrocyte_1,astrocyte_1
2,817,genes_volume,endothelial,endothelial
2,2663,genes_volume,oligodendrocyte_progenitor_2,astrocyte_1
2,2084,genes_volume,oligodendrocyte_precursor_cell,endothelial
2,263,genes_volume,astrocyte_1,oligodendrocyte_progenitor_2
2,1447,genes_volume,oligodendrocyte_1,oligodendrocyte_2
2,856,genes_volume,endothelial,endothelial
2,1007,genes_volume,endothelial,endothelial
2,2518,genes_volume,oligodendrocyte_progenitor_2,oligodendrocyte_progenitor_2
2,139,genes_volume,astrocyte_1,astrocyte_1
2,534,genes_volume,astrocyte_1,astrocyte_1
2,243,genes_volume,astrocyte_1,astrocyte_1
2,1782,genes_volume,oligodendrocyte_2,oligodendrocyte_2
2,1303,genes_volume,oligodendrocyte_1,oligodendrocyte_progenitor_2
2,767,genes_volume,astrocyte_2,astrocyte_2
2,93,genes_volume,astrocyte_1,astrocyte_1
2,1951,genes_volume,oligodendrocyte_2,oligodendrocyte_2
2,743,genes_volume,astrocyte_2,astrocyte_1
2,2377,genes_volume,oligodendrocyte_progenitor_2,oligodendrocyte_progenitor_2
2,544,genes_volume,astrocyte_1,astrocyte_1
2,2306,genes_volume,oligodendrocyte_progenitor_2,oligodendrocyte_progenitor_2
2,1763,genes_volume,oligodendrocyte_2,oligodendrocyte_2
2,2013,genes_volume,oligodendrocyte_precursor_cell,oligodendrocyte_precursor_cell
2,2709,genes_volume,oligodendrocyte_progenitor_2,oligodendrocyte_progenitor_2
2,414,genes_volume,astrocyte_1,oligodendrocyte_progenitor_2
2,577,genes_volume,astrocyte_2,astrocyte_1
2,1899,genes_volume,oligodendrocyte_2,oligodendrocyte_2
2,883,genes_volume,endothelial,endothelial
2,1155,genes_volume,meninges_1,meninges_2
2,2793,genes_volume,oligodendrocyte_progenitor_2,oligodendrocyte_progenitor_2
2,2860,genes_volume,pericyte,astrocyte_2
2,328,genes_volume,astrocyte_1,astrocyte_1
2,353,genes_volume,astrocyte_1,astrocyte_1
2,2212,genes_volume,oligodendrocyte_progenitor_2,oligodendrocyte_progenitor_2
2,1108,genes_volume,meninges_1,meninges_1
2,567,genes_volume,astrocyte_1,astrocyte_1
2,2454,genes_volume,oligodendrocyte_progenitor_2,oligodendrocyte_progenitor_2
2,2856,genes_volume,pericyte,pericyte
2,2264,genes_volume,oligodendrocyte_progenitor_2,oligodendrocyte_progenitor_2
2,2139,genes_volume,oligodendrocyte_progenitor_1,oligodendrocyte_precursor_cell
2,2837,genes_volume,oligodendrocyte_progenitor_2,oligodendrocyte_progenitor_2
2,2637,genes_volume,oligodendrocyte_progenitor_2,oligodendrocyte_progenitor_2
2,2930,genes_volume,Schwann_cell,Schwann_cell
2,1394,genes_volume,oligodendrocyte_1,oligodendrocyte_progenitor_2
2,599,genes_volume,astrocyte_2,astrocyte_2
2,1247,genes_volume,microglia,microglia
2,518,genes_volume,astrocyte_1,astrocyte_1
2,2631,genes_volume,oligodendrocyte_progenitor_2,oligodendrocyte_progenitor_2
2,794,genes_volume,endothelial,endothelial
2,2639,genes_volume,oligodendrocyte_progenitor_2,oligodendrocyte_progenitor_2
2,2249,genes_volume,oligodendrocyte_progenitor_2,oligodendrocyte_progenitor_2
2,503,genes_volume,astrocyte_1,astrocyte_1
2,677,genes_volume,astrocyte_2,astrocyte_1
2,1577,genes_volume,oligodendrocyte_2,oligodendrocyte_2
2,266,genes_volume,astrocyte_1,astrocyte_1
2,1613,genes_volume,oligodendrocyte_2,oligodendrocyte_progenitor_2
2,2941,genes_volume,Schwann_cell,Schwann_cell
2,1595,genes_volume,oligodendrocyte_2,oligodendrocyte_2
2,725,genes_volume,astrocyte_2,astrocyte_2
2,2298,genes_volume,oligodendrocyte_progenitor_2,oligodendrocyte_progenitor_2
2,1707,genes_volume,oligodendrocyte_2,oligodendrocyte_2
2,982,genes_volume,endothelial,endothelial
2,768,genes_volume,astrocyte_2,astrocyte_2
2,2678,genes_volume,oligodendrocyte_progenitor_2,oligodendrocyte_progenitor_2
2,2156,genes_volume,oligodendrocyte_progenitor_2,oligodendrocyte_progenitor_2
2,2225,genes_volume,oligodendrocyte_progenitor_2,oligodendrocyte_progenitor_2
2,337,genes_volume,astrocyte_1,astrocyte_1
2,2142,genes_volume,oligodendrocyte_progenitor_1,oligodendrocyte_progenitor_2
2,818,genes_volume,endothelial,endothelial
2,2342,genes_volume,oligodendrocyte_progenitor_2,oligodendrocyte_progenitor_2
2,1686,genes_volume,oligodendrocyte_2,oligodendrocyte_progenitor_2
2,2914,genes_volume,Schwann_cell,Schwann_cell
2,134,genes_volume,astrocyte_1,astrocyte_1
2,1265,genes_volume,microglia,microglia
2,1481,genes_volume,oligodendrocyte_1,oligodendrocyte_progenitor_2
2,1857,genes_volume,oligodendrocyte_2,oligodendrocyte_2
2,761,genes_volume,astrocyte_2,astrocyte_1
2,962,genes_volume,endothelial,oligodendrocyte_progenitor_2
2,2176,genes_volume,oligodendrocyte_progenitor_2,oligodendrocyte_progenitor_2
2,2875,genes_volume,pericyte,pericyte
2,371,genes_volume,astrocyte_1,astrocyte_1
2,2469,genes_volume,oligodendrocyte_progenitor_2,oligodendrocyte_progenitor_2
2,1845,genes_volume,oligodendrocyte_2,oligodendrocyte_2
2,2724,genes_volume,oligodendrocyte_progenitor_2,endothelial
2,2789,genes_volume,oligodendrocyte_progenitor_2,astrocyte_1
2,2893,genes_volume,peripheral_glia,peripheral_glia
2,2187,genes_volume,oligodendrocyte_progenitor_2,oligodendrocyte_2
2,101,genes_volume,astrocyte_1,oligodendrocyte_progenitor_2
2,1106,genes_volume,meninges_1,meninges_1
2,1240,genes_volume,microglia,microglia
2,784,genes_volume,endothelial,endothelial
2,2160,genes_volume,oligodendrocyte_progenitor_2,oligodendrocyte_1
2,1542,genes_volume,oligodendrocyte_1,oligodendrocyte_progenitor_2
2,2463,genes_volume,oligodendrocyte_progenitor_2,oligodendrocyte_2
2,351,genes_volume,astrocyte_1,astrocyte_1
2,1254,genes_volume,microglia,astrocyte_1
2,2195,genes_volume,oligodendrocyte_progenitor_2,oligodendrocyte_progenitor_2
2,1692,genes_volume,oligodendrocyte_2,oligodendrocyte_2
2,648,genes_volume,astrocyte_2,oligodendrocyte_2
2,2557,genes_volume,oligodendrocyte_progenitor_2,oligodendrocyte_2
2,1308,genes_volume,oligodendrocyte_1,oligodendrocyte_progenitor_2
2,1527,genes_volume,oligodendrocyte_1,astrocyte_1
2,1835,genes_volume,oligodendrocyte_2,oligodendrocyte_2
2,2229,genes_volume,oligodendrocyte_progenitor_2,oligodendrocyte_progenitor_2
2,884,genes_volume,endothelial,endothelial
2,1662,genes_volume,oligodendrocyte_2,oligodendrocyte_progenitor_2
2,2792,genes_volume,oligodendrocyte_progenitor_2,oligodendrocyte_progenitor_2
2,601,genes_volume,astrocyte_2,astrocyte_2
2,2872,genes_volume,pericyte,pericyte
2,1772,genes_volume,oligodendrocyte_2,oligodendrocyte_progenitor_2
2,382,genes_volume,astrocyte_1,astrocyte_1
2,2056,genes_volume,oligodendrocyte_precursor_cell,oligodendrocyte_progenitor_1
2,1370,genes_volume,oligodendrocyte_1,oligodendrocyte_1
2,939,genes_volume,endothelial,endothelial
2,146,genes_volume,astrocyte_1,astrocyte_1
2,506,genes_volume,astrocyte_1,astrocyte_1
2,1135,genes_volume,meninges_1,meninges_1
2,1341,genes_volume,oligodendrocyte_1,oligodendrocyte_progenitor_2
2,2490,genes_volume,oligodendrocyte_progenitor_2,oligodendrocyte_2
2,2770,genes_volume,oligodendrocyte_progenitor_2,oligodendrocyte_progenitor_2
2,1646,genes_volume,oligodendrocyte_2,oligodendrocyte_progenitor_2
2,2863,genes_volume,pericyte,pericyte
2,2427,genes_volume,oligodendrocyte_progenitor_2,oligodendrocyte_progenitor_2
2,2255,genes_volume,oligodendrocyte_progenitor_2,oligodendrocyte_2
2,1924,genes_volume,oligodendrocyte_2,oligodendrocyte_2
2,2716,genes_volume,oligodendrocyte_progenitor_2,oligodendrocyte_progenitor_2
2,1251,genes_volume,microglia,microglia
2,859,genes_volume,endothelial,endothelial
2,493,genes_volume,astrocyte_1,oligodendrocyte_precursor_cell
2,2868,genes_volume,pericyte,astrocyte_1
2,226,genes_volume,astrocyte_1,astrocyte_1
2,1154,genes_volume,meninges_1,meninges_1
2,2744,genes_volume,oligodendrocyte_progenitor_2,oligodendrocyte_progenitor_2
2,1407,genes_volume,oligodendrocyte_1,oligodendrocyte_1
2,2204,genes_volume,oligodendrocyte_progenitor_2,meninges_1
2,2533,genes_volume,oligodendrocyte_progenitor_2,oligodendrocyte_2
2,2145,genes_volume,oligodendrocyte_progenitor_2,oligodendrocyte_progenitor_2
2,915,genes_volume,endothelial,oligodendrocyte_2
2,1419,genes_volume,oligodendrocyte_1,microglia
2,514,genes_volume,astrocyte_1,astrocyte_1
2,2797,genes_volume,oligodendrocyte_progenitor_2,oligodendrocyte_progenitor_2
2,2426,genes_volume,oligodendrocyte_progenitor_2,oligodendrocyte_progenitor_2
2,773,genes_volume,endothelial,endothelial
2,1843,genes_volume,oligodendrocyte_2,oligodendrocyte_2
2,894,genes_volume,endothelial,endothelial
2,1226,genes_volume,meninges_3,meninges_3
2,248,genes_volume,astrocyte_1,astrocyte_1
2,339,genes_volume,astrocyte_1,astrocyte_1
2,246,genes_volume,astrocyte_1,astrocyte_1
2,1343,genes_volume,oligodendrocyte_1,oligodendrocyte_progenitor_2
2,2326,genes_volume,oligodendrocyte_progenitor_2,astrocyte_1
2,1822,genes_volume,oligodendrocyte_2,oligodendrocyte_2
2,2418,genes_volume,oligodendrocyte_progenitor_2,oligodendrocyte_progenitor_2
2,2628,genes_volume,oligodendrocyte_progenitor_2,oligodendrocyte_progenitor_2
2,2804,genes_volume,oligodendrocyte_progenitor_2,oligodendrocyte_progenitor_2
2,1728,genes_volume,oligodendrocyte_2,oligodendrocyte_2
2,955,genes_volume,endothelial,endothelial
2,2286,genes_volume,oligodendrocyte_progenitor_2,oligodendrocyte_progenitor_2
2,2362,genes_volume,oligodendrocyte_progenitor_2,oligodendrocyte_progenitor_2
2,2813,genes_volume,oligodendrocyte_progenitor_2,astrocyte_1
2,1269,genes_volume,microglia,microglia
2,2476,genes_volume,oligodendrocyte_progenitor_2,oligodendrocyte_progenitor_2
2,128,genes_volume,astrocyte_1,astrocyte_1
2,2135,genes_volume,oligodendrocyte_progenitor_1,oligodendrocyte_precursor_cell
2,957,genes_volume,endothelial,endothelial
2,441,genes_volume,astrocyte_1,astrocyte_1
2,2043,genes_volume,oligodendrocyte_precursor_cell,oligodendrocyte_precursor_cell
2,500,genes_volume,astrocyte_1,astrocyte_1
2,1472,genes_volume,oligodendrocyte_1,oligodendrocyte_progenitor_2
2,1785,genes_volume,oligodendrocyte_2,oligodendrocyte_2
2,2525,genes_volume,oligodendrocyte_progenitor_2,oligodendrocyte_progenitor_2
2,1990,genes_volume,oligodendrocyte_precursor_cell,oligodendrocyte_precursor_cell
2,235,genes_volume,astrocyte_1,astrocyte_1
2,2583,genes_volume,oligodendrocyte_progenitor_2,oligodendrocyte_progenitor_2
2,1470,genes_volume,oligodendrocyte_1,oligodendrocyte_2
2,1993,genes_volume,oligodendrocyte_precursor_cell,oligodendrocyte_precursor_cell
2,754,genes_volume,astrocyte_2,astrocyte_1
2,1366,genes_volume,oligodendrocyte_1,astrocyte_1
2,393,genes_volume,astrocyte_1,astrocyte_1
2,2688,genes_volume,oligodendrocyte_progenitor_2,oligodendrocyte_progenitor_2
2,636,genes_volume,astrocyte_2,astrocyte_1
2,2543,genes_volume,oligodendrocyte_progenitor_2,oligodendrocyte_progenitor_2
2,2114,genes_volume,oligodendrocyte_progenitor_1,astrocyte_1
2,1293,genes_volume,microglia,microglia
2,1406,genes_volume,oligodendrocyte_1,oligodendrocyte_progenitor_2
2,2457,genes_volume,oligodendrocyte_progenitor_2,oligodendrocyte_progenitor_2
2,2803,genes_volume,oligodendrocyte_progenitor_2,oligodendrocyte_progenitor_2
2,992,genes_volume,endothelial,astrocyte_1
2,2508,genes_volume,oligodendrocyte_progenitor_2,oligodendrocyte_progenitor_2
2,281,genes_volume,astrocyte_1,astrocyte_1
2,1971,genes_volume,oligodendrocyte_2,oligodendrocyte_progenitor_2
2,685,genes_volume,astrocyte_2,oligodendrocyte_progenitor_2
2,738,genes_volume,astrocyte_2,astrocyte_2
2,2811,genes_volume,oligodendrocyte_progenitor_2,oligodendrocyte_progenitor_2
2,2220,genes_volume,oligodendrocyte_progenitor_2,oligodendrocyte_progenitor_2
2,1797,genes_volume,oligodendrocyte_2,oligodendrocyte_2
2,974,genes_volume,endothelial,endothelial
2,1709,genes_volume,oligodendrocyte_2,oligodendrocyte_2
2,1744,genes_volume,oligodendrocyte_2,oligodendrocyte_2
2,716,genes_volume,astrocyte_2,oligodendrocyte_progenitor_2
2,2003,genes_volume,oligodendrocyte_precursor_cell,oligodendrocyte_progenitor_2
2,2723,genes_volume,oligodendrocyte_progenitor_2,oligodendrocyte_progenitor_2
2,1140,genes_volume,meninges_1,meninges_1
2,1984,genes_volume,oligodendrocyte_precursor_cell,astrocyte_1
2,2033,genes_volume,oligodendrocyte_precursor_cell,oligodendrocyte_precursor_cell
2,1667,genes_volume,oligodendrocyte_2,oligodendrocyte_2
2,1503,genes_volume,oligodendrocyte_1,oligodendrocyte_1
2,1672,genes_volume,oligodendrocyte_2,oligodendrocyte_2
2,2035,genes_volume,oligodendrocyte_precursor_cell,oligodendrocyte_precursor_cell
2,1060,genes_volume,endothelial,endothelial
2,881,genes_volume,endothelial,endothelial
2,82,genes_volume,astrocyte_1,astrocyte_1
2,530,genes_volume,astrocyte_1,astrocyte_1
2,1806,genes_volume,oligodendrocyte_2,oligodendrocyte_2
2,1058,genes_volume,endothelial,astrocyte_1
2,1039,genes_volume,endothelial,endothelial
2,1175,genes_volume,meninges_2,meninges_2
2,1654,targeted_hybrid,oligodendrocyte_2,oligodendrocyte_2
2,1560,targeted_hybrid,oligodendrocyte_1,oligodendrocyte_1
2,1507,targeted_hybrid,oligodendrocyte_1,oligodendrocyte_1
2,259,targeted_hybrid,astrocyte_1,astrocyte_1
2,2876,targeted_hybrid,pericyte,endothelial
2,1443,targeted_hybrid,oligodendrocyte_1,oligodendrocyte_progenitor_2
2,2115,targeted_hybrid,oligodendrocyte_progenitor_1,oligodendrocyte_progenitor_1
2,1851,targeted_hybrid,oligodendrocyte_2,oligodendrocyte_2
2,926,targeted_hybrid,endothelial,endothelial
2,1433,targeted_hybrid,oligodendrocyte_1,oligodendrocyte_progenitor_2
2,1418,targeted_hybrid,oligodendrocyte_1,oligodendrocyte_1
2,381,targeted_hybrid,astrocyte_1,astrocyte_1
2,2304,targeted_hybrid,oligodendrocyte_progenitor_2,oligodendrocyte_progenitor_2
2,1848,targeted_hybrid,oligodendrocyte_2,oligodendrocyte_2
2,2474,targeted_hybrid,oligodendrocyte_progenitor_2,oligodendrocyte_progenitor_2
2,2012,targeted_hybrid,oligodendrocyte_precursor_cell,oligodendrocyte_progenitor_2
2,2357,targeted_hybrid,oligodendrocyte_progenitor_2,oligodendrocyte_progenitor_2
2,2603,targeted_hybrid,oligodendrocyte_progenitor_2,oligodendrocyte_progenitor_2
2,2610,targeted_hybrid,oligodendrocyte_progenitor_2,oligodendrocyte_progenitor_2
2,1500,targeted_hybrid,oligodendrocyte_1,endothelial
2,1566,targeted_hybrid,oligodendrocyte_2,oligodendrocyte_2
2,1297,targeted_hybrid,oligodendrocyte_1,oligodendrocyte_progenitor_2
2,1854,targeted_hybrid,oligodendrocyte_2,oligodendrocyte_2
2,2170,targeted_hybrid,oligodendrocyte_progenitor_2,endothelial
2,797,targeted_hybrid,endothelial,endothelial
2,472,targeted_hybrid,astrocyte_1,astrocyte_1
2,2407,targeted_hybrid,oligodendrocyte_progenitor_2,oligodendrocyte_progenitor_2
2,1890,targeted_hybrid,oligodendrocyte_2,oligodendrocyte_2
2,1329,targeted_hybrid,oligodendrocyte_1,oligodendrocyte_1
2,2668,targeted_hybrid,oligodendrocyte_progenitor_2,oligodendrocyte_progenitor_2
2,223,targeted_hybrid,astrocyte_1,astrocyte_1
2,2246,targeted_hybrid,oligodendrocyte_progenitor_2,oligodendrocyte_progenitor_2
2,2560,targeted_hybrid,oligodendrocyte_progenitor_2,oligodendrocyte_1
2,1575,targeted_hybrid,oligodendrocyte_2,oligodendrocyte_progenitor_2
2,2136,targeted_hybrid,oligodendrocyte_progenitor_1,oligodendrocyte_precursor_cell
2,812,targeted_hybrid,endothelial,astrocyte_1
2,2222,targeted_hybrid,oligodendrocyte_progenitor_2,oligodendrocyte_2
2,2317,targeted_hybrid,oligodendrocyte_progenitor_2,oligodendrocyte_progenitor_2
2,1751,targeted_hybrid,oligodendrocyte_2,oligodendrocyte_2
2,1700,targeted_hybrid,oligodendrocyte_2,oligodendrocyte_2
2,2099,targeted_hybrid,oligodendrocyte_progenitor_1,oligodendrocyte_progenitor_1
2,993,targeted_hybrid,endothelial,endothelial
2,2048,targeted_hybrid,oligodendrocyte_precursor_cell,oligodendrocyte_precursor_cell
2,2578,targeted_hybrid,oligodendrocyte_progenitor_2,oligodendrocyte_progenitor_2
2,788,targeted_hybrid,endothelial,astrocyte_1
2,2414,targeted_hybrid,oligodendrocyte_progenitor_2,oligodendrocyte_progenitor_2
2,2361,targeted_hybrid,oligodendrocyte_progenitor_2,oligodendrocyte_2
2,1551,targeted_hybrid,oligodendrocyte_1,oligodendrocyte_1
2,2243,targeted_hybrid,oligodendrocyte_progenitor_2,oligodendrocyte_progenitor_2
2,1989,targeted_hybrid,oligodendrocyte_precursor_cell,oligodendrocyte_precursor_cell
2,1521,targeted_hybrid,oligodendrocyte_1,endothelial
2,2162,targeted_hybrid,oligodendrocyte_progenitor_2,oligodendrocyte_2
2,1509,targeted_hybrid,oligodendrocyte_1,oligodendrocyte_progenitor_2
2,2105,targeted_hybrid,oligodendrocyte_progenitor_1,oligodendrocyte_precursor_cell
2,1716,targeted_hybrid,oligodendrocyte_2,oligodendrocyte_2
2,2323,targeted_hybrid,oligodendrocyte_progenitor_2,oligodendrocyte_progenitor_2
2,2029,targeted_hybrid,oligodendrocyte_precursor_cell,astrocyte_1
2,2548,targeted_hybrid,oligodendrocyte_progenitor_2,oligodendrocyte_2
2,214,targeted_hybrid,astrocyte_1,oligodendrocyte_progenitor_2
2,18,targeted_hybrid,astrocyte_1,astrocyte_1
2,1385,targeted_hybrid,oligodendrocyte_1,oligodendrocyte_1
2,2586,targeted_hybrid,oligodendrocyte_progenitor_2,oligodendrocyte_2
2,1701,targeted_hybrid,oligodendrocyte_2,oligodendrocyte_2
2,237,targeted_hybrid,astrocyte_1,astrocyte_1
2,1713,targeted_hybrid,oligodendrocyte_2,oligodendrocyte_2
2,68,targeted_hybrid,astrocyte_1,astrocyte_1
2,2658,targeted_hybrid,oligodendrocyte_progenitor_2,oligodendrocyte_1
2,1347,targeted_hybrid,oligodendrocyte_1,oligodendrocyte_progenitor_2
2,1530,targeted_hybrid,oligodendrocyte_1,oligodendrocyte_progenitor_2
2,233,targeted_hybrid,astrocyte_1,astrocyte_1
2,1887,targeted_hybrid,oligodendrocyte_2,oligodendrocyte_2
2,267,targeted_hybrid,astrocyte_1,endothelial
2,444,targeted_hybrid,astrocyte_1,astrocyte_1
2,1774,targeted_hybrid,oligodendrocyte_2,oligodendrocyte_2
2,454,targeted_hybrid,astrocyte_1,astrocyte_1
2,440,targeted_hybrid,astrocyte_1,astrocyte_1
2,2755,targeted_hybrid,oligodendrocyte_progenitor_2,oligodendrocyte_progenitor_2
2,1372,targeted_hybrid,oligodendrocyte_1,astrocyte_2
2,515,targeted_hybrid,astrocyte_1,pericyte
2,819,targeted_hybrid,endothelial,endothelial
2,742,targeted_hybrid,astrocyte_2,astrocyte_2
2,2787,targeted_hybrid,oligodendrocyte_progenitor_2,astrocyte_1
2,942,targeted_hybrid,endothelial,endothelial
2,2215,targeted_hybrid,oligodendrocyte_progenitor_2,oligodendrocyte_progenitor_2
2,1146,targeted_hybrid,meninges_1,meninges_1
2,403,targeted_hybrid,astrocyte_1,astrocyte_1
2,2829,targeted_hybrid,oligodendrocyte_progenitor_2,oligodendrocyte_1
2,770,targeted_hybrid,endothelial,oligodendrocyte_progenitor_2
2,1345,targeted_hybrid,oligodendrocyte_1,oligodendrocyte_1
2,1838,targeted_hybrid,oligodendrocyte_2,oligodendrocyte_2
2,969,targeted_hybrid,endothelial,endothelial
2,2865,targeted_hybrid,pericyte,endothelial
2,1999,targeted_hybrid,oligodendrocyte_precursor_cell,oligodendrocyte_precursor_cell
2,1966,targeted_hybrid,oligodendrocyte_2,oligodendrocyte_2
2,2934,targeted_hybrid,Schwann_cell,Schwann_cell
2,2158,targeted_hybrid,oligodendrocyte_progenitor_2,oligodendrocyte_progenitor_2
2,900,targeted_hybrid,endothelial,oligodendrocyte_progenitor_2
2,669,targeted_hybrid,astrocyte_2,astrocyte_2
2,335,targeted_hybrid,astrocyte_1,endothelial
2,1049,targeted_hybrid,endothelial,oligodendrocyte_2
2,2597,targeted_hybrid,oligodendrocyte_progenitor_2,oligodendrocyte_progenitor_2
2,2070,targeted_hybrid,oligodendrocyte_precursor_cell,oligodendrocyte_progenitor_2
2,2085,targeted_hybrid,oligodendrocyte_precursor_cell,astrocyte_1
2,424,targeted_hybrid,astrocyte_1,astrocyte_1
2,532,targeted_hybrid,astrocyte_1,astrocyte_1
2,2009,targeted_hybrid,oligodendrocyte_precursor_cell,oligodendrocyte_precursor_cell
2,2216,targeted_hybrid,oligodendrocyte_progenitor_2,oligodendrocyte_1
2,1416,targeted_hybrid,oligodendrocyte_1,oligodendrocyte_progenitor_2
2,2851,targeted_hybrid,pericyte,pericyte
2,2208,targeted_hybrid,oligodendrocyte_progenitor_2,oligodendrocyte_progenitor_2
2,1395,targeted_hybrid,oligodendrocyte_1,oligodendrocyte_progenitor_2
2,112,targeted_hybrid,astrocyte_1,astrocyte_1
2,2058,targeted_hybrid,oligodendrocyte_precursor_cell,oligodendrocyte_progenitor_1
2,2039,targeted_hybrid,oligodendrocyte_precursor_cell,oligodendrocyte_precursor_cell
2,1208,targeted_hybrid,meninges_2,meninges_2
2,2848,targeted_hybrid,pericyte,pericyte
2,2725,targeted_hybrid,oligodendrocyte_progenitor_2,oligodendrocyte_progenitor_2
2,956,targeted_hybrid,endothelial,endothelial
2,2066,targeted_hybrid,oligodendrocyte_precursor_cell,oligodendrocyte_progenitor_2
2,2800,targeted_hybrid,oligodendrocyte_progenitor_2,oligodendrocyte_progenitor_2
2,2697,targeted_hybrid,oligodendrocyte_progenitor_2,oligodendrocyte_progenitor_2
2,358,targeted_hybrid,astrocyte_1,astrocyte_1
2,1234,targeted_hybrid,microglia,microglia
2,2765,targeted_hybrid,oligodendrocyte_progenitor_2,oligodendrocyte_progenitor_2
2,2686,targeted_hybrid,oligodendrocyte_progenitor_2,astrocyte_1
2,783,targeted_hybrid,endothelial,endothelial
2,1118,targeted_hybrid,meninges_1,pericyte
2,846,targeted_hybrid,endothelial,endothelial
2,1790,targeted_hybrid,oligodendrocyte_2,oligodendrocyte_2
2,1328,targeted_hybrid,oligodendrocyte_1,oligodendrocyte_2
2,1082,targeted_hybrid,endothelial,oligodendrocyte_progenitor_2
2,1679,targeted_hybrid,oligodendrocyte_2,oligodendrocyte_1
2,1084,targeted_hybrid,endothelial,endothelial
2,921,targeted_hybrid,endothelial,oligodendrocyte_1
2,748,targeted_hybrid,astrocyte_2,astrocyte_2
2,2050,targeted_hybrid,oligodendrocyte_precursor_cell,oligodendrocyte_2
2,2866,targeted_hybrid,pericyte,pericyte
2,2337,targeted_hybrid,oligodendrocyte_progenitor_2,astrocyte_1
2,2567,targeted_hybrid,oligodendrocyte_progenitor_2,oligodendrocyte_progenitor_2
2,639,targeted_hybrid,astrocyte_2,astrocyte_2
2,1336,targeted_hybrid,oligodendrocyte_1,astrocyte_1
2,2283,targeted_hybrid,oligodendrocyte_progenitor_2,oligodendrocyte_progenitor_2
2,80,targeted_hybrid,astrocyte_1,endothelial
2,1260,targeted_hybrid,microglia,astrocyte_1
2,2762,targeted_hybrid,oligodendrocyte_progenitor_2,oligodendrocyte_progenitor_2
2,2608,targeted_hybrid,oligodendrocyte_progenitor_2,oligodendrocyte_1
2,751,targeted_hybrid,astrocyte_2,astrocyte_2
2,1831,targeted_hybrid,oligodendrocyte_2,oligodendrocyte_2
2,73,targeted_hybrid,astrocyte_1,astrocyte_1
2,2576,targeted_hybrid,oligodendrocyte_progenitor_2,oligodendrocyte_progenitor_2
2,1358,targeted_hybrid,oligodendrocyte_1,oligodendrocyte_progenitor_2
2,46,targeted_hybrid,astrocyte_1,endothelial
2,2656,targeted_hybrid,oligodendrocyte_progenitor_2,oligodendrocyte_1
2,688,targeted_hybrid,astrocyte_2,astrocyte_2
2,1486,targeted_hybrid,oligodendrocyte_1,oligodendrocyte_progenitor_2
2,924,targeted_hybrid,endothelial,endothelial
2,1856,targeted_hybrid,oligodendrocyte_2,oligodendrocyte_2
2,77,targeted_hybrid,astrocyte_1,astrocyte_2
2,2613,targeted_hybrid,oligodendrocyte_progenitor_2,oligodendrocyte_progenitor_2
2,1469,targeted_hybrid,oligodendrocyte_1,oligodendrocyte_1
2,2614,targeted_hybrid,oligodendrocyte_progenitor_2,oligodendrocyte_1
2,1641,targeted_hybrid,oligodendrocyte_2,oligodendrocyte_2
2,2546,targeted_hybrid,oligodendrocyte_progenitor_2,oligodendrocyte_progenitor_2
2,352,targeted_hybrid,astrocyte_1,oligodendrocyte_1
2,1815,targeted_hybrid,oligodendrocyte_2,oligodendrocyte_2
2,822,targeted_hybrid,endothelial,endothelial
2,2272,targeted_hybrid,oligodendrocyte_progenitor_2,oligodendrocyte_progenitor_2
2,2437,targeted_hybrid,oligodendrocyte_progenitor_2,oligodendrocyte_progenitor_2
2,892,targeted_hybrid,endothelial,endothelial
2,594,targeted_hybrid,astrocyte_2,astrocyte_1
2,1660,targeted_hybrid,oligodendrocyte_2,oligodendrocyte_2
2,2700,targeted_hybrid,oligodendrocyte_progenitor_2,oligodendrocyte_1
2,1362,targeted_hybrid,oligodendrocyte_1,oligodendrocyte_1
2,2316,targeted_hybrid,oligodendrocyte_progenitor_2,oligodendrocyte_progenitor_2
2,2491,targeted_hybrid,oligodendrocyte_progenitor_2,oligodendrocyte_progenitor_2
2,1935,targeted_hybrid,oligodendrocyte_2,oligodendrocyte_2
2,972,targeted_hybrid,endothelial,endothelial
2,1427,targeted_hybrid,oligodendrocyte_1,oligodendrocyte_progenitor_2
2,2616,targeted_hybrid,oligodendrocyte_progenitor_2,oligodendrocyte_progenitor_1
2,1866,targeted_hybrid,oligodendrocyte_2,oligodendrocyte_2
2,1326,targeted_hybrid,oligodendrocyte_1,astrocyte_2
2,831,targeted_hybrid,endothelial,endothelial
2,1305,targeted_hybrid,oligodendrocyte_1,oligodendrocyte_progenitor_2
2,853,targeted_hybrid,endothelial,endothelial
2,593,targeted_hybrid,astrocyte_2,astrocyte_1
2,553,targeted_hybrid,astrocyte_1,astrocyte_1
2,1807,targeted_hybrid,oligodendrocyte_2,oligodendrocyte_2
2,612,targeted_hybrid,astrocyte_2,astrocyte_2
2,467,targeted_hybrid,astrocyte_1,astrocyte_1
2,2553,targeted_hybrid,oligodendrocyte_progenitor_2,oligodendrocyte_progenitor_2
2,2452,targeted_hybrid,oligodendrocyte_progenitor_2,oligodendrocyte_progenitor_2
2,2505,targeted_hybrid,oligodendrocyte_progenitor_2,oligodendrocyte_progenitor_2
2,2077,targeted_hybrid,oligodendrocyte_precursor_cell,oligodendrocyte_precursor_cell
2,2715,targeted_hybrid,oligodendrocyte_progenitor_2,oligodendrocyte_progenitor_2
2,323,targeted_hybrid,astrocyte_1,astrocyte_1
2,1633,targeted_hybrid,oligodendrocyte_2,oligodendrocyte_2
2,311,targeted_hybrid,astrocyte_1,oligodendrocyte_progenitor_2
2,1970,targeted_hybrid,oligodendrocyte_2,oligodendrocyte_2
2,2358,targeted_hybrid,oligodendrocyte_progenitor_2,oligodendrocyte_progenitor_2
2,703,targeted_hybrid,astrocyte_2,astrocyte_2
2,270,targeted_hybrid,astrocyte_1,astrocyte_1
2,2780,targeted_hybrid,oligodendrocyte_progenitor_2,astrocyte_1
2,2938,targeted_hybrid,Schwann_cell,Schwann_cell
2,2528,targeted_hybrid,oligodendrocyte_progenitor_2,oligodendrocyte_progenitor_2
2,785,targeted_hybrid,endothelial,endothelial
2,269,targeted_hybrid,astrocyte_1,oligodendrocyte_progenitor_2
2,1301,targeted_hybrid,oligodendrocyte_1,astrocyte_1
2,2585,targeted_hybrid,oligodendrocyte_progenitor_2,oligodendrocyte_2
2,2439,targeted_hybrid,oligodendrocyte_progenitor_2,oligodendrocyte_2
2,1237,targeted_hybrid,microglia,microglia
2,2442,targeted_hybrid,oligodendrocyte_progenitor_2,oligodendrocyte_progenitor_2
2,1814,targeted_hybrid,oligodendrocyte_2,oligodendrocyte_2
2,2826,targeted_hybrid,oligodendrocyte_progenitor_2,astrocyte_1
2,560,targeted_hybrid,astrocyte_1,astrocyte_2
2,1892,targeted_hybrid,oligodendrocyte_2,oligodendrocyte_2
2,905,targeted_hybrid,endothelial,endothelial
2,2022,targeted_hybrid,oligodendrocyte_precursor_cell,oligodendrocyte_precursor_cell
2,2481,targeted_hybrid,oligodendrocyte_progenitor_2,oligodendrocyte_progenitor_2
2,376,targeted_hybrid,astrocyte_1,astrocyte_1
2,1414,targeted_hybrid,oligodendrocyte_1,oligodendrocyte_1
2,2399,targeted_hybrid,oligodendrocyte_progenitor_2,oligodendrocyte_2
2,1412,targeted_hybrid,oligodendrocyte_1,oligodendrocyte_progenitor_2
2,1222,targeted_hybrid,meninges_3,meninges_3
2,1264,targeted_hybrid,microglia,microglia
2,550,targeted_hybrid,astrocyte_1,astrocyte_1
2,2666,targeted_hybrid,oligodendrocyte_progenitor_2,astrocyte_1
2,1964,targeted_hybrid,oligodendrocyte_2,oligodendrocyte_2
2,1441,targeted_hybrid,oligodendrocyte_1,oligodendrocyte_progenitor_2
2,938,targeted_hybrid,endothelial,endothelial
2,465,targeted_hybrid,astrocyte_1,astrocyte_1
2,2832,targeted_hybrid,oligodendrocyte_progenitor_2,oligodendrocyte_progenitor_2
2,1489,targeted_hybrid,oligodendrocyte_1,oligodendrocyte_2
2,1294,targeted_hybrid,oligodendrocyte_1,oligodendrocyte_progenitor_2
2,2338,targeted_hybrid,oligodendrocyte_progenitor_2,astrocyte_1
2,2319,targeted_hybrid,oligodendrocyte_progenitor_2,oligodendrocyte_progenitor_2
2,1525,targeted_hybrid,oligodendrocyte_1,oligodendrocyte_1
2,2743,targeted_hybrid,oligodendrocyte_progenitor_2,oligodendrocyte_progenitor_2
2,935,targeted_hybrid,endothelial,endothelial
2,1559,targeted_hybrid,oligodendrocyte_1,oligodendrocyte_progenitor_2
2,2388,targeted_hybrid,oligodendrocyte_progenitor_2,oligodendrocyte_2
2,949,targeted_hybrid,endothelial,endothelial
2,2698,targeted_hybrid,oligodendrocyte_progenitor_2,oligodendrocyte_progenitor_2
2,2007,targeted_hybrid,oligodendrocyte_precursor_cell,oligodendrocyte_progenitor_1
2,301,targeted_hybrid,astrocyte_1,astrocyte_1
2,2112,targeted_hybrid,oligodendrocyte_progenitor_1,oligodendrocyte_progenitor_1
2,234,targeted_hybrid,astrocyte_1,astrocyte_2
2,2379,targeted_hybrid,oligodendrocyte_progenitor_2,oligodendrocyte_progenitor_2
2,387,targeted_hybrid,astrocyte_1,astrocyte_2
2,548,targeted_hybrid,astrocyte_1,astrocyte_1
2,996,targeted_hybrid,endothelial,oligodendrocyte_2
2,1194,targeted_hybrid,meninges_2,pericyte
2,1157,targeted_hybrid,meninges_1,meninges_1
2,1189,targeted_hybrid,meninges_2,meninges_1
2,2152,targeted_hybrid,oligodendrocyte_progenitor_2,astrocyte_1
2,745,targeted_hybrid,astrocyte_2,oligodendrocyte_2
2,1087,targeted_hybrid,endothelial,oligodendrocyte_1
2,1893,targeted_hybrid,oligodendrocyte_2,oligodendrocyte_2
2,2290,targeted_hybrid,oligodendrocyte_progenitor_2,oligodendrocyte_progenitor_2
2,2244,targeted_hybrid,oligodendrocyte_progenitor_2,oligodendrocyte_2
2,2504,targeted_hybrid,oligodendrocyte_progenitor_2,oligodendrocyte_progenitor_2
2,1918,targeted_hybrid,oligodendrocyte_2,oligodendrocyte_2
2,2627,targeted_hybrid,oligodendrocyte_progenitor_2,oligodendrocyte_progenitor_2
2,2898,targeted_hybrid,peripheral_glia,peripheral_glia
2,1147,targeted_hybrid,meninges_1,meninges_1
2,828,targeted_hybrid,endothelial,endothelial
2,1307,targeted_hybrid,oligodendrocyte_1,oligodendrocyte_progenitor_2
2,2667,targeted_hybrid,oligodendrocyte_progenitor_2,oligodendrocyte_2
2,2180,targeted_hybrid,oligodendrocyte_progenitor_2,oligodendrocyte_progenitor_2
2,907,targeted_hybrid,endothelial,endothelial
2,887,targeted_hybrid,endothelial,astrocyte_1
2,10,targeted_hybrid,astrocyte_1,astrocyte_1
2,2599,targeted_hybrid,oligodendrocyte_progenitor_2,endothelial
2,1349,targeted_hybrid,oligodendrocyte_1,oligodendrocyte_1
2,2660,targeted_hybrid,oligodendrocyte_progenitor_2,oligodendrocyte_progenitor_2
2,1524,targeted_hybrid,oligodendrocyte_1,oligodendrocyte_1
2,1166,targeted_hybrid,meninges_1,meninges_1
2,1230,targeted_hybrid,microglia,microglia
2,916,targeted_hybrid,endothelial,endothelial
2,1256,targeted_hybrid,microglia,oligodendrocyte_1
2,2483,targeted_hybrid,oligodendrocyte_progenitor_2,oligodendrocyte_progenitor_2
2,1648,targeted_hybrid,oligodendrocyte_2,oligodendrocyte_2
2,247,targeted_hybrid,astrocyte_1,astrocyte_1
2,305,targeted_hybrid,astrocyte_1,astrocyte_1
2,711,targeted_hybrid,astrocyte_2,oligodendrocyte_progenitor_2
2,2073,targeted_hybrid,oligodendrocyte_precursor_cell,oligodendrocyte_progenitor_1
2,502,targeted_hybrid,astrocyte_1,astrocyte_1
2,588,targeted_hybrid,astrocyte_2,oligodendrocyte_1
2,2214,targeted_hybrid,oligodendrocyte_progenitor_2,oligodendrocyte_progenitor_2
2,2174,targeted_hybrid,oligodendrocyte_progenitor_2,oligodendrocyte_progenitor_2
2,2026,targeted_hybrid,oligodendrocyte_precursor_cell,oligodendrocyte_1
2,899,targeted_hybrid,endothelial,endothelial
2,2224,targeted_hybrid,oligodendrocyte_progenitor_2,oligodendrocyte_progenitor_2
2,1312,targeted_hybrid,oligodendrocyte_1,oligodendrocyte_progenitor_2
2,2254,targeted_hybrid,oligodendrocyte_progenitor_2,oligodendrocyte_2
2,261,targeted_hybrid,astrocyte_1,astrocyte_1
2,1069,targeted_hybrid,endothelial,astrocyte_1
2,1779,targeted_hybrid,oligodendrocyte_2,oligodendrocyte_2
2,1653,targeted_hybrid,oligodendrocyte_2,oligodendrocyte_2
2,2680,targeted_hybrid,oligodendrocyte_progenitor_2,oligodendrocyte_progenitor_2
2,2638,targeted_hybrid,oligodendrocyte_progenitor_2,oligodendrocyte_2
2,61,targeted_hybrid,astrocyte_1,astrocyte_2
2,2689,targeted_hybrid,oligodendrocyte_progenitor_2,oligodendrocyte_progenitor_2
2,21,targeted_hybrid,astrocyte_1,astrocyte_1
2,1991,targeted_hybrid,oligodendrocyte_precursor_cell,oligodendrocyte_precursor_cell
2,2549,targeted_hybrid,oligodendrocyte_progenitor_2,astrocyte_1
2,1445,targeted_hybrid,oligodendrocyte_1,oligodendrocyte_1
2,443,targeted_hybrid,astrocyte_1,astrocyte_1
2,2472,targeted_hybrid,oligodendrocyte_progenitor_2,oligodendrocyte_progenitor_2
2,1199,targeted_hybrid,meninges_2,meninges_1
2,1373,targeted_hybrid,oligodendrocyte_1,oligodendrocyte_1
2,2751,targeted_hybrid,oligodendrocyte_progenitor_2,oligodendrocyte_1
2,2466,targeted_hybrid,oligodendrocyte_progenitor_2,oligodendrocyte_progenitor_2
2,1383,targeted_hybrid,oligodendrocyte_1,astrocyte_1
2,1591,targeted_hybrid,oligodendrocyte_2,oligodendrocyte_2
2,1191,targeted_hybrid,meninges_2,meninges_1
2,72,targeted_hybrid,astrocyte_1,astrocyte_1
2,2542,targeted_hybrid,oligodendrocyte_progenitor_2,astrocyte_1
2,1580,targeted_hybrid,oligodendrocyte_2,oligodendrocyte_2
2,1689,targeted_hybrid,oligodendrocyte_2,oligodendrocyte_2
2,2675,targeted_hybrid,oligodendrocyte_progenitor_2,oligodendrocyte_1
2,17,targeted_hybrid,astrocyte_1,oligodendrocyte_progenitor_2
2,2046,targeted_hybrid,oligodendrocyte_precursor_cell,oligodendrocyte_progenitor_1
2,294,targeted_hybrid,astrocyte_1,astrocyte_2
2,707,targeted_hybrid,astrocyte_2,astrocyte_2
2,2425,targeted_hybrid,oligodendrocyte_progenitor_2,oligodendrocyte_progenitor_2
2,2646,targeted_hybrid,oligodendrocyte_progenitor_2,oligodendrocyte_1
2,1659,targeted_hybrid,oligodendrocyte_2,oligodendrocyte_2
2,2150,targeted_hybrid,oligodendrocyte_progenitor_2,oligodendrocyte_progenitor_2
2,1715,targeted_hybrid,oligodendrocyte_2,oligodendrocyte_2
2,195,targeted_hybrid,astrocyte_1,oligodendrocyte_progenitor_2
2,67,targeted_hybrid,astrocyte_1,astrocyte_1
2,1736,targeted_hybrid,oligodendrocyte_2,oligodendrocyte_2
2,1078,targeted_hybrid,endothelial,oligodendrocyte_2
2,1821,targeted_hybrid,oligodendrocyte_2,oligodendrocyte_2
2,421,targeted_hybrid,astrocyte_1,astrocyte_1
2,2625,targeted_hybrid,oligodendrocyte_progenitor_2,oligodendrocyte_1
2,903,targeted_hybrid,endothelial,microglia
2,2108,targeted_hybrid,oligodendrocyte_progenitor_1,oligodendrocyte_2
2,2251,targeted_hybrid,oligodendrocyte_progenitor_2,oligodendrocyte_progenitor_2
2,2766,targeted_hybrid,oligodendrocyte_progenitor_2,oligodendrocyte_progenitor_2
2,895,targeted_hybrid,endothelial,oligodendrocyte_progenitor_2
2,396,targeted_hybrid,astrocyte_1,astrocyte_1
2,875,targeted_hybrid,endothelial,endothelial
2,999,targeted_hybrid,endothelial,endothelial
2,2309,targeted_hybrid,oligodendrocyte_progenitor_2,oligodendrocyte_progenitor_2
2,1204,targeted_hybrid,meninges_2,meninges_1
2,384,targeted_hybrid,astrocyte_1,astrocyte_1
2,824,targeted_hybrid,endothelial,endothelial
2,1463,targeted_hybrid,oligodendrocyte_1,oligodendrocyte_progenitor_2
2,913,targeted_hybrid,endothelial,endothelial
2,2172,targeted_hybrid,oligodendrocyte_progenitor_2,oligodendrocyte_progenitor_2
2,2768,targeted_hybrid,oligodendrocyte_progenitor_2,oligodendrocyte_progenitor_2
2,1818,targeted_hybrid,oligodendrocyte_2,oligodendrocyte_precursor_cell
2,1967,targeted_hybrid,oligodendrocyte_2,oligodendrocyte_2
2,1732,targeted_hybrid,oligodendrocyte_2,oligodendrocyte_2
2,220,targeted_hybrid,astrocyte_1,astrocyte_1
2,349,targeted_hybrid,astrocyte_1,astrocyte_1
2,2955,targeted_hybrid,Schwann_cell,oligodendrocyte_2
2,1957,targeted_hybrid,oligodendrocyte_2,oligodendrocyte_2
2,2405,targeted_hybrid,oligodendrocyte_progenitor_2,oligodendrocyte_progenitor_2
2,1505,targeted_hybrid,oligodendrocyte_1,oligodendrocyte_1
2,2390,targeted_hybrid,oligodendrocyte_progenitor_2,oligodendrocyte_2
2,2657,targeted_hybrid,oligodendrocyte_progenitor_2,oligodendrocyte_progenitor_2
2,2334,targeted_hybrid,oligodendrocyte_progenitor_2,oligodendrocyte_progenitor_2
2,2858,targeted_hybrid,pericyte,pericyte
2,1454,targeted_hybrid,oligodendrocyte_1,oligodendrocyte_2
2,968,targeted_hybrid,endothelial,oligodendrocyte_progenitor_2
2,1540,targeted_hybrid,oligodendrocyte_1,oligodendrocyte_progenitor_2
2,1862,targeted_hybrid,oligodendrocyte_2,oligodendrocyte_progenitor_2
2,474,targeted_hybrid,astrocyte_1,astrocyte_1
2,1706,targeted_hybrid,oligodendrocyte_2,oligodendrocyte_progenitor_2
2,1666,targeted_hybrid,oligodendrocyte_2,oligodendrocyte_2
2,1381,targeted_hybrid,oligodendrocyte_1,oligodendrocyte_1
2,2401,targeted_hybrid,oligodendrocyte_progenitor_2,oligodendrocyte_progenitor_2
2,621,targeted_hybrid,astrocyte_2,astrocyte_2
2,490,targeted_hybrid,astrocyte_1,astrocyte_2
2,817,targeted_hybrid,endothelial,endothelial
2,2663,targeted_hybrid,oligodendrocyte_progenitor_2,astrocyte_1
2,2084,targeted_hybrid,oligodendrocyte_precursor_cell,endothelial
2,263,targeted_hybrid,astrocyte_1,oligodendrocyte_progenitor_2
2,1447,targeted_hybrid,oligodendrocyte_1,oligodendrocyte_2
2,856,targeted_hybrid,endothelial,endothelial
2,1007,targeted_hybrid,endothelial,endothelial
2,2518,targeted_hybrid,oligodendrocyte_progenitor_2,oligodendrocyte_progenitor_2
2,139,targeted_hybrid,astrocyte_1,astrocyte_1
2,534,targeted_hybrid,astrocyte_1,astrocyte_1
2,243,targeted_hybrid,astrocyte_1,astrocyte_1
2,1782,targeted_hybrid,oligodendrocyte_2,oligodendrocyte_2
2,1303,targeted_hybrid,oligodendrocyte_1,oligodendrocyte_1
2,767,targeted_hybrid,astrocyte_2,astrocyte_2
2,93,targeted_hybrid,astrocyte_1,astrocyte_1
2,1951,targeted_hybrid,oligodendrocyte_2,oligodendrocyte_2
2,743,targeted_hybrid,astrocyte_2,astrocyte_1
2,2377,targeted_hybrid,oligodendrocyte_progenitor_2,oligodendrocyte_progenitor_2
2,544,targeted_hybrid,astrocyte_1,astrocyte_1
2,2306,targeted_hybrid,oligodendrocyte_progenitor_2,oligodendrocyte_progenitor_2
2,1763,targeted_hybrid,oligodendrocyte_2,oligodendrocyte_2
2,2013,targeted_hybrid,oligodendrocyte_precursor_cell,oligodendrocyte_precursor_cell
2,2709,targeted_hybrid,oligodendrocyte_progenitor_2,oligodendrocyte_progenitor_2
2,414,targeted_hybrid,astrocyte_1,oligodendrocyte_progenitor_2
2,577,targeted_hybrid,astrocyte_2,astrocyte_2
2,1899,targeted_hybrid,oligodendrocyte_2,oligodendrocyte_2
2,883,targeted_hybrid,endothelial,endothelial
2,1155,targeted_hybrid,meninges_1,meninges_2
2,2793,targeted_hybrid,oligodendrocyte_progenitor_2,oligodendrocyte_progenitor_2
2,2860,targeted_hybrid,pericyte,astrocyte_2
2,328,targeted_hybrid,astrocyte_1,astrocyte_1
2,353,targeted_hybrid,astrocyte_1,astrocyte_2
2,2212,targeted_hybrid,oligodendrocyte_progenitor_2,oligodendrocyte_progenitor_2
2,1108,targeted_hybrid,meninges_1,meninges_1
2,567,targeted_hybrid,astrocyte_1,astrocyte_1
2,2454,targeted_hybrid,oligodendrocyte_progenitor_2,oligodendrocyte_progenitor_2
2,2856,targeted_hybrid,pericyte,pericyte
2,2264,targeted_hybrid,oligodendrocyte_progenitor_2,oligodendrocyte_2
2,2139,targeted_hybrid,oligodendrocyte_progenitor_1,oligodendrocyte_precursor_cell
2,2837,targeted_hybrid,oligodendrocyte_progenitor_2,oligodendrocyte_progenitor_2
2,2637,targeted_hybrid,oligodendrocyte_progenitor_2,oligodendrocyte_progenitor_2
2,2930,targeted_hybrid,Schwann_cell,Schwann_cell
2,1394,targeted_hybrid,oligodendrocyte_1,oligodendrocyte_progenitor_2
2,599,targeted_hybrid,astrocyte_2,astrocyte_2
2,1247,targeted_hybrid,microglia,microglia
2,518,targeted_hybrid,astrocyte_1,astrocyte_1
2,2631,targeted_hybrid,oligodendrocyte_progenitor_2,oligodendrocyte_progenitor_2
2,794,targeted_hybrid,endothelial,endothelial
2,2639,targeted_hybrid,oligodendrocyte_progenitor_2,oligodendrocyte_2
2,2249,targeted_hybrid,oligodendrocyte_progenitor_2,oligodendrocyte_progenitor_2
2,503,targeted_hybrid,astrocyte_1,astrocyte_1
2,677,targeted_hybrid,astrocyte_2,astrocyte_2
2,1577,targeted_hybrid,oligodendrocyte_2,oligodendrocyte_2
2,266,targeted_hybrid,astrocyte_1,astrocyte_1
2,1613,targeted_hybrid,oligodendrocyte_2,oligodendrocyte_2
2,2941,targeted_hybrid,Schwann_cell,Schwann_cell
2,1595,targeted_hybrid,oligodendrocyte_2,oligodendrocyte_2
2,725,targeted_hybrid,astrocyte_2,astrocyte_2
2,2298,targeted_hybrid,oligodendrocyte_progenitor_2,oligodendrocyte_progenitor_2
2,1707,targeted_hybrid,oligodendrocyte_2,oligodendrocyte_2
2,982,targeted_hybrid,endothelial,endothelial
2,768,targeted_hybrid,astrocyte_2,astrocyte_2
2,2678,targeted_hybrid,oligodendrocyte_progenitor_2,oligodendrocyte_progenitor_2
2,2156,targeted_hybrid,oligodendrocyte_progenitor_2,oligodendrocyte_1
2,2225,targeted_hybrid,oligodendrocyte_progenitor_2,oligodendrocyte_progenitor_2
2,337,targeted_hybrid,astrocyte_1,astrocyte_1
2,2142,targeted_hybrid,oligodendrocyte_progenitor_1,oligodendrocyte_progenitor_1
2,818,targeted_hybrid,endothelial,endothelial
2,2342,targeted_hybrid,oligodendrocyte_progenitor_2,oligodendrocyte_1
2,1686,targeted_hybrid,oligodendrocyte_2,oligodendrocyte_2
2,2914,targeted_hybrid,Schwann_cell,Schwann_cell
2,134,targeted_hybrid,astrocyte_1,astrocyte_2
2,1265,targeted_hybrid,microglia,microglia
2,1481,targeted_hybrid,oligodendrocyte_1,oligodendrocyte_progenitor_2
2,1857,targeted_hybrid,oligodendrocyte_2,oligodendrocyte_2
2,761,targeted_hybrid,astrocyte_2,astrocyte_2
2,962,targeted_hybrid,endothelial,oligodendrocyte_progenitor_2
2,2176,targeted_hybrid,oligodendrocyte_progenitor_2,oligodendrocyte_progenitor_2
2,2875,targeted_hybrid,pericyte,pericyte
2,371,targeted_hybrid,astrocyte_1,astrocyte_1
2,2469,targeted_hybrid,oligodendrocyte_progenitor_2,oligodendrocyte_progenitor_2
2,1845,targeted_hybrid,oligodendrocyte_2,oligodendrocyte_2
2,2724,targeted_hybrid,oligodendrocyte_progenitor_2,endothelial
2,2789,targeted_hybrid,oligodendrocyte_progenitor_2,astrocyte_1
2,2893,targeted_hybrid,peripheral_glia,peripheral_glia
2,2187,targeted_hybrid,oligodendrocyte_progenitor_2,oligodendrocyte_2
2,101,targeted_hybrid,astrocyte_1,oligodendrocyte_1
2,1106,targeted_hybrid,meninges_1,meninges_1
2,1240,targeted_hybrid,microglia,microglia
2,784,targeted_hybrid,endothelial,endothelial
2,2160,targeted_hybrid,oligodendrocyte_progenitor_2,oligodendrocyte_1
2,1542,targeted_hybrid,oligodendrocyte_1,oligodendrocyte_1
2,2463,targeted_hybrid,oligodendrocyte_progenitor_2,oligodendrocyte_2
2,351,targeted_hybrid,astrocyte_1,astrocyte_1
2,1254,targeted_hybrid,microglia,astrocyte_1
2,2195,targeted_hybrid,oligodendrocyte_progenitor_2,oligodendrocyte_1
2,1692,targeted_hybrid,oligodendrocyte_2,oligodendrocyte_2
2,648,targeted_hybrid,astrocyte_2,oligodendrocyte_2
2,2557,targeted_hybrid,oligodendrocyte_progenitor_2,oligodendrocyte_2
2,1308,targeted_hybrid,oligodendrocyte_1,oligodendrocyte_1
2,1527,targeted_hybrid,oligodendrocyte_1,astrocyte_1
2,1835,targeted_hybrid,oligodendrocyte_2,oligodendrocyte_2
2,2229,targeted_hybrid,oligodendrocyte_progenitor_2,oligodendrocyte_progenitor_2
2,884,targeted_hybrid,endothelial,endothelial
2,1662,targeted_hybrid,oligodendrocyte_2,oligodendrocyte_progenitor_2
2,2792,targeted_hybrid,oligodendrocyte_progenitor_2,oligodendrocyte_1
2,601,targeted_hybrid,astrocyte_2,astrocyte_2
2,2872,targeted_hybrid,pericyte,pericyte
2,1772,targeted_hybrid,oligodendrocyte_2,oligodendrocyte_2
2,382,targeted_hybrid,astrocyte_1,astrocyte_1
2,2056,targeted_hybrid,oligodendrocyte_precursor_cell,oligodendrocyte_progenitor_1
2,1370,targeted_hybrid,oligodendrocyte_1,oligodendrocyte_1
2,939,targeted_hybrid,endothelial,endothelial
2,146,targeted_hybrid,astrocyte_1,astrocyte_1
2,506,targeted_hybrid,astrocyte_1,astrocyte_1
2,1135,targeted_hybrid,meninges_1,meninges_1
2,1341,targeted_hybrid,oligodendrocyte_1,oligodendrocyte_1
2,2490,targeted_hybrid,oligodendrocyte_progenitor_2,oligodendrocyte_2
2,2770,targeted_hybrid,oligodendrocyte_progenitor_2,oligodendrocyte_progenitor_2
2,1646,targeted_hybrid,oligodendrocyte_2,oligodendrocyte_1
2,2863,targeted_hybrid,pericyte,pericyte
2,2427,targeted_hybrid,oligodendrocyte_progenitor_2,oligodendrocyte_progenitor_2
2,2255,targeted_hybrid,oligodendrocyte_progenitor_2,oligodendrocyte_2
2,1924,targeted_hybrid,oligodendrocyte_2,oligodendrocyte_2
2,2716,targeted_hybrid,oligodendrocyte_progenitor_2,oligodendrocyte_progenitor_2
2,1251,targeted_hybrid,microglia,microglia
2,859,targeted_hybrid,endothelial,endothelial
2,493,targeted_hybrid,astrocyte_1,oligodendrocyte_precursor_cell
2,2868,targeted_hybrid,pericyte,astrocyte_1
2,226,targeted_hybrid,astrocyte_1,astrocyte_1
2,1154,targeted_hybrid,meninges_1,meninges_1
2,2744,targeted_hybrid,oligodendrocyte_progenitor_2,oligodendrocyte_1
2,1407,targeted_hybrid,oligodendrocyte_1,oligodendrocyte_1
2,2204,targeted_hybrid,oligodendrocyte_progenitor_2,meninges_1
2,2533,targeted_hybrid,oligodendrocyte_progenitor_2,oligodendrocyte_2
2,2145,targeted_hybrid,oligodendrocyte_progenitor_2,oligodendrocyte_progenitor_2
2,915,targeted_hybrid,endothelial,oligodendrocyte_2
2,1419,targeted_hybrid,oligodendrocyte_1,microglia
2,514,targeted_hybrid,astrocyte_1,astrocyte_1
2,2797,targeted_hybrid,oligodendrocyte_progenitor_2,oligodendrocyte_progenitor_2
2,2426,targeted_hybrid,oligodendrocyte_progenitor_2,oligodendrocyte_progenitor_2
2,773,targeted_hybrid,endothelial,endothelial
2,1843,targeted_hybrid,oligodendrocyte_2,oligodendrocyte_2
2,894,targeted_hybrid,endothelial,endothelial
2,1226,targeted_hybrid,meninges_3,meninges_3
2,248,targeted_hybrid,astrocyte_1,astrocyte_1
2,339,targeted_hybrid,astrocyte_1,astrocyte_1
2,246,targeted_hybrid,astrocyte_1,astrocyte_1
2,1343,targeted_hybrid,oligodendrocyte_1,oligodendrocyte_progenitor_2
2,2326,targeted_hybrid,oligodendrocyte_progenitor_2,astrocyte_1
2,1822,targeted_hybrid,oligodendrocyte_2,oligodendrocyte_2
2,2418,targeted_hybrid,oligodendrocyte_progenitor_2,oligodendrocyte_progenitor_2
2,2628,targeted_hybrid,oligodendrocyte_progenitor_2,oligodendrocyte_progenitor_2
2,2804,targeted_hybrid,oligodendrocyte_progenitor_2,oligodendrocyte_progenitor_2
2,1728,targeted_hybrid,oligodendrocyte_2,oligodendrocyte_2
2,955,targeted_hybrid,endothelial,endothelial
2,2286,targeted_hybrid,oligodendrocyte_progenitor_2,oligodendrocyte_progenitor_2
2,2362,targeted_hybrid,oligodendrocyte_progenitor_2,oligodendrocyte_progenitor_2
2,2813,targeted_hybrid,oligodendrocyte_progenitor_2,astrocyte_1
2,1269,targeted_hybrid,microglia,microglia
2,2476,targeted_hybrid,oligodendrocyte_progenitor_2,oligodendrocyte_progenitor_2
2,128,targeted_hybrid,astrocyte_1,astrocyte_1
2,2135,targeted_hybrid,oligodendrocyte_progenitor_1,oligodendrocyte_precursor_cell
2,957,targeted_hybrid,endothelial,endothelial
2,441,targeted_hybrid,astrocyte_1,astrocyte_1
2,2043,targeted_hybrid,oligodendrocyte_precursor_cell,oligodendrocyte_precursor_cell
2,500,targeted_hybrid,astrocyte_1,astrocyte_2
2,1472,targeted_hybrid,oligodendrocyte_1,oligodendrocyte_1
2,1785,targeted_hybrid,oligodendrocyte_2,oligodendrocyte_2
2,2525,targeted_hybrid,oligodendrocyte_progenitor_2,oligodendrocyte_progenitor_2
2,1990,targeted_hybrid,oligodendrocyte_precursor_cell,oligodendrocyte_precursor_cell
2,235,targeted_hybrid,astrocyte_1,astrocyte_1
2,2583,targeted_hybrid,oligodendrocyte_progenitor_2,oligodendrocyte_progenitor_2
2,1470,targeted_hybrid,oligodendrocyte_1,oligodendrocyte_2
2,1993,targeted_hybrid,oligodendrocyte_precursor_cell,oligodendrocyte_precursor_cell
2,754,targeted_hybrid,astrocyte_2,astrocyte_2
2,1366,targeted_hybrid,oligodendrocyte_1,astrocyte_1
2,393,targeted_hybrid,astrocyte_1,astrocyte_1
2,2688,targeted_hybrid,oligodendrocyte_progenitor_2,oligodendrocyte_1
2,636,targeted_hybrid,astrocyte_2,astrocyte_1
2,2543,targeted_hybrid,oligodendrocyte_progenitor_2,oligodendrocyte_progenitor_2
2,2114,targeted_hybrid,oligodendrocyte_progenitor_1,astrocyte_1
2,1293,targeted_hybrid,microglia,microglia
2,1406,targeted_hybrid,oligodendrocyte_1,oligodendrocyte_progenitor_2
2,2457,targeted_hybrid,oligodendrocyte_progenitor_2,oligodendrocyte_progenitor_2
2,2803,targeted_hybrid,oligodendrocyte_progenitor_2,oligodendrocyte_2
2,992,targeted_hybrid,endothelial,astrocyte_1
2,2508,targeted_hybrid,oligodendrocyte_progenitor_2,oligodendrocyte_progenitor_2
2,281,targeted_hybrid,astrocyte_1,astrocyte_1
2,1971,targeted_hybrid,oligodendrocyte_2,oligodendrocyte_progenitor_2
2,685,targeted_hybrid,astrocyte_2,oligodendrocyte_2
2,738,targeted_hybrid,astrocyte_2,astrocyte_2
2,2811,targeted_hybrid,oligodendrocyte_progenitor_2,oligodendrocyte_progenitor_2
2,2220,targeted_hybrid,oligodendrocyte_progenitor_2,oligodendrocyte_progenitor_2
2,1797,targeted_hybrid,oligodendrocyte_2,oligodendrocyte_2
2,974,targeted_hybrid,endothelial,endothelial
2,1709,targeted_hybrid,oligodendrocyte_2,oligodendrocyte_2
2,1744,targeted_hybrid,oligodendrocyte_2,oligodendrocyte_2
2,716,targeted_hybrid,astrocyte_2,oligodendrocyte_progenitor_2
2,2003,targeted_hybrid,oligodendrocyte_precursor_cell,oligodendrocyte_2
2,2723,targeted_hybrid,oligodendrocyte_progenitor_2,oligodendrocyte_2
2,1140,targeted_hybrid,meninges_1,meninges_1
2,1984,targeted_hybrid,oligodendrocyte_precursor_cell,astrocyte_1
2,2033,targeted_hybrid,oligodendrocyte_precursor_cell,oligodendrocyte_precursor_cell
2,1667,targeted_hybrid,oligodendrocyte_2,oligodendrocyte_2
2,1503,targeted_hybrid,oligodendrocyte_1,oligodendrocyte_1
2,1672,targeted_hybrid,oligodendrocyte_2,oligodendrocyte_2
2,2035,targeted_hybrid,oligodendrocyte_precursor_cell,oligodendrocyte_precursor_cell
2,1060,targeted_hybrid,endothelial,endothelial
2,881,targeted_hybrid,endothelial,endothelial
2,82,targeted_hybrid,astrocyte_1,astrocyte_1
2,530,targeted_hybrid,astrocyte_1,astrocyte_1
2,1806,targeted_hybrid,oligodendrocyte_2,oligodendrocyte_2
2,1058,targeted_hybrid,endothelial,astrocyte_1
2,1039,targeted_hybrid,endothelial,endothelial
2,1175,targeted_hybrid,meninges_2,meninges_2
3,538,genes_volume,astrocyte_1,astrocyte_1
3,2265,genes_volume,oligodendrocyte_progenitor_2,oligodendrocyte_progenitor_2
3,1905,genes_volume,oligodendrocyte_2,oligodendrocyte_2
3,2319,genes_volume,oligodendrocyte_progenitor_2,oligodendrocyte_progenitor_2
3,2095,genes_volume,oligodendrocyte_progenitor_1,oligodendrocyte_progenitor_1
3,868,genes_volume,endothelial,endothelial
3,2047,genes_volume,oligodendrocyte_precursor_cell,astrocyte_1
3,1290,genes_volume,microglia,microglia
3,1117,genes_volume,meninges_1,meninges_1
3,1491,genes_volume,oligodendrocyte_1,oligodendrocyte_progenitor_2
3,1425,genes_volume,oligodendrocyte_1,oligodendrocyte_progenitor_2
3,1692,genes_volume,oligodendrocyte_2,oligodendrocyte_2
3,689,genes_volume,astrocyte_2,astrocyte_2
3,1645,genes_volume,oligodendrocyte_2,oligodendrocyte_2
3,1518,genes_volume,oligodendrocyte_1,astrocyte_1
3,2213,genes_volume,oligodendrocyte_progenitor_2,oligodendrocyte_progenitor_2
3,64,genes_volume,astrocyte_1,astrocyte_1
3,1377,genes_volume,oligodendrocyte_1,oligodendrocyte_progenitor_2
3,2626,genes_volume,oligodendrocyte_progenitor_2,oligodendrocyte_progenitor_2
3,1341,genes_volume,oligodendrocyte_1,oligodendrocyte_progenitor_2
3,1598,genes_volume,oligodendrocyte_2,oligodendrocyte_progenitor_2
3,2880,genes_volume,pericyte,pericyte
3,2149,genes_volume,oligodendrocyte_progenitor_2,oligodendrocyte_progenitor_2
3,1571,genes_volume,oligodendrocyte_2,oligodendrocyte_2
3,2274,genes_volume,oligodendrocyte_progenitor_2,oligodendrocyte_1
3,2157,genes_volume,oligodendrocyte_progenitor_2,oligodendrocyte_progenitor_2
3,2035,genes_volume,oligodendrocyte_precursor_cell,oligodendrocyte_precursor_cell
3,2622,genes_volume,oligodendrocyte_progenitor_2,oligodendrocyte_1
3,532,genes_volume,astrocyte_1,astrocyte_1
3,1331,genes_volume,oligodendrocyte_1,oligodendrocyte_progenitor_2
3,2416,genes_volume,oligodendrocyte_progenitor_2,oligodendrocyte_progenitor_2
3,153,genes_volume,astrocyte_1,astrocyte_1
3,727,genes_volume,astrocyte_2,astrocyte_1
3,2125,genes_volume,oligodendrocyte_progenitor_1,oligodendrocyte_precursor_cell
3,558,genes_volume,astrocyte_1,astrocyte_1
3,1790,genes_volume,oligodendrocyte_2,oligodendrocyte_2
3,1025,genes_volume,endothelial,oligodendrocyte_2
3,1520,genes_volume,oligodendrocyte_1,oligodendrocyte_progenitor_2
3,2191,genes_volume,oligodendrocyte_progenitor_2,oligodendrocyte_progenitor_2
3,742,genes_volume,astrocyte_2,astrocyte_2
3,1430,genes_volume,oligodendrocyte_1,oligodendrocyte_2
3,970,genes_volume,endothelial,endothelial
3,1211,genes_volume,meninges_3,meninges_1
3,4,genes_volume,astrocyte_1,astrocyte_1
3,457,genes_volume,astrocyte_1,astrocyte_1
3,1359,genes_volume,oligodendrocyte_1,oligodendrocyte_progenitor_2
3,1689,genes_volume,oligodendrocyte_2,oligodendrocyte_2
3,2679,genes_volume,oligodendrocyte_progenitor_2,oligodendrocyte_progenitor_2
3,1997,genes_volume,oligodendrocyte_precursor_cell,endothelial
3,1080,genes_volume,endothelial,endothelial
3,1065,genes_volume,endothelial,endothelial
3,687,genes_volume,astrocyte_2,astrocyte_2
3,2165,genes_volume,oligodendrocyte_progenitor_2,oligodendrocyte_progenitor_2
3,509,genes_volume,astrocyte_1,oligodendrocyte_progenitor_2
3,1876,genes_volume,oligodendrocyte_2,oligodendrocyte_2
3,256,genes_volume,astrocyte_1,astrocyte_1
3,2759,genes_volume,oligodendrocyte_progenitor_2,oligodendrocyte_progenitor_2
3,1730,genes_volume,oligodendrocyte_2,oligodendrocyte_2
3,493,genes_volume,astrocyte_1,oligodendrocyte_precursor_cell
3,1821,genes_volume,oligodendrocyte_2,oligodendrocyte_2
3,672,genes_volume,astrocyte_2,oligodendrocyte_progenitor_2
3,1228,genes_volume,meninges_3,meninges_2
3,1378,genes_volume,oligodendrocyte_1,oligodendrocyte_1
3,946,genes_volume,endothelial,endothelial
3,1583,genes_volume,oligodendrocyte_2,oligodendrocyte_2
3,676,genes_volume,astrocyte_2,astrocyte_2
3,379,genes_volume,astrocyte_1,astrocyte_1
3,1153,genes_volume,meninges_1,meninges_1
3,1440,genes_volume,oligodendrocyte_1,oligodendrocyte_progenitor_2
3,2805,genes_volume,oligodendrocyte_progenitor_2,oligodendrocyte_1
3,1009,genes_volume,endothelial,oligodendrocyte_progenitor_2
3,619,genes_volume,astrocyte_2,astrocyte_2
3,2940,genes_volume,Schwann_cell,Schwann_cell
3,1063,genes_volume,endothelial,endothelial
3,2100,genes_volume,oligodendrocyte_progenitor_1,oligodendrocyte_precursor_cell
3,2689,genes_volume,oligodendrocyte_progenitor_2,oligodendrocyte_progenitor_2
3,2706,genes_volume,oligodendrocyte_progenitor_2,oligodendrocyte_progenitor_2
3,1385,genes_volume,oligodendrocyte_1,oligodendrocyte_progenitor_2
3,752,genes_volume,astrocyte_2,astrocyte_2
3,188,genes_volume,astrocyte_1,astrocyte_1
3,2593,genes_volume,oligodendrocyte_progenitor_2,oligodendrocyte_progenitor_2
3,966,genes_volume,endothelial,endothelial
3,1906,genes_volume,oligodendrocyte_2,oligodendrocyte_2
3,2676,genes_volume,oligodendrocyte_progenitor_2,oligodendrocyte_progenitor_2
3,2730,genes_volume,oligodendrocyte_progenitor_2,oligodendrocyte_progenitor_2
3,2395,genes_volume,oligodendrocyte_progenitor_2,oligodendrocyte_progenitor_2
3,736,genes_volume,astrocyte_2,astrocyte_1
3,137,genes_volume,astrocyte_1,astrocyte_1
3,692,genes_volume,astrocyte_2,astrocyte_2
3,1499,genes_volume,oligodendrocyte_1,oligodendrocyte_progenitor_2
3,2297,genes_volume,oligodendrocyte_progenitor_2,oligodendrocyte_progenitor_2
3,2778,genes_volume,oligodendrocyte_progenitor_2,oligodendrocyte_progenitor_2
3,1502,genes_volume,oligodendrocyte_1,astrocyte_1
3,2888,genes_volume,peripheral_glia,Schwann_cell
3,1450,genes_volume,oligodendrocyte_1,oligodendrocyte_1
3,673,genes_volume,astrocyte_2,oligodendrocyte_progenitor_2
3,2007,genes_volume,oligodendrocyte_precursor_cell,oligodendrocyte_precursor_cell
3,1456,genes_volume,oligodendrocyte_1,oligodendrocyte_progenitor_2
3,1543,genes_volume,oligodendrocyte_1,oligodendrocyte_progenitor_2
3,505,genes_volume,astrocyte_1,astrocyte_1
3,2318,genes_volume,oligodendrocyte_progenitor_2,endothelial
3,914,genes_volume,endothelial,astrocyte_1
3,1802,genes_volume,oligodendrocyte_2,microglia
3,2839,genes_volume,oligodendrocyte_progenitor_2,endothelial
3,2654,genes_volume,oligodendrocyte_progenitor_2,oligodendrocyte_progenitor_2
3,2949,genes_volume,Schwann_cell,Schwann_cell
3,2851,genes_volume,pericyte,pericyte
3,2051,genes_volume,oligodendrocyte_precursor_cell,oligodendrocyte_precursor_cell
3,1307,genes_volume,oligodendrocyte_1,oligodendrocyte_progenitor_2
3,2096,genes_volume,oligodendrocyte_progenitor_1,oligodendrocyte_progenitor_1
3,376,genes_volume,astrocyte_1,astrocyte_1
3,2780,genes_volume,oligodendrocyte_progenitor_2,astrocyte_1
3,284,genes_volume,astrocyte_1,astrocyte_1
3,2404,genes_volume,oligodendrocyte_progenitor_2,oligodendrocyte_progenitor_2
3,2470,genes_volume,oligodendrocyte_progenitor_2,oligodendrocyte_progenitor_2
3,895,genes_volume,endothelial,oligodendrocyte_progenitor_2
3,1039,genes_volume,endothelial,endothelial
3,855,genes_volume,endothelial,endothelial
3,1815,genes_volume,oligodendrocyte_2,oligodendrocyte_2
3,281,genes_volume,astrocyte_1,astrocyte_1
3,2735,genes_volume,oligodendrocyte_progenitor_2,oligodendrocyte_progenitor_2
3,1230,genes_volume,microglia,microglia
3,2819,genes_volume,oligodendrocyte_progenitor_2,oligodendrocyte_progenitor_2
3,2270,genes_volume,oligodendrocyte_progenitor_2,oligodendrocyte_progenitor_2
3,2862,genes_volume,pericyte,endothelial
3,1001,genes_volume,endothelial,endothelial
3,1237,genes_volume,microglia,microglia
3,1695,genes_volume,oligodendrocyte_2,oligodendrocyte_2
3,908,genes_volume,endothelial,endothelial
3,2646,genes_volume,oligodendrocyte_progenitor_2,oligodendrocyte_progenitor_2
3,782,genes_volume,endothelial,endothelial
3,2643,genes_volume,oligodendrocyte_progenitor_2,oligodendrocyte_progenitor_2
3,2227,genes_volume,oligodendrocyte_progenitor_2,oligodendrocyte_progenitor_2
3,243,genes_volume,astrocyte_1,astrocyte_1
3,237,genes_volume,astrocyte_1,astrocyte_1
3,43,genes_volume,astrocyte_1,astrocyte_1
3,1675,genes_volume,oligodendrocyte_2,oligodendrocyte_2
3,223,genes_volume,astrocyte_1,astrocyte_1
3,802,genes_volume,endothelial,endothelial
3,2068,genes_volume,oligodendrocyte_precursor_cell,astrocyte_1
3,2114,genes_volume,oligodendrocyte_progenitor_1,astrocyte_1
3,682,genes_volume,astrocyte_2,astrocyte_2
3,1673,genes_volume,oligodendrocyte_2,oligodendrocyte_2
3,2752,genes_volume,oligodendrocyte_progenitor_2,oligodendrocyte_progenitor_2
3,568,genes_volume,astrocyte_1,astrocyte_1
3,1971,genes_volume,oligodendrocyte_2,oligodendrocyte_progenitor_2
3,2935,genes_volume,Schwann_cell,Schwann_cell
3,1224,genes_volume,meninges_3,meninges_2
3,2388,genes_volume,oligodendrocyte_progenitor_2,oligodendrocyte_progenitor_2
3,1403,genes_volume,oligodendrocyte_1,oligodendrocyte_progenitor_2
3,291,genes_volume,astrocyte_1,astrocyte_1
3,1316,genes_volume,oligodendrocyte_1,oligodendrocyte_progenitor_2
3,990,genes_volume,endothelial,oligodendrocyte_2
3,2623,genes_volume,oligodendrocyte_progenitor_2,oligodendrocyte_progenitor_2
3,1879,genes_volume,oligodendrocyte_2,oligodendrocyte_2
3,1088,genes_volume,endothelial,astrocyte_1
3,68,genes_volume,astrocyte_1,astrocyte_1
3,2156,genes_volume,oligodendrocyte_progenitor_2,oligodendrocyte_progenitor_2
3,206,genes_volume,astrocyte_1,astrocyte_1
3,1881,genes_volume,oligodendrocyte_2,oligodendrocyte_2
3,1375,genes_volume,oligodendrocyte_1,oligodendrocyte_1
3,251,genes_volume,astrocyte_1,astrocyte_1
3,785,genes_volume,endothelial,endothelial
3,1118,genes_volume,meninges_1,pericyte
3,584,genes_volume,astrocyte_2,astrocyte_2
3,154,genes_volume,astrocyte_1,astrocyte_1
3,2422,genes_volume,oligodendrocyte_progenitor_2,oligodendrocyte_progenitor_2
3,2811,genes_volume,oligodendrocyte_progenitor_2,oligodendrocyte_progenitor_2
3,887,genes_volume,endothelial,astrocyte_1
3,531,genes_volume,astrocyte_1,astrocyte_1
3,1250,genes_volume,microglia,microglia
3,1994,genes_volume,oligodendrocyte_precursor_cell,oligodendrocyte_precursor_cell
3,2864,genes_volume,pericyte,astrocyte_1
3,2124,genes_volume,oligodendrocyte_progenitor_1,oligodendrocyte_precursor_cell
3,1284,genes_volume,microglia,microglia
3,2142,genes_volume,oligodendrocyte_progenitor_1,oligodendrocyte_progenitor_2
3,2343,genes_volume,oligodendrocyte_progenitor_2,oligodendrocyte_progenitor_2
3,649,genes_volume,astrocyte_2,astrocyte_2
3,2726,genes_volume,oligodendrocyte_progenitor_2,oligodendrocyte_progenitor_2
3,2400,genes_volume,oligodendrocyte_progenitor_2,oligodendrocyte_progenitor_2
3,2064,genes_volume,oligodendrocyte_precursor_cell,oligodendrocyte_precursor_cell
3,807,genes_volume,endothelial,endothelial
3,1908,genes_volume,oligodendrocyte_2,oligodendrocyte_2
3,2614,genes_volume,oligodendrocyte_progenitor_2,oligodendrocyte_progenitor_2
3,211,genes_volume,astrocyte_1,astrocyte_1
3,965,genes_volume,endothelial,endothelial
3,173,genes_volume,astrocyte_1,astrocyte_1
3,640,genes_volume,astrocyte_2,meninges_1
3,1199,genes_volume,meninges_2,meninges_1
3,2110,genes_volume,oligodendrocyte_progenitor_1,oligodendrocyte_progenitor_1
3,1780,genes_volume,oligodendrocyte_2,oligodendrocyte_2
3,890,genes_volume,endothelial,astrocyte_1
3,1871,genes_volume,oligodendrocyte_2,oligodendrocyte_2
3,517,genes_volume,astrocyte_1,astrocyte_1
3,314,genes_volume,astrocyte_1,astrocyte_1
3,1973,genes_volume,oligodendrocyte_2,oligodendrocyte_2
3,2382,genes_volume,oligodendrocyte_progenitor_2,oligodendrocyte_progenitor_2
3,1623,genes_volume,oligodendrocyte_2,oligodendrocyte_progenitor_2
3,992,genes_volume,endothelial,astrocyte_1
3,2253,genes_volume,oligodendrocyte_progenitor_2,oligodendrocyte_2
3,1348,genes_volume,oligodendrocyte_1,oligodendrocyte_progenitor_2
3,1232,genes_volume,microglia,oligodendrocyte_1
3,2127,genes_volume,oligodendrocyte_progenitor_1,oligodendrocyte_precursor_cell
3,240,genes_volume,astrocyte_1,astrocyte_1
3,1861,genes_volume,oligodendrocyte_2,oligodendrocyte_2
3,1781,genes_volume,oligodendrocyte_2,oligodendrocyte_2
3,1243,genes_volume,microglia,oligodendrocyte_progenitor_2
3,2060,genes_volume,oligodendrocyte_precursor_cell,oligodendrocyte_precursor_cell
3,469,genes_volume,astrocyte_1,astrocyte_1
3,98,genes_volume,astrocyte_1,astrocyte_1
3,2800,genes_volume,oligodendrocyte_progenitor_2,oligodendrocyte_progenitor_2
3,1480,genes_volume,oligodendrocyte_1,oligodendrocyte_progenitor_2
3,915,genes_volume,endothelial,oligodendrocyte_2
3,186,genes_volume,astrocyte_1,oligodendrocyte_2
3,1552,genes_volume,oligodendrocyte_1,oligodendrocyte_progenitor_2
3,728,genes_volume,astrocyte_2,oligodendrocyte_1
3,499,genes_volume,astrocyte_1,oligodendrocyte_1
3,418,genes_volume,astrocyte_1,astrocyte_1
3,2631,genes_volume,oligodendrocyte_progenitor_2,oligodendrocyte_progenitor_2
3,199,genes_volume,astrocyte_1,astrocyte_1
3,1056,genes_volume,endothelial,endothelial
3,588,genes_volume,astrocyte_2,oligodendrocyte_1
3,87,genes_volume,astrocyte_1,astrocyte_1
3,315,genes_volume,astrocyte_1,oligodendrocyte_progenitor_2
3,2242,genes_volume,oligodendrocyte_progenitor_2,oligodendrocyte_progenitor_2
3,1371,genes_volume,oligodendrocyte_1,oligodendrocyte_progenitor_2
3,2071,genes_volume,oligodendrocyte_precursor_cell,oligodendrocyte_precursor_cell
3,769,genes_volume,endothelial,endothelial
3,360,genes_volume,astrocyte_1,oligodendrocyte_progenitor_2
3,382,genes_volume,astrocyte_1,astrocyte_1
3,2517,genes_volume,oligodendrocyte_progenitor_2,oligodendrocyte_progenitor_2
3,2637,genes_volume,oligodendrocyte_progenitor_2,oligodendrocyte_progenitor_2
3,44,genes_volume,astrocyte_1,astrocyte_1
3,1146,genes_volume,meninges_1,meninges_1
3,1143,genes_volume,meninges_1,meninges_1
3,1109,genes_volume,meninges_1,pericyte
3,486,genes_volume,astrocyte_1,astrocyte_1
3,1418,genes_volume,oligodendrocyte_1,oligodendrocyte_1
3,189,genes_volume,astrocyte_1,oligodendrocyte_precursor_cell
3,2402,genes_volume,oligodendrocyte_progenitor_2,oligodendrocyte_progenitor_2
3,1335,genes_volume,oligodendrocyte_1,oligodendrocyte_1
3,115,genes_volume,astrocyte_1,astrocyte_1
3,2739,genes_volume,oligodendrocyte_progenitor_2,oligodendrocyte_progenitor_2
3,208,genes_volume,astrocyte_1,endothelial
3,459,genes_volume,astrocyte_1,astrocyte_1
3,2456,genes_volume,oligodendrocyte_progenitor_2,oligodendrocyte_progenitor_2
3,1643,genes_volume,oligodendrocyte_2,oligodendrocyte_2
3,1301,genes_volume,oligodendrocyte_1,astrocyte_1
3,2247,genes_volume,oligodendrocyte_progenitor_2,oligodendrocyte_progenitor_2
3,1175,genes_volume,meninges_2,meninges_2
3,2918,genes_volume,Schwann_cell,Schwann_cell
3,881,genes_volume,endothelial,endothelial
3,1789,genes_volume,oligodendrocyte_2,oligodendrocyte_2
3,2709,genes_volume,oligodendrocyte_progenitor_2,oligodendrocyte_progenitor_2
3,1918,genes_volume,oligodendrocyte_2,oligodendrocyte_2
3,747,genes_volume,astrocyte_2,astrocyte_2
3,346,genes_volume,astrocyte_1,astrocyte_1
3,603,genes_volume,astrocyte_2,astrocyte_1
3,2116,genes_volume,oligodendrocyte_progenitor_1,oligodendrocyte_precursor_cell
3,1697,genes_volume,oligodendrocyte_2,oligodendrocyte_progenitor_2
3,2732,genes_volume,oligodendrocyte_progenitor_2,astrocyte_1
3,751,genes_volume,astrocyte_2,astrocyte_1
3,2057,genes_volume,oligodendrocyte_precursor_cell,oligodendrocyte_precursor_cell
3,1142,genes_volume,meninges_1,oligodendrocyte_progenitor_2
3,1949,genes_volume,oligodendrocyte_2,oligodendrocyte_2
3,1600,genes_volume,oligodendrocyte_2,oligodendrocyte_2
3,1476,genes_volume,oligodendrocyte_1,oligodendrocyte_progenitor_2
3,1951,genes_volume,oligodendrocyte_2,oligodendrocyte_2
3,1245,genes_volume,microglia,microglia
3,1277,genes_volume,microglia,oligodendrocyte_2
3,1837,genes_volume,oligodendrocyte_2,oligodendrocyte_2
3,1292,genes_volume,microglia,microglia
3,2682,genes_volume,oligodendrocyte_progenitor_2,oligodendrocyte_2
3,1167,genes_volume,meninges_1,meninges_1
3,2406,genes_volume,oligodendrocyte_progenitor_2,oligodendrocyte_progenitor_2
3,688,genes_volume,astrocyte_2,astrocyte_1
3,224,genes_volume,astrocyte_1,astrocyte_1
3,737,genes_volume,astrocyte_2,astrocyte_1
3,259,genes_volume,astrocyte_1,astrocyte_1
3,1726,genes_volume,oligodendrocyte_2,oligodendrocyte_2
3,1896,genes_volume,oligodendrocyte_2,oligodendrocyte_2
3,922,genes_volume,endothelial,endothelial
3,1557,genes_volume,oligodendrocyte_1,oligodendrocyte_2
3,2367,genes_volume,oligodendrocyte_progenitor_2,oligodendrocyte_progenitor_2
3,417,genes_volume,astrocyte_1,astrocyte_1
3,2929,genes_volume,Schwann_cell,Schwann_cell
3,2086,genes_volume,oligodendrocyte_precursor_cell,oligodendrocyte_precursor_cell
3,635,genes_volume,astrocyte_2,oligodendrocyte_progenitor_2
3,398,genes_volume,astrocyte_1,astrocyte_1
3,2276,genes_volume,oligodendrocyte_progenitor_2,oligodendrocyte_progenitor_2
3,1253,genes_volume,microglia,microglia
3,1368,genes_volume,oligodendrocyte_1,endothelial
3,2671,genes_volume,oligodendrocyte_progenitor_2,oligodendrocyte_2
3,2847,genes_volume,pericyte,astrocyte_1
3,1826,genes_volume,oligodendrocyte_2,oligodendrocyte_2
3,2216,genes_volume,oligodendrocyte_progenitor_2,oligodendrocyte_progenitor_2
3,2316,genes_volume,oligodendrocyte_progenitor_2,oligodendrocyte_progenitor_2
3,2212,genes_volume,oligodendrocyte_progenitor_2,oligodendrocyte_progenitor_2
3,213,genes_volume,astrocyte_1,astrocyte_1
3,2139,genes_volume,oligodendrocyte_progenitor_1,oligodendrocyte_precursor_cell
3,2313,genes_volume,oligodendrocyte_progenitor_2,oligodendrocyte_progenitor_2
3,299,genes_volume,astrocyte_1,astrocyte_1
3,343,genes_volume,astrocyte_1,astrocyte_1
3,853,genes_volume,endothelial,endothelial
3,2748,genes_volume,oligodendrocyte_progenitor_2,oligodendrocyte_progenitor_2
3,1524,genes_volume,oligodendrocyte_1,oligodendrocyte_progenitor_2
3,2618,genes_volume,oligodendrocyte_progenitor_2,oligodendrocyte_progenitor_2
3,2490,genes_volume,oligodendrocyte_progenitor_2,oligodendrocyte_2
3,811,genes_volume,endothelial,endothelial
3,2354,genes_volume,oligodendrocyte_progenitor_2,oligodendrocyte_2
3,1417,genes_volume,oligodendrocyte_1,oligodendrocyte_progenitor_2
3,341,genes_volume,astrocyte_1,astrocyte_1
3,2267,genes_volume,oligodendrocyte_progenitor_2,oligodendrocyte_progenitor_2
3,2029,genes_volume,oligodendrocyte_precursor_cell,astrocyte_1
3,1529,genes_volume,oligodendrocyte_1,oligodendrocyte_1
3,1327,genes_volume,oligodendrocyte_1,astrocyte_1
3,1610,genes_volume,oligodendrocyte_2,oligodendrocyte_2
3,962,genes_volume,endothelial,oligodendrocyte_progenitor_2
3,1528,genes_volume,oligodendrocyte_1,oligodendrocyte_progenitor_2
3,2878,genes_volume,pericyte,pericyte
3,797,genes_volume,endothelial,endothelial
3,2549,genes_volume,oligodendrocyte_progenitor_2,astrocyte_1
3,168,genes_volume,astrocyte_1,astrocyte_1
3,2694,genes_volume,oligodendrocyte_progenitor_2,astrocyte_1
3,2948,genes_volume,Schwann_cell,Schwann_cell
3,2731,genes_volume,oligodendrocyte_progenitor_2,oligodendrocyte_progenitor_2
3,119,genes_volume,astrocyte_1,astrocyte_1
3,2018,genes_volume,oligodendrocyte_precursor_cell,endothelial
3,1550,genes_volume,oligodendrocyte_1,oligodendrocyte_progenitor_2
3,357,genes_volume,astrocyte_1,astrocyte_2
3,677,genes_volume,astrocyte_2,astrocyte_2
3,1608,genes_volume,oligodendrocyte_2,oligodendrocyte_2
3,221,genes_volume,astrocyte_1,astrocyte_1
3,2106,genes_volume,oligodendrocyte_progenitor_1,endothelial
3,69,genes_volume,astrocyte_1,astrocyte_1
3,177,genes_volume,astrocyte_1,astrocyte_1
3,1579,genes_volume,oligodendrocyte_2,oligodendrocyte_progenitor_2
3,851,genes_volume,endothelial,endothelial
3,2160,genes_volume,oligodendrocyte_progenitor_2,oligodendrocyte_1
3,118,genes_volume,astrocyte_1,astrocyte_1
3,1649,genes_volume,oligodendrocyte_2,oligodendrocyte_2
3,1006,genes_volume,endothelial,astrocyte_1
3,2039,genes_volume,oligodendrocyte_precursor_cell,oligodendrocyte_progenitor_2
3,2126,genes_volume,oligodendrocyte_progenitor_1,oligodendrocyte_precursor_cell
3,852,genes_volume,endothelial,astrocyte_1
3,2043,genes_volume,oligodendrocyte_precursor_cell,oligodendrocyte_precursor_cell
3,1681,genes_volume,oligodendrocyte_2,oligodendrocyte_1
3,2577,genes_volume,oligodendrocyte_progenitor_2,oligodendrocyte_2
3,630,genes_volume,astrocyte_2,astrocyte_2
3,428,genes_volume,astrocyte_1,astrocyte_1
3,7,genes_volume,astrocyte_1,astrocyte_1
3,234,genes_volume,astrocyte_1,astrocyte_1
3,217,genes_volume,astrocyte_1,astrocyte_1
3,1998,genes_volume,oligodendrocyte_precursor_cell,astrocyte_1
3,1846,genes_volume,oligodendrocyte_2,oligodendrocyte_2
3,1941,genes_volume,oligodendrocyte_2,oligodendrocyte_2
3,780,genes_volume,endothelial,endothelial
3,656,genes_volume,astrocyte_2,astrocyte_2
3,280,genes_volume,astrocyte_1,oligodendrocyte_progenitor_2
3,812,genes_volume,endothelial,astrocyte_1
3,2032,genes_volume,oligodendrocyte_precursor_cell,astrocyte_1
3,983,genes_volume,endothelial,endothelial
3,2364,genes_volume,oligodendrocyte_progenitor_2,oligodendrocyte_progenitor_2
3,1115,genes_volume,meninges_1,oligodendrocyte_progenitor_2
3,2350,genes_volume,oligodendrocyte_progenitor_2,oligodendrocyte_progenitor_2
3,1902,genes_volume,oligodendrocyte_2,oligodendrocyte_2
3,88,genes_volume,astrocyte_1,astrocyte_1
3,1185,genes_volume,meninges_2,meninges_1
3,1326,genes_volume,oligodendrocyte_1,astrocyte_1
3,2192,genes_volume,oligodendrocyte_progenitor_2,oligodendrocyte_progenitor_2
3,1706,genes_volume,oligodendrocyte_2,oligodendrocyte_progenitor_2
3,81,genes_volume,astrocyte_1,astrocyte_1
3,429,genes_volume,astrocyte_1,oligodendrocyte_progenitor_2
3,1436,genes_volume,oligodendrocyte_1,oligodendrocyte_progenitor_2
3,654,genes_volume,astrocyte_2,astrocyte_2
3,2930,genes_volume,Schwann_cell,Schwann_cell
3,641,genes_volume,astrocyte_2,astrocyte_2
3,1373,genes_volume,oligodendrocyte_1,oligodendrocyte_progenitor_2
3,1494,genes_volume,oligodendrocyte_1,oligodendrocyte_progenitor_2
3,1008,genes_volume,endothelial,astrocyte_1
3,870,genes_volume,endothelial,endothelial
3,1765,genes_volume,oligodendrocyte_2,oligodendrocyte_2
3,2050,genes_volume,oligodendrocyte_precursor_cell,oligodendrocyte_2
3,1682,genes_volume,oligodendrocyte_2,oligodendrocyte_2
3,602,genes_volume,astrocyte_2,astrocyte_1
3,1310,genes_volume,oligodendrocyte_1,oligodendrocyte_2
3,2028,genes_volume,oligodendrocyte_precursor_cell,microglia
3,1058,genes_volume,endothelial,astrocyte_1
3,80,genes_volume,astrocyte_1,astrocyte_1
3,921,genes_volume,endothelial,oligodendrocyte_progenitor_2
3,350,genes_volume,astrocyte_1,astrocyte_1
3,2393,genes_volume,oligodendrocyte_progenitor_2,oligodendrocyte_progenitor_2
3,926,genes_volume,endothelial,endothelial
3,1252,genes_volume,microglia,oligodendrocyte_2
3,2020,genes_volume,oligodendrocyte_precursor_cell,oligodendrocyte_1
3,1532,genes_volume,oligodendrocyte_1,oligodendrocyte_progenitor_2
3,225,genes_volume,astrocyte_1,astrocyte_1
3,347,genes_volume,astrocyte_1,astrocyte_1
3,2474,genes_volume,oligodendrocyte_progenitor_2,oligodendrocyte_progenitor_2
3,2852,genes_volume,pericyte,endothelial
3,1155,genes_volume,meninges_1,meninges_2
3,563,genes_volume,astrocyte_1,astrocyte_1
3,674,genes_volume,astrocyte_2,astrocyte_1
3,2871,genes_volume,pericyte,endothelial
3,1766,genes_volume,oligodendrocyte_2,oligodendrocyte_2
3,215,genes_volume,astrocyte_1,astrocyte_1
3,252,genes_volume,astrocyte_1,oligodendrocyte_progenitor_2
3,495,genes_volume,astrocyte_1,oligodendrocyte_progenitor_2
3,2392,genes_volume,oligodendrocyte_progenitor_2,oligodendrocyte_progenitor_2
3,609,genes_volume,astrocyte_2,astrocyte_1
3,2163,genes_volume,oligodendrocyte_progenitor_2,oligodendrocyte_progenitor_2
3,765,genes_volume,astrocyte_2,astrocyte_1
3,2170,genes_volume,oligodendrocyte_progenitor_2,endothelial
3,2082,genes_volume,oligodendrocyte_precursor_cell,oligodendrocyte_precursor_cell
3,303,genes_volume,astrocyte_1,astrocyte_1
3,294,genes_volume,astrocyte_1,oligodendrocyte_progenitor_2
3,858,genes_volume,endothelial,oligodendrocyte_2
3,246,genes_volume,astrocyte_1,astrocyte_1
3,1140,genes_volume,meninges_1,meninges_1
3,1968,genes_volume,oligodendrocyte_2,oligodendrocyte_2
3,204,genes_volume,astrocyte_1,astrocyte_1
3,943,genes_volume,endothelial,endothelial
3,2701,genes_volume,oligodendrocyte_progenitor_2,oligodendrocyte_progenitor_2
3,1330,genes_volume,oligodendrocyte_1,astrocyte_1
3,2716,genes_volume,oligodendrocyte_progenitor_2,oligodendrocyte_progenitor_2
3,617,genes_volume,astrocyte_2,oligodendrocyte_progenitor_2
3,1349,genes_volume,oligodendrocyte_1,oligodendrocyte_progenitor_2
3,1574,genes_volume,oligodendrocyte_2,oligodendrocyte_2
3,512,genes_volume,astrocyte_1,oligodendrocyte_progenitor_2
3,1421,genes_volume,oligodendrocyte_1,oligodendrocyte_progenitor_2
3,2707,genes_volume,oligodendrocyte_progenitor_2,oligodendrocyte_progenitor_2
3,2764,genes_volume,oligodendrocyte_progenitor_2,astrocyte_1
3,1635,genes_volume,oligodendrocyte_2,oligodendrocyte_progenitor_2
3,232,genes_volume,astrocyte_1,astrocyte_1
3,1960,genes_volume,oligodendrocyte_2,oligodendrocyte_2
3,1455,genes_volume,oligodendrocyte_1,oligodendrocyte_progenitor_2
3,2119,genes_volume,oligodendrocyte_progenitor_1,oligodendrocyte_precursor_cell
3,489,genes_volume,astrocyte_1,astrocyte_1
3,364,genes_volume,astrocyte_1,astrocyte_1
3,896,genes_volume,endothelial,endothelial
3,2810,genes_volume,oligodendrocyte_progenitor_2,oligodendrocyte_progenitor_2
3,1457,genes_volume,oligodendrocyte_1,oligodendrocyte_1
3,1313,genes_volume,oligodendrocyte_1,oligodendrocyte_progenitor_2
3,1291,genes_volume,microglia,microglia
3,1624,genes_volume,oligodendrocyte_2,oligodendrocyte_2
3,66,genes_volume,astrocyte_1,astrocyte_1
3,1092,genes_volume,ependymal,astrocyte_1
3,1340,genes_volume,oligodendrocyte_1,oligodendrocyte_2
3,2245,genes_volume,oligodendrocyte_progenitor_2,oligodendrocyte_progenitor_2
3,1746,genes_volume,oligodendrocyte_2,oligodendrocyte_2
3,1264,genes_volume,microglia,microglia
3,573,genes_volume,astrocyte_2,oligodendrocyte_progenitor_2
3,1834,genes_volume,oligodendrocyte_2,oligodendrocyte_2
3,1261,genes_volume,microglia,oligodendrocyte_2
3,448,genes_volume,astrocyte_1,astrocyte_1
3,2053,genes_volume,oligodendrocyte_precursor_cell,oligodendrocyte_precursor_cell
3,2378,genes_volume,oligodendrocyte_progenitor_2,oligodendrocyte_progenitor_2
3,866,genes_volume,endothelial,endothelial
3,2194,genes_volume,oligodendrocyte_progenitor_2,oligodendrocyte_progenitor_2
3,1362,genes_volume,oligodendrocyte_1,oligodendrocyte_1
3,2220,genes_volume,oligodendrocyte_progenitor_2,oligodendrocyte_progenitor_2
3,384,genes_volume,astrocyte_1,astrocyte_1
3,1795,genes_volume,oligodendrocyte_2,oligodendrocyte_2
3,242,genes_volume,astrocyte_1,astrocyte_1
3,1966,genes_volume,oligodendrocyte_2,oligodendrocyte_2
3,1433,genes_volume,oligodendrocyte_1,oligodendrocyte_progenitor_2
3,1265,genes_volume,microglia,microglia
3,1390,genes_volume,oligodendrocyte_1,astrocyte_1
3,2776,genes_volume,oligodendrocyte_progenitor_2,oligodendrocyte_progenitor_2
3,669,genes_volume,astrocyte_2,astrocyte_2
3,2419,genes_volume,oligodendrocyte_progenitor_2,oligodendrocyte_progenitor_2
3,2189,genes_volume,oligodendrocyte_progenitor_2,oligodendrocyte_2
3,1831,genes_volume,oligodendrocyte_2,oligodendrocyte_2
3,1079,genes_volume,endothelial,astrocyte_1
3,1819,genes_volume,oligodendrocyte_2,oligodendrocyte_progenitor_2
3,1523,genes_volume,oligodendrocyte_1,oligodendrocyte_progenitor_2
3,1462,genes_volume,oligodendrocyte_1,oligodendrocyte_2
3,395,genes_volume,astrocyte_1,astrocyte_1
3,1404,genes_volume,oligodendrocyte_1,pericyte
3,2581,genes_volume,oligodendrocyte_progenitor_2,oligodendrocyte_2
3,2686,genes_volume,oligodendrocyte_progenitor_2,astrocyte_1
3,2073,genes_volume,oligodendrocyte_precursor_cell,oligodendrocyte_progenitor_1
3,2122,genes_volume,oligodendrocyte_progenitor_1,astrocyte_1
3,2420,genes_volume,oligodendrocyte_progenitor_2,oligodendrocyte_progenitor_2
3,2410,genes_volume,oligodendrocyte_progenitor_2,oligodendrocyte_progenitor_2
3,1813,genes_volume,oligodendrocyte_2,oligodendrocyte_2
3,1903,genes_volume,oligodendrocyte_2,oligodendrocyte_2
3,2555,genes_volume,oligodendrocyte_progenitor_2,oligodendrocyte_progenitor_2
3,1289,genes_volume,microglia,microglia
3,1987,genes_volume,oligodendrocyte_precursor_cell,oligodendrocyte_precursor_cell
3,933,genes_volume,endothelial,endothelial
3,528,genes_volume,astrocyte_1,astrocyte_1
3,1875,genes_volume,oligodendrocyte_2,oligodendrocyte_2
3,1151,genes_volume,meninges_1,meninges_1
3,2603,genes_volume,oligodendrocyte_progenitor_2,oligodendrocyte_progenitor_2
3,1828,genes_volume,oligodendrocyte_2,oligodendrocyte_2
3,664,genes_volume,astrocyte_2,oligodendrocyte_progenitor_2
3,1141,genes_volume,meninges_1,oligodendrocyte_progenitor_2
3,465,genes_volume,astrocyte_1,astrocyte_1
3,2379,genes_volume,oligodendrocyte_progenitor_2,oligodendrocyte_progenitor_2
3,889,genes_volume,endothelial,astrocyte_1
3,1308,genes_volume,oligodendrocyte_1,oligodendrocyte_progenitor_2
3,1727,genes_volume,oligodendrocyte_2,oligodendrocyte_2
3,2589,genes_volume,oligodendrocyte_progenitor_2,oligodendrocyte_progenitor_2
3,616,genes_volume,astrocyte_2,astrocyte_1
3,1102,genes_volume,meninges_1,meninges_1
3,170,genes_volume,astrocyte_1,astrocyte_1
3,636,genes_volume,astrocyte_2,astrocyte_1
3,2471,genes_volume,oligodendrocyte_progenitor_2,oligodendrocyte_progenitor_2
3,1708,genes_volume,oligodendrocyte_2,oligodendrocyte_2
3,305,genes_volume,astrocyte_1,astrocyte_1
3,1360,genes_volume,oligodendrocyte_1,oligodendrocyte_progenitor_2
3,2133,genes_volume,oligodendrocyte_progenitor_1,oligodendrocyte_precursor_cell
3,1825,genes_volume,oligodendrocyte_2,oligodendrocyte_progenitor_2
3,53,genes_volume,astrocyte_1,astrocyte_1
3,2166,genes_volume,oligodendrocyte_progenitor_2,oligodendrocyte_progenitor_2
3,2886,genes_volume,peripheral_glia,Schwann_cell
3,412,genes_volume,astrocyte_1,astrocyte_1
3,1882,genes_volume,oligodendrocyte_2,oligodendrocyte_2
3,212,genes_volume,astrocyte_1,astrocyte_1
3,2821,genes_volume,oligodendrocyte_progenitor_2,oligodendrocyte_progenitor_2
3,2645,genes_volume,oligodendrocyte_progenitor_2,oligodendrocyte_progenitor_2
3,2641,genes_volume,oligodendrocyte_progenitor_2,oligodendrocyte_progenitor_2
3,840,genes_volume,endothelial,endothelial
3,1064,genes_volume,endothelial,endothelial
3,2460,genes_volume,oligodendrocyte_progenitor_2,oligodendrocyte_progenitor_2
3,2792,genes_volume,oligodendrocyte_progenitor_2,oligodendrocyte_progenitor_2
3,2750,genes_volume,oligodendrocyte_progenitor_2,oligodendrocyte_progenitor_2
3,1868,genes_volume,oligodendrocyte_2,oligodendrocyte_2
3,1166,genes_volume,meninges_1,meninges_1
3,849,genes_volume,endothelial,endothelial
3,1883,genes_volume,oligodendrocyte_2,oligodendrocyte_2
3,1419,genes_volume,oligodendrocyte_1,microglia
3,1884,genes_volume,oligodendrocyte_2,oligodendrocyte_2
3,470,genes_volume,astrocyte_1,astrocyte_1
3,1051,genes_volume,endothelial,oligodendrocyte_progenitor_2
3,2415,genes_volume,oligodendrocyte_progenitor_2,oligodendrocyte_progenitor_2
3,2376,genes_volume,oligodendrocyte_progenitor_2,oligodendrocyte_progenitor_2
3,2442,genes_volume,oligodendrocyte_progenitor_2,oligodendrocyte_progenitor_2
3,2408,genes_volume,oligodendrocyte_progenitor_2,oligodendrocyte_progenitor_2
3,1180,genes_volume,meninges_2,meninges_2
3,934,genes_volume,endothelial,endothelial
3,776,genes_volume,endothelial,endothelial
3,2542,genes_volume,oligodendrocyte_progenitor_2,astrocyte_1
3,2746,genes_volume,oligodendrocyte_progenitor_2,oligodendrocyte_progenitor_2
3,562,genes_volume,astrocyte_1,astrocyte_1
3,702,genes_volume,astrocyte_2,astrocyte_1
3,2492,genes_volume,oligodendrocyte_progenitor_2,oligodendrocyte_progenitor_2
3,2375,genes_volume,oligodendrocyte_progenitor_2,oligodendrocyte_progenitor_2
3,1066,genes_volume,endothelial,endothelial
3,738,genes_volume,astrocyte_2,astrocyte_2
3,2635,genes_volume,oligodendrocyte_progenitor_2,oligodendrocyte_progenitor_2
3,2398,genes_volume,oligodendrocyte_progenitor_2,oligodendrocyte_2
3,229,genes_volume,astrocyte_1,astrocyte_1
3,67,genes_volume,astrocyte_1,astrocyte_1
3,2788,genes_volume,oligodendrocyte_progenitor_2,oligodendrocyte_progenitor_2
3,1007,genes_volume,endothelial,endothelial
3,105,genes_volume,astrocyte_1,astrocyte_1
3,41,genes_volume,astrocyte_1,astrocyte_1
3,1165,genes_volume,meninges_1,meninges_1
3,987,genes_volume,endothelial,oligodendrocyte_progenitor_2
3,2266,genes_volume,oligodendrocyte_progenitor_2,astrocyte_1
3,1844,genes_volume,oligodendrocyte_2,oligodendrocyte_2
3,2898,genes_volume,peripheral_glia,Schwann_cell
3,182,genes_volume,astrocyte_1,astrocyte_1
3,721,genes_volume,astrocyte_2,astrocyte_1
3,2596,genes_volume,oligodendrocyte_progenitor_2,oligodendrocyte_1
3,1848,genes_volume,oligodendrocyte_2,oligodendrocyte_2
3,655,genes_volume,astrocyte_2,astrocyte_1
3,1877,genes_volume,oligodendrocyte_2,oligodendrocyte_2
3,1031,genes_volume,endothelial,endothelial
3,2480,genes_volume,oligodendrocyte_progenitor_2,oligodendrocyte_progenitor_2
3,1260,genes_volume,microglia,oligodendrocyte_progenitor_2
3,54,genes_volume,astrocyte_1,astrocyte_1
3,2282,genes_volume,oligodendrocyte_progenitor_2,oligodendrocyte_progenitor_2
3,2598,genes_volume,oligodendrocyte_progenitor_2,oligodendrocyte_progenitor_2
3,1852,genes_volume,oligodendrocyte_2,oligodendrocyte_2
3,463,genes_volume,astrocyte_1,astrocyte_1
3,152,genes_volume,astrocyte_1,astrocyte_1
3,106,genes_volume,astrocyte_1,astrocyte_1
3,2461,genes_volume,oligodendrocyte_progenitor_2,oligodendrocyte_2
3,102,genes_volume,astrocyte_1,astrocyte_1
3,2328,genes_volume,oligodendrocyte_progenitor_2,oligodendrocyte_progenitor_2
3,701,genes_volume,astrocyte_2,astrocyte_1
3,2399,genes_volume,oligodendrocyte_progenitor_2,oligodendrocyte_progenitor_2
3,377,genes_volume,astrocyte_1,astrocyte_1
3,247,genes_volume,astrocyte_1,astrocyte_1
3,1294,genes_volume,oligodendrocyte_1,oligodendrocyte_progenitor_2
3,1441,genes_volume,oligodendrocyte_1,oligodendrocyte_progenitor_2
3,1040,genes_volume,endothelial,oligodendrocyte_1
3,1209,genes_volume,meninges_2,meninges_3
3,2390,genes_volume,oligodendrocyte_progenitor_2,oligodendrocyte_progenitor_2
3,538,targeted_hybrid,astrocyte_1,astrocyte_1
3,2265,targeted_hybrid,oligodendrocyte_progenitor_2,oligodendrocyte_1
3,1905,targeted_hybrid,oligodendrocyte_2,oligodendrocyte_2
3,2319,targeted_hybrid,oligodendrocyte_progenitor_2,oligodendrocyte_1
3,2095,targeted_hybrid,oligodendrocyte_progenitor_1,oligodendrocyte_progenitor_1
3,868,targeted_hybrid,endothelial,endothelial
3,2047,targeted_hybrid,oligodendrocyte_precursor_cell,astrocyte_1
3,1290,targeted_hybrid,microglia,microglia
3,1117,targeted_hybrid,meninges_1,meninges_1
3,1491,targeted_hybrid,oligodendrocyte_1,oligodendrocyte_progenitor_2
3,1425,targeted_hybrid,oligodendrocyte_1,oligodendrocyte_1
3,1692,targeted_hybrid,oligodendrocyte_2,oligodendrocyte_2
3,689,targeted_hybrid,astrocyte_2,astrocyte_2
3,1645,targeted_hybrid,oligodendrocyte_2,oligodendrocyte_2
3,1518,targeted_hybrid,oligodendrocyte_1,astrocyte_1
3,2213,targeted_hybrid,oligodendrocyte_progenitor_2,oligodendrocyte_progenitor_2
3,64,targeted_hybrid,astrocyte_1,astrocyte_1
3,1377,targeted_hybrid,oligodendrocyte_1,oligodendrocyte_1
3,2626,targeted_hybrid,oligodendrocyte_progenitor_2,oligodendrocyte_progenitor_2
3,1341,targeted_hybrid,oligodendrocyte_1,oligodendrocyte_1
3,1598,targeted_hybrid,oligodendrocyte_2,oligodendrocyte_2
3,2880,targeted_hybrid,pericyte,pericyte
3,2149,targeted_hybrid,oligodendrocyte_progenitor_2,oligodendrocyte_progenitor_2
3,1571,targeted_hybrid,oligodendrocyte_2,oligodendrocyte_2
3,2274,targeted_hybrid,oligodendrocyte_progenitor_2,oligodendrocyte_1
3,2157,targeted_hybrid,oligodendrocyte_progenitor_2,oligodendrocyte_2
3,2035,targeted_hybrid,oligodendrocyte_precursor_cell,oligodendrocyte_precursor_cell
3,2622,targeted_hybrid,oligodendrocyte_progenitor_2,oligodendrocyte_1
3,532,targeted_hybrid,astrocyte_1,astrocyte_1
3,1331,targeted_hybrid,oligodendrocyte_1,oligodendrocyte_progenitor_2
3,2416,targeted_hybrid,oligodendrocyte_progenitor_2,oligodendrocyte_progenitor_2
3,153,targeted_hybrid,astrocyte_1,astrocyte_1
3,727,targeted_hybrid,astrocyte_2,astrocyte_1
3,2125,targeted_hybrid,oligodendrocyte_progenitor_1,oligodendrocyte_progenitor_1
3,558,targeted_hybrid,astrocyte_1,astrocyte_1
3,1790,targeted_hybrid,oligodendrocyte_2,oligodendrocyte_2
3,1025,targeted_hybrid,endothelial,oligodendrocyte_2
3,1520,targeted_hybrid,oligodendrocyte_1,oligodendrocyte_2
3,2191,targeted_hybrid,oligodendrocyte_progenitor_2,oligodendrocyte_progenitor_2
3,742,targeted_hybrid,astrocyte_2,astrocyte_2
3,1430,targeted_hybrid,oligodendrocyte_1,oligodendrocyte_2
3,970,targeted_hybrid,endothelial,endothelial
3,1211,targeted_hybrid,meninges_3,meninges_1
3,4,targeted_hybrid,astrocyte_1,astrocyte_1
3,457,targeted_hybrid,astrocyte_1,astrocyte_1
3,1359,targeted_hybrid,oligodendrocyte_1,oligodendrocyte_progenitor_2
3,1689,targeted_hybrid,oligodendrocyte_2,oligodendrocyte_2
3,2679,targeted_hybrid,oligodendrocyte_progenitor_2,oligodendrocyte_progenitor_2
3,1997,targeted_hybrid,oligodendrocyte_precursor_cell,endothelial
3,1080,targeted_hybrid,endothelial,endothelial
3,1065,targeted_hybrid,endothelial,endothelial
3,687,targeted_hybrid,astrocyte_2,astrocyte_2
3,2165,targeted_hybrid,oligodendrocyte_progenitor_2,oligodendrocyte_progenitor_2
3,509,targeted_hybrid,astrocyte_1,oligodendrocyte_progenitor_2
3,1876,targeted_hybrid,oligodendrocyte_2,oligodendrocyte_2
3,256,targeted_hybrid,astrocyte_1,astrocyte_1
3,2759,targeted_hybrid,oligodendrocyte_progenitor_2,oligodendrocyte_progenitor_2
3,1730,targeted_hybrid,oligodendrocyte_2,oligodendrocyte_2
3,493,targeted_hybrid,astrocyte_1,oligodendrocyte_progenitor_2
3,1821,targeted_hybrid,oligodendrocyte_2,oligodendrocyte_2
3,672,targeted_hybrid,astrocyte_2,oligodendrocyte_progenitor_2
3,1228,targeted_hybrid,meninges_3,meninges_2
3,1378,targeted_hybrid,oligodendrocyte_1,oligodendrocyte_1
3,946,targeted_hybrid,endothelial,endothelial
3,1583,targeted_hybrid,oligodendrocyte_2,oligodendrocyte_2
3,676,targeted_hybrid,astrocyte_2,astrocyte_2
3,379,targeted_hybrid,astrocyte_1,astrocyte_1
3,1153,targeted_hybrid,meninges_1,meninges_1
3,1440,targeted_hybrid,oligodendrocyte_1,oligodendrocyte_1
3,2805,targeted_hybrid,oligodendrocyte_progenitor_2,oligodendrocyte_1
3,1009,targeted_hybrid,endothelial,oligodendrocyte_1
3,619,targeted_hybrid,astrocyte_2,astrocyte_2
3,2940,targeted_hybrid,Schwann_cell,peripheral_glia
3,1063,targeted_hybrid,endothelial,endothelial
3,2100,targeted_hybrid,oligodendrocyte_progenitor_1,oligodendrocyte_precursor_cell
3,2689,targeted_hybrid,oligodendrocyte_progenitor_2,oligodendrocyte_progenitor_2
3,2706,targeted_hybrid,oligodendrocyte_progenitor_2,oligodendrocyte_progenitor_2
3,1385,targeted_hybrid,oligodendrocyte_1,oligodendrocyte_1
3,752,targeted_hybrid,astrocyte_2,astrocyte_2
3,188,targeted_hybrid,astrocyte_1,astrocyte_1
3,2593,targeted_hybrid,oligodendrocyte_progenitor_2,oligodendrocyte_progenitor_2
3,966,targeted_hybrid,endothelial,endothelial
3,1906,targeted_hybrid,oligodendrocyte_2,oligodendrocyte_2
3,2676,targeted_hybrid,oligodendrocyte_progenitor_2,oligodendrocyte_progenitor_2
3,2730,targeted_hybrid,oligodendrocyte_progenitor_2,oligodendrocyte_2
3,2395,targeted_hybrid,oligodendrocyte_progenitor_2,oligodendrocyte_progenitor_2
3,736,targeted_hybrid,astrocyte_2,astrocyte_2
3,137,targeted_hybrid,astrocyte_1,astrocyte_1
3,692,targeted_hybrid,astrocyte_2,astrocyte_2
3,1499,targeted_hybrid,oligodendrocyte_1,oligodendrocyte_progenitor_2
3,2297,targeted_hybrid,oligodendrocyte_progenitor_2,oligodendrocyte_progenitor_2
3,2778,targeted_hybrid,oligodendrocyte_progenitor_2,oligodendrocyte_progenitor_2
3,1502,targeted_hybrid,oligodendrocyte_1,astrocyte_1
3,2888,targeted_hybrid,peripheral_glia,peripheral_glia
3,1450,targeted_hybrid,oligodendrocyte_1,oligodendrocyte_1
3,673,targeted_hybrid,astrocyte_2,oligodendrocyte_progenitor_2
3,2007,targeted_hybrid,oligodendrocyte_precursor_cell,oligodendrocyte_progenitor_1
3,1456,targeted_hybrid,oligodendrocyte_1,oligodendrocyte_progenitor_2
3,1543,targeted_hybrid,oligodendrocyte_1,oligodendrocyte_1
3,505,targeted_hybrid,astrocyte_1,astrocyte_2
3,2318,targeted_hybrid,oligodendrocyte_progenitor_2,endothelial
3,914,targeted_hybrid,endothelial,astrocyte_1
3,1802,targeted_hybrid,oligodendrocyte_2,microglia
3,2839,targeted_hybrid,oligodendrocyte_progenitor_2,endothelial
3,2654,targeted_hybrid,oligodendrocyte_progenitor_2,oligodendrocyte_progenitor_2
3,2949,targeted_hybrid,Schwann_cell,Schwann_cell
3,2851,targeted_hybrid,pericyte,pericyte
3,2051,targeted_hybrid,oligodendrocyte_precursor_cell,oligodendrocyte_2
3,1307,targeted_hybrid,oligodendrocyte_1,oligodendrocyte_progenitor_2
3,2096,targeted_hybrid,oligodendrocyte_progenitor_1,oligodendrocyte_progenitor_1
3,376,targeted_hybrid,astrocyte_1,astrocyte_1
3,2780,targeted_hybrid,oligodendrocyte_progenitor_2,astrocyte_1
3,284,targeted_hybrid,astrocyte_1,astrocyte_1
3,2404,targeted_hybrid,oligodendrocyte_progenitor_2,oligodendrocyte_progenitor_2
3,2470,targeted_hybrid,oligodendrocyte_progenitor_2,oligodendrocyte_progenitor_2
3,895,targeted_hybrid,endothelial,oligodendrocyte_progenitor_2
3,1039,targeted_hybrid,endothelial,endothelial
3,855,targeted_hybrid,endothelial,endothelial
3,1815,targeted_hybrid,oligodendrocyte_2,oligodendrocyte_2
3,281,targeted_hybrid,astrocyte_1,astrocyte_1
3,2735,targeted_hybrid,oligodendrocyte_progenitor_2,oligodendrocyte_progenitor_2
3,1230,targeted_hybrid,microglia,microglia
3,2819,targeted_hybrid,oligodendrocyte_progenitor_2,oligodendrocyte_progenitor_2
3,2270,targeted_hybrid,oligodendrocyte_progenitor_2,oligodendrocyte_2
3,2862,targeted_hybrid,pericyte,endothelial
3,1001,targeted_hybrid,endothelial,endothelial
3,1237,targeted_hybrid,microglia,microglia
3,1695,targeted_hybrid,oligodendrocyte_2,oligodendrocyte_2
3,908,targeted_hybrid,endothelial,endothelial
3,2646,targeted_hybrid,oligodendrocyte_progenitor_2,oligodendrocyte_1
3,782,targeted_hybrid,endothelial,endothelial
3,2643,targeted_hybrid,oligodendrocyte_progenitor_2,oligodendrocyte_progenitor_2
3,2227,targeted_hybrid,oligodendrocyte_progenitor_2,oligodendrocyte_progenitor_2
3,243,targeted_hybrid,astrocyte_1,astrocyte_1
3,237,targeted_hybrid,astrocyte_1,astrocyte_1
3,43,targeted_hybrid,astrocyte_1,astrocyte_1
3,1675,targeted_hybrid,oligodendrocyte_2,oligodendrocyte_2
3,223,targeted_hybrid,astrocyte_1,astrocyte_1
3,802,targeted_hybrid,endothelial,endothelial
3,2068,targeted_hybrid,oligodendrocyte_precursor_cell,astrocyte_1
3,2114,targeted_hybrid,oligodendrocyte_progenitor_1,astrocyte_1
3,682,targeted_hybrid,astrocyte_2,astrocyte_2
3,1673,targeted_hybrid,oligodendrocyte_2,oligodendrocyte_2
3,2752,targeted_hybrid,oligodendrocyte_progenitor_2,oligodendrocyte_progenitor_2
3,568,targeted_hybrid,astrocyte_1,astrocyte_1
3,1971,targeted_hybrid,oligodendrocyte_2,oligodendrocyte_progenitor_2
3,2935,targeted_hybrid,Schwann_cell,Schwann_cell
3,1224,targeted_hybrid,meninges_3,meninges_2
3,2388,targeted_hybrid,oligodendrocyte_progenitor_2,oligodendrocyte_2
3,1403,targeted_hybrid,oligodendrocyte_1,oligodendrocyte_1
3,291,targeted_hybrid,astrocyte_1,astrocyte_1
3,1316,targeted_hybrid,oligodendrocyte_1,oligodendrocyte_progenitor_2
3,990,targeted_hybrid,endothelial,oligodendrocyte_2
3,2623,targeted_hybrid,oligodendrocyte_progenitor_2,oligodendrocyte_progenitor_2
3,1879,targeted_hybrid,oligodendrocyte_2,oligodendrocyte_2
3,1088,targeted_hybrid,endothelial,astrocyte_1
3,68,targeted_hybrid,astrocyte_1,astrocyte_1
3,2156,targeted_hybrid,oligodendrocyte_progenitor_2,oligodendrocyte_progenitor_2
3,206,targeted_hybrid,astrocyte_1,astrocyte_1
3,1881,targeted_hybrid,oligodendrocyte_2,oligodendrocyte_2
3,1375,targeted_hybrid,oligodendrocyte_1,oligodendrocyte_1
3,251,targeted_hybrid,astrocyte_1,astrocyte_1
3,785,targeted_hybrid,endothelial,endothelial
3,1118,targeted_hybrid,meninges_1,pericyte
3,584,targeted_hybrid,astrocyte_2,astrocyte_2
3,154,targeted_hybrid,astrocyte_1,astrocyte_1
3,2422,targeted_hybrid,oligodendrocyte_progenitor_2,oligodendrocyte_progenitor_2
3,2811,targeted_hybrid,oligodendrocyte_progenitor_2,oligodendrocyte_progenitor_2
3,887,targeted_hybrid,endothelial,astrocyte_1
3,531,targeted_hybrid,astrocyte_1,astrocyte_1
3,1250,targeted_hybrid,microglia,microglia
3,1994,targeted_hybrid,oligodendrocyte_precursor_cell,oligodendrocyte_precursor_cell
3,2864,targeted_hybrid,pericyte,astrocyte_1
3,2124,targeted_hybrid,oligodendrocyte_progenitor_1,oligodendrocyte_precursor_cell
3,1284,targeted_hybrid,microglia,microglia
3,2142,targeted_hybrid,oligodendrocyte_progenitor_1,oligodendrocyte_1
3,2343,targeted_hybrid,oligodendrocyte_progenitor_2,oligodendrocyte_progenitor_2
3,649,targeted_hybrid,astrocyte_2,astrocyte_2
3,2726,targeted_hybrid,oligodendrocyte_progenitor_2,oligodendrocyte_progenitor_2
3,2400,targeted_hybrid,oligodendrocyte_progenitor_2,oligodendrocyte_progenitor_2
3,2064,targeted_hybrid,oligodendrocyte_precursor_cell,oligodendrocyte_precursor_cell
3,807,targeted_hybrid,endothelial,endothelial
3,1908,targeted_hybrid,oligodendrocyte_2,oligodendrocyte_2
3,2614,targeted_hybrid,oligodendrocyte_progenitor_2,oligodendrocyte_progenitor_2
3,211,targeted_hybrid,astrocyte_1,astrocyte_2
3,965,targeted_hybrid,endothelial,endothelial
3,173,targeted_hybrid,astrocyte_1,astrocyte_1
3,640,targeted_hybrid,astrocyte_2,meninges_1
3,1199,targeted_hybrid,meninges_2,meninges_1
3,2110,targeted_hybrid,oligodendrocyte_progenitor_1,oligodendrocyte_progenitor_1
3,1780,targeted_hybrid,oligodendrocyte_2,oligodendrocyte_2
3,890,targeted_hybrid,endothelial,astrocyte_1
3,1871,targeted_hybrid,oligodendrocyte_2,oligodendrocyte_2
3,517,targeted_hybrid,astrocyte_1,astrocyte_1
3,314,targeted_hybrid,astrocyte_1,astrocyte_1
3,1973,targeted_hybrid,oligodendrocyte_2,oligodendrocyte_2
3,2382,targeted_hybrid,oligodendrocyte_progenitor_2,oligodendrocyte_progenitor_2
3,1623,targeted_hybrid,oligodendrocyte_2,oligodendrocyte_2
3,992,targeted_hybrid,endothelial,astrocyte_1
3,2253,targeted_hybrid,oligodendrocyte_progenitor_2,oligodendrocyte_2
3,1348,targeted_hybrid,oligodendrocyte_1,oligodendrocyte_progenitor_2
3,1232,targeted_hybrid,microglia,oligodendrocyte_1
3,2127,targeted_hybrid,oligodendrocyte_progenitor_1,oligodendrocyte_precursor_cell
3,240,targeted_hybrid,astrocyte_1,astrocyte_1
3,1861,targeted_hybrid,oligodendrocyte_2,oligodendrocyte_2
3,1781,targeted_hybrid,oligodendrocyte_2,oligodendrocyte_2
3,1243,targeted_hybrid,microglia,oligodendrocyte_progenitor_2
3,2060,targeted_hybrid,oligodendrocyte_precursor_cell,oligodendrocyte_precursor_cell
3,469,targeted_hybrid,astrocyte_1,astrocyte_1
3,98,targeted_hybrid,astrocyte_1,astrocyte_1
3,2800,targeted_hybrid,oligodendrocyte_progenitor_2,oligodendrocyte_progenitor_2
3,1480,targeted_hybrid,oligodendrocyte_1,oligodendrocyte_progenitor_2
3,915,targeted_hybrid,endothelial,oligodendrocyte_2
3,186,targeted_hybrid,astrocyte_1,oligodendrocyte_2
3,1552,targeted_hybrid,oligodendrocyte_1,oligodendrocyte_2
3,728,targeted_hybrid,astrocyte_2,oligodendrocyte_1
3,499,targeted_hybrid,astrocyte_1,oligodendrocyte_1
3,418,targeted_hybrid,astrocyte_1,astrocyte_1
3,2631,targeted_hybrid,oligodendrocyte_progenitor_2,oligodendrocyte_progenitor_2
3,199,targeted_hybrid,astrocyte_1,astrocyte_1
3,1056,targeted_hybrid,endothelial,endothelial
3,588,targeted_hybrid,astrocyte_2,oligodendrocyte_1
3,87,targeted_hybrid,astrocyte_1,astrocyte_1
3,315,targeted_hybrid,astrocyte_1,oligodendrocyte_1
3,2242,targeted_hybrid,oligodendrocyte_progenitor_2,oligodendrocyte_1
3,1371,targeted_hybrid,oligodendrocyte_1,oligodendrocyte_progenitor_2
3,2071,targeted_hybrid,oligodendrocyte_precursor_cell,oligodendrocyte_precursor_cell
3,769,targeted_hybrid,endothelial,endothelial
3,360,targeted_hybrid,astrocyte_1,oligodendrocyte_progenitor_2
3,382,targeted_hybrid,astrocyte_1,astrocyte_1
3,2517,targeted_hybrid,oligodendrocyte_progenitor_2,oligodendrocyte_progenitor_2
3,2637,targeted_hybrid,oligodendrocyte_progenitor_2,oligodendrocyte_progenitor_2
3,44,targeted_hybrid,astrocyte_1,astrocyte_1
3,1146,targeted_hybrid,meninges_1,meninges_1
3,1143,targeted_hybrid,meninges_1,meninges_1
3,1109,targeted_hybrid,meninges_1,pericyte
3,486,targeted_hybrid,astrocyte_1,astrocyte_1
3,1418,targeted_hybrid,oligodendrocyte_1,oligodendrocyte_1
3,189,targeted_hybrid,astrocyte_1,oligodendrocyte_precursor_cell
3,2402,targeted_hybrid,oligodendrocyte_progenitor_2,oligodendrocyte_progenitor_2
3,1335,targeted_hybrid,oligodendrocyte_1,oligodendrocyte_1
3,115,targeted_hybrid,astrocyte_1,astrocyte_1
3,2739,targeted_hybrid,oligodendrocyte_progenitor_2,oligodendrocyte_progenitor_2
3,208,targeted_hybrid,astrocyte_1,endothelial
3,459,targeted_hybrid,astrocyte_1,astrocyte_1
3,2456,targeted_hybrid,oligodendrocyte_progenitor_2,oligodendrocyte_progenitor_2
3,1643,targeted_hybrid,oligodendrocyte_2,oligodendrocyte_2
3,1301,targeted_hybrid,oligodendrocyte_1,astrocyte_1
3,2247,targeted_hybrid,oligodendrocyte_progenitor_2,oligodendrocyte_progenitor_2
3,1175,targeted_hybrid,meninges_2,meninges_2
3,2918,targeted_hybrid,Schwann_cell,Schwann_cell
3,881,targeted_hybrid,endothelial,endothelial
3,1789,targeted_hybrid,oligodendrocyte_2,oligodendrocyte_2
3,2709,targeted_hybrid,oligodendrocyte_progenitor_2,oligodendrocyte_progenitor_2
3,1918,targeted_hybrid,oligodendrocyte_2,oligodendrocyte_2
3,747,targeted_hybrid,astrocyte_2,astrocyte_2
3,346,targeted_hybrid,astrocyte_1,astrocyte_1
3,603,targeted_hybrid,astrocyte_2,astrocyte_1
3,2116,targeted_hybrid,oligodendrocyte_progenitor_1,oligodendrocyte_2
3,1697,targeted_hybrid,oligodendrocyte_2,oligodendrocyte_progenitor_2
3,2732,targeted_hybrid,oligodendrocyte_progenitor_2,astrocyte_1
3,751,targeted_hybrid,astrocyte_2,astrocyte_1
3,2057,targeted_hybrid,oligodendrocyte_precursor_cell,oligodendrocyte_precursor_cell
3,1142,targeted_hybrid,meninges_1,oligodendrocyte_progenitor_2
3,1949,targeted_hybrid,oligodendrocyte_2,oligodendrocyte_2
3,1600,targeted_hybrid,oligodendrocyte_2,oligodendrocyte_2
3,1476,targeted_hybrid,oligodendrocyte_1,oligodendrocyte_1
3,1951,targeted_hybrid,oligodendrocyte_2,oligodendrocyte_2
3,1245,targeted_hybrid,microglia,microglia
3,1277,targeted_hybrid,microglia,oligodendrocyte_2
3,1837,targeted_hybrid,oligodendrocyte_2,oligodendrocyte_2
3,1292,targeted_hybrid,microglia,microglia
3,2682,targeted_hybrid,oligodendrocyte_progenitor_2,oligodendrocyte_2
3,1167,targeted_hybrid,meninges_1,meninges_1
3,2406,targeted_hybrid,oligodendrocyte_progenitor_2,oligodendrocyte_progenitor_2
3,688,targeted_hybrid,astrocyte_2,astrocyte_2
3,224,targeted_hybrid,astrocyte_1,astrocyte_1
3,737,targeted_hybrid,astrocyte_2,astrocyte_2
3,259,targeted_hybrid,astrocyte_1,astrocyte_1
3,1726,targeted_hybrid,oligodendrocyte_2,oligodendrocyte_2
3,1896,targeted_hybrid,oligodendrocyte_2,oligodendrocyte_2
3,922,targeted_hybrid,endothelial,endothelial
3,1557,targeted_hybrid,oligodendrocyte_1,oligodendrocyte_2
3,2367,targeted_hybrid,oligodendrocyte_progenitor_2,oligodendrocyte_progenitor_2
3,417,targeted_hybrid,astrocyte_1,astrocyte_1
3,2929,targeted_hybrid,Schwann_cell,Schwann_cell
3,2086,targeted_hybrid,oligodendrocyte_precursor_cell,oligodendrocyte_precursor_cell
3,635,targeted_hybrid,astrocyte_2,oligodendrocyte_progenitor_2
3,398,targeted_hybrid,astrocyte_1,astrocyte_1
3,2276,targeted_hybrid,oligodendrocyte_progenitor_2,oligodendrocyte_progenitor_2
3,1253,targeted_hybrid,microglia,microglia
3,1368,targeted_hybrid,oligodendrocyte_1,endothelial
3,2671,targeted_hybrid,oligodendrocyte_progenitor_2,oligodendrocyte_2
3,2847,targeted_hybrid,pericyte,astrocyte_1
3,1826,targeted_hybrid,oligodendrocyte_2,oligodendrocyte_2
3,2216,targeted_hybrid,oligodendrocyte_progenitor_2,oligodendrocyte_1
3,2316,targeted_hybrid,oligodendrocyte_progenitor_2,oligodendrocyte_progenitor_2
3,2212,targeted_hybrid,oligodendrocyte_progenitor_2,oligodendrocyte_progenitor_2
3,213,targeted_hybrid,astrocyte_1,astrocyte_1
3,2139,targeted_hybrid,oligodendrocyte_progenitor_1,oligodendrocyte_precursor_cell
3,2313,targeted_hybrid,oligodendrocyte_progenitor_2,oligodendrocyte_progenitor_2
3,299,targeted_hybrid,astrocyte_1,astrocyte_1
3,343,targeted_hybrid,astrocyte_1,astrocyte_1
3,853,targeted_hybrid,endothelial,endothelial
3,2748,targeted_hybrid,oligodendrocyte_progenitor_2,oligodendrocyte_progenitor_2
3,1524,targeted_hybrid,oligodendrocyte_1,oligodendrocyte_1
3,2618,targeted_hybrid,oligodendrocyte_progenitor_2,oligodendrocyte_progenitor_2
3,2490,targeted_hybrid,oligodendrocyte_progenitor_2,oligodendrocyte_2
3,811,targeted_hybrid,endothelial,endothelial
3,2354,targeted_hybrid,oligodendrocyte_progenitor_2,oligodendrocyte_2
3,1417,targeted_hybrid,oligodendrocyte_1,oligodendrocyte_progenitor_2
3,341,targeted_hybrid,astrocyte_1,astrocyte_2
3,2267,targeted_hybrid,oligodendrocyte_progenitor_2,oligodendrocyte_1
3,2029,targeted_hybrid,oligodendrocyte_precursor_cell,astrocyte_1
3,1529,targeted_hybrid,oligodendrocyte_1,oligodendrocyte_1
3,1327,targeted_hybrid,oligodendrocyte_1,astrocyte_1
3,1610,targeted_hybrid,oligodendrocyte_2,oligodendrocyte_2
3,962,targeted_hybrid,endothelial,oligodendrocyte_progenitor_2
3,1528,targeted_hybrid,oligodendrocyte_1,oligodendrocyte_progenitor_2
3,2878,targeted_hybrid,pericyte,pericyte
3,797,targeted_hybrid,endothelial,endothelial
3,2549,targeted_hybrid,oligodendrocyte_progenitor_2,astrocyte_1
3,168,targeted_hybrid,astrocyte_1,astrocyte_1
3,2694,targeted_hybrid,oligodendrocyte_progenitor_2,astrocyte_1
3,2948,targeted_hybrid,Schwann_cell,Schwann_cell
3,2731,targeted_hybrid,oligodendrocyte_progenitor_2,oligodendrocyte_progenitor_2
3,119,targeted_hybrid,astrocyte_1,astrocyte_1
3,2018,targeted_hybrid,oligodendrocyte_precursor_cell,endothelial
3,1550,targeted_hybrid,oligodendrocyte_1,oligodendrocyte_progenitor_2
3,357,targeted_hybrid,astrocyte_1,astrocyte_2
3,677,targeted_hybrid,astrocyte_2,astrocyte_2
3,1608,targeted_hybrid,oligodendrocyte_2,oligodendrocyte_2
3,221,targeted_hybrid,astrocyte_1,astrocyte_1
3,2106,targeted_hybrid,oligodendrocyte_progenitor_1,endothelial
3,69,targeted_hybrid,astrocyte_1,astrocyte_1
3,177,targeted_hybrid,astrocyte_1,astrocyte_1
3,1579,targeted_hybrid,oligodendrocyte_2,oligodendrocyte_2
3,851,targeted_hybrid,endothelial,endothelial
3,2160,targeted_hybrid,oligodendrocyte_progenitor_2,oligodendrocyte_1
3,118,targeted_hybrid,astrocyte_1,astrocyte_1
3,1649,targeted_hybrid,oligodendrocyte_2,oligodendrocyte_2
3,1006,targeted_hybrid,endothelial,astrocyte_1
3,2039,targeted_hybrid,oligodendrocyte_precursor_cell,oligodendrocyte_progenitor_2
3,2126,targeted_hybrid,oligodendrocyte_progenitor_1,oligodendrocyte_progenitor_1
3,852,targeted_hybrid,endothelial,astrocyte_1
3,2043,targeted_hybrid,oligodendrocyte_precursor_cell,oligodendrocyte_precursor_cell
3,1681,targeted_hybrid,oligodendrocyte_2,oligodendrocyte_1
3,2577,targeted_hybrid,oligodendrocyte_progenitor_2,oligodendrocyte_2
3,630,targeted_hybrid,astrocyte_2,astrocyte_2
3,428,targeted_hybrid,astrocyte_1,astrocyte_1
3,7,targeted_hybrid,astrocyte_1,astrocyte_1
3,234,targeted_hybrid,astrocyte_1,astrocyte_2
3,217,targeted_hybrid,astrocyte_1,astrocyte_1
3,1998,targeted_hybrid,oligodendrocyte_precursor_cell,astrocyte_1
3,1846,targeted_hybrid,oligodendrocyte_2,oligodendrocyte_2
3,1941,targeted_hybrid,oligodendrocyte_2,oligodendrocyte_2
3,780,targeted_hybrid,endothelial,endothelial
3,656,targeted_hybrid,astrocyte_2,astrocyte_2
3,280,targeted_hybrid,astrocyte_1,oligodendrocyte_progenitor_2
3,812,targeted_hybrid,endothelial,astrocyte_1
3,2032,targeted_hybrid,oligodendrocyte_precursor_cell,astrocyte_1
3,983,targeted_hybrid,endothelial,endothelial
3,2364,targeted_hybrid,oligodendrocyte_progenitor_2,oligodendrocyte_progenitor_2
3,1115,targeted_hybrid,meninges_1,oligodendrocyte_progenitor_2
3,2350,targeted_hybrid,oligodendrocyte_progenitor_2,oligodendrocyte_progenitor_2
3,1902,targeted_hybrid,oligodendrocyte_2,oligodendrocyte_2
3,88,targeted_hybrid,astrocyte_1,astrocyte_1
3,1185,targeted_hybrid,meninges_2,meninges_1
3,1326,targeted_hybrid,oligodendrocyte_1,astrocyte_1
3,2192,targeted_hybrid,oligodendrocyte_progenitor_2,oligodendrocyte_progenitor_2
3,1706,targeted_hybrid,oligodendrocyte_2,oligodendrocyte_progenitor_2
3,81,targeted_hybrid,astrocyte_1,astrocyte_1
3,429,targeted_hybrid,astrocyte_1,oligodendrocyte_progenitor_2
3,1436,targeted_hybrid,oligodendrocyte_1,oligodendrocyte_1
3,654,targeted_hybrid,astrocyte_2,astrocyte_2
3,2930,targeted_hybrid,Schwann_cell,Schwann_cell
3,641,targeted_hybrid,astrocyte_2,astrocyte_2
3,1373,targeted_hybrid,oligodendrocyte_1,oligodendrocyte_progenitor_2
3,1494,targeted_hybrid,oligodendrocyte_1,oligodendrocyte_1
3,1008,targeted_hybrid,endothelial,astrocyte_1
3,870,targeted_hybrid,endothelial,endothelial
3,1765,targeted_hybrid,oligodendrocyte_2,oligodendrocyte_2
3,2050,targeted_hybrid,oligodendrocyte_precursor_cell,oligodendrocyte_2
3,1682,targeted_hybrid,oligodendrocyte_2,oligodendrocyte_2
3,602,targeted_hybrid,astrocyte_2,astrocyte_2
3,1310,targeted_hybrid,oligodendrocyte_1,oligodendrocyte_2
3,2028,targeted_hybrid,oligodendrocyte_precursor_cell,microglia
3,1058,targeted_hybrid,endothelial,astrocyte_1
3,80,targeted_hybrid,astrocyte_1,astrocyte_1
3,921,targeted_hybrid,endothelial,oligodendrocyte_progenitor_2
3,350,targeted_hybrid,astrocyte_1,astrocyte_2
3,2393,targeted_hybrid,oligodendrocyte_progenitor_2,oligodendrocyte_progenitor_2
3,926,targeted_hybrid,endothelial,endothelial
3,1252,targeted_hybrid,microglia,oligodendrocyte_2
3,2020,targeted_hybrid,oligodendrocyte_precursor_cell,oligodendrocyte_1
3,1532,targeted_hybrid,oligodendrocyte_1,oligodendrocyte_progenitor_2
3,225,targeted_hybrid,astrocyte_1,astrocyte_1
3,347,targeted_hybrid,astrocyte_1,astrocyte_1
3,2474,targeted_hybrid,oligodendrocyte_progenitor_2,oligodendrocyte_progenitor_2
3,2852,targeted_hybrid,pericyte,endothelial
3,1155,targeted_hybrid,meninges_1,meninges_2
3,563,targeted_hybrid,astrocyte_1,astrocyte_1
3,674,targeted_hybrid,astrocyte_2,astrocyte_2
3,2871,targeted_hybrid,pericyte,endothelial
3,1766,targeted_hybrid,oligodendrocyte_2,oligodendrocyte_2
3,215,targeted_hybrid,astrocyte_1,astrocyte_1
3,252,targeted_hybrid,astrocyte_1,oligodendrocyte_progenitor_2
3,495,targeted_hybrid,astrocyte_1,oligodendrocyte_progenitor_2
3,2392,targeted_hybrid,oligodendrocyte_progenitor_2,oligodendrocyte_2
3,609,targeted_hybrid,astrocyte_2,astrocyte_1
3,2163,targeted_hybrid,oligodendrocyte_progenitor_2,oligodendrocyte_progenitor_2
3,765,targeted_hybrid,astrocyte_2,astrocyte_2
3,2170,targeted_hybrid,oligodendrocyte_progenitor_2,endothelial
3,2082,targeted_hybrid,oligodendrocyte_precursor_cell,oligodendrocyte_precursor_cell
3,303,targeted_hybrid,astrocyte_1,astrocyte_2
3,294,targeted_hybrid,astrocyte_1,oligodendrocyte_progenitor_2
3,858,targeted_hybrid,endothelial,oligodendrocyte_2
3,246,targeted_hybrid,astrocyte_1,astrocyte_1
3,1140,targeted_hybrid,meninges_1,meninges_1
3,1968,targeted_hybrid,oligodendrocyte_2,oligodendrocyte_2
3,204,targeted_hybrid,astrocyte_1,astrocyte_1
3,943,targeted_hybrid,endothelial,endothelial
3,2701,targeted_hybrid,oligodendrocyte_progenitor_2,oligodendrocyte_progenitor_2
3,1330,targeted_hybrid,oligodendrocyte_1,astrocyte_1
3,2716,targeted_hybrid,oligodendrocyte_progenitor_2,oligodendrocyte_progenitor_2
3,617,targeted_hybrid,astrocyte_2,oligodendrocyte_progenitor_2
3,1349,targeted_hybrid,oligodendrocyte_1,oligodendrocyte_1
3,1574,targeted_hybrid,oligodendrocyte_2,oligodendrocyte_2
3,512,targeted_hybrid,astrocyte_1,oligodendrocyte_progenitor_2
3,1421,targeted_hybrid,oligodendrocyte_1,oligodendrocyte_progenitor_2
3,2707,targeted_hybrid,oligodendrocyte_progenitor_2,oligodendrocyte_progenitor_2
3,2764,targeted_hybrid,oligodendrocyte_progenitor_2,astrocyte_1
3,1635,targeted_hybrid,oligodendrocyte_2,oligodendrocyte_progenitor_2
3,232,targeted_hybrid,astrocyte_1,astrocyte_1
3,1960,targeted_hybrid,oligodendrocyte_2,oligodendrocyte_2
3,1455,targeted_hybrid,oligodendrocyte_1,oligodendrocyte_progenitor_2
3,2119,targeted_hybrid,oligodendrocyte_progenitor_1,oligodendrocyte_precursor_cell
3,489,targeted_hybrid,astrocyte_1,astrocyte_1
3,364,targeted_hybrid,astrocyte_1,astrocyte_1
3,896,targeted_hybrid,endothelial,endothelial
3,2810,targeted_hybrid,oligodendrocyte_progenitor_2,oligodendrocyte_progenitor_2
3,1457,targeted_hybrid,oligodendrocyte_1,oligodendrocyte_1
3,1313,targeted_hybrid,oligodendrocyte_1,oligodendrocyte_progenitor_2
3,1291,targeted_hybrid,microglia,microglia
3,1624,targeted_hybrid,oligodendrocyte_2,oligodendrocyte_2
3,66,targeted_hybrid,astrocyte_1,astrocyte_1
3,1092,targeted_hybrid,ependymal,astrocyte_2
3,1340,targeted_hybrid,oligodendrocyte_1,oligodendrocyte_2
3,2245,targeted_hybrid,oligodendrocyte_progenitor_2,oligodendrocyte_progenitor_2
3,1746,targeted_hybrid,oligodendrocyte_2,oligodendrocyte_2
3,1264,targeted_hybrid,microglia,microglia
3,573,targeted_hybrid,astrocyte_2,oligodendrocyte_progenitor_2
3,1834,targeted_hybrid,oligodendrocyte_2,oligodendrocyte_2
3,1261,targeted_hybrid,microglia,oligodendrocyte_2
3,448,targeted_hybrid,astrocyte_1,astrocyte_1
3,2053,targeted_hybrid,oligodendrocyte_precursor_cell,oligodendrocyte_precursor_cell
3,2378,targeted_hybrid,oligodendrocyte_progenitor_2,oligodendrocyte_progenitor_2
3,866,targeted_hybrid,endothelial,endothelial
3,2194,targeted_hybrid,oligodendrocyte_progenitor_2,oligodendrocyte_progenitor_2
3,1362,targeted_hybrid,oligodendrocyte_1,oligodendrocyte_1
3,2220,targeted_hybrid,oligodendrocyte_progenitor_2,oligodendrocyte_progenitor_2
3,384,targeted_hybrid,astrocyte_1,astrocyte_1
3,1795,targeted_hybrid,oligodendrocyte_2,oligodendrocyte_2
3,242,targeted_hybrid,astrocyte_1,astrocyte_2
3,1966,targeted_hybrid,oligodendrocyte_2,oligodendrocyte_2
3,1433,targeted_hybrid,oligodendrocyte_1,oligodendrocyte_progenitor_2
3,1265,targeted_hybrid,microglia,microglia
3,1390,targeted_hybrid,oligodendrocyte_1,astrocyte_1
3,2776,targeted_hybrid,oligodendrocyte_progenitor_2,oligodendrocyte_progenitor_2
3,669,targeted_hybrid,astrocyte_2,astrocyte_2
3,2419,targeted_hybrid,oligodendrocyte_progenitor_2,oligodendrocyte_progenitor_2
3,2189,targeted_hybrid,oligodendrocyte_progenitor_2,oligodendrocyte_2
3,1831,targeted_hybrid,oligodendrocyte_2,oligodendrocyte_2
3,1079,targeted_hybrid,endothelial,astrocyte_1
3,1819,targeted_hybrid,oligodendrocyte_2,oligodendrocyte_progenitor_2
3,1523,targeted_hybrid,oligodendrocyte_1,oligodendrocyte_1
3,1462,targeted_hybrid,oligodendrocyte_1,oligodendrocyte_2
3,395,targeted_hybrid,astrocyte_1,astrocyte_1
3,1404,targeted_hybrid,oligodendrocyte_1,pericyte
3,2581,targeted_hybrid,oligodendrocyte_progenitor_2,oligodendrocyte_2
3,2686,targeted_hybrid,oligodendrocyte_progenitor_2,astrocyte_1
3,2073,targeted_hybrid,oligodendrocyte_precursor_cell,oligodendrocyte_progenitor_1
3,2122,targeted_hybrid,oligodendrocyte_progenitor_1,astrocyte_1
3,2420,targeted_hybrid,oligodendrocyte_progenitor_2,oligodendrocyte_progenitor_2
3,2410,targeted_hybrid,oligodendrocyte_progenitor_2,oligodendrocyte_progenitor_2
3,1813,targeted_hybrid,oligodendrocyte_2,oligodendrocyte_2
3,1903,targeted_hybrid,oligodendrocyte_2,oligodendrocyte_2
3,2555,targeted_hybrid,oligodendrocyte_progenitor_2,oligodendrocyte_progenitor_2
3,1289,targeted_hybrid,microglia,microglia
3,1987,targeted_hybrid,oligodendrocyte_precursor_cell,oligodendrocyte_precursor_cell
3,933,targeted_hybrid,endothelial,endothelial
3,528,targeted_hybrid,astrocyte_1,astrocyte_1
3,1875,targeted_hybrid,oligodendrocyte_2,oligodendrocyte_2
3,1151,targeted_hybrid,meninges_1,meninges_1
3,2603,targeted_hybrid,oligodendrocyte_progenitor_2,oligodendrocyte_progenitor_2
3,1828,targeted_hybrid,oligodendrocyte_2,oligodendrocyte_2
3,664,targeted_hybrid,astrocyte_2,oligodendrocyte_progenitor_2
3,1141,targeted_hybrid,meninges_1,oligodendrocyte_progenitor_2
3,465,targeted_hybrid,astrocyte_1,astrocyte_1
3,2379,targeted_hybrid,oligodendrocyte_progenitor_2,oligodendrocyte_progenitor_2
3,889,targeted_hybrid,endothelial,astrocyte_1
3,1308,targeted_hybrid,oligodendrocyte_1,oligodendrocyte_progenitor_2
3,1727,targeted_hybrid,oligodendrocyte_2,oligodendrocyte_2
3,2589,targeted_hybrid,oligodendrocyte_progenitor_2,oligodendrocyte_progenitor_2
3,616,targeted_hybrid,astrocyte_2,astrocyte_1
3,1102,targeted_hybrid,meninges_1,meninges_1
3,170,targeted_hybrid,astrocyte_1,astrocyte_1
3,636,targeted_hybrid,astrocyte_2,astrocyte_1
3,2471,targeted_hybrid,oligodendrocyte_progenitor_2,oligodendrocyte_progenitor_2
3,1708,targeted_hybrid,oligodendrocyte_2,oligodendrocyte_2
3,305,targeted_hybrid,astrocyte_1,astrocyte_1
3,1360,targeted_hybrid,oligodendrocyte_1,oligodendrocyte_progenitor_2
3,2133,targeted_hybrid,oligodendrocyte_progenitor_1,oligodendrocyte_precursor_cell
3,1825,targeted_hybrid,oligodendrocyte_2,oligodendrocyte_progenitor_2
3,53,targeted_hybrid,astrocyte_1,astrocyte_1
3,2166,targeted_hybrid,oligodendrocyte_progenitor_2,oligodendrocyte_progenitor_2
3,2886,targeted_hybrid,peripheral_glia,Schwann_cell
3,412,targeted_hybrid,astrocyte_1,astrocyte_1
3,1882,targeted_hybrid,oligodendrocyte_2,oligodendrocyte_2
3,212,targeted_hybrid,astrocyte_1,astrocyte_1
3,2821,targeted_hybrid,oligodendrocyte_progenitor_2,oligodendrocyte_progenitor_2
3,2645,targeted_hybrid,oligodendrocyte_progenitor_2,oligodendrocyte_progenitor_2
3,2641,targeted_hybrid,oligodendrocyte_progenitor_2,oligodendrocyte_progenitor_2
3,840,targeted_hybrid,endothelial,endothelial
3,1064,targeted_hybrid,endothelial,endothelial
3,2460,targeted_hybrid,oligodendrocyte_progenitor_2,oligodendrocyte_progenitor_2
3,2792,targeted_hybrid,oligodendrocyte_progenitor_2,oligodendrocyte_1
3,2750,targeted_hybrid,oligodendrocyte_progenitor_2,oligodendrocyte_progenitor_2
3,1868,targeted_hybrid,oligodendrocyte_2,oligodendrocyte_2
3,1166,targeted_hybrid,meninges_1,meninges_1
3,849,targeted_hybrid,endothelial,endothelial
3,1883,targeted_hybrid,oligodendrocyte_2,oligodendrocyte_2
3,1419,targeted_hybrid,oligodendrocyte_1,microglia
3,1884,targeted_hybrid,oligodendrocyte_2,oligodendrocyte_2
3,470,targeted_hybrid,astrocyte_1,astrocyte_1
3,1051,targeted_hybrid,endothelial,oligodendrocyte_progenitor_2
3,2415,targeted_hybrid,oligodendrocyte_progenitor_2,oligodendrocyte_progenitor_2
3,2376,targeted_hybrid,oligodendrocyte_progenitor_2,oligodendrocyte_progenitor_2
3,2442,targeted_hybrid,oligodendrocyte_progenitor_2,oligodendrocyte_progenitor_2
3,2408,targeted_hybrid,oligodendrocyte_progenitor_2,oligodendrocyte_1
3,1180,targeted_hybrid,meninges_2,meninges_2
3,934,targeted_hybrid,endothelial,endothelial
3,776,targeted_hybrid,endothelial,endothelial
3,2542,targeted_hybrid,oligodendrocyte_progenitor_2,astrocyte_1
3,2746,targeted_hybrid,oligodendrocyte_progenitor_2,oligodendrocyte_progenitor_2
3,562,targeted_hybrid,astrocyte_1,astrocyte_1
3,702,targeted_hybrid,astrocyte_2,astrocyte_2
3,2492,targeted_hybrid,oligodendrocyte_progenitor_2,oligodendrocyte_progenitor_2
3,2375,targeted_hybrid,oligodendrocyte_progenitor_2,oligodendrocyte_progenitor_2
3,1066,targeted_hybrid,endothelial,endothelial
3,738,targeted_hybrid,astrocyte_2,astrocyte_2
3,2635,targeted_hybrid,oligodendrocyte_progenitor_2,oligodendrocyte_progenitor_2
3,2398,targeted_hybrid,oligodendrocyte_progenitor_2,oligodendrocyte_2
3,229,targeted_hybrid,astrocyte_1,astrocyte_1
3,67,targeted_hybrid,astrocyte_1,astrocyte_2
3,2788,targeted_hybrid,oligodendrocyte_progenitor_2,oligodendrocyte_progenitor_2
3,1007,targeted_hybrid,endothelial,endothelial
3,105,targeted_hybrid,astrocyte_1,astrocyte_2
3,41,targeted_hybrid,astrocyte_1,astrocyte_1
3,1165,targeted_hybrid,meninges_1,meninges_1
3,987,targeted_hybrid,endothelial,oligodendrocyte_progenitor_2
3,2266,targeted_hybrid,oligodendrocyte_progenitor_2,astrocyte_1
3,1844,targeted_hybrid,oligodendrocyte_2,oligodendrocyte_2
3,2898,targeted_hybrid,peripheral_glia,peripheral_glia
3,182,targeted_hybrid,astrocyte_1,astrocyte_1
3,721,targeted_hybrid,astrocyte_2,astrocyte_2
3,2596,targeted_hybrid,oligodendrocyte_progenitor_2,oligodendrocyte_1
3,1848,targeted_hybrid,oligodendrocyte_2,oligodendrocyte_2
3,655,targeted_hybrid,astrocyte_2,astrocyte_2
3,1877,targeted_hybrid,oligodendrocyte_2,oligodendrocyte_2
3,1031,targeted_hybrid,endothelial,endothelial
3,2480,targeted_hybrid,oligodendrocyte_progenitor_2,oligodendrocyte_progenitor_2
3,1260,targeted_hybrid,microglia,oligodendrocyte_1
3,54,targeted_hybrid,astrocyte_1,astrocyte_1
3,2282,targeted_hybrid,oligodendrocyte_progenitor_2,oligodendrocyte_progenitor_2
3,2598,targeted_hybrid,oligodendrocyte_progenitor_2,oligodendrocyte_progenitor_2
3,1852,targeted_hybrid,oligodendrocyte_2,oligodendrocyte_2
3,463,targeted_hybrid,astrocyte_1,astrocyte_1
3,152,targeted_hybrid,astrocyte_1,astrocyte_1
3,106,targeted_hybrid,astrocyte_1,astrocyte_1
3,2461,targeted_hybrid,oligodendrocyte_progenitor_2,oligodendrocyte_2
3,102,targeted_hybrid,astrocyte_1,astrocyte_1
3,2328,targeted_hybrid,oligodendrocyte_progenitor_2,oligodendrocyte_1
3,701,targeted_hybrid,astrocyte_2,astrocyte_1
3,2399,targeted_hybrid,oligodendrocyte_progenitor_2,oligodendrocyte_2
3,377,targeted_hybrid,astrocyte_1,astrocyte_2
3,247,targeted_hybrid,astrocyte_1,astrocyte_1
3,1294,targeted_hybrid,oligodendrocyte_1,oligodendrocyte_progenitor_2
3,1441,targeted_hybrid,oligodendrocyte_1,oligodendrocyte_progenitor_2
3,1040,targeted_hybrid,endothelial,oligodendrocyte_1
3,1209,targeted_hybrid,meninges_2,meninges_3
3,2390,targeted_hybrid,oligodendrocyte_progenitor_2,oligodendrocyte_2
4,900,genes_volume,endothelial,oligodendrocyte_progenitor_2
4,1474,genes_volume,oligodendrocyte_1,oligodendrocyte_2
4,2766,genes_volume,oligodendrocyte_progenitor_2,oligodendrocyte_progenitor_2
4,2851,genes_volume,pericyte,pericyte
4,248,genes_volume,astrocyte_1,astrocyte_1
4,2280,genes_volume,oligodendrocyte_progenitor_2,oligodendrocyte_progenitor_2
4,2658,genes_volume,oligodendrocyte_progenitor_2,oligodendrocyte_progenitor_2
4,1282,genes_volume,microglia,microglia
4,2539,genes_volume,oligodendrocyte_progenitor_2,oligodendrocyte_progenitor_2
4,1046,genes_volume,endothelial,endothelial
4,2574,genes_volume,oligodendrocyte_progenitor_2,oligodendrocyte_2
4,2693,genes_volume,oligodendrocyte_progenitor_2,oligodendrocyte_progenitor_2
4,2301,genes_volume,oligodendrocyte_progenitor_2,oligodendrocyte_progenitor_2
4,108,genes_volume,astrocyte_1,astrocyte_1
4,1804,genes_volume,oligodendrocyte_2,oligodendrocyte_2
4,2357,genes_volume,oligodendrocyte_progenitor_2,oligodendrocyte_progenitor_2
4,2290,genes_volume,oligodendrocyte_progenitor_2,oligodendrocyte_progenitor_2
4,726,genes_volume,astrocyte_2,astrocyte_2
4,2716,genes_volume,oligodendrocyte_progenitor_2,oligodendrocyte_progenitor_2
4,2529,genes_volume,oligodendrocyte_progenitor_2,oligodendrocyte_1
4,2320,genes_volume,oligodendrocyte_progenitor_2,oligodendrocyte_progenitor_2
4,2879,genes_volume,pericyte,astrocyte_1
4,2531,genes_volume,oligodendrocyte_progenitor_2,oligodendrocyte_progenitor_2
4,1786,genes_volume,oligodendrocyte_2,oligodendrocyte_2
4,2521,genes_volume,oligodendrocyte_progenitor_2,oligodendrocyte_progenitor_2
4,1710,genes_volume,oligodendrocyte_2,oligodendrocyte_progenitor_2
4,537,genes_volume,astrocyte_1,astrocyte_1
4,942,genes_volume,endothelial,endothelial
4,762,genes_volume,astrocyte_2,astrocyte_2
4,1889,genes_volume,oligodendrocyte_2,oligodendrocyte_2
4,7,genes_volume,astrocyte_1,astrocyte_1
4,1146,genes_volume,meninges_1,meninges_1
4,1787,genes_volume,oligodendrocyte_2,oligodendrocyte_2
4,2348,genes_volume,oligodendrocyte_progenitor_2,oligodendrocyte_progenitor_2
4,1930,genes_volume,oligodendrocyte_2,oligodendrocyte_2
4,2582,genes_volume,oligodendrocyte_progenitor_2,oligodendrocyte_progenitor_2
4,2219,genes_volume,oligodendrocyte_progenitor_2,oligodendrocyte_progenitor_2
4,1252,genes_volume,microglia,oligodendrocyte_2
4,2688,genes_volume,oligodendrocyte_progenitor_2,oligodendrocyte_progenitor_2
4,851,genes_volume,endothelial,endothelial
4,2078,genes_volume,oligodendrocyte_precursor_cell,astrocyte_1
4,1768,genes_volume,oligodendrocyte_2,oligodendrocyte_2
4,0,genes_volume,astrocyte_1,oligodendrocyte_progenitor_2
4,2147,genes_volume,oligodendrocyte_progenitor_2,oligodendrocyte_progenitor_2
4,936,genes_volume,endothelial,oligodendrocyte_1
4,2838,genes_volume,oligodendrocyte_progenitor_2,oligodendrocyte_progenitor_2
4,1691,genes_volume,oligodendrocyte_2,oligodendrocyte_2
4,2464,genes_volume,oligodendrocyte_progenitor_2,astrocyte_1
4,63,genes_volume,astrocyte_1,astrocyte_1
4,2035,genes_volume,oligodendrocyte_precursor_cell,oligodendrocyte_precursor_cell
4,176,genes_volume,astrocyte_1,astrocyte_1
4,938,genes_volume,endothelial,endothelial
4,2738,genes_volume,oligodendrocyte_progenitor_2,oligodendrocyte_progenitor_2
4,614,genes_volume,astrocyte_2,astrocyte_2
4,2594,genes_volume,oligodendrocyte_progenitor_2,oligodendrocyte_progenitor_2
4,2028,genes_volume,oligodendrocyte_precursor_cell,microglia
4,563,genes_volume,astrocyte_1,astrocyte_1
4,130,genes_volume,astrocyte_1,astrocyte_1
4,1878,genes_volume,oligodendrocyte_2,oligodendrocyte_2
4,2380,genes_volume,oligodendrocyte_progenitor_2,oligodendrocyte_progenitor_2
4,273,genes_volume,astrocyte_1,astrocyte_1
4,2065,genes_volume,oligodendrocyte_precursor_cell,oligodendrocyte_precursor_cell
4,2881,genes_volume,pericyte,oligodendrocyte_progenitor_2
4,2199,genes_volume,oligodendrocyte_progenitor_2,oligodendrocyte_2
4,1058,genes_volume,endothelial,astrocyte_1
4,109,genes_volume,astrocyte_1,endothelial
4,2655,genes_volume,oligodendrocyte_progenitor_2,oligodendrocyte_progenitor_2
4,725,genes_volume,astrocyte_2,astrocyte_2
4,106,genes_volume,astrocyte_1,astrocyte_1
4,234,genes_volume,astrocyte_1,astrocyte_1
4,2223,genes_volume,oligodendrocyte_progenitor_2,oligodendrocyte_progenitor_2
4,2697,genes_volume,oligodendrocyte_progenitor_2,oligodendrocyte_progenitor_2
4,1459,genes_volume,oligodendrocyte_1,astrocyte_1
4,297,genes_volume,astrocyte_1,astrocyte_1
4,1566,genes_volume,oligodendrocyte_2,oligodendrocyte_2
4,2041,genes_volume,oligodendrocyte_precursor_cell,oligodendrocyte_precursor_cell
4,683,genes_volume,astrocyte_2,astrocyte_1
4,2406,genes_volume,oligodendrocyte_progenitor_2,oligodendrocyte_progenitor_2
4,1265,genes_volume,microglia,microglia
4,296,genes_volume,astrocyte_1,astrocyte_1
4,1064,genes_volume,endothelial,endothelial
4,1476,genes_volume,oligodendrocyte_1,oligodendrocyte_progenitor_2
4,2177,genes_volume,oligodendrocyte_progenitor_2,oligodendrocyte_progenitor_2
4,258,genes_volume,astrocyte_1,astrocyte_1
4,820,genes_volume,endothelial,endothelial
4,2443,genes_volume,oligodendrocyte_progenitor_2,oligodendrocyte_progenitor_2
4,1651,genes_volume,oligodendrocyte_2,oligodendrocyte_2
4,434,genes_volume,astrocyte_1,astrocyte_1
4,1815,genes_volume,oligodendrocyte_2,oligodendrocyte_2
4,655,genes_volume,astrocyte_2,astrocyte_2
4,2943,genes_volume,Schwann_cell,Schwann_cell
4,1884,genes_volume,oligodendrocyte_2,oligodendrocyte_2
4,1720,genes_volume,oligodendrocyte_2,oligodendrocyte_2
4,218,genes_volume,astrocyte_1,astrocyte_1
4,2905,genes_volume,peripheral_glia,Schwann_cell
4,745,genes_volume,astrocyte_2,oligodendrocyte_2
4,2724,genes_volume,oligodendrocyte_progenitor_2,endothelial
4,1095,genes_volume,ependymal,ependymal
4,342,genes_volume,astrocyte_1,oligodendrocyte_progenitor_2
4,249,genes_volume,astrocyte_1,astrocyte_1
4,2930,genes_volume,Schwann_cell,Schwann_cell
4,2113,genes_volume,oligodendrocyte_progenitor_1,oligodendrocyte_precursor_cell
4,38,genes_volume,astrocyte_1,endothelial
4,460,genes_volume,astrocyte_1,astrocyte_1
4,2038,genes_volume,oligodendrocyte_precursor_cell,oligodendrocyte_progenitor_2
4,2279,genes_volume,oligodendrocyte_progenitor_2,oligodendrocyte_progenitor_2
4,2008,genes_volume,oligodendrocyte_precursor_cell,oligodendrocyte_precursor_cell
4,1385,genes_volume,oligodendrocyte_1,oligodendrocyte_1
4,965,genes_volume,endothelial,astrocyte_1
4,1535,genes_volume,oligodendrocyte_1,oligodendrocyte_progenitor_2
4,1031,genes_volume,endothelial,endothelial
4,717,genes_volume,astrocyte_2,astrocyte_2
4,256,genes_volume,astrocyte_1,astrocyte_1
4,396,genes_volume,astrocyte_1,astrocyte_1
4,776,genes_volume,endothelial,endothelial
4,2434,genes_volume,oligodendrocyte_progenitor_2,oligodendrocyte_progenitor_2
4,770,genes_volume,endothelial,astrocyte_1
4,294,genes_volume,astrocyte_1,oligodendrocyte_progenitor_2
4,1002,genes_volume,endothelial,oligodendrocyte_progenitor_2
4,1000,genes_volume,endothelial,endothelial
4,73,genes_volume,astrocyte_1,astrocyte_1
4,1099,genes_volume,ependymal,astrocyte_1
4,2461,genes_volume,oligodendrocyte_progenitor_2,oligodendrocyte_2
4,1821,genes_volume,oligodendrocyte_2,oligodendrocyte_2
4,257,genes_volume,astrocyte_1,astrocyte_1
4,761,genes_volume,astrocyte_2,astrocyte_1
4,2000,genes_volume,oligodendrocyte_precursor_cell,astrocyte_1
4,2372,genes_volume,oligodendrocyte_progenitor_2,oligodendrocyte_2
4,1416,genes_volume,oligodendrocyte_1,oligodendrocyte_progenitor_2
4,2505,genes_volume,oligodendrocyte_progenitor_2,oligodendrocyte_progenitor_2
4,804,genes_volume,endothelial,endothelial
4,945,genes_volume,endothelial,astrocyte_1
4,1120,genes_volume,meninges_1,astrocyte_1
4,144,genes_volume,astrocyte_1,oligodendrocyte_progenitor_2
4,2797,genes_volume,oligodendrocyte_progenitor_2,oligodendrocyte_progenitor_2
4,948,genes_volume,endothelial,endothelial
4,1090,genes_volume,endothelial,endothelial
4,1635,genes_volume,oligodendrocyte_2,oligodendrocyte_progenitor_2
4,423,genes_volume,astrocyte_1,astrocyte_1
4,2522,genes_volume,oligodendrocyte_progenitor_2,astrocyte_2
4,2073,genes_volume,oligodendrocyte_precursor_cell,oligodendrocyte_progenitor_1
4,1659,genes_volume,oligodendrocyte_2,oligodendrocyte_2
4,2609,genes_volume,oligodendrocyte_progenitor_2,oligodendrocyte_progenitor_2
4,2187,genes_volume,oligodendrocyte_progenitor_2,oligodendrocyte_2
4,1747,genes_volume,oligodendrocyte_2,oligodendrocyte_2
4,773,genes_volume,endothelial,endothelial
4,626,genes_volume,astrocyte_2,astrocyte_1
4,1297,genes_volume,oligodendrocyte_1,oligodendrocyte_progenitor_2
4,2306,genes_volume,oligodendrocyte_progenitor_2,oligodendrocyte_progenitor_2
4,1368,genes_volume,oligodendrocyte_1,astrocyte_1
4,2030,genes_volume,oligodendrocyte_precursor_cell,astrocyte_1
4,2947,genes_volume,Schwann_cell,Schwann_cell
4,1695,genes_volume,oligodendrocyte_2,oligodendrocyte_2
4,467,genes_volume,astrocyte_1,astrocyte_1
4,750,genes_volume,astrocyte_2,astrocyte_2
4,277,genes_volume,astrocyte_1,astrocyte_1
4,2413,genes_volume,oligodendrocyte_progenitor_2,oligodendrocyte_2
4,1233,genes_volume,microglia,astrocyte_1
4,811,genes_volume,endothelial,endothelial
4,724,genes_volume,astrocyte_2,oligodendrocyte_progenitor_2
4,2347,genes_volume,oligodendrocyte_progenitor_2,astrocyte_1
4,975,genes_volume,endothelial,endothelial
4,570,genes_volume,astrocyte_1,astrocyte_1
4,1158,genes_volume,meninges_1,meninges_1
4,711,genes_volume,astrocyte_2,oligodendrocyte_progenitor_2
4,141,genes_volume,astrocyte_1,astrocyte_1
4,1608,genes_volume,oligodendrocyte_2,oligodendrocyte_2
4,780,genes_volume,endothelial,endothelial
4,341,genes_volume,astrocyte_1,astrocyte_1
4,2883,genes_volume,pericyte,astrocyte_1
4,2146,genes_volume,oligodendrocyte_progenitor_2,oligodendrocyte_progenitor_2
4,2864,genes_volume,pericyte,astrocyte_1
4,2476,genes_volume,oligodendrocyte_progenitor_2,oligodendrocyte_progenitor_2
4,2793,genes_volume,oligodendrocyte_progenitor_2,oligodendrocyte_progenitor_2
4,1594,genes_volume,oligodendrocyte_2,endothelial
4,1898,genes_volume,oligodendrocyte_2,oligodendrocyte_2
4,1341,genes_volume,oligodendrocyte_1,oligodendrocyte_progenitor_2
4,832,genes_volume,endothelial,endothelial
4,923,genes_volume,endothelial,endothelial
4,2228,genes_volume,oligodendrocyte_progenitor_2,oligodendrocyte_progenitor_2
4,2192,genes_volume,oligodendrocyte_progenitor_2,oligodendrocyte_progenitor_2
4,2411,genes_volume,oligodendrocyte_progenitor_2,oligodendrocyte_progenitor_2
4,2174,genes_volume,oligodendrocyte_progenitor_2,oligodendrocyte_progenitor_2
4,351,genes_volume,astrocyte_1,astrocyte_1
4,358,genes_volume,astrocyte_1,astrocyte_1
4,852,genes_volume,endothelial,astrocyte_1
4,2556,genes_volume,oligodendrocyte_progenitor_2,oligodendrocyte_2
4,575,genes_volume,astrocyte_2,astrocyte_1
4,1966,genes_volume,oligodendrocyte_2,oligodendrocyte_2
4,2584,genes_volume,oligodendrocyte_progenitor_2,oligodendrocyte_progenitor_2
4,547,genes_volume,astrocyte_1,ependymal
4,2596,genes_volume,oligodendrocyte_progenitor_2,oligodendrocyte_1
4,2385,genes_volume,oligodendrocyte_progenitor_2,oligodendrocyte_progenitor_2
4,1461,genes_volume,oligodendrocyte_1,oligodendrocyte_2
4,1295,genes_volume,oligodendrocyte_1,oligodendrocyte_progenitor_2
4,2256,genes_volume,oligodendrocyte_progenitor_2,oligodendrocyte_2
4,1963,genes_volume,oligodendrocyte_2,oligodendrocyte_2
4,2750,genes_volume,oligodendrocyte_progenitor_2,oligodendrocyte_progenitor_2
4,2262,genes_volume,oligodendrocyte_progenitor_2,astrocyte_1
4,1601,genes_volume,oligodendrocyte_2,microglia
4,876,genes_volume,endothelial,oligodendrocyte_progenitor_2
4,947,genes_volume,endothelial,endothelial
4,2375,genes_volume,oligodendrocyte_progenitor_2,oligodendrocyte_progenitor_2
4,837,genes_volume,endothelial,endothelial
4,2145,genes_volume,oligodendrocyte_progenitor_2,oligodendrocyte_progenitor_2
4,2261,genes_volume,oligodendrocyte_progenitor_2,oligodendrocyte_2
4,1991,genes_volume,oligodendrocyte_precursor_cell,oligodendrocyte_2
4,474,genes_volume,astrocyte_1,astrocyte_1
4,517,genes_volume,astrocyte_1,astrocyte_1
4,49,genes_volume,astrocyte_1,astrocyte_1
4,459,genes_volume,astrocyte_1,astrocyte_1
4,336,genes_volume,astrocyte_1,astrocyte_1
4,2237,genes_volume,oligodendrocyte_progenitor_2,oligodendrocyte_progenitor_2
4,1470,genes_volume,oligodendrocyte_1,oligodendrocyte_2
4,1745,genes_volume,oligodendrocyte_2,oligodendrocyte_2
4,2512,genes_volume,oligodendrocyte_progenitor_2,oligodendrocyte_progenitor_2
4,44,genes_volume,astrocyte_1,astrocyte_1
4,1861,genes_volume,oligodendrocyte_2,oligodendrocyte_2
4,1824,genes_volume,oligodendrocyte_2,oligodendrocyte_2
4,2143,genes_volume,oligodendrocyte_progenitor_2,oligodendrocyte_progenitor_2
4,2848,genes_volume,pericyte,pericyte
4,621,genes_volume,astrocyte_2,astrocyte_1
4,856,genes_volume,endothelial,endothelial
4,505,genes_volume,astrocyte_1,astrocyte_2
4,810,genes_volume,endothelial,oligodendrocyte_progenitor_2
4,2936,genes_volume,Schwann_cell,Schwann_cell
4,2892,genes_volume,peripheral_glia,oligodendrocyte_2
4,2001,genes_volume,oligodendrocyte_precursor_cell,astrocyte_1
4,192,genes_volume,astrocyte_1,astrocyte_1
4,541,genes_volume,astrocyte_1,astrocyte_1
4,2830,genes_volume,oligodendrocyte_progenitor_2,oligodendrocyte_progenitor_2
4,30,genes_volume,astrocyte_1,astrocyte_1
4,2498,genes_volume,oligodendrocyte_progenitor_2,oligodendrocyte_progenitor_2
4,1222,genes_volume,meninges_3,meninges_3
4,2457,genes_volume,oligodendrocyte_progenitor_2,oligodendrocyte_progenitor_2
4,2140,genes_volume,oligodendrocyte_progenitor_1,astrocyte_1
4,200,genes_volume,astrocyte_1,astrocyte_1
4,1551,genes_volume,oligodendrocyte_1,oligodendrocyte_1
4,513,genes_volume,astrocyte_1,astrocyte_1
4,2733,genes_volume,oligodendrocyte_progenitor_2,oligodendrocyte_progenitor_2
4,2932,genes_volume,Schwann_cell,Schwann_cell
4,2678,genes_volume,oligodendrocyte_progenitor_2,oligodendrocyte_progenitor_2
4,133,genes_volume,astrocyte_1,astrocyte_1
4,2391,genes_volume,oligodendrocyte_progenitor_2,oligodendrocyte_progenitor_2
4,171,genes_volume,astrocyte_1,astrocyte_1
4,2622,genes_volume,oligodendrocyte_progenitor_2,oligodendrocyte_progenitor_2
4,1009,genes_volume,endothelial,oligodendrocyte_1
4,1059,genes_volume,endothelial,oligodendrocyte_progenitor_2
4,1871,genes_volume,oligodendrocyte_2,oligodendrocyte_2
4,1532,genes_volume,oligodendrocyte_1,oligodendrocyte_progenitor_2
4,2438,genes_volume,oligodendrocyte_progenitor_2,oligodendrocyte_progenitor_2
4,1186,genes_volume,meninges_2,meninges_1
4,861,genes_volume,endothelial,endothelial
4,1717,genes_volume,oligodendrocyte_2,oligodendrocyte_2
4,772,genes_volume,endothelial,endothelial
4,2276,genes_volume,oligodendrocyte_progenitor_2,oligodendrocyte_progenitor_2
4,790,genes_volume,endothelial,endothelial
4,954,genes_volume,endothelial,endothelial
4,1841,genes_volume,oligodendrocyte_2,oligodendrocyte_2
4,2402,genes_volume,oligodendrocyte_progenitor_2,oligodendrocyte_progenitor_2
4,2812,genes_volume,oligodendrocyte_progenitor_2,oligodendrocyte_progenitor_2
4,26,genes_volume,astrocyte_1,astrocyte_1
4,81,genes_volume,astrocyte_1,astrocyte_1
4,35,genes_volume,astrocyte_1,astrocyte_1
4,2567,genes_volume,oligodendrocyte_progenitor_2,oligodendrocyte_progenitor_2
4,1926,genes_volume,oligodendrocyte_2,oligodendrocyte_2
4,1524,genes_volume,oligodendrocyte_1,oligodendrocyte_1
4,1396,genes_volume,oligodendrocyte_1,oligodendrocyte_progenitor_2
4,2569,genes_volume,oligodendrocyte_progenitor_2,oligodendrocyte_progenitor_2
4,2516,genes_volume,oligodendrocyte_progenitor_2,oligodendrocyte_progenitor_2
4,1412,genes_volume,oligodendrocyte_1,oligodendrocyte_progenitor_2
4,1201,genes_volume,meninges_2,meninges_2
4,1244,genes_volume,microglia,microglia
4,1792,genes_volume,oligodendrocyte_2,oligodendrocyte_2
4,2045,genes_volume,oligodendrocyte_precursor_cell,oligodendrocyte_precursor_cell
4,1196,genes_volume,meninges_2,oligodendrocyte_progenitor_2
4,1534,genes_volume,oligodendrocyte_1,oligodendrocyte_1
4,2922,genes_volume,Schwann_cell,Schwann_cell
4,821,genes_volume,endothelial,endothelial
4,2150,genes_volume,oligodendrocyte_progenitor_2,oligodendrocyte_progenitor_2
4,1704,genes_volume,oligodendrocyte_2,oligodendrocyte_2
4,246,genes_volume,astrocyte_1,astrocyte_1
4,353,genes_volume,astrocyte_1,astrocyte_1
4,2490,genes_volume,oligodendrocyte_progenitor_2,oligodendrocyte_2
4,2935,genes_volume,Schwann_cell,Schwann_cell
4,2053,genes_volume,oligodendrocyte_precursor_cell,oligodendrocyte_precursor_cell
4,2405,genes_volume,oligodendrocyte_progenitor_2,oligodendrocyte_progenitor_2
4,1135,genes_volume,meninges_1,meninges_1
4,1677,genes_volume,oligodendrocyte_2,oligodendrocyte_2
4,2817,genes_volume,oligodendrocyte_progenitor_2,oligodendrocyte_progenitor_2
4,1325,genes_volume,oligodendrocyte_1,oligodendrocyte_1
4,2061,genes_volume,oligodendrocyte_precursor_cell,astrocyte_1
4,1362,genes_volume,oligodendrocyte_1,oligodendrocyte_2
4,592,genes_volume,astrocyte_2,astrocyte_1
4,66,genes_volume,astrocyte_1,astrocyte_1
4,2250,genes_volume,oligodendrocyte_progenitor_2,oligodendrocyte_progenitor_2
4,12,genes_volume,astrocyte_1,astrocyte_1
4,1564,genes_volume,oligodendrocyte_1,endothelial
4,2144,genes_volume,oligodendrocyte_progenitor_2,oligodendrocyte_progenitor_2
4,2265,genes_volume,oligodendrocyte_progenitor_2,oligodendrocyte_progenitor_2
4,39,genes_volume,astrocyte_1,astrocyte_1
4,1035,genes_volume,endothelial,endothelial
4,313,genes_volume,astrocyte_1,astrocyte_1
4,794,genes_volume,endothelial,endothelial
4,1038,genes_volume,endothelial,endothelial
4,1179,genes_volume,meninges_2,oligodendrocyte_progenitor_2
4,2047,genes_volume,oligodendrocyte_precursor_cell,astrocyte_1
4,1253,genes_volume,microglia,microglia
4,1169,genes_volume,meninges_2,oligodendrocyte_progenitor_2
4,1645,genes_volume,oligodendrocyte_2,oligodendrocyte_2
4,1467,genes_volume,oligodendrocyte_1,oligodendrocyte_1
4,1782,genes_volume,oligodendrocyte_2,oligodendrocyte_2
4,951,genes_volume,endothelial,oligodendrocyte_progenitor_2
4,1418,genes_volume,oligodendrocyte_1,oligodendrocyte_1
4,813,genes_volume,endothelial,endothelial
4,1657,genes_volume,oligodendrocyte_2,oligodendrocyte_2
4,2151,genes_volume,oligodendrocyte_progenitor_2,oligodendrocyte_1
4,1449,genes_volume,oligodendrocyte_1,oligodendrocyte_progenitor_2
4,1748,genes_volume,oligodendrocyte_2,oligodendrocyte_2
4,1628,genes_volume,oligodendrocyte_2,oligodendrocyte_progenitor_2
4,160,genes_volume,astrocyte_1,oligodendrocyte_progenitor_2
4,486,genes_volume,astrocyte_1,astrocyte_1
4,1814,genes_volume,oligodendrocyte_2,oligodendrocyte_2
4,1990,genes_volume,oligodendrocyte_precursor_cell,oligodendrocyte_precursor_cell
4,264,genes_volume,astrocyte_1,astrocyte_1
4,1970,genes_volume,oligodendrocyte_2,oligodendrocyte_2
4,789,genes_volume,endothelial,endothelial
4,2770,genes_volume,oligodendrocyte_progenitor_2,oligodendrocyte_progenitor_2
4,1439,genes_volume,oligodendrocyte_1,oligodendrocyte_progenitor_2
4,1266,genes_volume,microglia,astrocyte_1
4,2057,genes_volume,oligodendrocyte_precursor_cell,oligodendrocyte_precursor_cell
4,2293,genes_volume,oligodendrocyte_progenitor_2,oligodendrocyte_progenitor_2
4,2432,genes_volume,oligodendrocyte_progenitor_2,oligodendrocyte_progenitor_2
4,2117,genes_volume,oligodendrocyte_progenitor_1,astrocyte_1
4,1248,genes_volume,microglia,astrocyte_1
4,1772,genes_volume,oligodendrocyte_2,oligodendrocyte_progenitor_2
4,2852,genes_volume,pericyte,endothelial
4,1284,genes_volume,microglia,microglia
4,382,genes_volume,astrocyte_1,astrocyte_1
4,2581,genes_volume,oligodendrocyte_progenitor_2,oligodendrocyte_2
4,793,genes_volume,endothelial,endothelial
4,330,genes_volume,astrocyte_1,astrocyte_1
4,271,genes_volume,astrocyte_1,astrocyte_1
4,1378,genes_volume,oligodendrocyte_1,oligodendrocyte_progenitor_2
4,1750,genes_volume,oligodendrocyte_2,oligodendrocyte_2
4,1842,genes_volume,oligodendrocyte_2,oligodendrocyte_2
4,637,genes_volume,astrocyte_2,astrocyte_1
4,2795,genes_volume,oligodendrocyte_progenitor_2,oligodendrocyte_progenitor_2
4,1437,genes_volume,oligodendrocyte_1,astrocyte_1
4,33,genes_volume,astrocyte_1,astrocyte_1
4,1503,genes_volume,oligodendrocyte_1,oligodendrocyte_1
4,2579,genes_volume,oligodendrocyte_progenitor_2,oligodendrocyte_progenitor_2
4,2121,genes_volume,oligodendrocyte_progenitor_1,oligodendrocyte_precursor_cell
4,2921,genes_volume,Schwann_cell,Schwann_cell
4,2773,genes_volume,oligodendrocyte_progenitor_2,oligodendrocyte_progenitor_2
4,1300,genes_volume,oligodendrocyte_1,oligodendrocyte_1
4,2518,genes_volume,oligodendrocyte_progenitor_2,oligodendrocyte_progenitor_2
4,2366,genes_volume,oligodendrocyte_progenitor_2,oligodendrocyte_progenitor_2
4,1238,genes_volume,microglia,microglia
4,2162,genes_volume,oligodendrocyte_progenitor_2,oligodendrocyte_2
4,1849,genes_volume,oligodendrocyte_2,oligodendrocyte_2
4,676,genes_volume,astrocyte_2,astrocyte_2
4,2043,genes_volume,oligodendrocyte_precursor_cell,oligodendrocyte_precursor_cell
4,2141,genes_volume,oligodendrocyte_progenitor_1,oligodendrocyte_progenitor_1
4,1605,genes_volume,oligodendrocyte_2,oligodendrocyte_2
4,1597,genes_volume,oligodendrocyte_2,oligodendrocyte_progenitor_2
4,2849,genes_volume,pericyte,endothelial
4,999,genes_volume,endothelial,astrocyte_2
4,1785,genes_volume,oligodendrocyte_2,oligodendrocyte_2
4,1337,genes_volume,oligodendrocyte_1,astrocyte_1
4,2378,genes_volume,oligodendrocyte_progenitor_2,oligodendrocyte_progenitor_2
4,549,genes_volume,astrocyte_1,astrocyte_1
4,1177,genes_volume,meninges_2,endothelial
4,1236,genes_volume,microglia,microglia
4,5,genes_volume,astrocyte_1,oligodendrocyte_1
4,2832,genes_volume,oligodendrocyte_progenitor_2,oligodendrocyte_progenitor_2
4,647,genes_volume,astrocyte_2,astrocyte_1
4,2568,genes_volume,oligodendrocyte_progenitor_2,oligodendrocyte_progenitor_2
4,2580,genes_volume,oligodendrocyte_progenitor_2,oligodendrocyte_progenitor_2
4,1928,genes_volume,oligodendrocyte_2,oligodendrocyte_2
4,2870,genes_volume,pericyte,pericyte
4,300,genes_volume,astrocyte_1,astrocyte_1
4,431,genes_volume,astrocyte_1,astrocyte_1
4,715,genes_volume,astrocyte_2,astrocyte_2
4,1847,genes_volume,oligodendrocyte_2,oligodendrocyte_progenitor_2
4,1593,genes_volume,oligodendrocyte_2,oligodendrocyte_progenitor_2
4,1359,genes_volume,oligodendrocyte_1,oligodendrocyte_1
4,52,genes_volume,astrocyte_1,astrocyte_1
4,1374,genes_volume,oligodendrocyte_1,oligodendrocyte_1
4,731,genes_volume,astrocyte_2,astrocyte_1
4,2094,genes_volume,oligodendrocyte_progenitor_1,oligodendrocyte_progenitor_1
4,170,genes_volume,astrocyte_1,astrocyte_1
4,1937,genes_volume,oligodendrocyte_2,oligodendrocyte_2
4,1057,genes_volume,endothelial,endothelial
4,1945,genes_volume,oligodendrocyte_2,oligodendrocyte_2
4,2721,genes_volume,oligodendrocyte_progenitor_2,oligodendrocyte_progenitor_2
4,2365,genes_volume,oligodendrocyte_progenitor_2,oligodendrocyte_progenitor_2
4,1825,genes_volume,oligodendrocyte_2,oligodendrocyte_progenitor_2
4,2818,genes_volume,oligodendrocyte_progenitor_2,oligodendrocyte_progenitor_2
4,2934,genes_volume,Schwann_cell,Schwann_cell
4,1343,genes_volume,oligodendrocyte_1,oligodendrocyte_progenitor_2
4,529,genes_volume,astrocyte_1,astrocyte_1
4,2430,genes_volume,oligodendrocyte_progenitor_2,oligodendrocyte_progenitor_2
4,747,genes_volume,astrocyte_2,astrocyte_2
4,1766,genes_volume,oligodendrocyte_2,oligodendrocyte_2
4,1197,genes_volume,meninges_2,oligodendrocyte_progenitor_2
4,555,genes_volume,astrocyte_1,astrocyte_1
4,181,genes_volume,astrocyte_1,astrocyte_1
4,79,genes_volume,astrocyte_1,astrocyte_1
4,1832,genes_volume,oligodendrocyte_2,oligodendrocyte_2
4,939,genes_volume,endothelial,endothelial
4,1487,genes_volume,oligodendrocyte_1,oligodendrocyte_progenitor_2
4,2586,genes_volume,oligodendrocyte_progenitor_2,oligodendrocyte_2
4,2059,genes_volume,oligodendrocyte_precursor_cell,astrocyte_2
4,104,genes_volume,astrocyte_1,astrocyte_1
4,2872,genes_volume,pericyte,pericyte
4,502,genes_volume,astrocyte_1,astrocyte_1
4,843,genes_volume,endothelial,oligodendrocyte_1
4,946,genes_volume,endothelial,endothelial
4,2442,genes_volume,oligodendrocyte_progenitor_2,oligodendrocyte_progenitor_2
4,1505,genes_volume,oligodendrocyte_1,oligodendrocyte_progenitor_2
4,2519,genes_volume,oligodendrocyte_progenitor_2,oligodendrocyte_progenitor_2
4,709,genes_volume,astrocyte_2,oligodendrocyte_progenitor_2
4,2510,genes_volume,oligodendrocyte_progenitor_2,oligodendrocyte_progenitor_2
4,2764,genes_volume,oligodendrocyte_progenitor_2,astrocyte_1
4,2239,genes_volume,oligodendrocyte_progenitor_2,oligodendrocyte_progenitor_2
4,1517,genes_volume,oligodendrocyte_1,astrocyte_1
4,1579,genes_volume,oligodendrocyte_2,oligodendrocyte_2
4,908,genes_volume,endothelial,endothelial
4,969,genes_volume,endothelial,endothelial
4,2417,genes_volume,oligodendrocyte_progenitor_2,oligodendrocyte_progenitor_2
4,1346,genes_volume,oligodendrocyte_1,oligodendrocyte_2
4,2138,genes_volume,oligodendrocyte_progenitor_1,oligodendrocyte_precursor_cell
4,1914,genes_volume,oligodendrocyte_2,oligodendrocyte_2
4,1948,genes_volume,oligodendrocyte_2,oligodendrocyte_2
4,864,genes_volume,endothelial,endothelial
4,2361,genes_volume,oligodendrocyte_progenitor_2,oligodendrocyte_2
4,868,genes_volume,endothelial,endothelial
4,2019,genes_volume,oligodendrocyte_precursor_cell,oligodendrocyte_precursor_cell
4,281,genes_volume,astrocyte_1,astrocyte_1
4,2014,genes_volume,oligodendrocyte_precursor_cell,oligodendrocyte_precursor_cell
4,1441,genes_volume,oligodendrocyte_1,oligodendrocyte_progenitor_2
4,2807,genes_volume,oligodendrocyte_progenitor_2,oligodendrocyte_2
4,2704,genes_volume,oligodendrocyte_progenitor_2,oligodendrocyte_progenitor_2
4,347,genes_volume,astrocyte_1,astrocyte_1
4,1744,genes_volume,oligodendrocyte_2,oligodendrocyte_2
4,483,genes_volume,astrocyte_1,astrocyte_1
4,1598,genes_volume,oligodendrocyte_2,oligodendrocyte_progenitor_2
4,316,genes_volume,astrocyte_1,astrocyte_1
4,1902,genes_volume,oligodendrocyte_2,oligodendrocyte_2
4,2033,genes_volume,oligodendrocyte_precursor_cell,oligodendrocyte_precursor_cell
4,1919,genes_volume,oligodendrocyte_2,oligodendrocyte_2
4,1255,genes_volume,microglia,microglia
4,1354,genes_volume,oligodendrocyte_1,oligodendrocyte_2
4,446,genes_volume,astrocyte_1,astrocyte_1
4,2493,genes_volume,oligodendrocyte_progenitor_2,oligodendrocyte_progenitor_2
4,1485,genes_volume,oligodendrocyte_1,oligodendrocyte_progenitor_2
4,2123,genes_volume,oligodendrocyte_progenitor_1,astrocyte_1
4,1318,genes_volume,oligodendrocyte_1,oligodendrocyte_progenitor_2
4,916,genes_volume,endothelial,endothelial
4,222,genes_volume,astrocyte_1,astrocyte_1
4,1273,genes_volume,microglia,microglia
4,953,genes_volume,endothelial,endothelial
4,1552,genes_volume,oligodendrocyte_1,oligodendrocyte_2
4,1316,genes_volume,oligodendrocyte_1,oligodendrocyte_progenitor_2
4,596,genes_volume,astrocyte_2,oligodendrocyte_2
4,1062,genes_volume,endothelial,endothelial
4,2845,genes_volume,oligodendrocyte_progenitor_2,oligodendrocyte_progenitor_2
4,410,genes_volume,astrocyte_1,oligodendrocyte_progenitor_2
4,88,genes_volume,astrocyte_1,astrocyte_1
4,2664,genes_volume,oligodendrocyte_progenitor_2,oligodendrocyte_progenitor_2
4,686,genes_volume,astrocyte_2,astrocyte_2
4,522,genes_volume,astrocyte_1,astrocyte_1
4,1280,genes_volume,microglia,microglia
4,2867,genes_volume,pericyte,pericyte
4,1023,genes_volume,endothelial,endothelial
4,2957,genes_volume,Schwann_cell,Schwann_cell
4,1599,genes_volume,oligodendrocyte_2,oligodendrocyte_2
4,1111,genes_volume,meninges_1,meninges_2
4,50,genes_volume,astrocyte_1,astrocyte_1
4,343,genes_volume,astrocyte_1,astrocyte_1
4,210,genes_volume,astrocyte_1,astrocyte_1
4,524,genes_volume,astrocyte_1,astrocyte_1
4,1620,genes_volume,oligodendrocyte_2,oligodendrocyte_precursor_cell
4,430,genes_volume,astrocyte_1,astrocyte_1
4,1854,genes_volume,oligodendrocyte_2,oligodendrocyte_2
4,1806,genes_volume,oligodendrocyte_2,oligodendrocyte_2
4,1501,genes_volume,oligodendrocyte_1,oligodendrocyte_progenitor_2
4,1447,genes_volume,oligodendrocyte_1,oligodendrocyte_2
4,1781,genes_volume,oligodendrocyte_2,oligodendrocyte_2
4,2868,genes_volume,pericyte,astrocyte_1
4,2371,genes_volume,oligodendrocyte_progenitor_2,oligodendrocyte_progenitor_2
4,2637,genes_volume,oligodendrocyte_progenitor_2,oligodendrocyte_progenitor_2
4,103,genes_volume,astrocyte_1,astrocyte_1
4,1906,genes_volume,oligodendrocyte_2,oligodendrocyte_2
4,950,genes_volume,endothelial,endothelial
4,1964,genes_volume,oligodendrocyte_2,oligodendrocyte_2
4,147,genes_volume,astrocyte_1,astrocyte_1
4,2217,genes_volume,oligodendrocyte_progenitor_2,oligodendrocyte_progenitor_2
4,2134,genes_volume,oligodendrocyte_progenitor_1,oligodendrocyte_progenitor_1
4,417,genes_volume,astrocyte_1,astrocyte_1
4,1195,genes_volume,meninges_2,meninges_1
4,1733,genes_volume,oligodendrocyte_2,oligodendrocyte_2
4,1426,genes_volume,oligodendrocyte_1,oligodendrocyte_1
4,1085,genes_volume,endothelial,endothelial
4,1538,genes_volume,oligodendrocyte_1,oligodendrocyte_progenitor_2
4,2244,genes_volume,oligodendrocyte_progenitor_2,oligodendrocyte_2
4,634,genes_volume,astrocyte_2,astrocyte_1
4,2108,genes_volume,oligodendrocyte_progenitor_1,oligodendrocyte_2
4,2712,genes_volume,oligodendrocyte_progenitor_2,oligodendrocyte_progenitor_2
4,654,genes_volume,astrocyte_2,astrocyte_2
4,2122,genes_volume,oligodendrocyte_progenitor_1,astrocyte_1
4,289,genes_volume,astrocyte_1,oligodendrocyte_progenitor_2
4,2784,genes_volume,oligodendrocyte_progenitor_2,oligodendrocyte_progenitor_2
4,283,genes_volume,astrocyte_1,astrocyte_1
4,1421,genes_volume,oligodendrocyte_1,oligodendrocyte_progenitor_2
4,2194,genes_volume,oligodendrocyte_progenitor_2,oligodendrocyte_progenitor_2
4,2908,genes_volume,peripheral_glia,peripheral_glia
4,710,genes_volume,astrocyte_2,astrocyte_2
4,2451,genes_volume,oligodendrocyte_progenitor_2,oligodendrocyte_2
4,559,genes_volume,astrocyte_1,microglia
4,306,genes_volume,astrocyte_1,astrocyte_1
4,562,genes_volume,astrocyte_1,astrocyte_1
4,2767,genes_volume,oligodendrocyte_progenitor_2,oligodendrocyte_progenitor_2
4,590,genes_volume,astrocyte_2,astrocyte_1
4,51,genes_volume,astrocyte_1,astrocyte_1
4,352,genes_volume,astrocyte_1,oligodendrocyte_1
4,2751,genes_volume,oligodendrocyte_progenitor_2,oligodendrocyte_progenitor_2
4,830,genes_volume,endothelial,endothelial
4,1979,genes_volume,oligodendrocyte_2,oligodendrocyte_2
4,2796,genes_volume,oligodendrocyte_progenitor_2,oligodendrocyte_1
4,2240,genes_volume,oligodendrocyte_progenitor_2,oligodendrocyte_progenitor_2
4,2806,genes_volume,oligodendrocyte_progenitor_2,oligodendrocyte_progenitor_2
4,2264,genes_volume,oligodendrocyte_progenitor_2,oligodendrocyte_2
4,620,genes_volume,astrocyte_2,astrocyte_2
4,1665,genes_volume,oligodendrocyte_2,oligodendrocyte_2
4,10,genes_volume,astrocyte_1,astrocyte_1
4,2912,genes_volume,Schwann_cell,Schwann_cell
4,2105,genes_volume,oligodendrocyte_progenitor_1,oligodendrocyte_precursor_cell
4,1103,genes_volume,meninges_1,endothelial
4,1028,genes_volume,endothelial,astrocyte_1
4,1715,genes_volume,oligodendrocyte_2,oligodendrocyte_2
4,774,genes_volume,endothelial,endothelial
4,62,genes_volume,astrocyte_1,astrocyte_1
4,2152,genes_volume,oligodendrocyte_progenitor_2,astrocyte_1
4,1862,genes_volume,oligodendrocyte_2,oligodendrocyte_progenitor_2
4,2923,genes_volume,Schwann_cell,Schwann_cell
4,1361,genes_volume,oligodendrocyte_1,oligodendrocyte_progenitor_2
4,2591,genes_volume,oligodendrocyte_progenitor_2,oligodendrocyte_2
4,624,genes_volume,astrocyte_2,endothelial
4,1369,genes_volume,oligodendrocyte_1,oligodendrocyte_progenitor_2
4,1550,genes_volume,oligodendrocyte_1,oligodendrocyte_progenitor_2
4,276,genes_volume,astrocyte_1,astrocyte_1
4,2126,genes_volume,oligodendrocyte_progenitor_1,oligodendrocyte_precursor_cell
4,284,genes_volume,astrocyte_1,astrocyte_1
4,1725,genes_volume,oligodendrocyte_2,oligodendrocyte_2
4,1683,genes_volume,oligodendrocyte_2,oligodendrocyte_2
4,475,genes_volume,astrocyte_1,astrocyte_1
4,507,genes_volume,astrocyte_1,astrocyte_1
4,691,genes_volume,astrocyte_2,astrocyte_2
4,2327,genes_volume,oligodendrocyte_progenitor_2,oligodendrocyte_progenitor_2
4,174,genes_volume,astrocyte_1,oligodendrocyte_progenitor_2
4,1345,genes_volume,oligodendrocyte_1,oligodendrocyte_1
4,363,genes_volume,astrocyte_1,astrocyte_1
4,2937,genes_volume,Schwann_cell,Schwann_cell
4,766,genes_volume,astrocyte_2,astrocyte_1
4,1893,genes_volume,oligodendrocyte_2,oligodendrocyte_2
4,2776,genes_volume,oligodendrocyte_progenitor_2,oligodendrocyte_progenitor_2
4,2542,genes_volume,oligodendrocyte_progenitor_2,oligodendrocyte_progenitor_2
4,2759,genes_volume,oligodendrocyte_progenitor_2,oligodendrocyte_progenitor_2
4,1478,genes_volume,oligodendrocyte_1,oligodendrocyte_1
4,2803,genes_volume,oligodendrocyte_progenitor_2,oligodendrocyte_progenitor_2
4,2171,genes_volume,oligodendrocyte_progenitor_2,oligodendrocyte_2
4,594,genes_volume,astrocyte_2,astrocyte_1
4,2297,genes_volume,oligodendrocyte_progenitor_2,oligodendrocyte_progenitor_2
4,694,genes_volume,astrocyte_2,astrocyte_2
4,1128,genes_volume,meninges_1,meninges_1
4,2653,genes_volume,oligodendrocyte_progenitor_2,oligodendrocyte_progenitor_2
4,885,genes_volume,endothelial,endothelial
4,2690,genes_volume,oligodendrocyte_progenitor_2,oligodendrocyte_progenitor_2
4,982,genes_volume,endothelial,oligodendrocyte_progenitor_2
4,2800,genes_volume,oligodendrocyte_progenitor_2,oligodendrocyte_progenitor_2
4,13,genes_volume,astrocyte_1,astrocyte_1
4,2628,genes_volume,oligodendrocyte_progenitor_2,oligodendrocyte_progenitor_2
4,1336,genes_volume,oligodendrocyte_1,astrocyte_1
4,934,genes_volume,endothelial,endothelial
4,2037,genes_volume,oligodendrocyte_precursor_cell,oligodendrocyte_2
4,23,genes_volume,astrocyte_1,astrocyte_1
4,1352,genes_volume,oligodendrocyte_1,oligodendrocyte_progenitor_2
4,1950,genes_volume,oligodendrocyte_2,oligodendrocyte_progenitor_2
4,37,genes_volume,astrocyte_1,astrocyte_1
4,2308,genes_volume,oligodendrocyte_progenitor_2,oligodendrocyte_progenitor_2
4,900,targeted_hybrid,endothelial,oligodendrocyte_progenitor_2
4,1474,targeted_hybrid,oligodendrocyte_1,oligodendrocyte_1
4,2766,targeted_hybrid,oligodendrocyte_progenitor_2,oligodendrocyte_progenitor_2
4,2851,targeted_hybrid,pericyte,pericyte
4,248,targeted_hybrid,astrocyte_1,astrocyte_1
4,2280,targeted_hybrid,oligodendrocyte_progenitor_2,oligodendrocyte_progenitor_2
4,2658,targeted_hybrid,oligodendrocyte_progenitor_2,oligodendrocyte_1
4,1282,targeted_hybrid,microglia,microglia
4,2539,targeted_hybrid,oligodendrocyte_progenitor_2,oligodendrocyte_progenitor_2
4,1046,targeted_hybrid,endothelial,endothelial
4,2574,targeted_hybrid,oligodendrocyte_progenitor_2,oligodendrocyte_2
4,2693,targeted_hybrid,oligodendrocyte_progenitor_2,oligodendrocyte_progenitor_2
4,2301,targeted_hybrid,oligodendrocyte_progenitor_2,oligodendrocyte_progenitor_2
4,108,targeted_hybrid,astrocyte_1,astrocyte_1
4,1804,targeted_hybrid,oligodendrocyte_2,oligodendrocyte_2
4,2357,targeted_hybrid,oligodendrocyte_progenitor_2,oligodendrocyte_progenitor_2
4,2290,targeted_hybrid,oligodendrocyte_progenitor_2,oligodendrocyte_progenitor_2
4,726,targeted_hybrid,astrocyte_2,astrocyte_2
4,2716,targeted_hybrid,oligodendrocyte_progenitor_2,oligodendrocyte_progenitor_2
4,2529,targeted_hybrid,oligodendrocyte_progenitor_2,oligodendrocyte_1
4,2320,targeted_hybrid,oligodendrocyte_progenitor_2,oligodendrocyte_progenitor_2
4,2879,targeted_hybrid,pericyte,astrocyte_1
4,2531,targeted_hybrid,oligodendrocyte_progenitor_2,oligodendrocyte_progenitor_2
4,1786,targeted_hybrid,oligodendrocyte_2,oligodendrocyte_2
4,2521,targeted_hybrid,oligodendrocyte_progenitor_2,oligodendrocyte_progenitor_2
4,1710,targeted_hybrid,oligodendrocyte_2,oligodendrocyte_progenitor_2
4,537,targeted_hybrid,astrocyte_1,astrocyte_1
4,942,targeted_hybrid,endothelial,endothelial
4,762,targeted_hybrid,astrocyte_2,astrocyte_2
4,1889,targeted_hybrid,oligodendrocyte_2,oligodendrocyte_2
4,7,targeted_hybrid,astrocyte_1,astrocyte_1
4,1146,targeted_hybrid,meninges_1,meninges_1
4,1787,targeted_hybrid,oligodendrocyte_2,oligodendrocyte_2
4,2348,targeted_hybrid,oligodendrocyte_progenitor_2,oligodendrocyte_progenitor_2
4,1930,targeted_hybrid,oligodendrocyte_2,oligodendrocyte_2
4,2582,targeted_hybrid,oligodendrocyte_progenitor_2,oligodendrocyte_progenitor_2
4,2219,targeted_hybrid,oligodendrocyte_progenitor_2,oligodendrocyte_progenitor_2
4,1252,targeted_hybrid,microglia,oligodendrocyte_2
4,2688,targeted_hybrid,oligodendrocyte_progenitor_2,oligodendrocyte_progenitor_2
4,851,targeted_hybrid,endothelial,endothelial
4,2078,targeted_hybrid,oligodendrocyte_precursor_cell,astrocyte_1
4,1768,targeted_hybrid,oligodendrocyte_2,oligodendrocyte_2
4,0,targeted_hybrid,astrocyte_1,oligodendrocyte_1
4,2147,targeted_hybrid,oligodendrocyte_progenitor_2,oligodendrocyte_progenitor_2
4,936,targeted_hybrid,endothelial,oligodendrocyte_1
4,2838,targeted_hybrid,oligodendrocyte_progenitor_2,oligodendrocyte_progenitor_2
4,1691,targeted_hybrid,oligodendrocyte_2,oligodendrocyte_2
4,2464,targeted_hybrid,oligodendrocyte_progenitor_2,astrocyte_1
4,63,targeted_hybrid,astrocyte_1,astrocyte_2
4,2035,targeted_hybrid,oligodendrocyte_precursor_cell,oligodendrocyte_precursor_cell
4,176,targeted_hybrid,astrocyte_1,astrocyte_1
4,938,targeted_hybrid,endothelial,endothelial
4,2738,targeted_hybrid,oligodendrocyte_progenitor_2,oligodendrocyte_progenitor_2
4,614,targeted_hybrid,astrocyte_2,astrocyte_2
4,2594,targeted_hybrid,oligodendrocyte_progenitor_2,oligodendrocyte_1
4,2028,targeted_hybrid,oligodendrocyte_precursor_cell,microglia
4,563,targeted_hybrid,astrocyte_1,astrocyte_1
4,130,targeted_hybrid,astrocyte_1,astrocyte_1
4,1878,targeted_hybrid,oligodendrocyte_2,oligodendrocyte_2
4,2380,targeted_hybrid,oligodendrocyte_progenitor_2,oligodendrocyte_progenitor_2
4,273,targeted_hybrid,astrocyte_1,astrocyte_1
4,2065,targeted_hybrid,oligodendrocyte_precursor_cell,oligodendrocyte_precursor_cell
4,2881,targeted_hybrid,pericyte,oligodendrocyte_precursor_cell
4,2199,targeted_hybrid,oligodendrocyte_progenitor_2,oligodendrocyte_1
4,1058,targeted_hybrid,endothelial,astrocyte_1
4,109,targeted_hybrid,astrocyte_1,endothelial
4,2655,targeted_hybrid,oligodendrocyte_progenitor_2,oligodendrocyte_progenitor_2
4,725,targeted_hybrid,astrocyte_2,astrocyte_2
4,106,targeted_hybrid,astrocyte_1,astrocyte_1
4,234,targeted_hybrid,astrocyte_1,astrocyte_2
4,2223,targeted_hybrid,oligodendrocyte_progenitor_2,oligodendrocyte_progenitor_2
4,2697,targeted_hybrid,oligodendrocyte_progenitor_2,oligodendrocyte_progenitor_2
4,1459,targeted_hybrid,oligodendrocyte_1,astrocyte_1
4,297,targeted_hybrid,astrocyte_1,astrocyte_1
4,1566,targeted_hybrid,oligodendrocyte_2,oligodendrocyte_2
4,2041,targeted_hybrid,oligodendrocyte_precursor_cell,oligodendrocyte_precursor_cell
4,683,targeted_hybrid,astrocyte_2,astrocyte_2
4,2406,targeted_hybrid,oligodendrocyte_progenitor_2,oligodendrocyte_progenitor_2
4,1265,targeted_hybrid,microglia,microglia
4,296,targeted_hybrid,astrocyte_1,astrocyte_1
4,1064,targeted_hybrid,endothelial,endothelial
4,1476,targeted_hybrid,oligodendrocyte_1,oligodendrocyte_progenitor_2
4,2177,targeted_hybrid,oligodendrocyte_progenitor_2,oligodendrocyte_progenitor_2
4,258,targeted_hybrid,astrocyte_1,astrocyte_1
4,820,targeted_hybrid,endothelial,endothelial
4,2443,targeted_hybrid,oligodendrocyte_progenitor_2,oligodendrocyte_progenitor_2
4,1651,targeted_hybrid,oligodendrocyte_2,oligodendrocyte_2
4,434,targeted_hybrid,astrocyte_1,astrocyte_1
4,1815,targeted_hybrid,oligodendrocyte_2,oligodendrocyte_2
4,655,targeted_hybrid,astrocyte_2,astrocyte_2
4,2943,targeted_hybrid,Schwann_cell,Schwann_cell
4,1884,targeted_hybrid,oligodendrocyte_2,oligodendrocyte_2
4,1720,targeted_hybrid,oligodendrocyte_2,oligodendrocyte_2
4,218,targeted_hybrid,astrocyte_1,astrocyte_1
4,2905,targeted_hybrid,peripheral_glia,peripheral_glia
4,745,targeted_hybrid,astrocyte_2,oligodendrocyte_2
4,2724,targeted_hybrid,oligodendrocyte_progenitor_2,endothelial
4,1095,targeted_hybrid,ependymal,ependymal
4,342,targeted_hybrid,astrocyte_1,oligodendrocyte_1
4,249,targeted_hybrid,astrocyte_1,astrocyte_1
4,2930,targeted_hybrid,Schwann_cell,Schwann_cell
4,2113,targeted_hybrid,oligodendrocyte_progenitor_1,oligodendrocyte_progenitor_1
4,38,targeted_hybrid,astrocyte_1,endothelial
4,460,targeted_hybrid,astrocyte_1,astrocyte_1
4,2038,targeted_hybrid,oligodendrocyte_precursor_cell,oligodendrocyte_progenitor_2
4,2279,targeted_hybrid,oligodendrocyte_progenitor_2,oligodendrocyte_progenitor_2
4,2008,targeted_hybrid,oligodendrocyte_precursor_cell,oligodendrocyte_precursor_cell
4,1385,targeted_hybrid,oligodendrocyte_1,oligodendrocyte_progenitor_1
4,965,targeted_hybrid,endothelial,astrocyte_1
4,1535,targeted_hybrid,oligodendrocyte_1,oligodendrocyte_progenitor_2
4,1031,targeted_hybrid,endothelial,endothelial
4,717,targeted_hybrid,astrocyte_2,astrocyte_2
4,256,targeted_hybrid,astrocyte_1,astrocyte_1
4,396,targeted_hybrid,astrocyte_1,astrocyte_1
4,776,targeted_hybrid,endothelial,endothelial
4,2434,targeted_hybrid,oligodendrocyte_progenitor_2,oligodendrocyte_2
4,770,targeted_hybrid,endothelial,astrocyte_1
4,294,targeted_hybrid,astrocyte_1,oligodendrocyte_progenitor_2
4,1002,targeted_hybrid,endothelial,oligodendrocyte_progenitor_2
4,1000,targeted_hybrid,endothelial,endothelial
4,73,targeted_hybrid,astrocyte_1,astrocyte_1
4,1099,targeted_hybrid,ependymal,astrocyte_1
4,2461,targeted_hybrid,oligodendrocyte_progenitor_2,oligodendrocyte_2
4,1821,targeted_hybrid,oligodendrocyte_2,oligodendrocyte_2
4,257,targeted_hybrid,astrocyte_1,astrocyte_1
4,761,targeted_hybrid,astrocyte_2,astrocyte_2
4,2000,targeted_hybrid,oligodendrocyte_precursor_cell,astrocyte_1
4,2372,targeted_hybrid,oligodendrocyte_progenitor_2,oligodendrocyte_2
4,1416,targeted_hybrid,oligodendrocyte_1,oligodendrocyte_progenitor_2
4,2505,targeted_hybrid,oligodendrocyte_progenitor_2,oligodendrocyte_progenitor_2
4,804,targeted_hybrid,endothelial,endothelial
4,945,targeted_hybrid,endothelial,astrocyte_1
4,1120,targeted_hybrid,meninges_1,astrocyte_2
4,144,targeted_hybrid,astrocyte_1,oligodendrocyte_progenitor_2
4,2797,targeted_hybrid,oligodendrocyte_progenitor_2,oligodendrocyte_progenitor_2
4,948,targeted_hybrid,endothelial,endothelial
4,1090,targeted_hybrid,endothelial,endothelial
4,1635,targeted_hybrid,oligodendrocyte_2,oligodendrocyte_progenitor_2
4,423,targeted_hybrid,astrocyte_1,astrocyte_1
4,2522,targeted_hybrid,oligodendrocyte_progenitor_2,astrocyte_2
4,2073,targeted_hybrid,oligodendrocyte_precursor_cell,oligodendrocyte_progenitor_1
4,1659,targeted_hybrid,oligodendrocyte_2,oligodendrocyte_2
4,2609,targeted_hybrid,oligodendrocyte_progenitor_2,oligodendrocyte_progenitor_2
4,2187,targeted_hybrid,oligodendrocyte_progenitor_2,oligodendrocyte_2
4,1747,targeted_hybrid,oligodendrocyte_2,oligodendrocyte_2
4,773,targeted_hybrid,endothelial,endothelial
4,626,targeted_hybrid,astrocyte_2,astrocyte_2
4,1297,targeted_hybrid,oligodendrocyte_1,oligodendrocyte_progenitor_2
4,2306,targeted_hybrid,oligodendrocyte_progenitor_2,oligodendrocyte_progenitor_2
4,1368,targeted_hybrid,oligodendrocyte_1,astrocyte_1
4,2030,targeted_hybrid,oligodendrocyte_precursor_cell,astrocyte_1
4,2947,targeted_hybrid,Schwann_cell,Schwann_cell
4,1695,targeted_hybrid,oligodendrocyte_2,oligodendrocyte_2
4,467,targeted_hybrid,astrocyte_1,astrocyte_1
4,750,targeted_hybrid,astrocyte_2,astrocyte_2
4,277,targeted_hybrid,astrocyte_1,astrocyte_1
4,2413,targeted_hybrid,oligodendrocyte_progenitor_2,oligodendrocyte_2
4,1233,targeted_hybrid,microglia,astrocyte_1
4,811,targeted_hybrid,endothelial,endothelial
4,724,targeted_hybrid,astrocyte_2,oligodendrocyte_progenitor_2
4,2347,targeted_hybrid,oligodendrocyte_progenitor_2,astrocyte_2
4,975,targeted_hybrid,endothelial,endothelial
4,570,targeted_hybrid,astrocyte_1,astrocyte_1
4,1158,targeted_hybrid,meninges_1,meninges_1
4,711,targeted_hybrid,astrocyte_2,oligodendrocyte_progenitor_2
4,141,targeted_hybrid,astrocyte_1,astrocyte_1
4,1608,targeted_hybrid,oligodendrocyte_2,oligodendrocyte_2
4,780,targeted_hybrid,endothelial,endothelial
4,341,targeted_hybrid,astrocyte_1,astrocyte_2
4,2883,targeted_hybrid,pericyte,astrocyte_1
4,2146,targeted_hybrid,oligodendrocyte_progenitor_2,oligodendrocyte_progenitor_2
4,2864,targeted_hybrid,pericyte,astrocyte_1
4,2476,targeted_hybrid,oligodendrocyte_progenitor_2,oligodendrocyte_progenitor_2
4,2793,targeted_hybrid,oligodendrocyte_progenitor_2,oligodendrocyte_progenitor_2
4,1594,targeted_hybrid,oligodendrocyte_2,endothelial
4,1898,targeted_hybrid,oligodendrocyte_2,oligodendrocyte_2
4,1341,targeted_hybrid,oligodendrocyte_1,oligodendrocyte_precursor_cell
4,832,targeted_hybrid,endothelial,endothelial
4,923,targeted_hybrid,endothelial,endothelial
4,2228,targeted_hybrid,oligodendrocyte_progenitor_2,oligodendrocyte_progenitor_2
4,2192,targeted_hybrid,oligodendrocyte_progenitor_2,oligodendrocyte_1
4,2411,targeted_hybrid,oligodendrocyte_progenitor_2,oligodendrocyte_progenitor_2
4,2174,targeted_hybrid,oligodendrocyte_progenitor_2,oligodendrocyte_progenitor_2
4,351,targeted_hybrid,astrocyte_1,astrocyte_1
4,358,targeted_hybrid,astrocyte_1,astrocyte_1
4,852,targeted_hybrid,endothelial,astrocyte_1
4,2556,targeted_hybrid,oligodendrocyte_progenitor_2,oligodendrocyte_2
4,575,targeted_hybrid,astrocyte_2,astrocyte_2
4,1966,targeted_hybrid,oligodendrocyte_2,oligodendrocyte_2
4,2584,targeted_hybrid,oligodendrocyte_progenitor_2,oligodendrocyte_progenitor_2
4,547,targeted_hybrid,astrocyte_1,ependymal
4,2596,targeted_hybrid,oligodendrocyte_progenitor_2,oligodendrocyte_1
4,2385,targeted_hybrid,oligodendrocyte_progenitor_2,oligodendrocyte_progenitor_2
4,1461,targeted_hybrid,oligodendrocyte_1,oligodendrocyte_2
4,1295,targeted_hybrid,oligodendrocyte_1,oligodendrocyte_progenitor_2
4,2256,targeted_hybrid,oligodendrocyte_progenitor_2,oligodendrocyte_2
4,1963,targeted_hybrid,oligodendrocyte_2,oligodendrocyte_2
4,2750,targeted_hybrid,oligodendrocyte_progenitor_2,oligodendrocyte_progenitor_2
4,2262,targeted_hybrid,oligodendrocyte_progenitor_2,astrocyte_1
4,1601,targeted_hybrid,oligodendrocyte_2,microglia
4,876,targeted_hybrid,endothelial,oligodendrocyte_progenitor_1
4,947,targeted_hybrid,endothelial,endothelial
4,2375,targeted_hybrid,oligodendrocyte_progenitor_2,oligodendrocyte_progenitor_2
4,837,targeted_hybrid,endothelial,endothelial
4,2145,targeted_hybrid,oligodendrocyte_progenitor_2,oligodendrocyte_progenitor_2
4,2261,targeted_hybrid,oligodendrocyte_progenitor_2,oligodendrocyte_2
4,1991,targeted_hybrid,oligodendrocyte_precursor_cell,oligodendrocyte_precursor_cell
4,474,targeted_hybrid,astrocyte_1,astrocyte_1
4,517,targeted_hybrid,astrocyte_1,astrocyte_1
4,49,targeted_hybrid,astrocyte_1,astrocyte_1
4,459,targeted_hybrid,astrocyte_1,astrocyte_1
4,336,targeted_hybrid,astrocyte_1,astrocyte_1
4,2237,targeted_hybrid,oligodendrocyte_progenitor_2,oligodendrocyte_2
4,1470,targeted_hybrid,oligodendrocyte_1,oligodendrocyte_2
4,1745,targeted_hybrid,oligodendrocyte_2,oligodendrocyte_2
4,2512,targeted_hybrid,oligodendrocyte_progenitor_2,oligodendrocyte_progenitor_2
4,44,targeted_hybrid,astrocyte_1,astrocyte_1
4,1861,targeted_hybrid,oligodendrocyte_2,oligodendrocyte_2
4,1824,targeted_hybrid,oligodendrocyte_2,oligodendrocyte_2
4,2143,targeted_hybrid,oligodendrocyte_progenitor_2,oligodendrocyte_progenitor_2
4,2848,targeted_hybrid,pericyte,pericyte
4,621,targeted_hybrid,astrocyte_2,astrocyte_2
4,856,targeted_hybrid,endothelial,endothelial
4,505,targeted_hybrid,astrocyte_1,astrocyte_2
4,810,targeted_hybrid,endothelial,oligodendrocyte_1
4,2936,targeted_hybrid,Schwann_cell,peripheral_glia
4,2892,targeted_hybrid,peripheral_glia,oligodendrocyte_2
4,2001,targeted_hybrid,oligodendrocyte_precursor_cell,astrocyte_2
4,192,targeted_hybrid,astrocyte_1,astrocyte_1
4,541,targeted_hybrid,astrocyte_1,astrocyte_1
4,2830,targeted_hybrid,oligodendrocyte_progenitor_2,oligodendrocyte_progenitor_2
4,30,targeted_hybrid,astrocyte_1,astrocyte_1
4,2498,targeted_hybrid,oligodendrocyte_progenitor_2,oligodendrocyte_progenitor_2
4,1222,targeted_hybrid,meninges_3,meninges_3
4,2457,targeted_hybrid,oligodendrocyte_progenitor_2,oligodendrocyte_progenitor_2
4,2140,targeted_hybrid,oligodendrocyte_progenitor_1,astrocyte_1
4,200,targeted_hybrid,astrocyte_1,astrocyte_1
4,1551,targeted_hybrid,oligodendrocyte_1,oligodendrocyte_1
4,513,targeted_hybrid,astrocyte_1,astrocyte_1
4,2733,targeted_hybrid,oligodendrocyte_progenitor_2,oligodendrocyte_progenitor_2
4,2932,targeted_hybrid,Schwann_cell,Schwann_cell
4,2678,targeted_hybrid,oligodendrocyte_progenitor_2,oligodendrocyte_1
4,133,targeted_hybrid,astrocyte_1,astrocyte_1
4,2391,targeted_hybrid,oligodendrocyte_progenitor_2,oligodendrocyte_progenitor_2
4,171,targeted_hybrid,astrocyte_1,astrocyte_1
4,2622,targeted_hybrid,oligodendrocyte_progenitor_2,oligodendrocyte_1
4,1009,targeted_hybrid,endothelial,oligodendrocyte_precursor_cell
4,1059,targeted_hybrid,endothelial,oligodendrocyte_1
4,1871,targeted_hybrid,oligodendrocyte_2,oligodendrocyte_2
4,1532,targeted_hybrid,oligodendrocyte_1,oligodendrocyte_progenitor_2
4,2438,targeted_hybrid,oligodendrocyte_progenitor_2,oligodendrocyte_progenitor_2
4,1186,targeted_hybrid,meninges_2,meninges_1
4,861,targeted_hybrid,endothelial,endothelial
4,1717,targeted_hybrid,oligodendrocyte_2,oligodendrocyte_2
4,772,targeted_hybrid,endothelial,endothelial
4,2276,targeted_hybrid,oligodendrocyte_progenitor_2,oligodendrocyte_progenitor_2
4,790,targeted_hybrid,endothelial,endothelial
4,954,targeted_hybrid,endothelial,endothelial
4,1841,targeted_hybrid,oligodendrocyte_2,oligodendrocyte_2
4,2402,targeted_hybrid,oligodendrocyte_progenitor_2,oligodendrocyte_progenitor_2
4,2812,targeted_hybrid,oligodendrocyte_progenitor_2,oligodendrocyte_progenitor_2
4,26,targeted_hybrid,astrocyte_1,astrocyte_1
4,81,targeted_hybrid,astrocyte_1,astrocyte_1
4,35,targeted_hybrid,astrocyte_1,astrocyte_1
4,2567,targeted_hybrid,oligodendrocyte_progenitor_2,oligodendrocyte_progenitor_2
4,1926,targeted_hybrid,oligodendrocyte_2,oligodendrocyte_2
4,1524,targeted_hybrid,oligodendrocyte_1,oligodendrocyte_1
4,1396,targeted_hybrid,oligodendrocyte_1,oligodendrocyte_1
4,2569,targeted_hybrid,oligodendrocyte_progenitor_2,oligodendrocyte_progenitor_2
4,2516,targeted_hybrid,oligodendrocyte_progenitor_2,oligodendrocyte_progenitor_2
4,1412,targeted_hybrid,oligodendrocyte_1,oligodendrocyte_progenitor_2
4,1201,targeted_hybrid,meninges_2,meninges_2
4,1244,targeted_hybrid,microglia,microglia
4,1792,targeted_hybrid,oligodendrocyte_2,oligodendrocyte_2
4,2045,targeted_hybrid,oligodendrocyte_precursor_cell,oligodendrocyte_precursor_cell
4,1196,targeted_hybrid,meninges_2,oligodendrocyte_progenitor_2
4,1534,targeted_hybrid,oligodendrocyte_1,oligodendrocyte_1
4,2922,targeted_hybrid,Schwann_cell,Schwann_cell
4,821,targeted_hybrid,endothelial,endothelial
4,2150,targeted_hybrid,oligodendrocyte_progenitor_2,oligodendrocyte_progenitor_2
4,1704,targeted_hybrid,oligodendrocyte_2,oligodendrocyte_2
4,246,targeted_hybrid,astrocyte_1,astrocyte_1
4,353,targeted_hybrid,astrocyte_1,astrocyte_2
4,2490,targeted_hybrid,oligodendrocyte_progenitor_2,oligodendrocyte_2
4,2935,targeted_hybrid,Schwann_cell,Schwann_cell
4,2053,targeted_hybrid,oligodendrocyte_precursor_cell,oligodendrocyte_precursor_cell
4,2405,targeted_hybrid,oligodendrocyte_progenitor_2,oligodendrocyte_progenitor_2
4,1135,targeted_hybrid,meninges_1,meninges_1
4,1677,targeted_hybrid,oligodendrocyte_2,oligodendrocyte_2
4,2817,targeted_hybrid,oligodendrocyte_progenitor_2,oligodendrocyte_1
4,1325,targeted_hybrid,oligodendrocyte_1,oligodendrocyte_1
4,2061,targeted_hybrid,oligodendrocyte_precursor_cell,astrocyte_1
4,1362,targeted_hybrid,oligodendrocyte_1,oligodendrocyte_1
4,592,targeted_hybrid,astrocyte_2,astrocyte_1
4,66,targeted_hybrid,astrocyte_1,astrocyte_1
4,2250,targeted_hybrid,oligodendrocyte_progenitor_2,oligodendrocyte_progenitor_2
4,12,targeted_hybrid,astrocyte_1,astrocyte_1
4,1564,targeted_hybrid,oligodendrocyte_1,endothelial
4,2144,targeted_hybrid,oligodendrocyte_progenitor_2,oligodendrocyte_progenitor_2
4,2265,targeted_hybrid,oligodendrocyte_progenitor_2,oligodendrocyte_1
4,39,targeted_hybrid,astrocyte_1,astrocyte_1
4,1035,targeted_hybrid,endothelial,endothelial
4,313,targeted_hybrid,astrocyte_1,astrocyte_1
4,794,targeted_hybrid,endothelial,endothelial
4,1038,targeted_hybrid,endothelial,endothelial
4,1179,targeted_hybrid,meninges_2,oligodendrocyte_1
4,2047,targeted_hybrid,oligodendrocyte_precursor_cell,astrocyte_1
4,1253,targeted_hybrid,microglia,microglia
4,1169,targeted_hybrid,meninges_2,oligodendrocyte_progenitor_2
4,1645,targeted_hybrid,oligodendrocyte_2,oligodendrocyte_2
4,1467,targeted_hybrid,oligodendrocyte_1,oligodendrocyte_1
4,1782,targeted_hybrid,oligodendrocyte_2,oligodendrocyte_2
4,951,targeted_hybrid,endothelial,oligodendrocyte_progenitor_2
4,1418,targeted_hybrid,oligodendrocyte_1,oligodendrocyte_1
4,813,targeted_hybrid,endothelial,endothelial
4,1657,targeted_hybrid,oligodendrocyte_2,oligodendrocyte_2
4,2151,targeted_hybrid,oligodendrocyte_progenitor_2,oligodendrocyte_1
4,1449,targeted_hybrid,oligodendrocyte_1,oligodendrocyte_1
4,1748,targeted_hybrid,oligodendrocyte_2,oligodendrocyte_2
4,1628,targeted_hybrid,oligodendrocyte_2,oligodendrocyte_2
4,160,targeted_hybrid,astrocyte_1,oligodendrocyte_progenitor_2
4,486,targeted_hybrid,astrocyte_1,astrocyte_1
4,1814,targeted_hybrid,oligodendrocyte_2,oligodendrocyte_2
4,1990,targeted_hybrid,oligodendrocyte_precursor_cell,oligodendrocyte_precursor_cell
4,264,targeted_hybrid,astrocyte_1,astrocyte_1
4,1970,targeted_hybrid,oligodendrocyte_2,oligodendrocyte_2
4,789,targeted_hybrid,endothelial,endothelial
4,2770,targeted_hybrid,oligodendrocyte_progenitor_2,oligodendrocyte_progenitor_2
4,1439,targeted_hybrid,oligodendrocyte_1,oligodendrocyte_progenitor_2
4,1266,targeted_hybrid,microglia,astrocyte_2
4,2057,targeted_hybrid,oligodendrocyte_precursor_cell,oligodendrocyte_precursor_cell
4,2293,targeted_hybrid,oligodendrocyte_progenitor_2,oligodendrocyte_progenitor_2
4,2432,targeted_hybrid,oligodendrocyte_progenitor_2,oligodendrocyte_progenitor_2
4,2117,targeted_hybrid,oligodendrocyte_progenitor_1,astrocyte_1
4,1248,targeted_hybrid,microglia,astrocyte_1
4,1772,targeted_hybrid,oligodendrocyte_2,oligodendrocyte_progenitor_2
4,2852,targeted_hybrid,pericyte,endothelial
4,1284,targeted_hybrid,microglia,microglia
4,382,targeted_hybrid,astrocyte_1,astrocyte_1
4,2581,targeted_hybrid,oligodendrocyte_progenitor_2,oligodendrocyte_2
4,793,targeted_hybrid,endothelial,endothelial
4,330,targeted_hybrid,astrocyte_1,astrocyte_1
4,271,targeted_hybrid,astrocyte_1,astrocyte_2
4,1378,targeted_hybrid,oligodendrocyte_1,oligodendrocyte_1
4,1750,targeted_hybrid,oligodendrocyte_2,oligodendrocyte_2
4,1842,targeted_hybrid,oligodendrocyte_2,oligodendrocyte_2
4,637,targeted_hybrid,astrocyte_2,astrocyte_1
4,2795,targeted_hybrid,oligodendrocyte_progenitor_2,oligodendrocyte_1
4,1437,targeted_hybrid,oligodendrocyte_1,astrocyte_1
4,33,targeted_hybrid,astrocyte_1,astrocyte_1
4,1503,targeted_hybrid,oligodendrocyte_1,oligodendrocyte_1
4,2579,targeted_hybrid,oligodendrocyte_progenitor_2,oligodendrocyte_progenitor_2
4,2121,targeted_hybrid,oligodendrocyte_progenitor_1,oligodendrocyte_precursor_cell
4,2921,targeted_hybrid,Schwann_cell,peripheral_glia
4,2773,targeted_hybrid,oligodendrocyte_progenitor_2,oligodendrocyte_progenitor_2
4,1300,targeted_hybrid,oligodendrocyte_1,oligodendrocyte_1
4,2518,targeted_hybrid,oligodendrocyte_progenitor_2,oligodendrocyte_progenitor_2
4,2366,targeted_hybrid,oligodendrocyte_progenitor_2,oligodendrocyte_progenitor_2
4,1238,targeted_hybrid,microglia,microglia
4,2162,targeted_hybrid,oligodendrocyte_progenitor_2,oligodendrocyte_2
4,1849,targeted_hybrid,oligodendrocyte_2,oligodendrocyte_2
4,676,targeted_hybrid,astrocyte_2,astrocyte_2
4,2043,targeted_hybrid,oligodendrocyte_precursor_cell,oligodendrocyte_precursor_cell
4,2141,targeted_hybrid,oligodendrocyte_progenitor_1,oligodendrocyte_progenitor_1
4,1605,targeted_hybrid,oligodendrocyte_2,oligodendrocyte_2
4,1597,targeted_hybrid,oligodendrocyte_2,oligodendrocyte_progenitor_2
4,2849,targeted_hybrid,pericyte,endothelial
4,999,targeted_hybrid,endothelial,astrocyte_2
4,1785,targeted_hybrid,oligodendrocyte_2,oligodendrocyte_2
4,1337,targeted_hybrid,oligodendrocyte_1,astrocyte_1
4,2378,targeted_hybrid,oligodendrocyte_progenitor_2,oligodendrocyte_progenitor_2
4,549,targeted_hybrid,astrocyte_1,astrocyte_1
4,1177,targeted_hybrid,meninges_2,endothelial
4,1236,targeted_hybrid,microglia,microglia
4,5,targeted_hybrid,astrocyte_1,oligodendrocyte_1
4,2832,targeted_hybrid,oligodendrocyte_progenitor_2,oligodendrocyte_progenitor_2
4,647,targeted_hybrid,astrocyte_2,astrocyte_2
4,2568,targeted_hybrid,oligodendrocyte_progenitor_2,oligodendrocyte_progenitor_2
4,2580,targeted_hybrid,oligodendrocyte_progenitor_2,oligodendrocyte_1
4,1928,targeted_hybrid,oligodendrocyte_2,oligodendrocyte_2
4,2870,targeted_hybrid,pericyte,pericyte
4,300,targeted_hybrid,astrocyte_1,astrocyte_1
4,431,targeted_hybrid,astrocyte_1,astrocyte_1
4,715,targeted_hybrid,astrocyte_2,astrocyte_2
4,1847,targeted_hybrid,oligodendrocyte_2,oligodendrocyte_progenitor_2
4,1593,targeted_hybrid,oligodendrocyte_2,oligodendrocyte_progenitor_2
4,1359,targeted_hybrid,oligodendrocyte_1,oligodendrocyte_1
4,52,targeted_hybrid,astrocyte_1,astrocyte_1
4,1374,targeted_hybrid,oligodendrocyte_1,oligodendrocyte_1
4,731,targeted_hybrid,astrocyte_2,astrocyte_2
4,2094,targeted_hybrid,oligodendrocyte_progenitor_1,oligodendrocyte_progenitor_1
4,170,targeted_hybrid,astrocyte_1,astrocyte_1
4,1937,targeted_hybrid,oligodendrocyte_2,oligodendrocyte_2
4,1057,targeted_hybrid,endothelial,endothelial
4,1945,targeted_hybrid,oligodendrocyte_2,oligodendrocyte_2
4,2721,targeted_hybrid,oligodendrocyte_progenitor_2,oligodendrocyte_progenitor_2
4,2365,targeted_hybrid,oligodendrocyte_progenitor_2,oligodendrocyte_progenitor_2
4,1825,targeted_hybrid,oligodendrocyte_2,oligodendrocyte_progenitor_2
4,2818,targeted_hybrid,oligodendrocyte_progenitor_2,oligodendrocyte_1
4,2934,targeted_hybrid,Schwann_cell,Schwann_cell
4,1343,targeted_hybrid,oligodendrocyte_1,oligodendrocyte_progenitor_2
4,529,targeted_hybrid,astrocyte_1,astrocyte_1
4,2430,targeted_hybrid,oligodendrocyte_progenitor_2,oligodendrocyte_progenitor_2
4,747,targeted_hybrid,astrocyte_2,astrocyte_2
4,1766,targeted_hybrid,oligodendrocyte_2,oligodendrocyte_2
4,1197,targeted_hybrid,meninges_2,oligodendrocyte_progenitor_2
4,555,targeted_hybrid,astrocyte_1,astrocyte_2
4,181,targeted_hybrid,astrocyte_1,astrocyte_1
4,79,targeted_hybrid,astrocyte_1,astrocyte_1
4,1832,targeted_hybrid,oligodendrocyte_2,oligodendrocyte_2
4,939,targeted_hybrid,endothelial,endothelial
4,1487,targeted_hybrid,oligodendrocyte_1,oligodendrocyte_progenitor_2
4,2586,targeted_hybrid,oligodendrocyte_progenitor_2,oligodendrocyte_2
4,2059,targeted_hybrid,oligodendrocyte_precursor_cell,astrocyte_2
4,104,targeted_hybrid,astrocyte_1,astrocyte_1
4,2872,targeted_hybrid,pericyte,pericyte
4,502,targeted_hybrid,astrocyte_1,astrocyte_1
4,843,targeted_hybrid,endothelial,oligodendrocyte_1
4,946,targeted_hybrid,endothelial,endothelial
4,2442,targeted_hybrid,oligodendrocyte_progenitor_2,oligodendrocyte_progenitor_2
4,1505,targeted_hybrid,oligodendrocyte_1,oligodendrocyte_1
4,2519,targeted_hybrid,oligodendrocyte_progenitor_2,oligodendrocyte_1
4,709,targeted_hybrid,astrocyte_2,oligodendrocyte_progenitor_2
4,2510,targeted_hybrid,oligodendrocyte_progenitor_2,oligodendrocyte_progenitor_1
4,2764,targeted_hybrid,oligodendrocyte_progenitor_2,astrocyte_1
4,2239,targeted_hybrid,oligodendrocyte_progenitor_2,oligodendrocyte_progenitor_2
4,1517,targeted_hybrid,oligodendrocyte_1,astrocyte_1
4,1579,targeted_hybrid,oligodendrocyte_2,oligodendrocyte_2
4,908,targeted_hybrid,endothelial,endothelial
4,969,targeted_hybrid,endothelial,endothelial
4,2417,targeted_hybrid,oligodendrocyte_progenitor_2,oligodendrocyte_progenitor_2
4,1346,targeted_hybrid,oligodendrocyte_1,oligodendrocyte_1
4,2138,targeted_hybrid,oligodendrocyte_progenitor_1,oligodendrocyte_precursor_cell
4,1914,targeted_hybrid,oligodendrocyte_2,oligodendrocyte_2
4,1948,targeted_hybrid,oligodendrocyte_2,oligodendrocyte_2
4,864,targeted_hybrid,endothelial,endothelial
4,2361,targeted_hybrid,oligodendrocyte_progenitor_2,oligodendrocyte_2
4,868,targeted_hybrid,endothelial,endothelial
4,2019,targeted_hybrid,oligodendrocyte_precursor_cell,oligodendrocyte_precursor_cell
4,281,targeted_hybrid,astrocyte_1,astrocyte_1
4,2014,targeted_hybrid,oligodendrocyte_precursor_cell,oligodendrocyte_precursor_cell
4,1441,targeted_hybrid,oligodendrocyte_1,oligodendrocyte_progenitor_2
4,2807,targeted_hybrid,oligodendrocyte_progenitor_2,oligodendrocyte_2
4,2704,targeted_hybrid,oligodendrocyte_progenitor_2,oligodendrocyte_progenitor_2
4,347,targeted_hybrid,astrocyte_1,astrocyte_1
4,1744,targeted_hybrid,oligodendrocyte_2,oligodendrocyte_2
4,483,targeted_hybrid,astrocyte_1,astrocyte_1
4,1598,targeted_hybrid,oligodendrocyte_2,oligodendrocyte_2
4,316,targeted_hybrid,astrocyte_1,astrocyte_1
4,1902,targeted_hybrid,oligodendrocyte_2,oligodendrocyte_2
4,2033,targeted_hybrid,oligodendrocyte_precursor_cell,oligodendrocyte_precursor_cell
4,1919,targeted_hybrid,oligodendrocyte_2,oligodendrocyte_2
4,1255,targeted_hybrid,microglia,microglia
4,1354,targeted_hybrid,oligodendrocyte_1,oligodendrocyte_2
4,446,targeted_hybrid,astrocyte_1,astrocyte_1
4,2493,targeted_hybrid,oligodendrocyte_progenitor_2,oligodendrocyte_progenitor_2
4,1485,targeted_hybrid,oligodendrocyte_1,oligodendrocyte_progenitor_2
4,2123,targeted_hybrid,oligodendrocyte_progenitor_1,astrocyte_1
4,1318,targeted_hybrid,oligodendrocyte_1,oligodendrocyte_progenitor_2
4,916,targeted_hybrid,endothelial,endothelial
4,222,targeted_hybrid,astrocyte_1,astrocyte_1
4,1273,targeted_hybrid,microglia,microglia
4,953,targeted_hybrid,endothelial,endothelial
4,1552,targeted_hybrid,oligodendrocyte_1,oligodendrocyte_1
4,1316,targeted_hybrid,oligodendrocyte_1,oligodendrocyte_progenitor_2
4,596,targeted_hybrid,astrocyte_2,oligodendrocyte_2
4,1062,targeted_hybrid,endothelial,endothelial
4,2845,targeted_hybrid,oligodendrocyte_progenitor_2,oligodendrocyte_progenitor_2
4,410,targeted_hybrid,astrocyte_1,oligodendrocyte_progenitor_2
4,88,targeted_hybrid,astrocyte_1,astrocyte_1
4,2664,targeted_hybrid,oligodendrocyte_progenitor_2,oligodendrocyte_progenitor_2
4,686,targeted_hybrid,astrocyte_2,astrocyte_2
4,522,targeted_hybrid,astrocyte_1,astrocyte_1
4,1280,targeted_hybrid,microglia,microglia
4,2867,targeted_hybrid,pericyte,pericyte
4,1023,targeted_hybrid,endothelial,endothelial
4,2957,targeted_hybrid,Schwann_cell,Schwann_cell
4,1599,targeted_hybrid,oligodendrocyte_2,oligodendrocyte_2
4,1111,targeted_hybrid,meninges_1,meninges_2
4,50,targeted_hybrid,astrocyte_1,astrocyte_1
4,343,targeted_hybrid,astrocyte_1,astrocyte_1
4,210,targeted_hybrid,astrocyte_1,astrocyte_1
4,524,targeted_hybrid,astrocyte_1,astrocyte_2
4,1620,targeted_hybrid,oligodendrocyte_2,oligodendrocyte_precursor_cell
4,430,targeted_hybrid,astrocyte_1,astrocyte_1
4,1854,targeted_hybrid,oligodendrocyte_2,oligodendrocyte_2
4,1806,targeted_hybrid,oligodendrocyte_2,oligodendrocyte_2
4,1501,targeted_hybrid,oligodendrocyte_1,oligodendrocyte_progenitor_2
4,1447,targeted_hybrid,oligodendrocyte_1,oligodendrocyte_2
4,1781,targeted_hybrid,oligodendrocyte_2,oligodendrocyte_2
4,2868,targeted_hybrid,pericyte,astrocyte_1
4,2371,targeted_hybrid,oligodendrocyte_progenitor_2,oligodendrocyte_progenitor_2
4,2637,targeted_hybrid,oligodendrocyte_progenitor_2,oligodendrocyte_progenitor_2
4,103,targeted_hybrid,astrocyte_1,astrocyte_1
4,1906,targeted_hybrid,oligodendrocyte_2,oligodendrocyte_2
4,950,targeted_hybrid,endothelial,endothelial
4,1964,targeted_hybrid,oligodendrocyte_2,oligodendrocyte_2
4,147,targeted_hybrid,astrocyte_1,astrocyte_1
4,2217,targeted_hybrid,oligodendrocyte_progenitor_2,oligodendrocyte_progenitor_2
4,2134,targeted_hybrid,oligodendrocyte_progenitor_1,oligodendrocyte_progenitor_1
4,417,targeted_hybrid,astrocyte_1,astrocyte_1
4,1195,targeted_hybrid,meninges_2,meninges_1
4,1733,targeted_hybrid,oligodendrocyte_2,oligodendrocyte_2
4,1426,targeted_hybrid,oligodendrocyte_1,oligodendrocyte_1
4,1085,targeted_hybrid,endothelial,endothelial
4,1538,targeted_hybrid,oligodendrocyte_1,oligodendrocyte_progenitor_2
4,2244,targeted_hybrid,oligodendrocyte_progenitor_2,oligodendrocyte_2
4,634,targeted_hybrid,astrocyte_2,astrocyte_1
4,2108,targeted_hybrid,oligodendrocyte_progenitor_1,oligodendrocyte_2
4,2712,targeted_hybrid,oligodendrocyte_progenitor_2,oligodendrocyte_progenitor_2
4,654,targeted_hybrid,astrocyte_2,astrocyte_2
4,2122,targeted_hybrid,oligodendrocyte_progenitor_1,astrocyte_1
4,289,targeted_hybrid,astrocyte_1,oligodendrocyte_progenitor_2
4,2784,targeted_hybrid,oligodendrocyte_progenitor_2,oligodendrocyte_progenitor_2
4,283,targeted_hybrid,astrocyte_1,astrocyte_1
4,1421,targeted_hybrid,oligodendrocyte_1,oligodendrocyte_progenitor_2
4,2194,targeted_hybrid,oligodendrocyte_progenitor_2,oligodendrocyte_progenitor_2
4,2908,targeted_hybrid,peripheral_glia,peripheral_glia
4,710,targeted_hybrid,astrocyte_2,astrocyte_2
4,2451,targeted_hybrid,oligodendrocyte_progenitor_2,oligodendrocyte_2
4,559,targeted_hybrid,astrocyte_1,microglia
4,306,targeted_hybrid,astrocyte_1,astrocyte_1
4,562,targeted_hybrid,astrocyte_1,astrocyte_1
4,2767,targeted_hybrid,oligodendrocyte_progenitor_2,oligodendrocyte_progenitor_2
4,590,targeted_hybrid,astrocyte_2,astrocyte_2
4,51,targeted_hybrid,astrocyte_1,astrocyte_1
4,352,targeted_hybrid,astrocyte_1,oligodendrocyte_1
4,2751,targeted_hybrid,oligodendrocyte_progenitor_2,oligodendrocyte_progenitor_2
4,830,targeted_hybrid,endothelial,endothelial
4,1979,targeted_hybrid,oligodendrocyte_2,oligodendrocyte_2
4,2796,targeted_hybrid,oligodendrocyte_progenitor_2,oligodendrocyte_1
4,2240,targeted_hybrid,oligodendrocyte_progenitor_2,oligodendrocyte_progenitor_2
4,2806,targeted_hybrid,oligodendrocyte_progenitor_2,oligodendrocyte_1
4,2264,targeted_hybrid,oligodendrocyte_progenitor_2,oligodendrocyte_2
4,620,targeted_hybrid,astrocyte_2,astrocyte_2
4,1665,targeted_hybrid,oligodendrocyte_2,oligodendrocyte_2
4,10,targeted_hybrid,astrocyte_1,astrocyte_1
4,2912,targeted_hybrid,Schwann_cell,peripheral_glia
4,2105,targeted_hybrid,oligodendrocyte_progenitor_1,oligodendrocyte_precursor_cell
4,1103,targeted_hybrid,meninges_1,endothelial
4,1028,targeted_hybrid,endothelial,astrocyte_1
4,1715,targeted_hybrid,oligodendrocyte_2,oligodendrocyte_2
4,774,targeted_hybrid,endothelial,endothelial
4,62,targeted_hybrid,astrocyte_1,astrocyte_1
4,2152,targeted_hybrid,oligodendrocyte_progenitor_2,astrocyte_1
4,1862,targeted_hybrid,oligodendrocyte_2,oligodendrocyte_progenitor_2
4,2923,targeted_hybrid,Schwann_cell,Schwann_cell
4,1361,targeted_hybrid,oligodendrocyte_1,oligodendrocyte_progenitor_2
4,2591,targeted_hybrid,oligodendrocyte_progenitor_2,oligodendrocyte_2
4,624,targeted_hybrid,astrocyte_2,endothelial
4,1369,targeted_hybrid,oligodendrocyte_1,oligodendrocyte_progenitor_2
4,1550,targeted_hybrid,oligodendrocyte_1,oligodendrocyte_1
4,276,targeted_hybrid,astrocyte_1,astrocyte_1
4,2126,targeted_hybrid,oligodendrocyte_progenitor_1,oligodendrocyte_progenitor_1
4,284,targeted_hybrid,astrocyte_1,astrocyte_1
4,1725,targeted_hybrid,oligodendrocyte_2,oligodendrocyte_2
4,1683,targeted_hybrid,oligodendrocyte_2,oligodendrocyte_2
4,475,targeted_hybrid,astrocyte_1,astrocyte_1
4,507,targeted_hybrid,astrocyte_1,astrocyte_1
4,691,targeted_hybrid,astrocyte_2,astrocyte_2
4,2327,targeted_hybrid,oligodendrocyte_progenitor_2,oligodendrocyte_progenitor_2
4,174,targeted_hybrid,astrocyte_1,oligodendrocyte_1
4,1345,targeted_hybrid,oligodendrocyte_1,oligodendrocyte_1
4,363,targeted_hybrid,astrocyte_1,astrocyte_1
4,2937,targeted_hybrid,Schwann_cell,Schwann_cell
4,766,targeted_hybrid,astrocyte_2,astrocyte_2
4,1893,targeted_hybrid,oligodendrocyte_2,oligodendrocyte_2
4,2776,targeted_hybrid,oligodendrocyte_progenitor_2,oligodendrocyte_1
4,2542,targeted_hybrid,oligodendrocyte_progenitor_2,oligodendrocyte_progenitor_2
4,2759,targeted_hybrid,oligodendrocyte_progenitor_2,oligodendrocyte_progenitor_2
4,1478,targeted_hybrid,oligodendrocyte_1,oligodendrocyte_1
4,2803,targeted_hybrid,oligodendrocyte_progenitor_2,oligodendrocyte_progenitor_2
4,2171,targeted_hybrid,oligodendrocyte_progenitor_2,oligodendrocyte_2
4,594,targeted_hybrid,astrocyte_2,astrocyte_1
4,2297,targeted_hybrid,oligodendrocyte_progenitor_2,oligodendrocyte_progenitor_2
4,694,targeted_hybrid,astrocyte_2,astrocyte_2
4,1128,targeted_hybrid,meninges_1,meninges_1
4,2653,targeted_hybrid,oligodendrocyte_progenitor_2,oligodendrocyte_progenitor_2
4,885,targeted_hybrid,endothelial,endothelial
4,2690,targeted_hybrid,oligodendrocyte_progenitor_2,oligodendrocyte_progenitor_2
4,982,targeted_hybrid,endothelial,oligodendrocyte_1
4,2800,targeted_hybrid,oligodendrocyte_progenitor_2,oligodendrocyte_progenitor_2
4,13,targeted_hybrid,astrocyte_1,astrocyte_1
4,2628,targeted_hybrid,oligodendrocyte_progenitor_2,oligodendrocyte_progenitor_2
4,1336,targeted_hybrid,oligodendrocyte_1,astrocyte_1
4,934,targeted_hybrid,endothelial,endothelial
4,2037,targeted_hybrid,oligodendrocyte_precursor_cell,oligodendrocyte_2
4,23,targeted_hybrid,astrocyte_1,astrocyte_1
4,1352,targeted_hybrid,oligodendrocyte_1,oligodendrocyte_progenitor_2
4,1950,targeted_hybrid,oligodendrocyte_2,oligodendrocyte_progenitor_2
4,37,targeted_hybrid,astrocyte_1,astrocyte_1
4,2308,targeted_hybrid,oligodendrocyte_progenitor_2,oligodendrocyte_progenitor_2
5,1929,genes_volume,oligodendrocyte_2,oligodendrocyte_2
5,321,genes_volume,astrocyte_1,astrocyte_1
5,2115,genes_volume,oligodendrocyte_progenitor_1,oligodendrocyte_precursor_cell
5,210,genes_volume,astrocyte_1,astrocyte_1
5,2589,genes_volume,oligodendrocyte_progenitor_2,oligodendrocyte_progenitor_2
5,2250,genes_volume,oligodendrocyte_progenitor_2,oligodendrocyte_progenitor_2
5,1400,genes_volume,oligodendrocyte_1,oligodendrocyte_progenitor_2
5,1053,genes_volume,endothelial,endothelial
5,1497,genes_volume,oligodendrocyte_1,oligodendrocyte_progenitor_2
5,2722,genes_volume,oligodendrocyte_progenitor_2,oligodendrocyte_progenitor_2
5,2484,genes_volume,oligodendrocyte_progenitor_2,oligodendrocyte_progenitor_2
5,1261,genes_volume,microglia,oligodendrocyte_2
5,1314,genes_volume,oligodendrocyte_1,astrocyte_1
5,830,genes_volume,endothelial,endothelial
5,2766,genes_volume,oligodendrocyte_progenitor_2,oligodendrocyte_progenitor_2
5,1863,genes_volume,oligodendrocyte_2,oligodendrocyte_2
5,2290,genes_volume,oligodendrocyte_progenitor_2,oligodendrocyte_progenitor_2
5,2195,genes_volume,oligodendrocyte_progenitor_2,oligodendrocyte_progenitor_2
5,2863,genes_volume,pericyte,pericyte
5,2456,genes_volume,oligodendrocyte_progenitor_2,oligodendrocyte_progenitor_2
5,1000,genes_volume,endothelial,endothelial
5,1780,genes_volume,oligodendrocyte_2,oligodendrocyte_2
5,2364,genes_volume,oligodendrocyte_progenitor_2,oligodendrocyte_progenitor_2
5,706,genes_volume,astrocyte_2,astrocyte_2
5,347,genes_volume,astrocyte_1,astrocyte_1
5,1110,genes_volume,meninges_1,meninges_1
5,958,genes_volume,endothelial,endothelial
5,2580,genes_volume,oligodendrocyte_progenitor_2,oligodendrocyte_progenitor_2
5,1620,genes_volume,oligodendrocyte_2,oligodendrocyte_precursor_cell
5,479,genes_volume,astrocyte_1,astrocyte_1
5,865,genes_volume,endothelial,oligodendrocyte_progenitor_2
5,977,genes_volume,endothelial,oligodendrocyte_progenitor_2
5,1717,genes_volume,oligodendrocyte_2,oligodendrocyte_2
5,615,genes_volume,astrocyte_2,astrocyte_1
5,2089,genes_volume,oligodendrocyte_precursor_cell,oligodendrocyte_precursor_cell
5,971,genes_volume,endothelial,endothelial
5,894,genes_volume,endothelial,endothelial
5,2572,genes_volume,oligodendrocyte_progenitor_2,astrocyte_1
5,2302,genes_volume,oligodendrocyte_progenitor_2,oligodendrocyte_2
5,2469,genes_volume,oligodendrocyte_progenitor_2,oligodendrocyte_progenitor_2
5,1792,genes_volume,oligodendrocyte_2,oligodendrocyte_2
5,2280,genes_volume,oligodendrocyte_progenitor_2,oligodendrocyte_progenitor_2
5,794,genes_volume,endothelial,endothelial
5,1826,genes_volume,oligodendrocyte_2,oligodendrocyte_2
5,2542,genes_volume,oligodendrocyte_progenitor_2,astrocyte_1
5,1713,genes_volume,oligodendrocyte_2,oligodendrocyte_2
5,2295,genes_volume,oligodendrocyte_progenitor_2,oligodendrocyte_2
5,132,genes_volume,astrocyte_1,pericyte
5,1487,genes_volume,oligodendrocyte_1,oligodendrocyte_progenitor_2
5,1194,genes_volume,meninges_2,pericyte
5,838,genes_volume,endothelial,endothelial
5,2611,genes_volume,oligodendrocyte_progenitor_2,oligodendrocyte_progenitor_2
5,2463,genes_volume,oligodendrocyte_progenitor_2,oligodendrocyte_2
5,186,genes_volume,astrocyte_1,oligodendrocyte_2
5,2330,genes_volume,oligodendrocyte_progenitor_2,oligodendrocyte_progenitor_2
5,1629,genes_volume,oligodendrocyte_2,oligodendrocyte_2
5,484,genes_volume,astrocyte_1,astrocyte_1
5,47,genes_volume,astrocyte_1,astrocyte_1
5,557,genes_volume,astrocyte_1,astrocyte_1
5,195,genes_volume,astrocyte_1,oligodendrocyte_progenitor_2
5,689,genes_volume,astrocyte_2,astrocyte_2
5,1503,genes_volume,oligodendrocyte_1,oligodendrocyte_1
5,1316,genes_volume,oligodendrocyte_1,oligodendrocyte_progenitor_2
5,1376,genes_volume,oligodendrocyte_1,oligodendrocyte_progenitor_2
5,154,genes_volume,astrocyte_1,astrocyte_1
5,1089,genes_volume,endothelial,endothelial
5,2259,genes_volume,oligodendrocyte_progenitor_2,oligodendrocyte_2
5,972,genes_volume,endothelial,endothelial
5,1159,genes_volume,meninges_1,meninges_1
5,204,genes_volume,astrocyte_1,astrocyte_1
5,2656,genes_volume,oligodendrocyte_progenitor_2,oligodendrocyte_progenitor_2
5,1964,genes_volume,oligodendrocyte_2,oligodendrocyte_2
5,983,genes_volume,endothelial,endothelial
5,2019,genes_volume,oligodendrocyte_precursor_cell,oligodendrocyte_precursor_cell
5,1206,genes_volume,meninges_2,meninges_2
5,198,genes_volume,astrocyte_1,astrocyte_1
5,2177,genes_volume,oligodendrocyte_progenitor_2,oligodendrocyte_progenitor_2
5,1409,genes_volume,oligodendrocyte_1,oligodendrocyte_progenitor_2
5,2793,genes_volume,oligodendrocyte_progenitor_2,oligodendrocyte_progenitor_2
5,1851,genes_volume,oligodendrocyte_2,oligodendrocyte_2
5,1809,genes_volume,oligodendrocyte_2,oligodendrocyte_2
5,470,genes_volume,astrocyte_1,astrocyte_1
5,2627,genes_volume,oligodendrocyte_progenitor_2,oligodendrocyte_progenitor_2
5,2332,genes_volume,oligodendrocyte_progenitor_2,oligodendrocyte_2
5,2892,genes_volume,peripheral_glia,peripheral_glia
5,2380,genes_volume,oligodendrocyte_progenitor_2,oligodendrocyte_progenitor_2
5,2237,genes_volume,oligodendrocyte_progenitor_2,oligodendrocyte_2
5,530,genes_volume,astrocyte_1,astrocyte_1
5,2441,genes_volume,oligodendrocyte_progenitor_2,oligodendrocyte_progenitor_2
5,2238,genes_volume,oligodendrocyte_progenitor_2,oligodendrocyte_progenitor_2
5,223,genes_volume,astrocyte_1,astrocyte_1
5,2216,genes_volume,oligodendrocyte_progenitor_2,oligodendrocyte_1
5,1047,genes_volume,endothelial,endothelial
5,44,genes_volume,astrocyte_1,astrocyte_1
5,1270,genes_volume,microglia,astrocyte_1
5,1224,genes_volume,meninges_3,meninges_2
5,1374,genes_volume,oligodendrocyte_1,oligodendrocyte_1
5,2715,genes_volume,oligodendrocyte_progenitor_2,oligodendrocyte_progenitor_2
5,1208,genes_volume,meninges_2,oligodendrocyte_progenitor_2
5,2662,genes_volume,oligodendrocyte_progenitor_2,oligodendrocyte_progenitor_2
5,123,genes_volume,astrocyte_1,astrocyte_1
5,1388,genes_volume,oligodendrocyte_1,endothelial
5,1260,genes_volume,microglia,astrocyte_1
5,268,genes_volume,astrocyte_1,oligodendrocyte_1
5,2732,genes_volume,oligodendrocyte_progenitor_2,astrocyte_1
5,2603,genes_volume,oligodendrocyte_progenitor_2,oligodendrocyte_progenitor_2
5,2543,genes_volume,oligodendrocyte_progenitor_2,oligodendrocyte_progenitor_2
5,2133,genes_volume,oligodendrocyte_progenitor_1,oligodendrocyte_precursor_cell
5,840,genes_volume,endothelial,endothelial
5,1457,genes_volume,oligodendrocyte_1,oligodendrocyte_1
5,2287,genes_volume,oligodendrocyte_progenitor_2,oligodendrocyte_progenitor_2
5,392,genes_volume,astrocyte_1,astrocyte_1
5,1175,genes_volume,meninges_2,meninges_2
5,773,genes_volume,endothelial,endothelial
5,2478,genes_volume,oligodendrocyte_progenitor_2,oligodendrocyte_progenitor_2
5,309,genes_volume,astrocyte_1,astrocyte_1
5,1808,genes_volume,oligodendrocyte_2,oligodendrocyte_progenitor_2
5,664,genes_volume,astrocyte_2,oligodendrocyte_progenitor_2
5,1778,genes_volume,oligodendrocyte_2,oligodendrocyte_2
5,2042,genes_volume,oligodendrocyte_precursor_cell,oligodendrocyte_precursor_cell
5,384,genes_volume,astrocyte_1,astrocyte_1
5,1709,genes_volume,oligodendrocyte_2,oligodendrocyte_2
5,2930,genes_volume,Schwann_cell,Schwann_cell
5,1381,genes_volume,oligodendrocyte_1,oligodendrocyte_1
5,1419,genes_volume,oligodendrocyte_1,oligodendrocyte_progenitor_2
5,2362,genes_volume,oligodendrocyte_progenitor_2,oligodendrocyte_progenitor_2
5,2831,genes_volume,oligodendrocyte_progenitor_2,oligodendrocyte_progenitor_2
5,2270,genes_volume,oligodendrocyte_progenitor_2,oligodendrocyte_progenitor_2
5,96,genes_volume,astrocyte_1,oligodendrocyte_1
5,1595,genes_volume,oligodendrocyte_2,oligodendrocyte_2
5,302,genes_volume,astrocyte_1,astrocyte_1
5,1410,genes_volume,oligodendrocyte_1,oligodendrocyte_progenitor_2
5,116,genes_volume,astrocyte_1,astrocyte_1
5,885,genes_volume,endothelial,endothelial
5,639,genes_volume,astrocyte_2,astrocyte_1
5,937,genes_volume,endothelial,oligodendrocyte_progenitor_2
5,820,genes_volume,endothelial,endothelial
5,1542,genes_volume,oligodendrocyte_1,oligodendrocyte_progenitor_2
5,2544,genes_volume,oligodendrocyte_progenitor_2,oligodendrocyte_progenitor_2
5,2520,genes_volume,oligodendrocyte_progenitor_2,oligodendrocyte_progenitor_2
5,1696,genes_volume,oligodendrocyte_2,oligodendrocyte_2
5,184,genes_volume,astrocyte_1,astrocyte_1
5,2286,genes_volume,oligodendrocyte_progenitor_2,oligodendrocyte_progenitor_2
5,2366,genes_volume,oligodendrocyte_progenitor_2,oligodendrocyte_progenitor_2
5,2400,genes_volume,oligodendrocyte_progenitor_2,oligodendrocyte_progenitor_2
5,856,genes_volume,endothelial,endothelial
5,875,genes_volume,endothelial,endothelial
5,2372,genes_volume,oligodendrocyte_progenitor_2,oligodendrocyte_2
5,1087,genes_volume,endothelial,oligodendrocyte_progenitor_2
5,2882,genes_volume,pericyte,pericyte
5,1958,genes_volume,oligodendrocyte_2,oligodendrocyte_2
5,709,genes_volume,astrocyte_2,oligodendrocyte_progenitor_2
5,2083,genes_volume,oligodendrocyte_precursor_cell,oligodendrocyte_precursor_cell
5,835,genes_volume,endothelial,endothelial
5,975,genes_volume,endothelial,endothelial
5,1918,genes_volume,oligodendrocyte_2,oligodendrocyte_2
5,227,genes_volume,astrocyte_1,astrocyte_2
5,625,genes_volume,astrocyte_2,astrocyte_2
5,249,genes_volume,astrocyte_1,astrocyte_1
5,485,genes_volume,astrocyte_1,oligodendrocyte_progenitor_2
5,2113,genes_volume,oligodendrocyte_progenitor_1,oligodendrocyte_precursor_cell
5,2845,genes_volume,oligodendrocyte_progenitor_2,oligodendrocyte_progenitor_2
5,903,genes_volume,endothelial,microglia
5,2696,genes_volume,oligodendrocyte_progenitor_2,oligodendrocyte_progenitor_2
5,1188,genes_volume,meninges_2,meninges_1
5,1995,genes_volume,oligodendrocyte_precursor_cell,oligodendrocyte_progenitor_2
5,681,genes_volume,astrocyte_2,oligodendrocyte_2
5,795,genes_volume,endothelial,endothelial
5,1064,genes_volume,endothelial,endothelial
5,102,genes_volume,astrocyte_1,astrocyte_1
5,2028,genes_volume,oligodendrocyte_precursor_cell,microglia
5,2623,genes_volume,oligodendrocyte_progenitor_2,oligodendrocyte_progenitor_2
5,1615,genes_volume,oligodendrocyte_2,oligodendrocyte_2
5,457,genes_volume,astrocyte_1,astrocyte_1
5,2534,genes_volume,oligodendrocyte_progenitor_2,oligodendrocyte_progenitor_2
5,2080,genes_volume,oligodendrocyte_precursor_cell,oligodendrocyte_precursor_cell
5,2156,genes_volume,oligodendrocyte_progenitor_2,oligodendrocyte_progenitor_2
5,5,genes_volume,astrocyte_1,oligodendrocyte_1
5,2750,genes_volume,oligodendrocyte_progenitor_2,oligodendrocyte_progenitor_2
5,1625,genes_volume,oligodendrocyte_2,oligodendrocyte_2
5,2848,genes_volume,pericyte,pericyte
5,446,genes_volume,astrocyte_1,astrocyte_1
5,2607,genes_volume,oligodendrocyte_progenitor_2,oligodendrocyte_progenitor_2
5,796,genes_volume,endothelial,endothelial
5,1900,genes_volume,oligodendrocyte_2,oligodendrocyte_2
5,39,genes_volume,astrocyte_1,astrocyte_1
5,2397,genes_volume,oligodendrocyte_progenitor_2,oligodendrocyte_progenitor_2
5,153,genes_volume,astrocyte_1,astrocyte_1
5,2321,genes_volume,oligodendrocyte_progenitor_2,oligodendrocyte_progenitor_2
5,1321,genes_volume,oligodendrocyte_1,oligodendrocyte_progenitor_2
5,1425,genes_volume,oligodendrocyte_1,oligodendrocyte_progenitor_2
5,1480,genes_volume,oligodendrocyte_1,oligodendrocyte_progenitor_2
5,2267,genes_volume,oligodendrocyte_progenitor_2,oligodendrocyte_progenitor_2
5,2251,genes_volume,oligodendrocyte_progenitor_2,oligodendrocyte_progenitor_2
5,2378,genes_volume,oligodendrocyte_progenitor_2,oligodendrocyte_progenitor_2
5,1758,genes_volume,oligodendrocyte_2,oligodendrocyte_2
5,1115,genes_volume,meninges_1,oligodendrocyte_progenitor_2
5,1041,genes_volume,endothelial,endothelial
5,576,genes_volume,astrocyte_2,astrocyte_1
5,2595,genes_volume,oligodendrocyte_progenitor_2,oligodendrocyte_progenitor_2
5,1670,genes_volume,oligodendrocyte_2,oligodendrocyte_2
5,1365,genes_volume,oligodendrocyte_1,oligodendrocyte_1
5,239,genes_volume,astrocyte_1,astrocyte_1
5,1121,genes_volume,meninges_1,oligodendrocyte_progenitor_2
5,591,genes_volume,astrocyte_2,oligodendrocyte_progenitor_2
5,941,genes_volume,endothelial,endothelial
5,1898,genes_volume,oligodendrocyte_2,oligodendrocyte_2
5,2594,genes_volume,oligodendrocyte_progenitor_2,oligodendrocyte_progenitor_2
5,643,genes_volume,astrocyte_2,astrocyte_2
5,1464,genes_volume,oligodendrocyte_1,oligodendrocyte_1
5,1993,genes_volume,oligodendrocyte_precursor_cell,oligodendrocyte_precursor_cell
5,1869,genes_volume,oligodendrocyte_2,oligodendrocyte_2
5,1243,genes_volume,microglia,oligodendrocyte_progenitor_2
5,1411,genes_volume,oligodendrocyte_1,oligodendrocyte_progenitor_2
5,22,genes_volume,astrocyte_1,astrocyte_1
5,361,genes_volume,astrocyte_1,oligodendrocyte_progenitor_2
5,2217,genes_volume,oligodendrocyte_progenitor_2,oligodendrocyte_progenitor_2
5,1934,genes_volume,oligodendrocyte_2,oligodendrocyte_progenitor_2
5,197,genes_volume,astrocyte_1,astrocyte_1
5,2846,genes_volume,pericyte,astrocyte_1
5,1619,genes_volume,oligodendrocyte_2,oligodendrocyte_2
5,2333,genes_volume,oligodendrocyte_progenitor_2,oligodendrocyte_progenitor_2
5,946,genes_volume,endothelial,endothelial
5,2645,genes_volume,oligodendrocyte_progenitor_2,oligodendrocyte_progenitor_2
5,2190,genes_volume,oligodendrocyte_progenitor_2,oligodendrocyte_progenitor_2
5,806,genes_volume,endothelial,endothelial
5,2087,genes_volume,oligodendrocyte_precursor_cell,oligodendrocyte_precursor_cell
5,822,genes_volume,endothelial,endothelial
5,1229,genes_volume,meninges_3,meninges_2
5,2574,genes_volume,oligodendrocyte_progenitor_2,oligodendrocyte_2
5,495,genes_volume,astrocyte_1,oligodendrocyte_progenitor_2
5,531,genes_volume,astrocyte_1,astrocyte_1
5,2309,genes_volume,oligodendrocyte_progenitor_2,oligodendrocyte_progenitor_2
5,1557,genes_volume,oligodendrocyte_1,oligodendrocyte_2
5,2834,genes_volume,oligodendrocyte_progenitor_2,oligodendrocyte_progenitor_2
5,524,genes_volume,astrocyte_1,astrocyte_1
5,176,genes_volume,astrocyte_1,astrocyte_1
5,729,genes_volume,astrocyte_2,oligodendrocyte_progenitor_2
5,1485,genes_volume,oligodendrocyte_1,oligodendrocyte_progenitor_2
5,1621,genes_volume,oligodendrocyte_2,oligodendrocyte_2
5,2020,genes_volume,oligodendrocyte_precursor_cell,oligodendrocyte_1
5,1721,genes_volume,oligodendrocyte_2,oligodendrocyte_2
5,380,genes_volume,astrocyte_1,oligodendrocyte_1
5,714,genes_volume,astrocyte_2,astrocyte_2
5,148,genes_volume,astrocyte_1,astrocyte_1
5,1066,genes_volume,endothelial,endothelial
5,2413,genes_volume,oligodendrocyte_progenitor_2,oligodendrocyte_2
5,2353,genes_volume,oligodendrocyte_progenitor_2,oligodendrocyte_progenitor_2
5,131,genes_volume,astrocyte_1,astrocyte_1
5,1540,genes_volume,oligodendrocyte_1,oligodendrocyte_progenitor_2
5,172,genes_volume,astrocyte_1,astrocyte_1
5,1565,genes_volume,oligodendrocyte_2,oligodendrocyte_2
5,1947,genes_volume,oligodendrocyte_2,oligodendrocyte_2
5,970,genes_volume,endothelial,endothelial
5,1288,genes_volume,microglia,microglia
5,2570,genes_volume,oligodendrocyte_progenitor_2,oligodendrocyte_progenitor_2
5,776,genes_volume,endothelial,endothelial
5,1856,genes_volume,oligodendrocyte_2,oligodendrocyte_2
5,863,genes_volume,endothelial,endothelial
5,442,genes_volume,astrocyte_1,astrocyte_1
5,1196,genes_volume,meninges_2,meninges_3
5,943,genes_volume,endothelial,endothelial
5,2336,genes_volume,oligodendrocyte_progenitor_2,oligodendrocyte_1
5,2654,genes_volume,oligodendrocyte_progenitor_2,astrocyte_1
5,372,genes_volume,astrocyte_1,astrocyte_1
5,1510,genes_volume,oligodendrocyte_1,oligodendrocyte_progenitor_2
5,231,genes_volume,astrocyte_1,astrocyte_1
5,1303,genes_volume,oligodendrocyte_1,oligodendrocyte_progenitor_2
5,1512,genes_volume,oligodendrocyte_1,oligodendrocyte_progenitor_2
5,953,genes_volume,endothelial,endothelial
5,2667,genes_volume,oligodendrocyte_progenitor_2,oligodendrocyte_2
5,417,genes_volume,astrocyte_1,astrocyte_1
5,1475,genes_volume,oligodendrocyte_1,oligodendrocyte_progenitor_2
5,2759,genes_volume,oligodendrocyte_progenitor_2,oligodendrocyte_progenitor_2
5,1784,genes_volume,oligodendrocyte_2,oligodendrocyte_progenitor_2
5,352,genes_volume,astrocyte_1,oligodendrocyte_1
5,595,genes_volume,astrocyte_2,oligodendrocyte_2
5,205,genes_volume,astrocyte_1,astrocyte_1
5,49,genes_volume,astrocyte_1,astrocyte_1
5,2313,genes_volume,oligodendrocyte_progenitor_2,oligodendrocyte_progenitor_2
5,1016,genes_volume,endothelial,endothelial
5,2918,genes_volume,Schwann_cell,Schwann_cell
5,140,genes_volume,astrocyte_1,astrocyte_1
5,1769,genes_volume,oligodendrocyte_2,oligodendrocyte_2
5,383,genes_volume,astrocyte_1,astrocyte_1
5,2363,genes_volume,oligodendrocyte_progenitor_2,oligodendrocyte_progenitor_2
5,283,genes_volume,astrocyte_1,astrocyte_1
5,1369,genes_volume,oligodendrocyte_1,oligodendrocyte_progenitor_2
5,385,genes_volume,astrocyte_1,astrocyte_1
5,2492,genes_volume,oligodendrocyte_progenitor_2,oligodendrocyte_progenitor_2
5,99,genes_volume,astrocyte_1,astrocyte_1
5,1238,genes_volume,microglia,microglia
5,2905,genes_volume,peripheral_glia,peripheral_glia
5,2026,genes_volume,oligodendrocyte_precursor_cell,oligodendrocyte_progenitor_2
5,1811,genes_volume,oligodendrocyte_2,oligodendrocyte_2
5,726,genes_volume,astrocyte_2,astrocyte_2
5,2185,genes_volume,oligodendrocyte_progenitor_2,oligodendrocyte_progenitor_2
5,1302,genes_volume,oligodendrocyte_1,astrocyte_1
5,2895,genes_volume,peripheral_glia,Schwann_cell
5,2203,genes_volume,oligodendrocyte_progenitor_2,oligodendrocyte_progenitor_2
5,2833,genes_volume,oligodendrocyte_progenitor_2,oligodendrocyte_progenitor_2
5,1974,genes_volume,oligodendrocyte_2,oligodendrocyte_2
5,622,genes_volume,astrocyte_2,astrocyte_2
5,2465,genes_volume,oligodendrocyte_progenitor_2,oligodendrocyte_progenitor_2
5,1849,genes_volume,oligodendrocyte_2,oligodendrocyte_2
5,2767,genes_volume,oligodendrocyte_progenitor_2,oligodendrocyte_progenitor_2
5,605,genes_volume,astrocyte_2,astrocyte_1
5,2824,genes_volume,oligodendrocyte_progenitor_2,oligodendrocyte_progenitor_2
5,323,genes_volume,astrocyte_1,astrocyte_1
5,2407,genes_volume,oligodendrocyte_progenitor_2,oligodendrocyte_progenitor_2
5,2510,genes_volume,oligodendrocyte_progenitor_2,oligodendrocyte_progenitor_2
5,1546,genes_volume,oligodendrocyte_1,oligodendrocyte_progenitor_2
5,2509,genes_volume,oligodendrocyte_progenitor_2,oligodendrocyte_2
5,1672,genes_volume,oligodendrocyte_2,oligodendrocyte_2
5,2002,genes_volume,oligodendrocyte_precursor_cell,endothelial
5,2088,genes_volume,oligodendrocyte_precursor_cell,astrocyte_1
5,444,genes_volume,astrocyte_1,astrocyte_1
5,586,genes_volume,astrocyte_2,astrocyte_2
5,2692,genes_volume,oligodendrocyte_progenitor_2,oligodendrocyte_1
5,2529,genes_volume,oligodendrocyte_progenitor_2,oligodendrocyte_1
5,1027,genes_volume,endothelial,astrocyte_1
5,636,genes_volume,astrocyte_2,astrocyte_1
5,648,genes_volume,astrocyte_2,oligodendrocyte_2
5,2946,genes_volume,Schwann_cell,Schwann_cell
5,2736,genes_volume,oligodendrocyte_progenitor_2,oligodendrocyte_progenitor_2
5,2508,genes_volume,oligodendrocyte_progenitor_2,oligodendrocyte_progenitor_2
5,260,genes_volume,astrocyte_1,endothelial
5,2553,genes_volume,oligodendrocyte_progenitor_2,oligodendrocyte_progenitor_2
5,1585,genes_volume,oligodendrocyte_2,oligodendrocyte_2
5,2782,genes_volume,oligodendrocyte_progenitor_2,oligodendrocyte_1
5,1768,genes_volume,oligodendrocyte_2,oligodendrocyte_2
5,221,genes_volume,astrocyte_1,astrocyte_1
5,2433,genes_volume,oligodendrocyte_progenitor_2,oligodendrocyte_2
5,2303,genes_volume,oligodendrocyte_progenitor_2,oligodendrocyte_progenitor_2
5,1463,genes_volume,oligodendrocyte_1,oligodendrocyte_progenitor_2
5,2648,genes_volume,oligodendrocyte_progenitor_2,oligodendrocyte_progenitor_2
5,122,genes_volume,astrocyte_1,oligodendrocyte_2
5,2199,genes_volume,oligodendrocyte_progenitor_2,oligodendrocyte_2
5,1514,genes_volume,oligodendrocyte_1,oligodendrocyte_progenitor_2
5,81,genes_volume,astrocyte_1,astrocyte_1
5,2525,genes_volume,oligodendrocyte_progenitor_2,oligodendrocyte_progenitor_2
5,463,genes_volume,astrocyte_1,astrocyte_1
5,1699,genes_volume,oligodendrocyte_2,oligodendrocyte_progenitor_2
5,11,genes_volume,astrocyte_1,astrocyte_1
5,2256,genes_volume,oligodendrocyte_progenitor_2,oligodendrocyte_2
5,2430,genes_volume,oligodendrocyte_progenitor_2,oligodendrocyte_progenitor_2
5,130,genes_volume,astrocyte_1,astrocyte_1
5,1927,genes_volume,oligodendrocyte_2,oligodendrocyte_2
5,1734,genes_volume,oligodendrocyte_2,oligodendrocyte_2
5,1380,genes_volume,oligodendrocyte_1,oligodendrocyte_progenitor_2
5,310,genes_volume,astrocyte_1,oligodendrocyte_1
5,984,genes_volume,endothelial,meninges_1
5,1592,genes_volume,oligodendrocyte_2,oligodendrocyte_2
5,164,genes_volume,astrocyte_1,astrocyte_1
5,369,genes_volume,astrocyte_1,astrocyte_1
5,2873,genes_volume,pericyte,astrocyte_1
5,874,genes_volume,endothelial,endothelial
5,1805,genes_volume,oligodendrocyte_2,oligodendrocyte_2
5,83,genes_volume,astrocyte_1,astrocyte_1
5,1922,genes_volume,oligodendrocyte_2,oligodendrocyte_2
5,143,genes_volume,astrocyte_1,astrocyte_1
5,474,genes_volume,astrocyte_1,astrocyte_1
5,896,genes_volume,endothelial,endothelial
5,1610,genes_volume,oligodendrocyte_2,oligodendrocyte_2
5,647,genes_volume,astrocyte_2,astrocyte_1
5,232,genes_volume,astrocyte_1,astrocyte_1
5,587,genes_volume,astrocyte_2,astrocyte_1
5,1965,genes_volume,oligodendrocyte_2,oligodendrocyte_2
5,1320,genes_volume,oligodendrocyte_1,oligodendrocyte_progenitor_2
5,107,genes_volume,astrocyte_1,astrocyte_1
5,2291,genes_volume,oligodendrocyte_progenitor_2,oligodendrocyte_progenitor_2
5,2160,genes_volume,oligodendrocyte_progenitor_2,oligodendrocyte_1
5,1655,genes_volume,oligodendrocyte_2,oligodendrocyte_2
5,628,genes_volume,astrocyte_2,oligodendrocyte_progenitor_2
5,1311,genes_volume,oligodendrocyte_1,oligodendrocyte_progenitor_2
5,2368,genes_volume,oligodendrocyte_progenitor_2,oligodendrocyte_progenitor_2
5,1420,genes_volume,oligodendrocyte_1,oligodendrocyte_progenitor_2
5,777,genes_volume,endothelial,endothelial
5,1858,genes_volume,oligodendrocyte_2,oligodendrocyte_2
5,393,genes_volume,astrocyte_1,astrocyte_1
5,758,genes_volume,astrocyte_2,astrocyte_1
5,2799,genes_volume,oligodendrocyte_progenitor_2,oligodendrocyte_progenitor_2
5,167,genes_volume,astrocyte_1,astrocyte_1
5,2842,genes_volume,oligodendrocyte_progenitor_2,oligodendrocyte_progenitor_2
5,861,genes_volume,endothelial,endothelial
5,1570,genes_volume,oligodendrocyte_2,oligodendrocyte_2
5,2365,genes_volume,oligodendrocyte_progenitor_2,oligodendrocyte_progenitor_2
5,670,genes_volume,astrocyte_2,oligodendrocyte_progenitor_2
5,436,genes_volume,astrocyte_1,oligodendrocyte_progenitor_2
5,1544,genes_volume,oligodendrocyte_1,oligodendrocyte_1
5,285,genes_volume,astrocyte_1,astrocyte_1
5,945,genes_volume,endothelial,endothelial
5,1728,genes_volume,oligodendrocyte_2,oligodendrocyte_2
5,2319,genes_volume,oligodendrocyte_progenitor_2,oligodendrocyte_progenitor_2
5,1095,genes_volume,ependymal,ependymal
5,1833,genes_volume,oligodendrocyte_2,oligodendrocyte_2
5,1981,genes_volume,oligodendrocyte_2,oligodendrocyte_2
5,999,genes_volume,endothelial,endothelial
5,1403,genes_volume,oligodendrocyte_1,oligodendrocyte_progenitor_2
5,1624,genes_volume,oligodendrocyte_2,oligodendrocyte_2
5,1569,genes_volume,oligodendrocyte_2,oligodendrocyte_2
5,1930,genes_volume,oligodendrocyte_2,oligodendrocyte_2
5,2082,genes_volume,oligodendrocyte_precursor_cell,oligodendrocyte_precursor_cell
5,2684,genes_volume,oligodendrocyte_progenitor_2,astrocyte_2
5,257,genes_volume,astrocyte_1,astrocyte_1
5,1688,genes_volume,oligodendrocyte_2,oligodendrocyte_2
5,2751,genes_volume,oligodendrocyte_progenitor_2,oligodendrocyte_progenitor_2
5,375,genes_volume,astrocyte_1,oligodendrocyte_progenitor_2
5,262,genes_volume,astrocyte_1,astrocyte_1
5,1039,genes_volume,endothelial,endothelial
5,2077,genes_volume,oligodendrocyte_precursor_cell,oligodendrocyte_precursor_cell
5,2915,genes_volume,Schwann_cell,Schwann_cell
5,1835,genes_volume,oligodendrocyte_2,oligodendrocyte_2
5,456,genes_volume,astrocyte_1,oligodendrocyte_progenitor_2
5,2126,genes_volume,oligodendrocyte_progenitor_1,oligodendrocyte_progenitor_1
5,35,genes_volume,astrocyte_1,astrocyte_1
5,2292,genes_volume,oligodendrocyte_progenitor_2,oligodendrocyte_progenitor_2
5,2341,genes_volume,oligodendrocyte_progenitor_2,oligodendrocyte_progenitor_2
5,2901,genes_volume,peripheral_glia,Schwann_cell
5,951,genes_volume,endothelial,oligodendrocyte_progenitor_2
5,2022,genes_volume,oligodendrocyte_precursor_cell,oligodendrocyte_precursor_cell
5,1375,genes_volume,oligodendrocyte_1,oligodendrocyte_1
5,2159,genes_volume,oligodendrocyte_progenitor_2,oligodendrocyte_1
5,450,genes_volume,astrocyte_1,astrocyte_1
5,575,genes_volume,astrocyte_2,endothelial
5,532,genes_volume,astrocyte_1,astrocyte_1
5,425,genes_volume,astrocyte_1,astrocyte_1
5,1107,genes_volume,meninges_1,meninges_1
5,1880,genes_volume,oligodendrocyte_2,oligodendrocyte_2
5,1682,genes_volume,oligodendrocyte_2,oligodendrocyte_2
5,1584,genes_volume,oligodendrocyte_2,oligodendrocyte_2
5,141,genes_volume,astrocyte_1,astrocyte_1
5,608,genes_volume,astrocyte_2,astrocyte_2
5,2626,genes_volume,oligodendrocyte_progenitor_2,oligodendrocyte_progenitor_2
5,1348,genes_volume,oligodendrocyte_1,oligodendrocyte_2
5,2731,genes_volume,oligodendrocyte_progenitor_2,oligodendrocyte_progenitor_2
5,1550,genes_volume,oligodendrocyte_1,oligodendrocyte_progenitor_2
5,1001,genes_volume,endothelial,endothelial
5,1613,genes_volume,oligodendrocyte_2,oligodendrocyte_2
5,1307,genes_volume,oligodendrocyte_1,oligodendrocyte_progenitor_2
5,2672,genes_volume,oligodendrocyte_progenitor_2,astrocyte_1
5,1274,genes_volume,microglia,microglia
5,2622,genes_volume,oligodendrocyte_progenitor_2,oligodendrocyte_1
5,2723,genes_volume,oligodendrocyte_progenitor_2,oligodendrocyte_progenitor_2
5,556,genes_volume,astrocyte_1,astrocyte_1
5,2288,genes_volume,oligodendrocyte_progenitor_2,endothelial
5,656,genes_volume,astrocyte_2,astrocyte_2
5,74,genes_volume,astrocyte_1,astrocyte_1
5,866,genes_volume,endothelial,endothelial
5,782,genes_volume,endothelial,endothelial
5,846,genes_volume,endothelial,endothelial
5,891,genes_volume,endothelial,endothelial
5,1230,genes_volume,microglia,microglia
5,1182,genes_volume,meninges_2,meninges_1
5,1553,genes_volume,oligodendrocyte_1,oligodendrocyte_progenitor_2
5,357,genes_volume,astrocyte_1,astrocyte_2
5,2745,genes_volume,oligodendrocyte_progenitor_2,oligodendrocyte_progenitor_2
5,554,genes_volume,astrocyte_1,astrocyte_1
5,1495,genes_volume,oligodendrocyte_1,oligodendrocyte_progenitor_2
5,373,genes_volume,astrocyte_1,oligodendrocyte_progenitor_2
5,159,genes_volume,astrocyte_1,astrocyte_1
5,1729,genes_volume,oligodendrocyte_2,oligodendrocyte_2
5,1848,genes_volume,oligodendrocyte_2,oligodendrocyte_2
5,394,genes_volume,astrocyte_1,astrocyte_1
5,519,genes_volume,astrocyte_1,astrocyte_1
5,1442,genes_volume,oligodendrocyte_1,oligodendrocyte_progenitor_2
5,2828,genes_volume,oligodendrocyte_progenitor_2,oligodendrocyte_2
5,2829,genes_volume,oligodendrocyte_progenitor_2,oligodendrocyte_1
5,91,genes_volume,astrocyte_1,astrocyte_1
5,168,genes_volume,astrocyte_1,astrocyte_1
5,2665,genes_volume,oligodendrocyte_progenitor_2,oligodendrocyte_progenitor_2
5,1252,genes_volume,microglia,oligodendrocyte_2
5,114,genes_volume,astrocyte_1,astrocyte_1
5,2318,genes_volume,oligodendrocyte_progenitor_2,endothelial
5,913,genes_volume,endothelial,endothelial
5,876,genes_volume,endothelial,oligodendrocyte_progenitor_2
5,1313,genes_volume,oligodendrocyte_1,oligodendrocyte_progenitor_2
5,1931,genes_volume,oligodendrocyte_2,oligodendrocyte_2
5,1881,genes_volume,oligodendrocyte_2,oligodendrocyte_2
5,78,genes_volume,astrocyte_1,astrocyte_1
5,255,genes_volume,astrocyte_1,astrocyte_1
5,2416,genes_volume,oligodendrocyte_progenitor_2,oligodendrocyte_progenitor_2
5,1579,genes_volume,oligodendrocyte_2,oligodendrocyte_progenitor_2
5,133,genes_volume,astrocyte_1,astrocyte_1
5,161,genes_volume,astrocyte_1,astrocyte_1
5,214,genes_volume,astrocyte_1,oligodendrocyte_progenitor_2
5,588,genes_volume,astrocyte_2,oligodendrocyte_1
5,1926,genes_volume,oligodendrocyte_2,oligodendrocyte_2
5,1537,genes_volume,oligodendrocyte_1,oligodendrocyte_progenitor_2
5,1483,genes_volume,oligodendrocyte_1,oligodendrocyte_progenitor_2
5,1715,genes_volume,oligodendrocyte_2,oligodendrocyte_2
5,2355,genes_volume,oligodendrocyte_progenitor_2,oligodendrocyte_progenitor_2
5,2778,genes_volume,oligodendrocyte_progenitor_2,oligodendrocyte_progenitor_2
5,713,genes_volume,astrocyte_2,oligodendrocyte_progenitor_2
5,756,genes_volume,astrocyte_2,astrocyte_1
5,2493,genes_volume,oligodendrocyte_progenitor_2,oligodendrocyte_progenitor_2
5,1690,genes_volume,oligodendrocyte_2,oligodendrocyte_2
5,684,genes_volume,astrocyte_2,astrocyte_1
5,1216,genes_volume,meninges_3,meninges_3
5,1509,genes_volume,oligodendrocyte_1,oligodendrocyte_progenitor_2
5,1189,genes_volume,meninges_2,oligodendrocyte_progenitor_2
5,2268,genes_volume,oligodendrocyte_progenitor_2,oligodendrocyte_progenitor_2
5,663,genes_volume,astrocyte_2,oligodendrocyte_progenitor_2
5,1285,genes_volume,microglia,microglia
5,2528,genes_volume,oligodendrocyte_progenitor_2,oligodendrocyte_progenitor_2
5,1589,genes_volume,oligodendrocyte_2,oligodendrocyte_2
5,2945,genes_volume,Schwann_cell,Schwann_cell
5,597,genes_volume,astrocyte_2,oligodendrocyte_progenitor_2
5,2937,genes_volume,Schwann_cell,Schwann_cell
5,2658,genes_volume,oligodendrocyte_progenitor_2,oligodendrocyte_progenitor_2
5,387,genes_volume,astrocyte_1,astrocyte_1
5,1082,genes_volume,endothelial,endothelial
5,2888,genes_volume,peripheral_glia,Schwann_cell
5,2050,genes_volume,oligodendrocyte_precursor_cell,oligodendrocyte_progenitor_1
5,1763,genes_volume,oligodendrocyte_2,oligodendrocyte_2
5,13,genes_volume,astrocyte_1,astrocyte_1
5,2078,genes_volume,oligodendrocyte_precursor_cell,astrocyte_1
5,1683,genes_volume,oligodendrocyte_2,oligodendrocyte_2
5,1678,genes_volume,oligodendrocyte_2,oligodendrocyte_2
5,391,genes_volume,astrocyte_1,oligodendrocyte_progenitor_2
5,680,genes_volume,astrocyte_2,astrocyte_1
5,1951,genes_volume,oligodendrocyte_2,oligodendrocyte_2
5,603,genes_volume,astrocyte_2,astrocyte_1
5,2402,genes_volume,oligodendrocyte_progenitor_2,oligodendrocyte_progenitor_2
5,812,genes_volume,endothelial,astrocyte_1
5,1241,genes_volume,microglia,microglia
5,334,genes_volume,astrocyte_1,oligodendrocyte_progenitor_2
5,1032,genes_volume,endothelial,astrocyte_1
5,2811,genes_volume,oligodendrocyte_progenitor_2,oligodendrocyte_progenitor_2
5,1468,genes_volume,oligodendrocyte_1,oligodendrocyte_1
5,76,genes_volume,astrocyte_1,astrocyte_1
5,447,genes_volume,astrocyte_1,astrocyte_1
5,2162,genes_volume,oligodendrocyte_progenitor_2,oligodendrocyte_2
5,2812,genes_volume,oligodendrocyte_progenitor_2,oligodendrocyte_progenitor_2
5,490,genes_volume,astrocyte_1,astrocyte_1
5,1455,genes_volume,oligodendrocyte_1,oligodendrocyte_progenitor_2
5,742,genes_volume,astrocyte_2,astrocyte_2
5,2360,genes_volume,oligodendrocyte_progenitor_2,oligodendrocyte_progenitor_2
5,25,genes_volume,astrocyte_1,astrocyte_1
5,1491,genes_volume,oligodendrocyte_1,oligodendrocyte_progenitor_2
5,1601,genes_volume,oligodendrocyte_2,microglia
5,1004,genes_volume,endothelial,oligodendrocyte_1
5,2605,genes_volume,oligodendrocyte_progenitor_2,oligodendrocyte_progenitor_2
5,2381,genes_volume,oligodendrocyte_progenitor_2,oligodendrocyte_2
5,2643,genes_volume,oligodendrocyte_progenitor_2,oligodendrocyte_progenitor_2
5,1640,genes_volume,oligodendrocyte_2,oligodendrocyte_2
5,512,genes_volume,astrocyte_1,oligodendrocyte_progenitor_2
5,633,genes_volume,astrocyte_2,astrocyte_2
5,517,genes_volume,astrocyte_1,astrocyte_1
5,720,genes_volume,astrocyte_2,astrocyte_1
5,929,genes_volume,endothelial,astrocyte_1
5,916,genes_volume,endothelial,endothelial
5,2612,genes_volume,oligodendrocyte_progenitor_2,oligodendrocyte_progenitor_2
5,396,genes_volume,astrocyte_1,astrocyte_1
5,279,genes_volume,astrocyte_1,oligodendrocyte_progenitor_2
5,105,genes_volume,astrocyte_1,oligodendrocyte_progenitor_2
5,2675,genes_volume,oligodendrocyte_progenitor_2,oligodendrocyte_progenitor_2
5,511,genes_volume,astrocyte_1,oligodendrocyte_progenitor_2
5,616,genes_volume,astrocyte_2,astrocyte_1
5,1258,genes_volume,microglia,microglia
5,618,genes_volume,astrocyte_2,astrocyte_1
5,459,genes_volume,astrocyte_1,astrocyte_1
5,988,genes_volume,endothelial,astrocyte_1
5,1156,genes_volume,meninges_1,meninges_2
5,974,genes_volume,endothelial,oligodendrocyte_progenitor_2
5,1582,genes_volume,oligodendrocyte_2,oligodendrocyte_2
5,399,genes_volume,astrocyte_1,astrocyte_1
5,421,genes_volume,astrocyte_1,astrocyte_1
5,1549,genes_volume,oligodendrocyte_1,oligodendrocyte_progenitor_2
5,2278,genes_volume,oligodendrocyte_progenitor_2,oligodendrocyte_progenitor_2
5,414,genes_volume,astrocyte_1,oligodendrocyte_progenitor_2
5,1716,genes_volume,oligodendrocyte_2,oligodendrocyte_2
5,1467,genes_volume,oligodendrocyte_1,oligodendrocyte_1
5,921,genes_volume,endothelial,oligodendrocyte_progenitor_2
5,1986,genes_volume,oligodendrocyte_precursor_cell,oligodendrocyte_precursor_cell
5,1460,genes_volume,oligodendrocyte_1,astrocyte_1
5,2791,genes_volume,oligodendrocyte_progenitor_2,oligodendrocyte_progenitor_2
5,2067,genes_volume,oligodendrocyte_precursor_cell,oligodendrocyte_precursor_cell
5,2952,genes_volume,Schwann_cell,Schwann_cell
5,2790,genes_volume,oligodendrocyte_progenitor_2,oligodendrocyte_progenitor_2
5,1689,genes_volume,oligodendrocyte_2,oligodendrocyte_2
5,2269,genes_volume,oligodendrocyte_progenitor_2,oligodendrocyte_progenitor_2
5,2051,genes_volume,oligodendrocyte_precursor_cell,oligodendrocyte_precursor_cell
5,799,genes_volume,endothelial,endothelial
5,2224,genes_volume,oligodendrocyte_progenitor_2,oligodendrocyte_progenitor_2
5,2462,genes_volume,oligodendrocyte_progenitor_2,oligodendrocyte_progenitor_2
5,1677,genes_volume,oligodendrocyte_2,oligodendrocyte_2
5,2871,genes_volume,pericyte,endothelial
5,1917,genes_volume,oligodendrocyte_2,oligodendrocyte_2
5,2576,genes_volume,oligodendrocyte_progenitor_2,oligodendrocyte_progenitor_2
5,2740,genes_volume,oligodendrocyte_progenitor_2,oligodendrocyte_progenitor_2
5,1155,genes_volume,meninges_1,meninges_2
5,1929,targeted_hybrid,oligodendrocyte_2,oligodendrocyte_2
5,321,targeted_hybrid,astrocyte_1,astrocyte_1
5,2115,targeted_hybrid,oligodendrocyte_progenitor_1,oligodendrocyte_precursor_cell
5,210,targeted_hybrid,astrocyte_1,astrocyte_1
5,2589,targeted_hybrid,oligodendrocyte_progenitor_2,oligodendrocyte_progenitor_2
5,2250,targeted_hybrid,oligodendrocyte_progenitor_2,oligodendrocyte_1
5,1400,targeted_hybrid,oligodendrocyte_1,oligodendrocyte_progenitor_2
5,1053,targeted_hybrid,endothelial,endothelial
5,1497,targeted_hybrid,oligodendrocyte_1,oligodendrocyte_progenitor_2
5,2722,targeted_hybrid,oligodendrocyte_progenitor_2,oligodendrocyte_progenitor_2
5,2484,targeted_hybrid,oligodendrocyte_progenitor_2,oligodendrocyte_progenitor_2
5,1261,targeted_hybrid,microglia,oligodendrocyte_2
5,1314,targeted_hybrid,oligodendrocyte_1,astrocyte_1
5,830,targeted_hybrid,endothelial,endothelial
5,2766,targeted_hybrid,oligodendrocyte_progenitor_2,oligodendrocyte_progenitor_2
5,1863,targeted_hybrid,oligodendrocyte_2,oligodendrocyte_2
5,2290,targeted_hybrid,oligodendrocyte_progenitor_2,oligodendrocyte_progenitor_2
5,2195,targeted_hybrid,oligodendrocyte_progenitor_2,oligodendrocyte_1
5,2863,targeted_hybrid,pericyte,pericyte
5,2456,targeted_hybrid,oligodendrocyte_progenitor_2,oligodendrocyte_progenitor_2
5,1000,targeted_hybrid,endothelial,endothelial
5,1780,targeted_hybrid,oligodendrocyte_2,oligodendrocyte_2
5,2364,targeted_hybrid,oligodendrocyte_progenitor_2,oligodendrocyte_progenitor_2
5,706,targeted_hybrid,astrocyte_2,astrocyte_2
5,347,targeted_hybrid,astrocyte_1,astrocyte_1
5,1110,targeted_hybrid,meninges_1,meninges_1
5,958,targeted_hybrid,endothelial,endothelial
5,2580,targeted_hybrid,oligodendrocyte_progenitor_2,oligodendrocyte_1
5,1620,targeted_hybrid,oligodendrocyte_2,oligodendrocyte_precursor_cell
5,479,targeted_hybrid,astrocyte_1,astrocyte_1
5,865,targeted_hybrid,endothelial,oligodendrocyte_progenitor_2
5,977,targeted_hybrid,endothelial,oligodendrocyte_progenitor_2
5,1717,targeted_hybrid,oligodendrocyte_2,oligodendrocyte_2
5,615,targeted_hybrid,astrocyte_2,astrocyte_2
5,2089,targeted_hybrid,oligodendrocyte_precursor_cell,oligodendrocyte_progenitor_1
5,971,targeted_hybrid,endothelial,endothelial
5,894,targeted_hybrid,endothelial,endothelial
5,2572,targeted_hybrid,oligodendrocyte_progenitor_2,astrocyte_1
5,2302,targeted_hybrid,oligodendrocyte_progenitor_2,oligodendrocyte_2
5,2469,targeted_hybrid,oligodendrocyte_progenitor_2,oligodendrocyte_progenitor_2
5,1792,targeted_hybrid,oligodendrocyte_2,oligodendrocyte_2
5,2280,targeted_hybrid,oligodendrocyte_progenitor_2,oligodendrocyte_progenitor_2
5,794,targeted_hybrid,endothelial,endothelial
5,1826,targeted_hybrid,oligodendrocyte_2,oligodendrocyte_2
5,2542,targeted_hybrid,oligodendrocyte_progenitor_2,astrocyte_1
5,1713,targeted_hybrid,oligodendrocyte_2,oligodendrocyte_2
5,2295,targeted_hybrid,oligodendrocyte_progenitor_2,oligodendrocyte_2
5,132,targeted_hybrid,astrocyte_1,pericyte
5,1487,targeted_hybrid,oligodendrocyte_1,oligodendrocyte_progenitor_2
5,1194,targeted_hybrid,meninges_2,pericyte
5,838,targeted_hybrid,endothelial,endothelial
5,2611,targeted_hybrid,oligodendrocyte_progenitor_2,oligodendrocyte_1
5,2463,targeted_hybrid,oligodendrocyte_progenitor_2,oligodendrocyte_2
5,186,targeted_hybrid,astrocyte_1,oligodendrocyte_2
5,2330,targeted_hybrid,oligodendrocyte_progenitor_2,oligodendrocyte_progenitor_2
5,1629,targeted_hybrid,oligodendrocyte_2,oligodendrocyte_2
5,484,targeted_hybrid,astrocyte_1,astrocyte_1
5,47,targeted_hybrid,astrocyte_1,astrocyte_1
5,557,targeted_hybrid,astrocyte_1,astrocyte_1
5,195,targeted_hybrid,astrocyte_1,oligodendrocyte_progenitor_2
5,689,targeted_hybrid,astrocyte_2,astrocyte_2
5,1503,targeted_hybrid,oligodendrocyte_1,oligodendrocyte_1
5,1316,targeted_hybrid,oligodendrocyte_1,oligodendrocyte_progenitor_2
5,1376,targeted_hybrid,oligodendrocyte_1,oligodendrocyte_1
5,154,targeted_hybrid,astrocyte_1,astrocyte_1
5,1089,targeted_hybrid,endothelial,endothelial
5,2259,targeted_hybrid,oligodendrocyte_progenitor_2,oligodendrocyte_2
5,972,targeted_hybrid,endothelial,endothelial
5,1159,targeted_hybrid,meninges_1,meninges_1
5,204,targeted_hybrid,astrocyte_1,astrocyte_1
5,2656,targeted_hybrid,oligodendrocyte_progenitor_2,oligodendrocyte_1
5,1964,targeted_hybrid,oligodendrocyte_2,oligodendrocyte_2
5,983,targeted_hybrid,endothelial,endothelial
5,2019,targeted_hybrid,oligodendrocyte_precursor_cell,oligodendrocyte_precursor_cell
5,1206,targeted_hybrid,meninges_2,meninges_2
5,198,targeted_hybrid,astrocyte_1,astrocyte_1
5,2177,targeted_hybrid,oligodendrocyte_progenitor_2,oligodendrocyte_progenitor_2
5,1409,targeted_hybrid,oligodendrocyte_1,oligodendrocyte_2
5,2793,targeted_hybrid,oligodendrocyte_progenitor_2,oligodendrocyte_progenitor_2
5,1851,targeted_hybrid,oligodendrocyte_2,oligodendrocyte_2
5,1809,targeted_hybrid,oligodendrocyte_2,oligodendrocyte_2
5,470,targeted_hybrid,astrocyte_1,astrocyte_1
5,2627,targeted_hybrid,oligodendrocyte_progenitor_2,oligodendrocyte_progenitor_2
5,2332,targeted_hybrid,oligodendrocyte_progenitor_2,oligodendrocyte_2
5,2892,targeted_hybrid,peripheral_glia,peripheral_glia
5,2380,targeted_hybrid,oligodendrocyte_progenitor_2,oligodendrocyte_progenitor_2
5,2237,targeted_hybrid,oligodendrocyte_progenitor_2,oligodendrocyte_2
5,530,targeted_hybrid,astrocyte_1,astrocyte_1
5,2441,targeted_hybrid,oligodendrocyte_progenitor_2,oligodendrocyte_progenitor_2
5,2238,targeted_hybrid,oligodendrocyte_progenitor_2,oligodendrocyte_progenitor_2
5,223,targeted_hybrid,astrocyte_1,astrocyte_1
5,2216,targeted_hybrid,oligodendrocyte_progenitor_2,oligodendrocyte_1
5,1047,targeted_hybrid,endothelial,endothelial
5,44,targeted_hybrid,astrocyte_1,astrocyte_1
5,1270,targeted_hybrid,microglia,astrocyte_1
5,1224,targeted_hybrid,meninges_3,meninges_2
5,1374,targeted_hybrid,oligodendrocyte_1,oligodendrocyte_1
5,2715,targeted_hybrid,oligodendrocyte_progenitor_2,oligodendrocyte_progenitor_2
5,1208,targeted_hybrid,meninges_2,oligodendrocyte_progenitor_2
5,2662,targeted_hybrid,oligodendrocyte_progenitor_2,oligodendrocyte_progenitor_2
5,123,targeted_hybrid,astrocyte_1,astrocyte_1
5,1388,targeted_hybrid,oligodendrocyte_1,endothelial
5,1260,targeted_hybrid,microglia,astrocyte_1
5,268,targeted_hybrid,astrocyte_1,oligodendrocyte_1
5,2732,targeted_hybrid,oligodendrocyte_progenitor_2,astrocyte_1
5,2603,targeted_hybrid,oligodendrocyte_progenitor_2,oligodendrocyte_progenitor_2
5,2543,targeted_hybrid,oligodendrocyte_progenitor_2,oligodendrocyte_progenitor_2
5,2133,targeted_hybrid,oligodendrocyte_progenitor_1,oligodendrocyte_precursor_cell
5,840,targeted_hybrid,endothelial,endothelial
5,1457,targeted_hybrid,oligodendrocyte_1,oligodendrocyte_1
5,2287,targeted_hybrid,oligodendrocyte_progenitor_2,oligodendrocyte_progenitor_2
5,392,targeted_hybrid,astrocyte_1,astrocyte_2
5,1175,targeted_hybrid,meninges_2,meninges_2
5,773,targeted_hybrid,endothelial,endothelial
5,2478,targeted_hybrid,oligodendrocyte_progenitor_2,oligodendrocyte_progenitor_2
5,309,targeted_hybrid,astrocyte_1,astrocyte_1
5,1808,targeted_hybrid,oligodendrocyte_2,oligodendrocyte_progenitor_1
5,664,targeted_hybrid,astrocyte_2,oligodendrocyte_progenitor_2
5,1778,targeted_hybrid,oligodendrocyte_2,oligodendrocyte_2
5,2042,targeted_hybrid,oligodendrocyte_precursor_cell,oligodendrocyte_precursor_cell
5,384,targeted_hybrid,astrocyte_1,astrocyte_2
5,1709,targeted_hybrid,oligodendrocyte_2,oligodendrocyte_2
5,2930,targeted_hybrid,Schwann_cell,Schwann_cell
5,1381,targeted_hybrid,oligodendrocyte_1,oligodendrocyte_1
5,1419,targeted_hybrid,oligodendrocyte_1,oligodendrocyte_2
5,2362,targeted_hybrid,oligodendrocyte_progenitor_2,oligodendrocyte_progenitor_2
5,2831,targeted_hybrid,oligodendrocyte_progenitor_2,oligodendrocyte_progenitor_2
5,2270,targeted_hybrid,oligodendrocyte_progenitor_2,oligodendrocyte_progenitor_2
5,96,targeted_hybrid,astrocyte_1,oligodendrocyte_1
5,1595,targeted_hybrid,oligodendrocyte_2,oligodendrocyte_2
5,302,targeted_hybrid,astrocyte_1,astrocyte_1
5,1410,targeted_hybrid,oligodendrocyte_1,oligodendrocyte_precursor_cell
5,116,targeted_hybrid,astrocyte_1,astrocyte_1
5,885,targeted_hybrid,endothelial,endothelial
5,639,targeted_hybrid,astrocyte_2,astrocyte_2
5,937,targeted_hybrid,endothelial,oligodendrocyte_progenitor_2
5,820,targeted_hybrid,endothelial,endothelial
5,1542,targeted_hybrid,oligodendrocyte_1,oligodendrocyte_1
5,2544,targeted_hybrid,oligodendrocyte_progenitor_2,oligodendrocyte_progenitor_2
5,2520,targeted_hybrid,oligodendrocyte_progenitor_2,oligodendrocyte_progenitor_2
5,1696,targeted_hybrid,oligodendrocyte_2,oligodendrocyte_2
5,184,targeted_hybrid,astrocyte_1,astrocyte_2
5,2286,targeted_hybrid,oligodendrocyte_progenitor_2,oligodendrocyte_progenitor_2
5,2366,targeted_hybrid,oligodendrocyte_progenitor_2,oligodendrocyte_progenitor_2
5,2400,targeted_hybrid,oligodendrocyte_progenitor_2,oligodendrocyte_progenitor_2
5,856,targeted_hybrid,endothelial,endothelial
5,875,targeted_hybrid,endothelial,endothelial
5,2372,targeted_hybrid,oligodendrocyte_progenitor_2,oligodendrocyte_2
5,1087,targeted_hybrid,endothelial,oligodendrocyte_1
5,2882,targeted_hybrid,pericyte,pericyte
5,1958,targeted_hybrid,oligodendrocyte_2,oligodendrocyte_2
5,709,targeted_hybrid,astrocyte_2,oligodendrocyte_progenitor_2
5,2083,targeted_hybrid,oligodendrocyte_precursor_cell,oligodendrocyte_precursor_cell
5,835,targeted_hybrid,endothelial,endothelial
5,975,targeted_hybrid,endothelial,endothelial
5,1918,targeted_hybrid,oligodendrocyte_2,oligodendrocyte_2
5,227,targeted_hybrid,astrocyte_1,astrocyte_2
5,625,targeted_hybrid,astrocyte_2,astrocyte_2
5,249,targeted_hybrid,astrocyte_1,astrocyte_1
5,485,targeted_hybrid,astrocyte_1,oligodendrocyte_progenitor_2
5,2113,targeted_hybrid,oligodendrocyte_progenitor_1,oligodendrocyte_precursor_cell
5,2845,targeted_hybrid,oligodendrocyte_progenitor_2,oligodendrocyte_progenitor_2
5,903,targeted_hybrid,endothelial,microglia
5,2696,targeted_hybrid,oligodendrocyte_progenitor_2,oligodendrocyte_1
5,1188,targeted_hybrid,meninges_2,meninges_1
5,1995,targeted_hybrid,oligodendrocyte_precursor_cell,oligodendrocyte_precursor_cell
5,681,targeted_hybrid,astrocyte_2,oligodendrocyte_2
5,795,targeted_hybrid,endothelial,endothelial
5,1064,targeted_hybrid,endothelial,endothelial
5,102,targeted_hybrid,astrocyte_1,astrocyte_1
5,2028,targeted_hybrid,oligodendrocyte_precursor_cell,microglia
5,2623,targeted_hybrid,oligodendrocyte_progenitor_2,oligodendrocyte_progenitor_2
5,1615,targeted_hybrid,oligodendrocyte_2,oligodendrocyte_2
5,457,targeted_hybrid,astrocyte_1,astrocyte_1
5,2534,targeted_hybrid,oligodendrocyte_progenitor_2,oligodendrocyte_progenitor_2
5,2080,targeted_hybrid,oligodendrocyte_precursor_cell,oligodendrocyte_precursor_cell
5,2156,targeted_hybrid,oligodendrocyte_progenitor_2,oligodendrocyte_progenitor_2
5,5,targeted_hybrid,astrocyte_1,oligodendrocyte_1
5,2750,targeted_hybrid,oligodendrocyte_progenitor_2,oligodendrocyte_progenitor_2
5,1625,targeted_hybrid,oligodendrocyte_2,oligodendrocyte_2
5,2848,targeted_hybrid,pericyte,pericyte
5,446,targeted_hybrid,astrocyte_1,astrocyte_1
5,2607,targeted_hybrid,oligodendrocyte_progenitor_2,oligodendrocyte_progenitor_2
5,796,targeted_hybrid,endothelial,endothelial
5,1900,targeted_hybrid,oligodendrocyte_2,oligodendrocyte_2
5,39,targeted_hybrid,astrocyte_1,astrocyte_1
5,2397,targeted_hybrid,oligodendrocyte_progenitor_2,oligodendrocyte_progenitor_2
5,153,targeted_hybrid,astrocyte_1,astrocyte_1
5,2321,targeted_hybrid,oligodendrocyte_progenitor_2,oligodendrocyte_progenitor_2
5,1321,targeted_hybrid,oligodendrocyte_1,oligodendrocyte_1
5,1425,targeted_hybrid,oligodendrocyte_1,oligodendrocyte_1
5,1480,targeted_hybrid,oligodendrocyte_1,oligodendrocyte_progenitor_2
5,2267,targeted_hybrid,oligodendrocyte_progenitor_2,oligodendrocyte_progenitor_2
5,2251,targeted_hybrid,oligodendrocyte_progenitor_2,oligodendrocyte_progenitor_2
5,2378,targeted_hybrid,oligodendrocyte_progenitor_2,oligodendrocyte_progenitor_2
5,1758,targeted_hybrid,oligodendrocyte_2,oligodendrocyte_2
5,1115,targeted_hybrid,meninges_1,oligodendrocyte_progenitor_2
5,1041,targeted_hybrid,endothelial,endothelial
5,576,targeted_hybrid,astrocyte_2,astrocyte_2
5,2595,targeted_hybrid,oligodendrocyte_progenitor_2,oligodendrocyte_progenitor_2
5,1670,targeted_hybrid,oligodendrocyte_2,oligodendrocyte_2
5,1365,targeted_hybrid,oligodendrocyte_1,oligodendrocyte_1
5,239,targeted_hybrid,astrocyte_1,astrocyte_1
5,1121,targeted_hybrid,meninges_1,oligodendrocyte_progenitor_2
5,591,targeted_hybrid,astrocyte_2,oligodendrocyte_1
5,941,targeted_hybrid,endothelial,endothelial
5,1898,targeted_hybrid,oligodendrocyte_2,oligodendrocyte_2
5,2594,targeted_hybrid,oligodendrocyte_progenitor_2,oligodendrocyte_progenitor_2
5,643,targeted_hybrid,astrocyte_2,astrocyte_2
5,1464,targeted_hybrid,oligodendrocyte_1,oligodendrocyte_1
5,1993,targeted_hybrid,oligodendrocyte_precursor_cell,oligodendrocyte_precursor_cell
5,1869,targeted_hybrid,oligodendrocyte_2,oligodendrocyte_2
5,1243,targeted_hybrid,microglia,oligodendrocyte_progenitor_2
5,1411,targeted_hybrid,oligodendrocyte_1,oligodendrocyte_progenitor_2
5,22,targeted_hybrid,astrocyte_1,astrocyte_1
5,361,targeted_hybrid,astrocyte_1,oligodendrocyte_1
5,2217,targeted_hybrid,oligodendrocyte_progenitor_2,oligodendrocyte_progenitor_2
5,1934,targeted_hybrid,oligodendrocyte_2,oligodendrocyte_progenitor_2
5,197,targeted_hybrid,astrocyte_1,astrocyte_1
5,2846,targeted_hybrid,pericyte,astrocyte_2
5,1619,targeted_hybrid,oligodendrocyte_2,oligodendrocyte_2
5,2333,targeted_hybrid,oligodendrocyte_progenitor_2,oligodendrocyte_progenitor_2
5,946,targeted_hybrid,endothelial,endothelial
5,2645,targeted_hybrid,oligodendrocyte_progenitor_2,oligodendrocyte_progenitor_2
5,2190,targeted_hybrid,oligodendrocyte_progenitor_2,oligodendrocyte_progenitor_2
5,806,targeted_hybrid,endothelial,endothelial
5,2087,targeted_hybrid,oligodendrocyte_precursor_cell,oligodendrocyte_progenitor_1
5,822,targeted_hybrid,endothelial,endothelial
5,1229,targeted_hybrid,meninges_3,meninges_2
5,2574,targeted_hybrid,oligodendrocyte_progenitor_2,oligodendrocyte_2
5,495,targeted_hybrid,astrocyte_1,oligodendrocyte_progenitor_2
5,531,targeted_hybrid,astrocyte_1,astrocyte_1
5,2309,targeted_hybrid,oligodendrocyte_progenitor_2,oligodendrocyte_progenitor_2
5,1557,targeted_hybrid,oligodendrocyte_1,oligodendrocyte_2
5,2834,targeted_hybrid,oligodendrocyte_progenitor_2,oligodendrocyte_progenitor_2
5,524,targeted_hybrid,astrocyte_1,astrocyte_2
5,176,targeted_hybrid,astrocyte_1,astrocyte_1
5,729,targeted_hybrid,astrocyte_2,oligodendrocyte_progenitor_2
5,1485,targeted_hybrid,oligodendrocyte_1,oligodendrocyte_precursor_cell
5,1621,targeted_hybrid,oligodendrocyte_2,oligodendrocyte_2
5,2020,targeted_hybrid,oligodendrocyte_precursor_cell,oligodendrocyte_1
5,1721,targeted_hybrid,oligodendrocyte_2,oligodendrocyte_2
5,380,targeted_hybrid,astrocyte_1,oligodendrocyte_1
5,714,targeted_hybrid,astrocyte_2,astrocyte_2
5,148,targeted_hybrid,astrocyte_1,astrocyte_1
5,1066,targeted_hybrid,endothelial,endothelial
5,2413,targeted_hybrid,oligodendrocyte_progenitor_2,oligodendrocyte_2
5,2353,targeted_hybrid,oligodendrocyte_progenitor_2,oligodendrocyte_progenitor_2
5,131,targeted_hybrid,astrocyte_1,astrocyte_1
5,1540,targeted_hybrid,oligodendrocyte_1,oligodendrocyte_progenitor_2
5,172,targeted_hybrid,astrocyte_1,astrocyte_1
5,1565,targeted_hybrid,oligodendrocyte_2,oligodendrocyte_2
5,1947,targeted_hybrid,oligodendrocyte_2,oligodendrocyte_2
5,970,targeted_hybrid,endothelial,endothelial
5,1288,targeted_hybrid,microglia,microglia
5,2570,targeted_hybrid,oligodendrocyte_progenitor_2,oligodendrocyte_2
5,776,targeted_hybrid,endothelial,endothelial
5,1856,targeted_hybrid,oligodendrocyte_2,oligodendrocyte_2
5,863,targeted_hybrid,endothelial,endothelial
5,442,targeted_hybrid,astrocyte_1,astrocyte_1
5,1196,targeted_hybrid,meninges_2,meninges_3
5,943,targeted_hybrid,endothelial,endothelial
5,2336,targeted_hybrid,oligodendrocyte_progenitor_2,oligodendrocyte_1
5,2654,targeted_hybrid,oligodendrocyte_progenitor_2,astrocyte_1
5,372,targeted_hybrid,astrocyte_1,astrocyte_1
5,1510,targeted_hybrid,oligodendrocyte_1,oligodendrocyte_progenitor_1
5,231,targeted_hybrid,astrocyte_1,astrocyte_1
5,1303,targeted_hybrid,oligodendrocyte_1,oligodendrocyte_progenitor_2
5,1512,targeted_hybrid,oligodendrocyte_1,oligodendrocyte_1
5,953,targeted_hybrid,endothelial,endothelial
5,2667,targeted_hybrid,oligodendrocyte_progenitor_2,oligodendrocyte_2
5,417,targeted_hybrid,astrocyte_1,astrocyte_1
5,1475,targeted_hybrid,oligodendrocyte_1,oligodendrocyte_1
5,2759,targeted_hybrid,oligodendrocyte_progenitor_2,oligodendrocyte_progenitor_2
5,1784,targeted_hybrid,oligodendrocyte_2,oligodendrocyte_1
5,352,targeted_hybrid,astrocyte_1,oligodendrocyte_1
5,595,targeted_hybrid,astrocyte_2,oligodendrocyte_2
5,205,targeted_hybrid,astrocyte_1,astrocyte_1
5,49,targeted_hybrid,astrocyte_1,astrocyte_1
5,2313,targeted_hybrid,oligodendrocyte_progenitor_2,oligodendrocyte_progenitor_2
5,1016,targeted_hybrid,endothelial,endothelial
5,2918,targeted_hybrid,Schwann_cell,Schwann_cell
5,140,targeted_hybrid,astrocyte_1,astrocyte_1
5,1769,targeted_hybrid,oligodendrocyte_2,oligodendrocyte_2
5,383,targeted_hybrid,astrocyte_1,astrocyte_1
5,2363,targeted_hybrid,oligodendrocyte_progenitor_2,oligodendrocyte_progenitor_2
5,283,targeted_hybrid,astrocyte_1,astrocyte_1
5,1369,targeted_hybrid,oligodendrocyte_1,oligodendrocyte_progenitor_2
5,385,targeted_hybrid,astrocyte_1,astrocyte_1
5,2492,targeted_hybrid,oligodendrocyte_progenitor_2,oligodendrocyte_progenitor_2
5,99,targeted_hybrid,astrocyte_1,astrocyte_1
5,1238,targeted_hybrid,microglia,microglia
5,2905,targeted_hybrid,peripheral_glia,peripheral_glia
5,2026,targeted_hybrid,oligodendrocyte_precursor_cell,oligodendrocyte_precursor_cell
5,1811,targeted_hybrid,oligodendrocyte_2,oligodendrocyte_2
5,726,targeted_hybrid,astrocyte_2,astrocyte_2
5,2185,targeted_hybrid,oligodendrocyte_progenitor_2,oligodendrocyte_progenitor_2
5,1302,targeted_hybrid,oligodendrocyte_1,astrocyte_1
5,2895,targeted_hybrid,peripheral_glia,Schwann_cell
5,2203,targeted_hybrid,oligodendrocyte_progenitor_2,oligodendrocyte_progenitor_2
5,2833,targeted_hybrid,oligodendrocyte_progenitor_2,oligodendrocyte_progenitor_2
5,1974,targeted_hybrid,oligodendrocyte_2,oligodendrocyte_2
5,622,targeted_hybrid,astrocyte_2,astrocyte_2
5,2465,targeted_hybrid,oligodendrocyte_progenitor_2,oligodendrocyte_1
5,1849,targeted_hybrid,oligodendrocyte_2,oligodendrocyte_2
5,2767,targeted_hybrid,oligodendrocyte_progenitor_2,oligodendrocyte_progenitor_2
5,605,targeted_hybrid,astrocyte_2,astrocyte_2
5,2824,targeted_hybrid,oligodendrocyte_progenitor_2,oligodendrocyte_progenitor_2
5,323,targeted_hybrid,astrocyte_1,astrocyte_1
5,2407,targeted_hybrid,oligodendrocyte_progenitor_2,oligodendrocyte_progenitor_2
5,2510,targeted_hybrid,oligodendrocyte_progenitor_2,oligodendrocyte_progenitor_1
5,1546,targeted_hybrid,oligodendrocyte_1,oligodendrocyte_progenitor_2
5,2509,targeted_hybrid,oligodendrocyte_progenitor_2,oligodendrocyte_2
5,1672,targeted_hybrid,oligodendrocyte_2,oligodendrocyte_2
5,2002,targeted_hybrid,oligodendrocyte_precursor_cell,endothelial
5,2088,targeted_hybrid,oligodendrocyte_precursor_cell,astrocyte_1
5,444,targeted_hybrid,astrocyte_1,astrocyte_1
5,586,targeted_hybrid,astrocyte_2,astrocyte_2
5,2692,targeted_hybrid,oligodendrocyte_progenitor_2,oligodendrocyte_1
5,2529,targeted_hybrid,oligodendrocyte_progenitor_2,oligodendrocyte_1
5,1027,targeted_hybrid,endothelial,astrocyte_1
5,636,targeted_hybrid,astrocyte_2,astrocyte_1
5,648,targeted_hybrid,astrocyte_2,oligodendrocyte_2
5,2946,targeted_hybrid,Schwann_cell,Schwann_cell
5,2736,targeted_hybrid,oligodendrocyte_progenitor_2,oligodendrocyte_1
5,2508,targeted_hybrid,oligodendrocyte_progenitor_2,oligodendrocyte_progenitor_2
5,260,targeted_hybrid,astrocyte_1,endothelial
5,2553,targeted_hybrid,oligodendrocyte_progenitor_2,oligodendrocyte_progenitor_2
5,1585,targeted_hybrid,oligodendrocyte_2,oligodendrocyte_2
5,2782,targeted_hybrid,oligodendrocyte_progenitor_2,oligodendrocyte_1
5,1768,targeted_hybrid,oligodendrocyte_2,oligodendrocyte_2
5,221,targeted_hybrid,astrocyte_1,astrocyte_1
5,2433,targeted_hybrid,oligodendrocyte_progenitor_2,oligodendrocyte_2
5,2303,targeted_hybrid,oligodendrocyte_progenitor_2,oligodendrocyte_progenitor_2
5,1463,targeted_hybrid,oligodendrocyte_1,oligodendrocyte_progenitor_2
5,2648,targeted_hybrid,oligodendrocyte_progenitor_2,oligodendrocyte_progenitor_1
5,122,targeted_hybrid,astrocyte_1,oligodendrocyte_2
5,2199,targeted_hybrid,oligodendrocyte_progenitor_2,oligodendrocyte_2
5,1514,targeted_hybrid,oligodendrocyte_1,oligodendrocyte_progenitor_2
5,81,targeted_hybrid,astrocyte_1,astrocyte_1
5,2525,targeted_hybrid,oligodendrocyte_progenitor_2,oligodendrocyte_progenitor_2
5,463,targeted_hybrid,astrocyte_1,astrocyte_1
5,1699,targeted_hybrid,oligodendrocyte_2,oligodendrocyte_2
5,11,targeted_hybrid,astrocyte_1,astrocyte_1
5,2256,targeted_hybrid,oligodendrocyte_progenitor_2,oligodendrocyte_2
5,2430,targeted_hybrid,oligodendrocyte_progenitor_2,oligodendrocyte_progenitor_2
5,130,targeted_hybrid,astrocyte_1,astrocyte_1
5,1927,targeted_hybrid,oligodendrocyte_2,oligodendrocyte_2
5,1734,targeted_hybrid,oligodendrocyte_2,oligodendrocyte_2
5,1380,targeted_hybrid,oligodendrocyte_1,oligodendrocyte_progenitor_2
5,310,targeted_hybrid,astrocyte_1,oligodendrocyte_1
5,984,targeted_hybrid,endothelial,meninges_1
5,1592,targeted_hybrid,oligodendrocyte_2,oligodendrocyte_2
5,164,targeted_hybrid,astrocyte_1,astrocyte_1
5,369,targeted_hybrid,astrocyte_1,astrocyte_1
5,2873,targeted_hybrid,pericyte,astrocyte_1
5,874,targeted_hybrid,endothelial,endothelial
5,1805,targeted_hybrid,oligodendrocyte_2,oligodendrocyte_2
5,83,targeted_hybrid,astrocyte_1,astrocyte_1
5,1922,targeted_hybrid,oligodendrocyte_2,oligodendrocyte_2
5,143,targeted_hybrid,astrocyte_1,astrocyte_1
5,474,targeted_hybrid,astrocyte_1,astrocyte_1
5,896,targeted_hybrid,endothelial,endothelial
5,1610,targeted_hybrid,oligodendrocyte_2,oligodendrocyte_2
5,647,targeted_hybrid,astrocyte_2,astrocyte_1
5,232,targeted_hybrid,astrocyte_1,astrocyte_1
5,587,targeted_hybrid,astrocyte_2,astrocyte_1
5,1965,targeted_hybrid,oligodendrocyte_2,oligodendrocyte_2
5,1320,targeted_hybrid,oligodendrocyte_1,oligodendrocyte_1
5,107,targeted_hybrid,astrocyte_1,astrocyte_1
5,2291,targeted_hybrid,oligodendrocyte_progenitor_2,oligodendrocyte_progenitor_2
5,2160,targeted_hybrid,oligodendrocyte_progenitor_2,oligodendrocyte_1
5,1655,targeted_hybrid,oligodendrocyte_2,oligodendrocyte_2
5,628,targeted_hybrid,astrocyte_2,oligodendrocyte_progenitor_2
5,1311,targeted_hybrid,oligodendrocyte_1,oligodendrocyte_progenitor_2
5,2368,targeted_hybrid,oligodendrocyte_progenitor_2,oligodendrocyte_progenitor_2
5,1420,targeted_hybrid,oligodendrocyte_1,oligodendrocyte_1
5,777,targeted_hybrid,endothelial,endothelial
5,1858,targeted_hybrid,oligodendrocyte_2,oligodendrocyte_2
5,393,targeted_hybrid,astrocyte_1,astrocyte_1
5,758,targeted_hybrid,astrocyte_2,astrocyte_2
5,2799,targeted_hybrid,oligodendrocyte_progenitor_2,oligodendrocyte_progenitor_2
5,167,targeted_hybrid,astrocyte_1,astrocyte_1
5,2842,targeted_hybrid,oligodendrocyte_progenitor_2,oligodendrocyte_progenitor_2
5,861,targeted_hybrid,endothelial,endothelial
5,1570,targeted_hybrid,oligodendrocyte_2,oligodendrocyte_2
5,2365,targeted_hybrid,oligodendrocyte_progenitor_2,oligodendrocyte_progenitor_2
5,670,targeted_hybrid,astrocyte_2,oligodendrocyte_progenitor_2
5,436,targeted_hybrid,astrocyte_1,oligodendrocyte_progenitor_2
5,1544,targeted_hybrid,oligodendrocyte_1,oligodendrocyte_1
5,285,targeted_hybrid,astrocyte_1,astrocyte_1
5,945,targeted_hybrid,endothelial,endothelial
5,1728,targeted_hybrid,oligodendrocyte_2,oligodendrocyte_2
5,2319,targeted_hybrid,oligodendrocyte_progenitor_2,oligodendrocyte_progenitor_2
5,1095,targeted_hybrid,ependymal,ependymal
5,1833,targeted_hybrid,oligodendrocyte_2,oligodendrocyte_2
5,1981,targeted_hybrid,oligodendrocyte_2,oligodendrocyte_2
5,999,targeted_hybrid,endothelial,endothelial
5,1403,targeted_hybrid,oligodendrocyte_1,oligodendrocyte_progenitor_2
5,1624,targeted_hybrid,oligodendrocyte_2,oligodendrocyte_2
5,1569,targeted_hybrid,oligodendrocyte_2,oligodendrocyte_2
5,1930,targeted_hybrid,oligodendrocyte_2,oligodendrocyte_2
5,2082,targeted_hybrid,oligodendrocyte_precursor_cell,oligodendrocyte_precursor_cell
5,2684,targeted_hybrid,oligodendrocyte_progenitor_2,astrocyte_2
5,257,targeted_hybrid,astrocyte_1,astrocyte_1
5,1688,targeted_hybrid,oligodendrocyte_2,oligodendrocyte_2
5,2751,targeted_hybrid,oligodendrocyte_progenitor_2,oligodendrocyte_progenitor_2
5,375,targeted_hybrid,astrocyte_1,oligodendrocyte_progenitor_2
5,262,targeted_hybrid,astrocyte_1,astrocyte_1
5,1039,targeted_hybrid,endothelial,endothelial
5,2077,targeted_hybrid,oligodendrocyte_precursor_cell,oligodendrocyte_precursor_cell
5,2915,targeted_hybrid,Schwann_cell,Schwann_cell
5,1835,targeted_hybrid,oligodendrocyte_2,oligodendrocyte_2
5,456,targeted_hybrid,astrocyte_1,oligodendrocyte_progenitor_2
5,2126,targeted_hybrid,oligodendrocyte_progenitor_1,oligodendrocyte_progenitor_1
5,35,targeted_hybrid,astrocyte_1,astrocyte_1
5,2292,targeted_hybrid,oligodendrocyte_progenitor_2,oligodendrocyte_progenitor_2
5,2341,targeted_hybrid,oligodendrocyte_progenitor_2,oligodendrocyte_progenitor_2
5,2901,targeted_hybrid,peripheral_glia,peripheral_glia
5,951,targeted_hybrid,endothelial,oligodendrocyte_progenitor_2
5,2022,targeted_hybrid,oligodendrocyte_precursor_cell,oligodendrocyte_precursor_cell
5,1375,targeted_hybrid,oligodendrocyte_1,oligodendrocyte_1
5,2159,targeted_hybrid,oligodendrocyte_progenitor_2,oligodendrocyte_progenitor_1
5,450,targeted_hybrid,astrocyte_1,astrocyte_1
5,575,targeted_hybrid,astrocyte_2,endothelial
5,532,targeted_hybrid,astrocyte_1,astrocyte_1
5,425,targeted_hybrid,astrocyte_1,astrocyte_1
5,1107,targeted_hybrid,meninges_1,meninges_1
5,1880,targeted_hybrid,oligodendrocyte_2,oligodendrocyte_2
5,1682,targeted_hybrid,oligodendrocyte_2,oligodendrocyte_2
5,1584,targeted_hybrid,oligodendrocyte_2,oligodendrocyte_2
5,141,targeted_hybrid,astrocyte_1,astrocyte_1
5,608,targeted_hybrid,astrocyte_2,astrocyte_2
5,2626,targeted_hybrid,oligodendrocyte_progenitor_2,oligodendrocyte_progenitor_2
5,1348,targeted_hybrid,oligodendrocyte_1,oligodendrocyte_2
5,2731,targeted_hybrid,oligodendrocyte_progenitor_2,oligodendrocyte_progenitor_2
5,1550,targeted_hybrid,oligodendrocyte_1,oligodendrocyte_progenitor_2
5,1001,targeted_hybrid,endothelial,endothelial
5,1613,targeted_hybrid,oligodendrocyte_2,oligodendrocyte_2
5,1307,targeted_hybrid,oligodendrocyte_1,oligodendrocyte_progenitor_2
5,2672,targeted_hybrid,oligodendrocyte_progenitor_2,astrocyte_1
5,1274,targeted_hybrid,microglia,microglia
5,2622,targeted_hybrid,oligodendrocyte_progenitor_2,oligodendrocyte_1
5,2723,targeted_hybrid,oligodendrocyte_progenitor_2,oligodendrocyte_2
5,556,targeted_hybrid,astrocyte_1,astrocyte_1
5,2288,targeted_hybrid,oligodendrocyte_progenitor_2,endothelial
5,656,targeted_hybrid,astrocyte_2,astrocyte_2
5,74,targeted_hybrid,astrocyte_1,astrocyte_1
5,866,targeted_hybrid,endothelial,endothelial
5,782,targeted_hybrid,endothelial,endothelial
5,846,targeted_hybrid,endothelial,endothelial
5,891,targeted_hybrid,endothelial,endothelial
5,1230,targeted_hybrid,microglia,microglia
5,1182,targeted_hybrid,meninges_2,meninges_1
5,1553,targeted_hybrid,oligodendrocyte_1,oligodendrocyte_progenitor_2
5,357,targeted_hybrid,astrocyte_1,astrocyte_2
5,2745,targeted_hybrid,oligodendrocyte_progenitor_2,oligodendrocyte_1
5,554,targeted_hybrid,astrocyte_1,astrocyte_1
5,1495,targeted_hybrid,oligodendrocyte_1,oligodendrocyte_1
5,373,targeted_hybrid,astrocyte_1,oligodendrocyte_progenitor_2
5,159,targeted_hybrid,astrocyte_1,astrocyte_1
5,1729,targeted_hybrid,oligodendrocyte_2,oligodendrocyte_2
5,1848,targeted_hybrid,oligodendrocyte_2,oligodendrocyte_2
5,394,targeted_hybrid,astrocyte_1,astrocyte_1
5,519,targeted_hybrid,astrocyte_1,astrocyte_1
5,1442,targeted_hybrid,oligodendrocyte_1,oligodendrocyte_progenitor_2
5,2828,targeted_hybrid,oligodendrocyte_progenitor_2,oligodendrocyte_2
5,2829,targeted_hybrid,oligodendrocyte_progenitor_2,oligodendrocyte_1
5,91,targeted_hybrid,astrocyte_1,astrocyte_1
5,168,targeted_hybrid,astrocyte_1,astrocyte_1
5,2665,targeted_hybrid,oligodendrocyte_progenitor_2,oligodendrocyte_progenitor_2
5,1252,targeted_hybrid,microglia,oligodendrocyte_2
5,114,targeted_hybrid,astrocyte_1,astrocyte_1
5,2318,targeted_hybrid,oligodendrocyte_progenitor_2,endothelial
5,913,targeted_hybrid,endothelial,endothelial
5,876,targeted_hybrid,endothelial,oligodendrocyte_progenitor_1
5,1313,targeted_hybrid,oligodendrocyte_1,oligodendrocyte_progenitor_2
5,1931,targeted_hybrid,oligodendrocyte_2,oligodendrocyte_2
5,1881,targeted_hybrid,oligodendrocyte_2,oligodendrocyte_2
5,78,targeted_hybrid,astrocyte_1,astrocyte_1
5,255,targeted_hybrid,astrocyte_1,astrocyte_1
5,2416,targeted_hybrid,oligodendrocyte_progenitor_2,oligodendrocyte_progenitor_2
5,1579,targeted_hybrid,oligodendrocyte_2,oligodendrocyte_progenitor_1
5,133,targeted_hybrid,astrocyte_1,astrocyte_1
5,161,targeted_hybrid,astrocyte_1,astrocyte_2
5,214,targeted_hybrid,astrocyte_1,oligodendrocyte_progenitor_2
5,588,targeted_hybrid,astrocyte_2,oligodendrocyte_1
5,1926,targeted_hybrid,oligodendrocyte_2,oligodendrocyte_2
5,1537,targeted_hybrid,oligodendrocyte_1,oligodendrocyte_progenitor_2
5,1483,targeted_hybrid,oligodendrocyte_1,oligodendrocyte_progenitor_2
5,1715,targeted_hybrid,oligodendrocyte_2,oligodendrocyte_2
5,2355,targeted_hybrid,oligodendrocyte_progenitor_2,oligodendrocyte_progenitor_2
5,2778,targeted_hybrid,oligodendrocyte_progenitor_2,oligodendrocyte_progenitor_2
5,713,targeted_hybrid,astrocyte_2,oligodendrocyte_progenitor_2
5,756,targeted_hybrid,astrocyte_2,astrocyte_1
5,2493,targeted_hybrid,oligodendrocyte_progenitor_2,oligodendrocyte_progenitor_2
5,1690,targeted_hybrid,oligodendrocyte_2,oligodendrocyte_2
5,684,targeted_hybrid,astrocyte_2,astrocyte_1
5,1216,targeted_hybrid,meninges_3,meninges_3
5,1509,targeted_hybrid,oligodendrocyte_1,oligodendrocyte_progenitor_2
5,1189,targeted_hybrid,meninges_2,oligodendrocyte_progenitor_2
5,2268,targeted_hybrid,oligodendrocyte_progenitor_2,oligodendrocyte_progenitor_2
5,663,targeted_hybrid,astrocyte_2,oligodendrocyte_progenitor_2
5,1285,targeted_hybrid,microglia,microglia
5,2528,targeted_hybrid,oligodendrocyte_progenitor_2,oligodendrocyte_progenitor_2
5,1589,targeted_hybrid,oligodendrocyte_2,oligodendrocyte_2
5,2945,targeted_hybrid,Schwann_cell,Schwann_cell
5,597,targeted_hybrid,astrocyte_2,oligodendrocyte_precursor_cell
5,2937,targeted_hybrid,Schwann_cell,Schwann_cell
5,2658,targeted_hybrid,oligodendrocyte_progenitor_2,oligodendrocyte_progenitor_2
5,387,targeted_hybrid,astrocyte_1,astrocyte_2
5,1082,targeted_hybrid,endothelial,endothelial
5,2888,targeted_hybrid,peripheral_glia,peripheral_glia
5,2050,targeted_hybrid,oligodendrocyte_precursor_cell,oligodendrocyte_progenitor_1
5,1763,targeted_hybrid,oligodendrocyte_2,oligodendrocyte_2
5,13,targeted_hybrid,astrocyte_1,astrocyte_1
5,2078,targeted_hybrid,oligodendrocyte_precursor_cell,astrocyte_1
5,1683,targeted_hybrid,oligodendrocyte_2,oligodendrocyte_2
5,1678,targeted_hybrid,oligodendrocyte_2,oligodendrocyte_2
5,391,targeted_hybrid,astrocyte_1,oligodendrocyte_1
5,680,targeted_hybrid,astrocyte_2,astrocyte_1
5,1951,targeted_hybrid,oligodendrocyte_2,oligodendrocyte_2
5,603,targeted_hybrid,astrocyte_2,astrocyte_1
5,2402,targeted_hybrid,oligodendrocyte_progenitor_2,oligodendrocyte_progenitor_2
5,812,targeted_hybrid,endothelial,astrocyte_1
5,1241,targeted_hybrid,microglia,microglia
5,334,targeted_hybrid,astrocyte_1,oligodendrocyte_progenitor_2
5,1032,targeted_hybrid,endothelial,astrocyte_1
5,2811,targeted_hybrid,oligodendrocyte_progenitor_2,oligodendrocyte_progenitor_2
5,1468,targeted_hybrid,oligodendrocyte_1,oligodendrocyte_1
5,76,targeted_hybrid,astrocyte_1,astrocyte_1
5,447,targeted_hybrid,astrocyte_1,astrocyte_1
5,2162,targeted_hybrid,oligodendrocyte_progenitor_2,oligodendrocyte_2
5,2812,targeted_hybrid,oligodendrocyte_progenitor_2,oligodendrocyte_progenitor_2
5,490,targeted_hybrid,astrocyte_1,astrocyte_2
5,1455,targeted_hybrid,oligodendrocyte_1,oligodendrocyte_1
5,742,targeted_hybrid,astrocyte_2,astrocyte_2
5,2360,targeted_hybrid,oligodendrocyte_progenitor_2,oligodendrocyte_progenitor_2
5,25,targeted_hybrid,astrocyte_1,astrocyte_1
5,1491,targeted_hybrid,oligodendrocyte_1,oligodendrocyte_progenitor_2
5,1601,targeted_hybrid,oligodendrocyte_2,microglia
5,1004,targeted_hybrid,endothelial,oligodendrocyte_1
5,2605,targeted_hybrid,oligodendrocyte_progenitor_2,oligodendrocyte_progenitor_2
5,2381,targeted_hybrid,oligodendrocyte_progenitor_2,oligodendrocyte_2
5,2643,targeted_hybrid,oligodendrocyte_progenitor_2,oligodendrocyte_progenitor_2
5,1640,targeted_hybrid,oligodendrocyte_2,oligodendrocyte_2
5,512,targeted_hybrid,astrocyte_1,oligodendrocyte_progenitor_2
5,633,targeted_hybrid,astrocyte_2,astrocyte_2
5,517,targeted_hybrid,astrocyte_1,astrocyte_1
5,720,targeted_hybrid,astrocyte_2,astrocyte_2
5,929,targeted_hybrid,endothelial,astrocyte_1
5,916,targeted_hybrid,endothelial,endothelial
5,2612,targeted_hybrid,oligodendrocyte_progenitor_2,oligodendrocyte_progenitor_2
5,396,targeted_hybrid,astrocyte_1,astrocyte_1
5,279,targeted_hybrid,astrocyte_1,oligodendrocyte_progenitor_2
5,105,targeted_hybrid,astrocyte_1,oligodendrocyte_progenitor_2
5,2675,targeted_hybrid,oligodendrocyte_progenitor_2,oligodendrocyte_progenitor_2
5,511,targeted_hybrid,astrocyte_1,oligodendrocyte_progenitor_2
5,616,targeted_hybrid,astrocyte_2,astrocyte_1
5,1258,targeted_hybrid,microglia,microglia
5,618,targeted_hybrid,astrocyte_2,astrocyte_2
5,459,targeted_hybrid,astrocyte_1,astrocyte_1
5,988,targeted_hybrid,endothelial,astrocyte_1
5,1156,targeted_hybrid,meninges_1,meninges_2
5,974,targeted_hybrid,endothelial,oligodendrocyte_progenitor_2
5,1582,targeted_hybrid,oligodendrocyte_2,oligodendrocyte_2
5,399,targeted_hybrid,astrocyte_1,astrocyte_1
5,421,targeted_hybrid,astrocyte_1,astrocyte_1
5,1549,targeted_hybrid,oligodendrocyte_1,oligodendrocyte_1
5,2278,targeted_hybrid,oligodendrocyte_progenitor_2,oligodendrocyte_progenitor_2
5,414,targeted_hybrid,astrocyte_1,oligodendrocyte_progenitor_2
5,1716,targeted_hybrid,oligodendrocyte_2,oligodendrocyte_2
5,1467,targeted_hybrid,oligodendrocyte_1,oligodendrocyte_1
5,921,targeted_hybrid,endothelial,oligodendrocyte_1
5,1986,targeted_hybrid,oligodendrocyte_precursor_cell,oligodendrocyte_precursor_cell
5,1460,targeted_hybrid,oligodendrocyte_1,astrocyte_2
5,2791,targeted_hybrid,oligodendrocyte_progenitor_2,oligodendrocyte_progenitor_2
5,2067,targeted_hybrid,oligodendrocyte_precursor_cell,oligodendrocyte_precursor_cell
5,2952,targeted_hybrid,Schwann_cell,Schwann_cell
5,2790,targeted_hybrid,oligodendrocyte_progenitor_2,oligodendrocyte_progenitor_2
5,1689,targeted_hybrid,oligodendrocyte_2,oligodendrocyte_2
5,2269,targeted_hybrid,oligodendrocyte_progenitor_2,oligodendrocyte_precursor_cell
5,2051,targeted_hybrid,oligodendrocyte_precursor_cell,oligodendrocyte_precursor_cell
5,799,targeted_hybrid,endothelial,endothelial
5,2224,targeted_hybrid,oligodendrocyte_progenitor_2,oligodendrocyte_progenitor_2
5,2462,targeted_hybrid,oligodendrocyte_progenitor_2,oligodendrocyte_progenitor_2
5,1677,targeted_hybrid,oligodendrocyte_2,oligodendrocyte_2
5,2871,targeted_hybrid,pericyte,endothelial
5,1917,targeted_hybrid,oligodendrocyte_2,oligodendrocyte_precursor_cell
5,2576,targeted_hybrid,oligodendrocyte_progenitor_2,oligodendrocyte_progenitor_2
5,2740,targeted_hybrid,oligodendrocyte_progenitor_2,oligodendrocyte_progenitor_2
5,1155,targeted_hybrid,meninges_1,meninges_2
6,1003,genes_volume,endothelial,endothelial
6,1477,genes_volume,oligodendrocyte_1,endothelial
6,1861,genes_volume,oligodendrocyte_2,oligodendrocyte_2
6,1719,genes_volume,oligodendrocyte_2,oligodendrocyte_2
6,2505,genes_volume,oligodendrocyte_progenitor_2,oligodendrocyte_progenitor_2
6,626,genes_volume,astrocyte_2,microglia
6,2780,genes_volume,oligodendrocyte_progenitor_2,astrocyte_1
6,2603,genes_volume,oligodendrocyte_progenitor_2,oligodendrocyte_progenitor_2
6,2174,genes_volume,oligodendrocyte_progenitor_2,oligodendrocyte_progenitor_2
6,1474,genes_volume,oligodendrocyte_1,oligodendrocyte_2
6,695,genes_volume,astrocyte_2,astrocyte_2
6,2835,genes_volume,oligodendrocyte_progenitor_2,oligodendrocyte_progenitor_2
6,868,genes_volume,endothelial,endothelial
6,441,genes_volume,astrocyte_1,astrocyte_1
6,89,genes_volume,astrocyte_1,astrocyte_1
6,2350,genes_volume,oligodendrocyte_progenitor_2,oligodendrocyte_progenitor_2
6,2846,genes_volume,pericyte,astrocyte_1
6,2900,genes_volume,peripheral_glia,oligodendrocyte_2
6,2320,genes_volume,oligodendrocyte_progenitor_2,oligodendrocyte_progenitor_2
6,2880,genes_volume,pericyte,pericyte
6,2645,genes_volume,oligodendrocyte_progenitor_2,oligodendrocyte_progenitor_2
6,2357,genes_volume,oligodendrocyte_progenitor_2,oligodendrocyte_progenitor_2
6,53,genes_volume,astrocyte_1,astrocyte_1
6,1155,genes_volume,meninges_1,meninges_2
6,2937,genes_volume,Schwann_cell,Schwann_cell
6,125,genes_volume,astrocyte_1,astrocyte_1
6,2080,genes_volume,oligodendrocyte_precursor_cell,oligodendrocyte_precursor_cell
6,2884,genes_volume,pericyte,microglia
6,531,genes_volume,astrocyte_1,astrocyte_1
6,1917,genes_volume,oligodendrocyte_2,oligodendrocyte_2
6,426,genes_volume,astrocyte_1,astrocyte_1
6,2233,genes_volume,oligodendrocyte_progenitor_2,oligodendrocyte_progenitor_2
6,2778,genes_volume,oligodendrocyte_progenitor_2,oligodendrocyte_progenitor_2
6,1568,genes_volume,oligodendrocyte_2,oligodendrocyte_2
6,116,genes_volume,astrocyte_1,astrocyte_1
6,151,genes_volume,astrocyte_1,oligodendrocyte_progenitor_2
6,2883,genes_volume,pericyte,astrocyte_1
6,264,genes_volume,astrocyte_1,astrocyte_1
6,2260,genes_volume,oligodendrocyte_progenitor_2,oligodendrocyte_progenitor_2
6,2368,genes_volume,oligodendrocyte_progenitor_2,oligodendrocyte_progenitor_2
6,2363,genes_volume,oligodendrocyte_progenitor_2,oligodendrocyte_progenitor_2
6,785,genes_volume,endothelial,endothelial
6,782,genes_volume,endothelial,endothelial
6,1386,genes_volume,oligodendrocyte_1,endothelial
6,2562,genes_volume,oligodendrocyte_progenitor_2,oligodendrocyte_progenitor_2
6,1971,genes_volume,oligodendrocyte_2,oligodendrocyte_progenitor_2
6,1160,genes_volume,meninges_1,oligodendrocyte_progenitor_2
6,1302,genes_volume,oligodendrocyte_1,astrocyte_1
6,2481,genes_volume,oligodendrocyte_progenitor_2,oligodendrocyte_progenitor_2
6,704,genes_volume,astrocyte_2,astrocyte_1
6,2180,genes_volume,oligodendrocyte_progenitor_2,oligodendrocyte_progenitor_2
6,254,genes_volume,astrocyte_1,oligodendrocyte_progenitor_2
6,2695,genes_volume,oligodendrocyte_progenitor_2,oligodendrocyte_progenitor_2
6,842,genes_volume,endothelial,endothelial
6,589,genes_volume,astrocyte_2,astrocyte_1
6,468,genes_volume,astrocyte_1,astrocyte_1
6,2872,genes_volume,pericyte,pericyte
6,139,genes_volume,astrocyte_1,astrocyte_1
6,1313,genes_volume,oligodendrocyte_1,oligodendrocyte_progenitor_2
6,535,genes_volume,astrocyte_1,astrocyte_1
6,1939,genes_volume,oligodendrocyte_2,oligodendrocyte_2
6,706,genes_volume,astrocyte_2,astrocyte_2
6,486,genes_volume,astrocyte_1,astrocyte_1
6,2620,genes_volume,oligodendrocyte_progenitor_2,astrocyte_1
6,1764,genes_volume,oligodendrocyte_2,oligodendrocyte_2
6,2176,genes_volume,oligodendrocyte_progenitor_2,oligodendrocyte_progenitor_2
6,2532,genes_volume,oligodendrocyte_progenitor_2,oligodendrocyte_progenitor_2
6,1736,genes_volume,oligodendrocyte_2,oligodendrocyte_2
6,61,genes_volume,astrocyte_1,astrocyte_1
6,1447,genes_volume,oligodendrocyte_1,oligodendrocyte_2
6,2702,genes_volume,oligodendrocyte_progenitor_2,oligodendrocyte_progenitor_2
6,625,genes_volume,astrocyte_2,astrocyte_2
6,2008,genes_volume,oligodendrocyte_precursor_cell,oligodendrocyte_precursor_cell
6,2469,genes_volume,oligodendrocyte_progenitor_2,oligodendrocyte_progenitor_2
6,2053,genes_volume,oligodendrocyte_precursor_cell,oligodendrocyte_precursor_cell
6,18,genes_volume,astrocyte_1,astrocyte_1
6,1252,genes_volume,microglia,oligodendrocyte_2
6,803,genes_volume,endothelial,astrocyte_1
6,1644,genes_volume,oligodendrocyte_2,oligodendrocyte_2
6,2120,genes_volume,oligodendrocyte_progenitor_1,oligodendrocyte_progenitor_1
6,1976,genes_volume,oligodendrocyte_2,oligodendrocyte_2
6,1107,genes_volume,meninges_1,endothelial
6,221,genes_volume,astrocyte_1,astrocyte_1
6,1279,genes_volume,microglia,microglia
6,1703,genes_volume,oligodendrocyte_2,oligodendrocyte_2
6,216,genes_volume,astrocyte_1,oligodendrocyte_progenitor_2
6,172,genes_volume,astrocyte_1,astrocyte_1
6,1059,genes_volume,endothelial,oligodendrocyte_progenitor_2
6,339,genes_volume,astrocyte_1,astrocyte_1
6,1908,genes_volume,oligodendrocyte_2,oligodendrocyte_2
6,2146,genes_volume,oligodendrocyte_progenitor_2,oligodendrocyte_progenitor_2
6,739,genes_volume,astrocyte_2,astrocyte_2
6,2099,genes_volume,oligodendrocyte_progenitor_1,oligodendrocyte_progenitor_1
6,499,genes_volume,astrocyte_1,endothelial
6,2015,genes_volume,oligodendrocyte_precursor_cell,oligodendrocyte_precursor_cell
6,717,genes_volume,astrocyte_2,astrocyte_2
6,438,genes_volume,astrocyte_1,astrocyte_1
6,1881,genes_volume,oligodendrocyte_2,oligodendrocyte_2
6,2654,genes_volume,oligodendrocyte_progenitor_2,oligodendrocyte_progenitor_2
6,1671,genes_volume,oligodendrocyte_2,oligodendrocyte_2
6,2588,genes_volume,oligodendrocyte_progenitor_2,oligodendrocyte_progenitor_2
6,2330,genes_volume,oligodendrocyte_progenitor_2,oligodendrocyte_progenitor_2
6,1140,genes_volume,meninges_1,meninges_1
6,11,genes_volume,astrocyte_1,astrocyte_1
6,1270,genes_volume,microglia,astrocyte_1
6,2955,genes_volume,Schwann_cell,oligodendrocyte_2
6,2946,genes_volume,Schwann_cell,Schwann_cell
6,917,genes_volume,endothelial,endothelial
6,1652,genes_volume,oligodendrocyte_2,oligodendrocyte_2
6,383,genes_volume,astrocyte_1,astrocyte_1
6,606,genes_volume,astrocyte_2,astrocyte_1
6,189,genes_volume,astrocyte_1,oligodendrocyte_precursor_cell
6,2688,genes_volume,oligodendrocyte_progenitor_2,oligodendrocyte_progenitor_2
6,2201,genes_volume,oligodendrocyte_progenitor_2,endothelial
6,1785,genes_volume,oligodendrocyte_2,oligodendrocyte_2
6,1121,genes_volume,meninges_1,oligodendrocyte_progenitor_2
6,1975,genes_volume,oligodendrocyte_2,oligodendrocyte_2
6,1217,genes_volume,meninges_3,meninges_2
6,2895,genes_volume,peripheral_glia,Schwann_cell
6,51,genes_volume,astrocyte_1,astrocyte_1
6,117,genes_volume,astrocyte_1,endothelial
6,389,genes_volume,astrocyte_1,astrocyte_1
6,636,genes_volume,astrocyte_2,astrocyte_1
6,1988,genes_volume,oligodendrocyte_precursor_cell,oligodendrocyte_progenitor_2
6,602,genes_volume,astrocyte_2,astrocyte_1
6,1805,genes_volume,oligodendrocyte_2,oligodendrocyte_2
6,1236,genes_volume,microglia,microglia
6,2727,genes_volume,oligodendrocyte_progenitor_2,oligodendrocyte_progenitor_2
6,1168,genes_volume,meninges_1,meninges_1
6,1002,genes_volume,endothelial,oligodendrocyte_progenitor_2
6,1980,genes_volume,oligodendrocyte_2,oligodendrocyte_2
6,2028,genes_volume,oligodendrocyte_precursor_cell,microglia
6,461,genes_volume,astrocyte_1,astrocyte_1
6,2610,genes_volume,oligodendrocyte_progenitor_2,oligodendrocyte_progenitor_2
6,214,genes_volume,astrocyte_1,oligodendrocyte_progenitor_2
6,281,genes_volume,astrocyte_1,astrocyte_1
6,1923,genes_volume,oligodendrocyte_2,oligodendrocyte_2
6,1476,genes_volume,oligodendrocyte_1,oligodendrocyte_progenitor_2
6,2625,genes_volume,oligodendrocyte_progenitor_2,oligodendrocyte_1
6,1028,genes_volume,endothelial,astrocyte_1
6,2839,genes_volume,oligodendrocyte_progenitor_2,endothelial
6,2324,genes_volume,oligodendrocyte_progenitor_2,oligodendrocyte_progenitor_2
6,1499,genes_volume,oligodendrocyte_1,oligodendrocyte_progenitor_2
6,1531,genes_volume,oligodendrocyte_1,oligodendrocyte_progenitor_2
6,62,genes_volume,astrocyte_1,astrocyte_1
6,2838,genes_volume,oligodendrocyte_progenitor_2,oligodendrocyte_progenitor_2
6,2871,genes_volume,pericyte,endothelial
6,83,genes_volume,astrocyte_1,astrocyte_1
6,1251,genes_volume,microglia,microglia
6,2874,genes_volume,pericyte,endothelial
6,2803,genes_volume,oligodendrocyte_progenitor_2,oligodendrocyte_2
6,2540,genes_volume,oligodendrocyte_progenitor_2,oligodendrocyte_progenitor_2
6,146,genes_volume,astrocyte_1,astrocyte_1
6,713,genes_volume,astrocyte_2,oligodendrocyte_progenitor_2
6,2917,genes_volume,Schwann_cell,Schwann_cell
6,2449,genes_volume,oligodendrocyte_progenitor_2,oligodendrocyte_progenitor_2
6,1071,genes_volume,endothelial,endothelial
6,1301,genes_volume,oligodendrocyte_1,astrocyte_1
6,1707,genes_volume,oligodendrocyte_2,oligodendrocyte_2
6,2309,genes_volume,oligodendrocyte_progenitor_2,oligodendrocyte_progenitor_2
6,2720,genes_volume,oligodendrocyte_progenitor_2,oligodendrocyte_progenitor_2
6,451,genes_volume,astrocyte_1,astrocyte_1
6,1536,genes_volume,oligodendrocyte_1,astrocyte_1
6,1749,genes_volume,oligodendrocyte_2,oligodendrocyte_2
6,1137,genes_volume,meninges_1,oligodendrocyte_progenitor_2
6,2784,genes_volume,oligodendrocyte_progenitor_2,oligodendrocyte_progenitor_2
6,1363,genes_volume,oligodendrocyte_1,oligodendrocyte_progenitor_2
6,2283,genes_volume,oligodendrocyte_progenitor_2,oligodendrocyte_progenitor_2
6,2740,genes_volume,oligodendrocyte_progenitor_2,oligodendrocyte_progenitor_2
6,1376,genes_volume,oligodendrocyte_1,oligodendrocyte_progenitor_2
6,2356,genes_volume,oligodendrocyte_progenitor_2,oligodendrocyte_progenitor_2
6,27,genes_volume,astrocyte_1,astrocyte_1
6,2393,genes_volume,oligodendrocyte_progenitor_2,oligodendrocyte_progenitor_2
6,1384,genes_volume,oligodendrocyte_1,astrocyte_1
6,2876,genes_volume,pericyte,endothelial
6,1308,genes_volume,oligodendrocyte_1,oligodendrocyte_progenitor_2
6,2878,genes_volume,pericyte,pericyte
6,34,genes_volume,astrocyte_1,astrocyte_1
6,2546,genes_volume,oligodendrocyte_progenitor_2,oligodendrocyte_progenitor_2
6,1343,genes_volume,oligodendrocyte_1,oligodendrocyte_progenitor_2
6,1311,genes_volume,oligodendrocyte_1,oligodendrocyte_progenitor_2
6,844,genes_volume,endothelial,endothelial
6,2547,genes_volume,oligodendrocyte_progenitor_2,oligodendrocyte_progenitor_2
6,2573,genes_volume,oligodendrocyte_progenitor_2,astrocyte_1
6,1273,genes_volume,microglia,microglia
6,1033,genes_volume,endothelial,endothelial
6,983,genes_volume,endothelial,endothelial
6,1688,genes_volume,oligodendrocyte_2,oligodendrocyte_2
6,973,genes_volume,endothelial,endothelial
6,329,genes_volume,astrocyte_1,oligodendrocyte_progenitor_2
6,24,genes_volume,astrocyte_1,astrocyte_1
6,729,genes_volume,astrocyte_2,oligodendrocyte_progenitor_2
6,351,genes_volume,astrocyte_1,astrocyte_1
6,1031,genes_volume,endothelial,endothelial
6,1184,genes_volume,meninges_2,meninges_1
6,409,genes_volume,astrocyte_1,astrocyte_1
6,79,genes_volume,astrocyte_1,astrocyte_1
6,633,genes_volume,astrocyte_2,astrocyte_1
6,137,genes_volume,astrocyte_1,astrocyte_1
6,1420,genes_volume,oligodendrocyte_1,oligodendrocyte_1
6,532,genes_volume,astrocyte_1,astrocyte_1
6,2713,genes_volume,oligodendrocyte_progenitor_2,oligodendrocyte_progenitor_2
6,1978,genes_volume,oligodendrocyte_2,oligodendrocyte_2
6,912,genes_volume,endothelial,oligodendrocyte_progenitor_2
6,648,genes_volume,astrocyte_2,oligodendrocyte_2
6,59,genes_volume,astrocyte_1,astrocyte_1
6,2793,genes_volume,oligodendrocyte_progenitor_2,oligodendrocyte_progenitor_2
6,1548,genes_volume,oligodendrocyte_1,oligodendrocyte_1
6,1651,genes_volume,oligodendrocyte_2,oligodendrocyte_2
6,558,genes_volume,astrocyte_1,astrocyte_1
6,487,genes_volume,astrocyte_1,endothelial
6,2348,genes_volume,oligodendrocyte_progenitor_2,oligodendrocyte_progenitor_2
6,1336,genes_volume,oligodendrocyte_1,astrocyte_1
6,222,genes_volume,astrocyte_1,astrocyte_1
6,10,genes_volume,astrocyte_1,astrocyte_1
6,2497,genes_volume,oligodendrocyte_progenitor_2,oligodendrocyte_progenitor_2
6,1572,genes_volume,oligodendrocyte_2,oligodendrocyte_2
6,949,genes_volume,endothelial,endothelial
6,1698,genes_volume,oligodendrocyte_2,oligodendrocyte_2
6,2257,genes_volume,oligodendrocyte_progenitor_2,astrocyte_1
6,2058,genes_volume,oligodendrocyte_precursor_cell,oligodendrocyte_precursor_cell
6,2284,genes_volume,oligodendrocyte_progenitor_2,oligodendrocyte_progenitor_2
6,1361,genes_volume,oligodendrocyte_1,oligodendrocyte_progenitor_2
6,1837,genes_volume,oligodendrocyte_2,oligodendrocyte_2
6,2775,genes_volume,oligodendrocyte_progenitor_2,oligodendrocyte_progenitor_2
6,615,genes_volume,astrocyte_2,astrocyte_2
6,969,genes_volume,endothelial,endothelial
6,1110,genes_volume,meninges_1,meninges_1
6,1888,genes_volume,oligodendrocyte_2,oligodendrocyte_2
6,1136,genes_volume,meninges_1,meninges_1
6,2072,genes_volume,oligodendrocyte_precursor_cell,oligodendrocyte_precursor_cell
6,1013,genes_volume,endothelial,endothelial
6,1347,genes_volume,oligodendrocyte_1,oligodendrocyte_progenitor_2
6,119,genes_volume,astrocyte_1,oligodendrocyte_progenitor_1
6,763,genes_volume,astrocyte_2,astrocyte_1
6,1870,genes_volume,oligodendrocyte_2,oligodendrocyte_2
6,1197,genes_volume,meninges_2,oligodendrocyte_progenitor_2
6,846,genes_volume,endothelial,endothelial
6,644,genes_volume,astrocyte_2,oligodendrocyte_progenitor_2
6,672,genes_volume,astrocyte_2,endothelial
6,2552,genes_volume,oligodendrocyte_progenitor_2,oligodendrocyte_progenitor_2
6,1533,genes_volume,oligodendrocyte_1,oligodendrocyte_precursor_cell
6,986,genes_volume,endothelial,endothelial
6,2288,genes_volume,oligodendrocyte_progenitor_2,oligodendrocyte_progenitor_2
6,204,genes_volume,astrocyte_1,astrocyte_1
6,154,genes_volume,astrocyte_1,astrocyte_1
6,2070,genes_volume,oligodendrocyte_precursor_cell,oligodendrocyte_progenitor_2
6,2698,genes_volume,oligodendrocyte_progenitor_2,oligodendrocyte_progenitor_2
6,2056,genes_volume,oligodendrocyte_precursor_cell,oligodendrocyte_precursor_cell
6,326,genes_volume,astrocyte_1,astrocyte_1
6,1226,genes_volume,meninges_3,meninges_3
6,954,genes_volume,endothelial,endothelial
6,709,genes_volume,astrocyte_2,oligodendrocyte_progenitor_2
6,597,genes_volume,astrocyte_2,oligodendrocyte_progenitor_2
6,2097,genes_volume,oligodendrocyte_progenitor_1,oligodendrocyte_precursor_cell
6,2082,genes_volume,oligodendrocyte_precursor_cell,oligodendrocyte_precursor_cell
6,2576,genes_volume,oligodendrocyte_progenitor_2,oligodendrocyte_progenitor_2
6,1951,genes_volume,oligodendrocyte_2,oligodendrocyte_2
6,1665,genes_volume,oligodendrocyte_2,oligodendrocyte_2
6,1788,genes_volume,oligodendrocyte_2,oligodendrocyte_progenitor_2
6,2736,genes_volume,oligodendrocyte_progenitor_2,oligodendrocyte_progenitor_2
6,1176,genes_volume,meninges_2,meninges_1
6,1245,genes_volume,microglia,microglia
6,211,genes_volume,astrocyte_1,astrocyte_1
6,2901,genes_volume,peripheral_glia,Schwann_cell
6,1844,genes_volume,oligodendrocyte_2,oligodendrocyte_2
6,2379,genes_volume,oligodendrocyte_progenitor_2,oligodendrocyte_progenitor_2
6,2568,genes_volume,oligodendrocyte_progenitor_2,oligodendrocyte_progenitor_2
6,1352,genes_volume,oligodendrocyte_1,oligodendrocyte_progenitor_2
6,1556,genes_volume,oligodendrocyte_1,oligodendrocyte_progenitor_2
6,1691,genes_volume,oligodendrocyte_2,oligodendrocyte_2
6,2178,genes_volume,oligodendrocyte_progenitor_2,oligodendrocyte_progenitor_2
6,303,genes_volume,astrocyte_1,oligodendrocyte_progenitor_2
6,40,genes_volume,astrocyte_1,astrocyte_1
6,1655,genes_volume,oligodendrocyte_2,oligodendrocyte_2
6,666,genes_volume,astrocyte_2,astrocyte_1
6,658,genes_volume,astrocyte_2,oligodendrocyte_2
6,75,genes_volume,astrocyte_1,astrocyte_1
6,2431,genes_volume,oligodendrocyte_progenitor_2,oligodendrocyte_progenitor_2
6,2830,genes_volume,oligodendrocyte_progenitor_2,oligodendrocyte_progenitor_2
6,560,genes_volume,astrocyte_1,astrocyte_1
6,265,genes_volume,astrocyte_1,endothelial
6,0,genes_volume,astrocyte_1,oligodendrocyte_progenitor_2
6,2269,genes_volume,oligodendrocyte_progenitor_2,oligodendrocyte_progenitor_2
6,108,genes_volume,astrocyte_1,astrocyte_1
6,661,genes_volume,astrocyte_2,astrocyte_1
6,1338,genes_volume,oligodendrocyte_1,oligodendrocyte_1
6,190,genes_volume,astrocyte_1,astrocyte_1
6,1628,genes_volume,oligodendrocyte_2,oligodendrocyte_2
6,1523,genes_volume,oligodendrocyte_1,oligodendrocyte_progenitor_2
6,227,genes_volume,astrocyte_1,astrocyte_2
6,1646,genes_volume,oligodendrocyte_2,oligodendrocyte_progenitor_2
6,1286,genes_volume,microglia,oligodendrocyte_progenitor_2
6,2138,genes_volume,oligodendrocyte_progenitor_1,oligodendrocyte_precursor_cell
6,92,genes_volume,astrocyte_1,oligodendrocyte_progenitor_2
6,1492,genes_volume,oligodendrocyte_1,oligodendrocyte_1
6,2756,genes_volume,oligodendrocyte_progenitor_2,oligodendrocyte_progenitor_2
6,280,genes_volume,astrocyte_1,astrocyte_1
6,122,genes_volume,astrocyte_1,oligodendrocyte_2
6,552,genes_volume,astrocyte_1,astrocyte_1
6,2346,genes_volume,oligodendrocyte_progenitor_2,astrocyte_1
6,2857,genes_volume,pericyte,oligodendrocyte_progenitor_2
6,1974,genes_volume,oligodendrocyte_2,oligodendrocyte_2
6,1587,genes_volume,oligodendrocyte_2,oligodendrocyte_2
6,2287,genes_volume,oligodendrocyte_progenitor_2,oligodendrocyte_progenitor_2
6,153,genes_volume,astrocyte_1,astrocyte_1
6,916,genes_volume,endothelial,endothelial
6,419,genes_volume,astrocyte_1,astrocyte_1
6,1334,genes_volume,oligodendrocyte_1,oligodendrocyte_2
6,2151,genes_volume,oligodendrocyte_progenitor_2,oligodendrocyte_2
6,2541,genes_volume,oligodendrocyte_progenitor_2,oligodendrocyte_progenitor_2
6,338,genes_volume,astrocyte_1,oligodendrocyte_progenitor_2
6,2811,genes_volume,oligodendrocyte_progenitor_2,oligodendrocyte_progenitor_2
6,1333,genes_volume,oligodendrocyte_1,oligodendrocyte_progenitor_2
6,1543,genes_volume,oligodendrocyte_1,oligodendrocyte_progenitor_2
6,2544,genes_volume,oligodendrocyte_progenitor_2,oligodendrocyte_progenitor_2
6,2086,genes_volume,oligodendrocyte_precursor_cell,oligodendrocyte_precursor_cell
6,2794,genes_volume,oligodendrocyte_progenitor_2,oligodendrocyte_progenitor_2
6,1734,genes_volume,oligodendrocyte_2,oligodendrocyte_2
6,2692,genes_volume,oligodendrocyte_progenitor_2,astrocyte_1
6,824,genes_volume,endothelial,endothelial
6,2807,genes_volume,oligodendrocyte_progenitor_2,oligodendrocyte_2
6,1776,genes_volume,oligodendrocyte_2,oligodendrocyte_2
6,595,genes_volume,astrocyte_2,oligodendrocyte_progenitor_2
6,2055,genes_volume,oligodendrocyte_precursor_cell,astrocyte_2
6,2244,genes_volume,oligodendrocyte_progenitor_2,oligodendrocyte_2
6,291,genes_volume,astrocyte_1,astrocyte_1
6,2669,genes_volume,oligodendrocyte_progenitor_2,oligodendrocyte_progenitor_2
6,1223,genes_volume,meninges_3,meninges_3
6,257,genes_volume,astrocyte_1,astrocyte_1
6,593,genes_volume,astrocyte_2,astrocyte_1
6,1493,genes_volume,oligodendrocyte_1,astrocyte_1
6,2662,genes_volume,oligodendrocyte_progenitor_2,oligodendrocyte_progenitor_2
6,676,genes_volume,astrocyte_2,astrocyte_2
6,2534,genes_volume,oligodendrocyte_progenitor_2,oligodendrocyte_progenitor_2
6,2614,genes_volume,oligodendrocyte_progenitor_2,oligodendrocyte_progenitor_2
6,1207,genes_volume,meninges_2,meninges_2
6,1099,genes_volume,ependymal,astrocyte_1
6,1365,genes_volume,oligodendrocyte_1,oligodendrocyte_1
6,1004,genes_volume,endothelial,oligodendrocyte_progenitor_2
6,1290,genes_volume,microglia,microglia
6,453,genes_volume,astrocyte_1,astrocyte_1
6,243,genes_volume,astrocyte_1,astrocyte_1
6,1163,genes_volume,meninges_1,meninges_1
6,78,genes_volume,astrocyte_1,astrocyte_1
6,68,genes_volume,astrocyte_1,astrocyte_1
6,1271,genes_volume,microglia,microglia
6,1449,genes_volume,oligodendrocyte_1,oligodendrocyte_progenitor_2
6,1196,genes_volume,meninges_2,oligodendrocyte_progenitor_2
6,848,genes_volume,endothelial,endothelial
6,1520,genes_volume,oligodendrocyte_1,oligodendrocyte_2
6,128,genes_volume,astrocyte_1,astrocyte_1
6,135,genes_volume,astrocyte_1,astrocyte_1
6,194,genes_volume,astrocyte_1,astrocyte_1
6,1743,genes_volume,oligodendrocyte_2,oligodendrocyte_2
6,2366,genes_volume,oligodendrocyte_progenitor_2,oligodendrocyte_progenitor_2
6,2615,genes_volume,oligodendrocyte_progenitor_2,oligodendrocyte_progenitor_2
6,106,genes_volume,astrocyte_1,astrocyte_1
6,2095,genes_volume,oligodendrocyte_progenitor_1,oligodendrocyte_progenitor_1
6,267,genes_volume,astrocyte_1,endothelial
6,2480,genes_volume,oligodendrocyte_progenitor_2,oligodendrocyte_progenitor_2
6,2281,genes_volume,oligodendrocyte_progenitor_2,oligodendrocyte_progenitor_2
6,104,genes_volume,astrocyte_1,astrocyte_1
6,1582,genes_volume,oligodendrocyte_2,oligodendrocyte_2
6,109,genes_volume,astrocyte_1,endothelial
6,2172,genes_volume,oligodendrocyte_progenitor_2,oligodendrocyte_progenitor_2
6,111,genes_volume,astrocyte_1,astrocyte_1
6,448,genes_volume,astrocyte_1,astrocyte_1
6,2639,genes_volume,oligodendrocyte_progenitor_2,oligodendrocyte_2
6,454,genes_volume,astrocyte_1,astrocyte_1
6,680,genes_volume,astrocyte_2,astrocyte_1
6,1224,genes_volume,meninges_3,meninges_2
6,2424,genes_volume,oligodendrocyte_progenitor_2,oligodendrocyte_progenitor_2
6,988,genes_volume,endothelial,astrocyte_1
6,786,genes_volume,endothelial,endothelial
6,2655,genes_volume,oligodendrocyte_progenitor_2,oligodendrocyte_progenitor_2
6,813,genes_volume,endothelial,endothelial
6,1041,genes_volume,endothelial,endothelial
6,2088,genes_volume,oligodendrocyte_precursor_cell,astrocyte_1
6,309,genes_volume,astrocyte_1,astrocyte_1
6,745,genes_volume,astrocyte_2,oligodendrocyte_2
6,2868,genes_volume,pericyte,astrocyte_1
6,2143,genes_volume,oligodendrocyte_progenitor_2,oligodendrocyte_progenitor_2
6,582,genes_volume,astrocyte_2,oligodendrocyte_1
6,1461,genes_volume,oligodendrocyte_1,oligodendrocyte_2
6,497,genes_volume,astrocyte_1,astrocyte_1
6,1938,genes_volume,oligodendrocyte_2,oligodendrocyte_2
6,1540,genes_volume,oligodendrocyte_1,oligodendrocyte_progenitor_2
6,1394,genes_volume,oligodendrocyte_1,oligodendrocyte_1
6,2634,genes_volume,oligodendrocyte_progenitor_2,oligodendrocyte_progenitor_2
6,366,genes_volume,astrocyte_1,oligodendrocyte_progenitor_2
6,1932,genes_volume,oligodendrocyte_2,oligodendrocyte_progenitor_2
6,575,genes_volume,astrocyte_2,endothelial
6,472,genes_volume,astrocyte_1,astrocyte_1
6,2783,genes_volume,oligodendrocyte_progenitor_2,oligodendrocyte_progenitor_2
6,1602,genes_volume,oligodendrocyte_2,endothelial
6,2313,genes_volume,oligodendrocyte_progenitor_2,oligodendrocyte_progenitor_2
6,592,genes_volume,astrocyte_2,astrocyte_1
6,2668,genes_volume,oligodendrocyte_progenitor_2,oligodendrocyte_progenitor_2
6,1388,genes_volume,oligodendrocyte_1,oligodendrocyte_progenitor_2
6,1810,genes_volume,oligodendrocyte_2,oligodendrocyte_2
6,1717,genes_volume,oligodendrocyte_2,oligodendrocyte_2
6,2563,genes_volume,oligodendrocyte_progenitor_2,oligodendrocyte_progenitor_2
6,1101,genes_volume,ependymal,ependymal
6,2699,genes_volume,oligodendrocyte_progenitor_2,oligodendrocyte_progenitor_2
6,110,genes_volume,astrocyte_1,astrocyte_1
6,1055,genes_volume,endothelial,oligodendrocyte_progenitor_2
6,1890,genes_volume,oligodendrocyte_2,oligodendrocyte_2
6,2571,genes_volume,oligodendrocyte_progenitor_2,oligodendrocyte_progenitor_2
6,2528,genes_volume,oligodendrocyte_progenitor_2,oligodendrocyte_progenitor_2
6,1579,genes_volume,oligodendrocyte_2,oligodendrocyte_2
6,2509,genes_volume,oligodendrocyte_progenitor_2,oligodendrocyte_2
6,2081,genes_volume,oligodendrocyte_precursor_cell,astrocyte_1
6,1050,genes_volume,endothelial,endothelial
6,2130,genes_volume,oligodendrocyte_progenitor_1,oligodendrocyte_precursor_cell
6,196,genes_volume,astrocyte_1,astrocyte_1
6,1201,genes_volume,meninges_2,meninges_2
6,1103,genes_volume,meninges_1,endothelial
6,958,genes_volume,endothelial,endothelial
6,47,genes_volume,astrocyte_1,astrocyte_1
6,310,genes_volume,astrocyte_1,oligodendrocyte_1
6,1227,genes_volume,meninges_3,meninges_3
6,155,genes_volume,astrocyte_1,astrocyte_1
6,2685,genes_volume,oligodendrocyte_progenitor_2,endothelial
6,1367,genes_volume,oligodendrocyte_1,oligodendrocyte_1
6,1276,genes_volume,microglia,oligodendrocyte_2
6,2885,genes_volume,pericyte,pericyte
6,1712,genes_volume,oligodendrocyte_2,oligodendrocyte_2
6,2332,genes_volume,oligodendrocyte_progenitor_2,oligodendrocyte_2
6,1726,genes_volume,oligodendrocyte_2,oligodendrocyte_2
6,1970,genes_volume,oligodendrocyte_2,oligodendrocyte_2
6,1518,genes_volume,oligodendrocyte_1,astrocyte_1
6,1123,genes_volume,meninges_1,meninges_1
6,1341,genes_volume,oligodendrocyte_1,oligodendrocyte_progenitor_2
6,2167,genes_volume,oligodendrocyte_progenitor_2,oligodendrocyte_progenitor_2
6,432,genes_volume,astrocyte_1,astrocyte_1
6,2016,genes_volume,oligodendrocyte_precursor_cell,oligodendrocyte_precursor_cell
6,1408,genes_volume,oligodendrocyte_1,oligodendrocyte_1
6,493,genes_volume,astrocyte_1,oligodendrocyte_precursor_cell
6,355,genes_volume,astrocyte_1,astrocyte_1
6,2318,genes_volume,oligodendrocyte_progenitor_2,endothelial
6,2448,genes_volume,oligodendrocyte_progenitor_2,oligodendrocyte_progenitor_2
6,2754,genes_volume,oligodendrocyte_progenitor_2,oligodendrocyte_progenitor_2
6,987,genes_volume,endothelial,oligodendrocyte_progenitor_2
6,2790,genes_volume,oligodendrocyte_progenitor_2,oligodendrocyte_progenitor_2
6,1222,genes_volume,meninges_3,meninges_3
6,2063,genes_volume,oligodendrocyte_precursor_cell,endothelial
6,2404,genes_volume,oligodendrocyte_progenitor_2,oligodendrocyte_progenitor_2
6,931,genes_volume,endothelial,endothelial
6,2862,genes_volume,pericyte,endothelial
6,275,genes_volume,astrocyte_1,astrocyte_1
6,442,genes_volume,astrocyte_1,astrocyte_1
6,241,genes_volume,astrocyte_1,astrocyte_1
6,1087,genes_volume,endothelial,oligodendrocyte_progenitor_2
6,2957,genes_volume,Schwann_cell,Schwann_cell
6,1220,genes_volume,meninges_3,meninges_1
6,2758,genes_volume,oligodendrocyte_progenitor_2,astrocyte_1
6,52,genes_volume,astrocyte_1,astrocyte_1
6,2400,genes_volume,oligodendrocyte_progenitor_2,oligodendrocyte_progenitor_2
6,1438,genes_volume,oligodendrocyte_1,oligodendrocyte_progenitor_2
6,406,genes_volume,astrocyte_1,oligodendrocyte_progenitor_2
6,1849,genes_volume,oligodendrocyte_2,oligodendrocyte_2
6,656,genes_volume,astrocyte_2,astrocyte_2
6,1106,genes_volume,meninges_1,meninges_1
6,1441,genes_volume,oligodendrocyte_1,oligodendrocyte_progenitor_2
6,1435,genes_volume,oligodendrocyte_1,oligodendrocyte_progenitor_2
6,650,genes_volume,astrocyte_2,oligodendrocyte_2
6,1198,genes_volume,meninges_2,oligodendrocyte_progenitor_2
6,2693,genes_volume,oligodendrocyte_progenitor_2,oligodendrocyte_progenitor_2
6,2510,genes_volume,oligodendrocyte_progenitor_2,oligodendrocyte_progenitor_2
6,395,genes_volume,astrocyte_1,astrocyte_1
6,2105,genes_volume,oligodendrocyte_progenitor_1,oligodendrocyte_precursor_cell
6,2519,genes_volume,oligodendrocyte_progenitor_2,oligodendrocyte_progenitor_2
6,1996,genes_volume,oligodendrocyte_precursor_cell,oligodendrocyte_precursor_cell
6,2195,genes_volume,oligodendrocyte_progenitor_2,oligodendrocyte_progenitor_2
6,2364,genes_volume,oligodendrocyte_progenitor_2,oligodendrocyte_progenitor_2
6,2909,genes_volume,Schwann_cell,Schwann_cell
6,2433,genes_volume,oligodendrocyte_progenitor_2,oligodendrocyte_2
6,1049,genes_volume,endothelial,oligodendrocyte_progenitor_2
6,2697,genes_volume,oligodendrocyte_progenitor_2,oligodendrocyte_1
6,1720,genes_volume,oligodendrocyte_2,oligodendrocyte_2
6,1685,genes_volume,oligodendrocyte_2,oligodendrocyte_2
6,1527,genes_volume,oligodendrocyte_1,oligodendrocyte_progenitor_2
6,2852,genes_volume,pericyte,endothelial
6,1649,genes_volume,oligodendrocyte_2,oligodendrocyte_2
6,677,genes_volume,astrocyte_2,astrocyte_2
6,1949,genes_volume,oligodendrocyte_2,oligodendrocyte_2
6,2864,genes_volume,pericyte,astrocyte_1
6,1280,genes_volume,microglia,microglia
6,2660,genes_volume,oligodendrocyte_progenitor_2,oligodendrocyte_progenitor_2
6,770,genes_volume,endothelial,oligodendrocyte_progenitor_2
6,1697,genes_volume,oligodendrocyte_2,oligodendrocyte_progenitor_2
6,1613,genes_volume,oligodendrocyte_2,oligodendrocyte_2
6,2586,genes_volume,oligodendrocyte_progenitor_2,oligodendrocyte_2
6,1115,genes_volume,meninges_1,oligodendrocyte_progenitor_2
6,1619,genes_volume,oligodendrocyte_2,oligodendrocyte_2
6,327,genes_volume,astrocyte_1,oligodendrocyte_progenitor_2
6,1994,genes_volume,oligodendrocyte_precursor_cell,oligodendrocyte_precursor_cell
6,2643,genes_volume,oligodendrocyte_progenitor_2,oligodendrocyte_progenitor_2
6,15,genes_volume,astrocyte_1,astrocyte_1
6,1696,genes_volume,oligodendrocyte_2,oligodendrocyte_2
6,462,genes_volume,astrocyte_1,astrocyte_1
6,1886,genes_volume,oligodendrocyte_2,oligodendrocyte_2
6,276,genes_volume,astrocyte_1,astrocyte_1
6,2450,genes_volume,oligodendrocyte_progenitor_2,oligodendrocyte_progenitor_2
6,1524,genes_volume,oligodendrocyte_1,oligodendrocyte_progenitor_2
6,1553,genes_volume,oligodendrocyte_1,oligodendrocyte_progenitor_2
6,500,genes_volume,astrocyte_1,astrocyte_1
6,1454,genes_volume,oligodendrocyte_1,oligodendrocyte_1
6,2503,genes_volume,oligodendrocyte_progenitor_2,oligodendrocyte_2
6,777,genes_volume,endothelial,endothelial
6,1639,genes_volume,oligodendrocyte_2,oligodendrocyte_2
6,2351,genes_volume,oligodendrocyte_progenitor_2,oligodendrocyte_progenitor_2
6,1128,genes_volume,meninges_1,meninges_1
6,534,genes_volume,astrocyte_1,astrocyte_1
6,376,genes_volume,astrocyte_1,astrocyte_1
6,1891,genes_volume,oligodendrocyte_2,oligodendrocyte_progenitor_2
6,1235,genes_volume,microglia,astrocyte_1
6,1373,genes_volume,oligodendrocyte_1,oligodendrocyte_progenitor_2
6,1389,genes_volume,oligodendrocyte_1,oligodendrocyte_1
6,2148,genes_volume,oligodendrocyte_progenitor_2,oligodendrocyte_2
6,1514,genes_volume,oligodendrocyte_1,oligodendrocyte_progenitor_2
6,1585,genes_volume,oligodendrocyte_2,oligodendrocyte_2
6,525,genes_volume,astrocyte_1,astrocyte_1
6,2012,genes_volume,oligodendrocyte_precursor_cell,oligodendrocyte_progenitor_2
6,357,genes_volume,astrocyte_1,astrocyte_2
6,386,genes_volume,astrocyte_1,astrocyte_1
6,2752,genes_volume,oligodendrocyte_progenitor_2,oligodendrocyte_progenitor_2
6,975,genes_volume,endothelial,endothelial
6,651,genes_volume,astrocyte_2,astrocyte_1
6,417,genes_volume,astrocyte_1,astrocyte_1
6,1029,genes_volume,endothelial,endothelial
6,1617,genes_volume,oligodendrocyte_2,oligodendrocyte_2
6,2040,genes_volume,oligodendrocyte_precursor_cell,oligodendrocyte_precursor_cell
6,175,genes_volume,astrocyte_1,astrocyte_1
6,1210,genes_volume,meninges_2,meninges_1
6,719,genes_volume,astrocyte_2,astrocyte_2
6,2085,genes_volume,oligodendrocyte_precursor_cell,astrocyte_1
6,773,genes_volume,endothelial,endothelial
6,1654,genes_volume,oligodendrocyte_2,oligodendrocyte_2
6,2411,genes_volume,oligodendrocyte_progenitor_2,oligodendrocyte_progenitor_2
6,1741,genes_volume,oligodendrocyte_2,oligodendrocyte_2
6,233,genes_volume,astrocyte_1,astrocyte_1
6,1337,genes_volume,oligodendrocyte_1,astrocyte_1
6,1482,genes_volume,oligodendrocyte_1,oligodendrocyte_1
6,1024,genes_volume,endothelial,endothelial
6,515,genes_volume,astrocyte_1,pericyte
6,1557,genes_volume,oligodendrocyte_1,oligodendrocyte_2
6,935,genes_volume,endothelial,endothelial
6,1085,genes_volume,endothelial,endothelial
6,2558,genes_volume,oligodendrocyte_progenitor_2,oligodendrocyte_2
6,1356,genes_volume,oligodendrocyte_1,oligodendrocyte_progenitor_2
6,1889,genes_volume,oligodendrocyte_2,oligodendrocyte_2
6,1126,genes_volume,meninges_1,pericyte
6,2865,genes_volume,pericyte,endothelial
6,143,genes_volume,astrocyte_1,astrocyte_1
6,105,genes_volume,astrocyte_1,astrocyte_1
6,1954,genes_volume,oligodendrocyte_2,oligodendrocyte_2
6,2467,genes_volume,oligodendrocyte_progenitor_2,astrocyte_1
6,607,genes_volume,astrocyte_2,astrocyte_2
6,236,genes_volume,astrocyte_1,astrocyte_1
6,99,genes_volume,astrocyte_1,astrocyte_1
6,794,genes_volume,endothelial,endothelial
6,1811,genes_volume,oligodendrocyte_2,oligodendrocyte_2
6,2630,genes_volume,oligodendrocyte_progenitor_2,oligodendrocyte_progenitor_2
6,258,genes_volume,astrocyte_1,astrocyte_1
6,563,genes_volume,astrocyte_1,astrocyte_1
6,181,genes_volume,astrocyte_1,astrocyte_1
6,126,genes_volume,astrocyte_1,astrocyte_1
6,2224,genes_volume,oligodendrocyte_progenitor_2,oligodendrocyte_progenitor_2
6,1877,genes_volume,oligodendrocyte_2,oligodendrocyte_2
6,306,genes_volume,astrocyte_1,astrocyte_1
6,2420,genes_volume,oligodendrocyte_progenitor_2,oligodendrocyte_progenitor_2
6,893,genes_volume,endothelial,endothelial
6,2921,genes_volume,Schwann_cell,Schwann_cell
6,118,genes_volume,astrocyte_1,astrocyte_1
6,1640,genes_volume,oligodendrocyte_2,oligodendrocyte_2
6,471,genes_volume,astrocyte_1,astrocyte_1
6,473,genes_volume,astrocyte_1,astrocyte_1
6,776,genes_volume,endothelial,endothelial
6,130,genes_volume,astrocyte_1,endothelial
6,1328,genes_volume,oligodendrocyte_1,oligodendrocyte_2
6,2308,genes_volume,oligodendrocyte_progenitor_2,oligodendrocyte_progenitor_2
6,1295,genes_volume,oligodendrocyte_1,oligodendrocyte_progenitor_2
6,2394,genes_volume,oligodendrocyte_progenitor_2,oligodendrocyte_progenitor_2
6,761,genes_volume,astrocyte_2,astrocyte_2
6,1787,genes_volume,oligodendrocyte_2,oligodendrocyte_2
6,2626,genes_volume,oligodendrocyte_progenitor_2,oligodendrocyte_progenitor_2
6,2422,genes_volume,oligodendrocyte_progenitor_2,oligodendrocyte_progenitor_2
6,829,genes_volume,endothelial,endothelial
6,33,genes_volume,astrocyte_1,astrocyte_1
6,801,genes_volume,endothelial,endothelial
6,1003,targeted_hybrid,endothelial,endothelial
6,1477,targeted_hybrid,oligodendrocyte_1,endothelial
6,1861,targeted_hybrid,oligodendrocyte_2,oligodendrocyte_2
6,1719,targeted_hybrid,oligodendrocyte_2,oligodendrocyte_2
6,2505,targeted_hybrid,oligodendrocyte_progenitor_2,oligodendrocyte_progenitor_2
6,626,targeted_hybrid,astrocyte_2,microglia
6,2780,targeted_hybrid,oligodendrocyte_progenitor_2,astrocyte_1
6,2603,targeted_hybrid,oligodendrocyte_progenitor_2,oligodendrocyte_progenitor_2
6,2174,targeted_hybrid,oligodendrocyte_progenitor_2,oligodendrocyte_progenitor_2
6,1474,targeted_hybrid,oligodendrocyte_1,oligodendrocyte_1
6,695,targeted_hybrid,astrocyte_2,astrocyte_2
6,2835,targeted_hybrid,oligodendrocyte_progenitor_2,oligodendrocyte_1
6,868,targeted_hybrid,endothelial,endothelial
6,441,targeted_hybrid,astrocyte_1,astrocyte_1
6,89,targeted_hybrid,astrocyte_1,astrocyte_1
6,2350,targeted_hybrid,oligodendrocyte_progenitor_2,oligodendrocyte_progenitor_2
6,2846,targeted_hybrid,pericyte,astrocyte_1
6,2900,targeted_hybrid,peripheral_glia,oligodendrocyte_2
6,2320,targeted_hybrid,oligodendrocyte_progenitor_2,oligodendrocyte_progenitor_2
6,2880,targeted_hybrid,pericyte,pericyte
6,2645,targeted_hybrid,oligodendrocyte_progenitor_2,oligodendrocyte_progenitor_2
6,2357,targeted_hybrid,oligodendrocyte_progenitor_2,oligodendrocyte_progenitor_2
6,53,targeted_hybrid,astrocyte_1,astrocyte_1
6,1155,targeted_hybrid,meninges_1,meninges_2
6,2937,targeted_hybrid,Schwann_cell,Schwann_cell
6,125,targeted_hybrid,astrocyte_1,astrocyte_1
6,2080,targeted_hybrid,oligodendrocyte_precursor_cell,oligodendrocyte_precursor_cell
6,2884,targeted_hybrid,pericyte,microglia
6,531,targeted_hybrid,astrocyte_1,astrocyte_1
6,1917,targeted_hybrid,oligodendrocyte_2,oligodendrocyte_2
6,426,targeted_hybrid,astrocyte_1,astrocyte_1
6,2233,targeted_hybrid,oligodendrocyte_progenitor_2,oligodendrocyte_progenitor_2
6,2778,targeted_hybrid,oligodendrocyte_progenitor_2,oligodendrocyte_progenitor_2
6,1568,targeted_hybrid,oligodendrocyte_2,oligodendrocyte_2
6,116,targeted_hybrid,astrocyte_1,astrocyte_2
6,151,targeted_hybrid,astrocyte_1,oligodendrocyte_progenitor_2
6,2883,targeted_hybrid,pericyte,astrocyte_1
6,264,targeted_hybrid,astrocyte_1,astrocyte_1
6,2260,targeted_hybrid,oligodendrocyte_progenitor_2,oligodendrocyte_progenitor_2
6,2368,targeted_hybrid,oligodendrocyte_progenitor_2,oligodendrocyte_progenitor_2
6,2363,targeted_hybrid,oligodendrocyte_progenitor_2,oligodendrocyte_progenitor_2
6,785,targeted_hybrid,endothelial,endothelial
6,782,targeted_hybrid,endothelial,endothelial
6,1386,targeted_hybrid,oligodendrocyte_1,endothelial
6,2562,targeted_hybrid,oligodendrocyte_progenitor_2,oligodendrocyte_progenitor_2
6,1971,targeted_hybrid,oligodendrocyte_2,oligodendrocyte_progenitor_2
6,1160,targeted_hybrid,meninges_1,oligodendrocyte_progenitor_2
6,1302,targeted_hybrid,oligodendrocyte_1,astrocyte_1
6,2481,targeted_hybrid,oligodendrocyte_progenitor_2,oligodendrocyte_progenitor_2
6,704,targeted_hybrid,astrocyte_2,astrocyte_2
6,2180,targeted_hybrid,oligodendrocyte_progenitor_2,oligodendrocyte_1
6,254,targeted_hybrid,astrocyte_1,oligodendrocyte_progenitor_2
6,2695,targeted_hybrid,oligodendrocyte_progenitor_2,oligodendrocyte_progenitor_2
6,842,targeted_hybrid,endothelial,endothelial
6,589,targeted_hybrid,astrocyte_2,astrocyte_1
6,468,targeted_hybrid,astrocyte_1,astrocyte_1
6,2872,targeted_hybrid,pericyte,pericyte
6,139,targeted_hybrid,astrocyte_1,astrocyte_1
6,1313,targeted_hybrid,oligodendrocyte_1,oligodendrocyte_progenitor_2
6,535,targeted_hybrid,astrocyte_1,astrocyte_1
6,1939,targeted_hybrid,oligodendrocyte_2,oligodendrocyte_2
6,706,targeted_hybrid,astrocyte_2,astrocyte_2
6,486,targeted_hybrid,astrocyte_1,astrocyte_1
6,2620,targeted_hybrid,oligodendrocyte_progenitor_2,astrocyte_1
6,1764,targeted_hybrid,oligodendrocyte_2,oligodendrocyte_2
6,2176,targeted_hybrid,oligodendrocyte_progenitor_2,oligodendrocyte_progenitor_2
6,2532,targeted_hybrid,oligodendrocyte_progenitor_2,oligodendrocyte_progenitor_2
6,1736,targeted_hybrid,oligodendrocyte_2,oligodendrocyte_2
6,61,targeted_hybrid,astrocyte_1,astrocyte_2
6,1447,targeted_hybrid,oligodendrocyte_1,oligodendrocyte_2
6,2702,targeted_hybrid,oligodendrocyte_progenitor_2,oligodendrocyte_progenitor_2
6,625,targeted_hybrid,astrocyte_2,astrocyte_2
6,2008,targeted_hybrid,oligodendrocyte_precursor_cell,oligodendrocyte_precursor_cell
6,2469,targeted_hybrid,oligodendrocyte_progenitor_2,oligodendrocyte_progenitor_2
6,2053,targeted_hybrid,oligodendrocyte_precursor_cell,oligodendrocyte_progenitor_1
6,18,targeted_hybrid,astrocyte_1,astrocyte_1
6,1252,targeted_hybrid,microglia,oligodendrocyte_2
6,803,targeted_hybrid,endothelial,astrocyte_2
6,1644,targeted_hybrid,oligodendrocyte_2,oligodendrocyte_2
6,2120,targeted_hybrid,oligodendrocyte_progenitor_1,oligodendrocyte_progenitor_1
6,1976,targeted_hybrid,oligodendrocyte_2,oligodendrocyte_2
6,1107,targeted_hybrid,meninges_1,endothelial
6,221,targeted_hybrid,astrocyte_1,astrocyte_1
6,1279,targeted_hybrid,microglia,microglia
6,1703,targeted_hybrid,oligodendrocyte_2,oligodendrocyte_2
6,216,targeted_hybrid,astrocyte_1,oligodendrocyte_progenitor_2
6,172,targeted_hybrid,astrocyte_1,astrocyte_1
6,1059,targeted_hybrid,endothelial,oligodendrocyte_progenitor_2
6,339,targeted_hybrid,astrocyte_1,astrocyte_1
6,1908,targeted_hybrid,oligodendrocyte_2,oligodendrocyte_2
6,2146,targeted_hybrid,oligodendrocyte_progenitor_2,oligodendrocyte_progenitor_2
6,739,targeted_hybrid,astrocyte_2,astrocyte_2
6,2099,targeted_hybrid,oligodendrocyte_progenitor_1,oligodendrocyte_progenitor_1
6,499,targeted_hybrid,astrocyte_1,endothelial
6,2015,targeted_hybrid,oligodendrocyte_precursor_cell,oligodendrocyte_precursor_cell
6,717,targeted_hybrid,astrocyte_2,astrocyte_2
6,438,targeted_hybrid,astrocyte_1,astrocyte_1
6,1881,targeted_hybrid,oligodendrocyte_2,oligodendrocyte_2
6,2654,targeted_hybrid,oligodendrocyte_progenitor_2,oligodendrocyte_progenitor_2
6,1671,targeted_hybrid,oligodendrocyte_2,oligodendrocyte_2
6,2588,targeted_hybrid,oligodendrocyte_progenitor_2,oligodendrocyte_progenitor_2
6,2330,targeted_hybrid,oligodendrocyte_progenitor_2,oligodendrocyte_progenitor_2
6,1140,targeted_hybrid,meninges_1,meninges_1
6,11,targeted_hybrid,astrocyte_1,astrocyte_1
6,1270,targeted_hybrid,microglia,astrocyte_1
6,2955,targeted_hybrid,Schwann_cell,oligodendrocyte_2
6,2946,targeted_hybrid,Schwann_cell,peripheral_glia
6,917,targeted_hybrid,endothelial,endothelial
6,1652,targeted_hybrid,oligodendrocyte_2,oligodendrocyte_2
6,383,targeted_hybrid,astrocyte_1,astrocyte_1
6,606,targeted_hybrid,astrocyte_2,astrocyte_1
6,189,targeted_hybrid,astrocyte_1,oligodendrocyte_precursor_cell
6,2688,targeted_hybrid,oligodendrocyte_progenitor_2,oligodendrocyte_1
6,2201,targeted_hybrid,oligodendrocyte_progenitor_2,endothelial
6,1785,targeted_hybrid,oligodendrocyte_2,oligodendrocyte_2
6,1121,targeted_hybrid,meninges_1,oligodendrocyte_progenitor_2
6,1975,targeted_hybrid,oligodendrocyte_2,oligodendrocyte_2
6,1217,targeted_hybrid,meninges_3,meninges_2
6,2895,targeted_hybrid,peripheral_glia,Schwann_cell
6,51,targeted_hybrid,astrocyte_1,astrocyte_1
6,117,targeted_hybrid,astrocyte_1,endothelial
6,389,targeted_hybrid,astrocyte_1,astrocyte_1
6,636,targeted_hybrid,astrocyte_2,astrocyte_1
6,1988,targeted_hybrid,oligodendrocyte_precursor_cell,oligodendrocyte_progenitor_2
6,602,targeted_hybrid,astrocyte_2,astrocyte_2
6,1805,targeted_hybrid,oligodendrocyte_2,oligodendrocyte_2
6,1236,targeted_hybrid,microglia,microglia
6,2727,targeted_hybrid,oligodendrocyte_progenitor_2,oligodendrocyte_1
6,1168,targeted_hybrid,meninges_1,meninges_1
6,1002,targeted_hybrid,endothelial,oligodendrocyte_progenitor_2
6,1980,targeted_hybrid,oligodendrocyte_2,oligodendrocyte_2
6,2028,targeted_hybrid,oligodendrocyte_precursor_cell,microglia
6,461,targeted_hybrid,astrocyte_1,astrocyte_1
6,2610,targeted_hybrid,oligodendrocyte_progenitor_2,oligodendrocyte_progenitor_2
6,214,targeted_hybrid,astrocyte_1,oligodendrocyte_progenitor_2
6,281,targeted_hybrid,astrocyte_1,astrocyte_1
6,1923,targeted_hybrid,oligodendrocyte_2,oligodendrocyte_2
6,1476,targeted_hybrid,oligodendrocyte_1,oligodendrocyte_1
6,2625,targeted_hybrid,oligodendrocyte_progenitor_2,oligodendrocyte_1
6,1028,targeted_hybrid,endothelial,astrocyte_1
6,2839,targeted_hybrid,oligodendrocyte_progenitor_2,endothelial
6,2324,targeted_hybrid,oligodendrocyte_progenitor_2,oligodendrocyte_progenitor_2
6,1499,targeted_hybrid,oligodendrocyte_1,oligodendrocyte_progenitor_2
6,1531,targeted_hybrid,oligodendrocyte_1,oligodendrocyte_progenitor_2
6,62,targeted_hybrid,astrocyte_1,astrocyte_1
6,2838,targeted_hybrid,oligodendrocyte_progenitor_2,oligodendrocyte_1
6,2871,targeted_hybrid,pericyte,endothelial
6,83,targeted_hybrid,astrocyte_1,astrocyte_1
6,1251,targeted_hybrid,microglia,microglia
6,2874,targeted_hybrid,pericyte,endothelial
6,2803,targeted_hybrid,oligodendrocyte_progenitor_2,oligodendrocyte_2
6,2540,targeted_hybrid,oligodendrocyte_progenitor_2,oligodendrocyte_progenitor_2
6,146,targeted_hybrid,astrocyte_1,astrocyte_1
6,713,targeted_hybrid,astrocyte_2,oligodendrocyte_progenitor_2
6,2917,targeted_hybrid,Schwann_cell,Schwann_cell
6,2449,targeted_hybrid,oligodendrocyte_progenitor_2,oligodendrocyte_1
6,1071,targeted_hybrid,endothelial,endothelial
6,1301,targeted_hybrid,oligodendrocyte_1,astrocyte_1
6,1707,targeted_hybrid,oligodendrocyte_2,oligodendrocyte_2
6,2309,targeted_hybrid,oligodendrocyte_progenitor_2,oligodendrocyte_progenitor_2
6,2720,targeted_hybrid,oligodendrocyte_progenitor_2,oligodendrocyte_progenitor_2
6,451,targeted_hybrid,astrocyte_1,astrocyte_1
6,1536,targeted_hybrid,oligodendrocyte_1,astrocyte_1
6,1749,targeted_hybrid,oligodendrocyte_2,oligodendrocyte_2
6,1137,targeted_hybrid,meninges_1,oligodendrocyte_progenitor_2
6,2784,targeted_hybrid,oligodendrocyte_progenitor_2,oligodendrocyte_progenitor_2
6,1363,targeted_hybrid,oligodendrocyte_1,oligodendrocyte_progenitor_2
6,2283,targeted_hybrid,oligodendrocyte_progenitor_2,oligodendrocyte_1
6,2740,targeted_hybrid,oligodendrocyte_progenitor_2,oligodendrocyte_progenitor_2
6,1376,targeted_hybrid,oligodendrocyte_1,oligodendrocyte_1
6,2356,targeted_hybrid,oligodendrocyte_progenitor_2,oligodendrocyte_progenitor_2
6,27,targeted_hybrid,astrocyte_1,astrocyte_1
6,2393,targeted_hybrid,oligodendrocyte_progenitor_2,oligodendrocyte_progenitor_2
6,1384,targeted_hybrid,oligodendrocyte_1,astrocyte_1
6,2876,targeted_hybrid,pericyte,endothelial
6,1308,targeted_hybrid,oligodendrocyte_1,oligodendrocyte_progenitor_2
6,2878,targeted_hybrid,pericyte,pericyte
6,34,targeted_hybrid,astrocyte_1,astrocyte_1
6,2546,targeted_hybrid,oligodendrocyte_progenitor_2,oligodendrocyte_progenitor_2
6,1343,targeted_hybrid,oligodendrocyte_1,oligodendrocyte_progenitor_2
6,1311,targeted_hybrid,oligodendrocyte_1,oligodendrocyte_progenitor_2
6,844,targeted_hybrid,endothelial,endothelial
6,2547,targeted_hybrid,oligodendrocyte_progenitor_2,oligodendrocyte_1
6,2573,targeted_hybrid,oligodendrocyte_progenitor_2,astrocyte_1
6,1273,targeted_hybrid,microglia,microglia
6,1033,targeted_hybrid,endothelial,endothelial
6,983,targeted_hybrid,endothelial,endothelial
6,1688,targeted_hybrid,oligodendrocyte_2,oligodendrocyte_2
6,973,targeted_hybrid,endothelial,endothelial
6,329,targeted_hybrid,astrocyte_1,oligodendrocyte_progenitor_2
6,24,targeted_hybrid,astrocyte_1,astrocyte_1
6,729,targeted_hybrid,astrocyte_2,oligodendrocyte_progenitor_2
6,351,targeted_hybrid,astrocyte_1,astrocyte_1
6,1031,targeted_hybrid,endothelial,endothelial
6,1184,targeted_hybrid,meninges_2,meninges_1
6,409,targeted_hybrid,astrocyte_1,astrocyte_1
6,79,targeted_hybrid,astrocyte_1,astrocyte_1
6,633,targeted_hybrid,astrocyte_2,astrocyte_2
6,137,targeted_hybrid,astrocyte_1,astrocyte_1
6,1420,targeted_hybrid,oligodendrocyte_1,oligodendrocyte_precursor_cell
6,532,targeted_hybrid,astrocyte_1,astrocyte_1
6,2713,targeted_hybrid,oligodendrocyte_progenitor_2,oligodendrocyte_progenitor_2
6,1978,targeted_hybrid,oligodendrocyte_2,oligodendrocyte_2
6,912,targeted_hybrid,endothelial,oligodendrocyte_progenitor_2
6,648,targeted_hybrid,astrocyte_2,oligodendrocyte_2
6,59,targeted_hybrid,astrocyte_1,astrocyte_1
6,2793,targeted_hybrid,oligodendrocyte_progenitor_2,oligodendrocyte_progenitor_2
6,1548,targeted_hybrid,oligodendrocyte_1,oligodendrocyte_1
6,1651,targeted_hybrid,oligodendrocyte_2,oligodendrocyte_2
6,558,targeted_hybrid,astrocyte_1,astrocyte_1
6,487,targeted_hybrid,astrocyte_1,endothelial
6,2348,targeted_hybrid,oligodendrocyte_progenitor_2,oligodendrocyte_progenitor_2
6,1336,targeted_hybrid,oligodendrocyte_1,astrocyte_1
6,222,targeted_hybrid,astrocyte_1,astrocyte_2
6,10,targeted_hybrid,astrocyte_1,astrocyte_1
6,2497,targeted_hybrid,oligodendrocyte_progenitor_2,oligodendrocyte_progenitor_2
6,1572,targeted_hybrid,oligodendrocyte_2,oligodendrocyte_2
6,949,targeted_hybrid,endothelial,endothelial
6,1698,targeted_hybrid,oligodendrocyte_2,oligodendrocyte_2
6,2257,targeted_hybrid,oligodendrocyte_progenitor_2,astrocyte_1
6,2058,targeted_hybrid,oligodendrocyte_precursor_cell,oligodendrocyte_progenitor_1
6,2284,targeted_hybrid,oligodendrocyte_progenitor_2,oligodendrocyte_progenitor_2
6,1361,targeted_hybrid,oligodendrocyte_1,oligodendrocyte_progenitor_2
6,1837,targeted_hybrid,oligodendrocyte_2,oligodendrocyte_2
6,2775,targeted_hybrid,oligodendrocyte_progenitor_2,oligodendrocyte_progenitor_2
6,615,targeted_hybrid,astrocyte_2,astrocyte_2
6,969,targeted_hybrid,endothelial,endothelial
6,1110,targeted_hybrid,meninges_1,meninges_1
6,1888,targeted_hybrid,oligodendrocyte_2,oligodendrocyte_2
6,1136,targeted_hybrid,meninges_1,meninges_1
6,2072,targeted_hybrid,oligodendrocyte_precursor_cell,oligodendrocyte_precursor_cell
6,1013,targeted_hybrid,endothelial,endothelial
6,1347,targeted_hybrid,oligodendrocyte_1,oligodendrocyte_progenitor_2
6,119,targeted_hybrid,astrocyte_1,oligodendrocyte_progenitor_1
6,763,targeted_hybrid,astrocyte_2,astrocyte_1
6,1870,targeted_hybrid,oligodendrocyte_2,oligodendrocyte_2
6,1197,targeted_hybrid,meninges_2,oligodendrocyte_progenitor_2
6,846,targeted_hybrid,endothelial,endothelial
6,644,targeted_hybrid,astrocyte_2,oligodendrocyte_progenitor_2
6,672,targeted_hybrid,astrocyte_2,endothelial
6,2552,targeted_hybrid,oligodendrocyte_progenitor_2,oligodendrocyte_progenitor_2
6,1533,targeted_hybrid,oligodendrocyte_1,oligodendrocyte_precursor_cell
6,986,targeted_hybrid,endothelial,endothelial
6,2288,targeted_hybrid,oligodendrocyte_progenitor_2,oligodendrocyte_progenitor_2
6,204,targeted_hybrid,astrocyte_1,astrocyte_1
6,154,targeted_hybrid,astrocyte_1,astrocyte_1
6,2070,targeted_hybrid,oligodendrocyte_precursor_cell,oligodendrocyte_precursor_cell
6,2698,targeted_hybrid,oligodendrocyte_progenitor_2,oligodendrocyte_progenitor_2
6,2056,targeted_hybrid,oligodendrocyte_precursor_cell,oligodendrocyte_progenitor_1
6,326,targeted_hybrid,astrocyte_1,astrocyte_2
6,1226,targeted_hybrid,meninges_3,meninges_3
6,954,targeted_hybrid,endothelial,endothelial
6,709,targeted_hybrid,astrocyte_2,oligodendrocyte_progenitor_2
6,597,targeted_hybrid,astrocyte_2,oligodendrocyte_precursor_cell
6,2097,targeted_hybrid,oligodendrocyte_progenitor_1,oligodendrocyte_precursor_cell
6,2082,targeted_hybrid,oligodendrocyte_precursor_cell,oligodendrocyte_precursor_cell
6,2576,targeted_hybrid,oligodendrocyte_progenitor_2,oligodendrocyte_progenitor_2
6,1951,targeted_hybrid,oligodendrocyte_2,oligodendrocyte_2
6,1665,targeted_hybrid,oligodendrocyte_2,oligodendrocyte_2
6,1788,targeted_hybrid,oligodendrocyte_2,oligodendrocyte_progenitor_2
6,2736,targeted_hybrid,oligodendrocyte_progenitor_2,oligodendrocyte_1
6,1176,targeted_hybrid,meninges_2,meninges_1
6,1245,targeted_hybrid,microglia,microglia
6,211,targeted_hybrid,astrocyte_1,astrocyte_2
6,2901,targeted_hybrid,peripheral_glia,peripheral_glia
6,1844,targeted_hybrid,oligodendrocyte_2,oligodendrocyte_2
6,2379,targeted_hybrid,oligodendrocyte_progenitor_2,oligodendrocyte_progenitor_2
6,2568,targeted_hybrid,oligodendrocyte_progenitor_2,oligodendrocyte_progenitor_2
6,1352,targeted_hybrid,oligodendrocyte_1,oligodendrocyte_progenitor_2
6,1556,targeted_hybrid,oligodendrocyte_1,oligodendrocyte_progenitor_2
6,1691,targeted_hybrid,oligodendrocyte_2,oligodendrocyte_2
6,2178,targeted_hybrid,oligodendrocyte_progenitor_2,oligodendrocyte_progenitor_2
6,303,targeted_hybrid,astrocyte_1,oligodendrocyte_progenitor_2
6,40,targeted_hybrid,astrocyte_1,astrocyte_1
6,1655,targeted_hybrid,oligodendrocyte_2,oligodendrocyte_2
6,666,targeted_hybrid,astrocyte_2,astrocyte_2
6,658,targeted_hybrid,astrocyte_2,oligodendrocyte_2
6,75,targeted_hybrid,astrocyte_1,astrocyte_1
6,2431,targeted_hybrid,oligodendrocyte_progenitor_2,oligodendrocyte_progenitor_2
6,2830,targeted_hybrid,oligodendrocyte_progenitor_2,oligodendrocyte_progenitor_2
6,560,targeted_hybrid,astrocyte_1,astrocyte_2
6,265,targeted_hybrid,astrocyte_1,endothelial
6,0,targeted_hybrid,astrocyte_1,oligodendrocyte_1
6,2269,targeted_hybrid,oligodendrocyte_progenitor_2,oligodendrocyte_precursor_cell
6,108,targeted_hybrid,astrocyte_1,astrocyte_1
6,661,targeted_hybrid,astrocyte_2,astrocyte_2
6,1338,targeted_hybrid,oligodendrocyte_1,oligodendrocyte_1
6,190,targeted_hybrid,astrocyte_1,astrocyte_1
6,1628,targeted_hybrid,oligodendrocyte_2,oligodendrocyte_2
6,1523,targeted_hybrid,oligodendrocyte_1,oligodendrocyte_1
6,227,targeted_hybrid,astrocyte_1,astrocyte_2
6,1646,targeted_hybrid,oligodendrocyte_2,oligodendrocyte_1
6,1286,targeted_hybrid,microglia,oligodendrocyte_progenitor_2
6,2138,targeted_hybrid,oligodendrocyte_progenitor_1,oligodendrocyte_precursor_cell
6,92,targeted_hybrid,astrocyte_1,oligodendrocyte_progenitor_2
6,1492,targeted_hybrid,oligodendrocyte_1,oligodendrocyte_1
6,2756,targeted_hybrid,oligodendrocyte_progenitor_2,oligodendrocyte_progenitor_2
6,280,targeted_hybrid,astrocyte_1,astrocyte_1
6,122,targeted_hybrid,astrocyte_1,oligodendrocyte_2
6,552,targeted_hybrid,astrocyte_1,astrocyte_1
6,2346,targeted_hybrid,oligodendrocyte_progenitor_2,astrocyte_1
6,2857,targeted_hybrid,pericyte,oligodendrocyte_1
6,1974,targeted_hybrid,oligodendrocyte_2,oligodendrocyte_2
6,1587,targeted_hybrid,oligodendrocyte_2,oligodendrocyte_2
6,2287,targeted_hybrid,oligodendrocyte_progenitor_2,oligodendrocyte_progenitor_2
6,153,targeted_hybrid,astrocyte_1,astrocyte_1
6,916,targeted_hybrid,endothelial,endothelial
6,419,targeted_hybrid,astrocyte_1,astrocyte_1
6,1334,targeted_hybrid,oligodendrocyte_1,oligodendrocyte_2
6,2151,targeted_hybrid,oligodendrocyte_progenitor_2,oligodendrocyte_1
6,2541,targeted_hybrid,oligodendrocyte_progenitor_2,oligodendrocyte_progenitor_2
6,338,targeted_hybrid,astrocyte_1,oligodendrocyte_1
6,2811,targeted_hybrid,oligodendrocyte_progenitor_2,oligodendrocyte_progenitor_2
6,1333,targeted_hybrid,oligodendrocyte_1,oligodendrocyte_progenitor_2
6,1543,targeted_hybrid,oligodendrocyte_1,oligodendrocyte_progenitor_2
6,2544,targeted_hybrid,oligodendrocyte_progenitor_2,oligodendrocyte_progenitor_2
6,2086,targeted_hybrid,oligodendrocyte_precursor_cell,oligodendrocyte_precursor_cell
6,2794,targeted_hybrid,oligodendrocyte_progenitor_2,oligodendrocyte_progenitor_2
6,1734,targeted_hybrid,oligodendrocyte_2,oligodendrocyte_2
6,2692,targeted_hybrid,oligodendrocyte_progenitor_2,astrocyte_1
6,824,targeted_hybrid,endothelial,endothelial
6,2807,targeted_hybrid,oligodendrocyte_progenitor_2,oligodendrocyte_2
6,1776,targeted_hybrid,oligodendrocyte_2,oligodendrocyte_2
6,595,targeted_hybrid,astrocyte_2,oligodendrocyte_2
6,2055,targeted_hybrid,oligodendrocyte_precursor_cell,astrocyte_2
6,2244,targeted_hybrid,oligodendrocyte_progenitor_2,oligodendrocyte_2
6,291,targeted_hybrid,astrocyte_1,astrocyte_1
6,2669,targeted_hybrid,oligodendrocyte_progenitor_2,oligodendrocyte_progenitor_2
6,1223,targeted_hybrid,meninges_3,meninges_3
6,257,targeted_hybrid,astrocyte_1,astrocyte_1
6,593,targeted_hybrid,astrocyte_2,astrocyte_1
6,1493,targeted_hybrid,oligodendrocyte_1,astrocyte_1
6,2662,targeted_hybrid,oligodendrocyte_progenitor_2,oligodendrocyte_progenitor_2
6,676,targeted_hybrid,astrocyte_2,astrocyte_2
6,2534,targeted_hybrid,oligodendrocyte_progenitor_2,oligodendrocyte_progenitor_2
6,2614,targeted_hybrid,oligodendrocyte_progenitor_2,oligodendrocyte_1
6,1207,targeted_hybrid,meninges_2,meninges_2
6,1099,targeted_hybrid,ependymal,astrocyte_2
6,1365,targeted_hybrid,oligodendrocyte_1,oligodendrocyte_1
6,1004,targeted_hybrid,endothelial,oligodendrocyte_1
6,1290,targeted_hybrid,microglia,microglia
6,453,targeted_hybrid,astrocyte_1,astrocyte_1
6,243,targeted_hybrid,astrocyte_1,astrocyte_1
6,1163,targeted_hybrid,meninges_1,meninges_1
6,78,targeted_hybrid,astrocyte_1,astrocyte_1
6,68,targeted_hybrid,astrocyte_1,astrocyte_1
6,1271,targeted_hybrid,microglia,microglia
6,1449,targeted_hybrid,oligodendrocyte_1,oligodendrocyte_1
6,1196,targeted_hybrid,meninges_2,oligodendrocyte_progenitor_2
6,848,targeted_hybrid,endothelial,endothelial
6,1520,targeted_hybrid,oligodendrocyte_1,oligodendrocyte_1
6,128,targeted_hybrid,astrocyte_1,astrocyte_1
6,135,targeted_hybrid,astrocyte_1,astrocyte_2
6,194,targeted_hybrid,astrocyte_1,astrocyte_1
6,1743,targeted_hybrid,oligodendrocyte_2,oligodendrocyte_2
6,2366,targeted_hybrid,oligodendrocyte_progenitor_2,oligodendrocyte_progenitor_2
6,2615,targeted_hybrid,oligodendrocyte_progenitor_2,oligodendrocyte_progenitor_2
6,106,targeted_hybrid,astrocyte_1,astrocyte_1
6,2095,targeted_hybrid,oligodendrocyte_progenitor_1,oligodendrocyte_progenitor_1
6,267,targeted_hybrid,astrocyte_1,endothelial
6,2480,targeted_hybrid,oligodendrocyte_progenitor_2,oligodendrocyte_progenitor_2
6,2281,targeted_hybrid,oligodendrocyte_progenitor_2,oligodendrocyte_progenitor_2
6,104,targeted_hybrid,astrocyte_1,astrocyte_1
6,1582,targeted_hybrid,oligodendrocyte_2,oligodendrocyte_2
6,109,targeted_hybrid,astrocyte_1,endothelial
6,2172,targeted_hybrid,oligodendrocyte_progenitor_2,oligodendrocyte_progenitor_2
6,111,targeted_hybrid,astrocyte_1,astrocyte_2
6,448,targeted_hybrid,astrocyte_1,astrocyte_1
6,2639,targeted_hybrid,oligodendrocyte_progenitor_2,oligodendrocyte_2
6,454,targeted_hybrid,astrocyte_1,astrocyte_1
6,680,targeted_hybrid,astrocyte_2,astrocyte_1
6,1224,targeted_hybrid,meninges_3,meninges_2
6,2424,targeted_hybrid,oligodendrocyte_progenitor_2,oligodendrocyte_progenitor_2
6,988,targeted_hybrid,endothelial,astrocyte_1
6,786,targeted_hybrid,endothelial,endothelial
6,2655,targeted_hybrid,oligodendrocyte_progenitor_2,oligodendrocyte_progenitor_2
6,813,targeted_hybrid,endothelial,endothelial
6,1041,targeted_hybrid,endothelial,endothelial
6,2088,targeted_hybrid,oligodendrocyte_precursor_cell,astrocyte_1
6,309,targeted_hybrid,astrocyte_1,astrocyte_1
6,745,targeted_hybrid,astrocyte_2,oligodendrocyte_2
6,2868,targeted_hybrid,pericyte,astrocyte_1
6,2143,targeted_hybrid,oligodendrocyte_progenitor_2,oligodendrocyte_progenitor_2
6,582,targeted_hybrid,astrocyte_2,oligodendrocyte_1
6,1461,targeted_hybrid,oligodendrocyte_1,oligodendrocyte_2
6,497,targeted_hybrid,astrocyte_1,astrocyte_1
6,1938,targeted_hybrid,oligodendrocyte_2,oligodendrocyte_2
6,1540,targeted_hybrid,oligodendrocyte_1,oligodendrocyte_1
6,1394,targeted_hybrid,oligodendrocyte_1,oligodendrocyte_1
6,2634,targeted_hybrid,oligodendrocyte_progenitor_2,oligodendrocyte_progenitor_2
6,366,targeted_hybrid,astrocyte_1,oligodendrocyte_progenitor_2
6,1932,targeted_hybrid,oligodendrocyte_2,oligodendrocyte_progenitor_2
6,575,targeted_hybrid,astrocyte_2,endothelial
6,472,targeted_hybrid,astrocyte_1,astrocyte_1
6,2783,targeted_hybrid,oligodendrocyte_progenitor_2,oligodendrocyte_progenitor_2
6,1602,targeted_hybrid,oligodendrocyte_2,endothelial
6,2313,targeted_hybrid,oligodendrocyte_progenitor_2,oligodendrocyte_progenitor_2
6,592,targeted_hybrid,astrocyte_2,astrocyte_1
6,2668,targeted_hybrid,oligodendrocyte_progenitor_2,oligodendrocyte_progenitor_2
6,1388,targeted_hybrid,oligodendrocyte_1,oligodendrocyte_progenitor_2
6,1810,targeted_hybrid,oligodendrocyte_2,oligodendrocyte_2
6,1717,targeted_hybrid,oligodendrocyte_2,oligodendrocyte_2
6,2563,targeted_hybrid,oligodendrocyte_progenitor_2,oligodendrocyte_progenitor_2
6,1101,targeted_hybrid,ependymal,ependymal
6,2699,targeted_hybrid,oligodendrocyte_progenitor_2,oligodendrocyte_1
6,110,targeted_hybrid,astrocyte_1,astrocyte_1
6,1055,targeted_hybrid,endothelial,oligodendrocyte_progenitor_2
6,1890,targeted_hybrid,oligodendrocyte_2,oligodendrocyte_2
6,2571,targeted_hybrid,oligodendrocyte_progenitor_2,oligodendrocyte_progenitor_2
6,2528,targeted_hybrid,oligodendrocyte_progenitor_2,oligodendrocyte_progenitor_2
6,1579,targeted_hybrid,oligodendrocyte_2,oligodendrocyte_2
6,2509,targeted_hybrid,oligodendrocyte_progenitor_2,oligodendrocyte_2
6,2081,targeted_hybrid,oligodendrocyte_precursor_cell,astrocyte_1
6,1050,targeted_hybrid,endothelial,endothelial
6,2130,targeted_hybrid,oligodendrocyte_progenitor_1,oligodendrocyte_progenitor_1
6,196,targeted_hybrid,astrocyte_1,astrocyte_2
6,1201,targeted_hybrid,meninges_2,meninges_2
6,1103,targeted_hybrid,meninges_1,endothelial
6,958,targeted_hybrid,endothelial,endothelial
6,47,targeted_hybrid,astrocyte_1,astrocyte_2
6,310,targeted_hybrid,astrocyte_1,oligodendrocyte_1
6,1227,targeted_hybrid,meninges_3,meninges_3
6,155,targeted_hybrid,astrocyte_1,astrocyte_1
6,2685,targeted_hybrid,oligodendrocyte_progenitor_2,endothelial
6,1367,targeted_hybrid,oligodendrocyte_1,oligodendrocyte_1
6,1276,targeted_hybrid,microglia,oligodendrocyte_2
6,2885,targeted_hybrid,pericyte,pericyte
6,1712,targeted_hybrid,oligodendrocyte_2,oligodendrocyte_2
6,2332,targeted_hybrid,oligodendrocyte_progenitor_2,oligodendrocyte_2
6,1726,targeted_hybrid,oligodendrocyte_2,oligodendrocyte_2
6,1970,targeted_hybrid,oligodendrocyte_2,oligodendrocyte_2
6,1518,targeted_hybrid,oligodendrocyte_1,astrocyte_1
6,1123,targeted_hybrid,meninges_1,meninges_1
6,1341,targeted_hybrid,oligodendrocyte_1,oligodendrocyte_1
6,2167,targeted_hybrid,oligodendrocyte_progenitor_2,oligodendrocyte_progenitor_2
6,432,targeted_hybrid,astrocyte_1,astrocyte_1
6,2016,targeted_hybrid,oligodendrocyte_precursor_cell,oligodendrocyte_precursor_cell
6,1408,targeted_hybrid,oligodendrocyte_1,oligodendrocyte_1
6,493,targeted_hybrid,astrocyte_1,oligodendrocyte_precursor_cell
6,355,targeted_hybrid,astrocyte_1,astrocyte_1
6,2318,targeted_hybrid,oligodendrocyte_progenitor_2,endothelial
6,2448,targeted_hybrid,oligodendrocyte_progenitor_2,oligodendrocyte_progenitor_2
6,2754,targeted_hybrid,oligodendrocyte_progenitor_2,oligodendrocyte_progenitor_2
6,987,targeted_hybrid,endothelial,oligodendrocyte_progenitor_2
6,2790,targeted_hybrid,oligodendrocyte_progenitor_2,oligodendrocyte_progenitor_2
6,1222,targeted_hybrid,meninges_3,meninges_3
6,2063,targeted_hybrid,oligodendrocyte_precursor_cell,endothelial
6,2404,targeted_hybrid,oligodendrocyte_progenitor_2,oligodendrocyte_progenitor_2
6,931,targeted_hybrid,endothelial,endothelial
6,2862,targeted_hybrid,pericyte,endothelial
6,275,targeted_hybrid,astrocyte_1,astrocyte_1
6,442,targeted_hybrid,astrocyte_1,astrocyte_1
6,241,targeted_hybrid,astrocyte_1,astrocyte_1
6,1087,targeted_hybrid,endothelial,oligodendrocyte_1
6,2957,targeted_hybrid,Schwann_cell,Schwann_cell
6,1220,targeted_hybrid,meninges_3,meninges_1
6,2758,targeted_hybrid,oligodendrocyte_progenitor_2,astrocyte_2
6,52,targeted_hybrid,astrocyte_1,astrocyte_2
6,2400,targeted_hybrid,oligodendrocyte_progenitor_2,oligodendrocyte_progenitor_2
6,1438,targeted_hybrid,oligodendrocyte_1,oligodendrocyte_1
6,406,targeted_hybrid,astrocyte_1,oligodendrocyte_1
6,1849,targeted_hybrid,oligodendrocyte_2,oligodendrocyte_2
6,656,targeted_hybrid,astrocyte_2,astrocyte_2
6,1106,targeted_hybrid,meninges_1,meninges_1
6,1441,targeted_hybrid,oligodendrocyte_1,oligodendrocyte_progenitor_2
6,1435,targeted_hybrid,oligodendrocyte_1,oligodendrocyte_1
6,650,targeted_hybrid,astrocyte_2,oligodendrocyte_2
6,1198,targeted_hybrid,meninges_2,oligodendrocyte_progenitor_2
6,2693,targeted_hybrid,oligodendrocyte_progenitor_2,oligodendrocyte_progenitor_2
6,2510,targeted_hybrid,oligodendrocyte_progenitor_2,oligodendrocyte_progenitor_2
6,395,targeted_hybrid,astrocyte_1,astrocyte_1
6,2105,targeted_hybrid,oligodendrocyte_progenitor_1,oligodendrocyte_progenitor_1
6,2519,targeted_hybrid,oligodendrocyte_progenitor_2,oligodendrocyte_progenitor_2
6,1996,targeted_hybrid,oligodendrocyte_precursor_cell,oligodendrocyte_precursor_cell
6,2195,targeted_hybrid,oligodendrocyte_progenitor_2,oligodendrocyte_1
6,2364,targeted_hybrid,oligodendrocyte_progenitor_2,oligodendrocyte_progenitor_2
6,2909,targeted_hybrid,Schwann_cell,Schwann_cell
6,2433,targeted_hybrid,oligodendrocyte_progenitor_2,oligodendrocyte_2
6,1049,targeted_hybrid,endothelial,oligodendrocyte_progenitor_2
6,2697,targeted_hybrid,oligodendrocyte_progenitor_2,oligodendrocyte_1
6,1720,targeted_hybrid,oligodendrocyte_2,oligodendrocyte_2
6,1685,targeted_hybrid,oligodendrocyte_2,oligodendrocyte_2
6,1527,targeted_hybrid,oligodendrocyte_1,oligodendrocyte_precursor_cell
6,2852,targeted_hybrid,pericyte,endothelial
6,1649,targeted_hybrid,oligodendrocyte_2,oligodendrocyte_2
6,677,targeted_hybrid,astrocyte_2,astrocyte_2
6,1949,targeted_hybrid,oligodendrocyte_2,oligodendrocyte_2
6,2864,targeted_hybrid,pericyte,astrocyte_1
6,1280,targeted_hybrid,microglia,microglia
6,2660,targeted_hybrid,oligodendrocyte_progenitor_2,oligodendrocyte_progenitor_2
6,770,targeted_hybrid,endothelial,oligodendrocyte_progenitor_2
6,1697,targeted_hybrid,oligodendrocyte_2,oligodendrocyte_progenitor_2
6,1613,targeted_hybrid,oligodendrocyte_2,oligodendrocyte_2
6,2586,targeted_hybrid,oligodendrocyte_progenitor_2,oligodendrocyte_2
6,1115,targeted_hybrid,meninges_1,oligodendrocyte_progenitor_2
6,1619,targeted_hybrid,oligodendrocyte_2,oligodendrocyte_2
6,327,targeted_hybrid,astrocyte_1,oligodendrocyte_1
6,1994,targeted_hybrid,oligodendrocyte_precursor_cell,oligodendrocyte_precursor_cell
6,2643,targeted_hybrid,oligodendrocyte_progenitor_2,oligodendrocyte_progenitor_2
6,15,targeted_hybrid,astrocyte_1,astrocyte_1
6,1696,targeted_hybrid,oligodendrocyte_2,oligodendrocyte_2
6,462,targeted_hybrid,astrocyte_1,astrocyte_1
6,1886,targeted_hybrid,oligodendrocyte_2,oligodendrocyte_2
6,276,targeted_hybrid,astrocyte_1,astrocyte_1
6,2450,targeted_hybrid,oligodendrocyte_progenitor_2,oligodendrocyte_progenitor_2
6,1524,targeted_hybrid,oligodendrocyte_1,oligodendrocyte_1
6,1553,targeted_hybrid,oligodendrocyte_1,oligodendrocyte_progenitor_2
6,500,targeted_hybrid,astrocyte_1,astrocyte_2
6,1454,targeted_hybrid,oligodendrocyte_1,oligodendrocyte_1
6,2503,targeted_hybrid,oligodendrocyte_progenitor_2,oligodendrocyte_2
6,777,targeted_hybrid,endothelial,endothelial
6,1639,targeted_hybrid,oligodendrocyte_2,oligodendrocyte_2
6,2351,targeted_hybrid,oligodendrocyte_progenitor_2,oligodendrocyte_progenitor_2
6,1128,targeted_hybrid,meninges_1,meninges_1
6,534,targeted_hybrid,astrocyte_1,astrocyte_1
6,376,targeted_hybrid,astrocyte_1,astrocyte_1
6,1891,targeted_hybrid,oligodendrocyte_2,oligodendrocyte_progenitor_2
6,1235,targeted_hybrid,microglia,astrocyte_1
6,1373,targeted_hybrid,oligodendrocyte_1,oligodendrocyte_1
6,1389,targeted_hybrid,oligodendrocyte_1,oligodendrocyte_1
6,2148,targeted_hybrid,oligodendrocyte_progenitor_2,oligodendrocyte_2
6,1514,targeted_hybrid,oligodendrocyte_1,oligodendrocyte_progenitor_2
6,1585,targeted_hybrid,oligodendrocyte_2,oligodendrocyte_2
6,525,targeted_hybrid,astrocyte_1,astrocyte_1
6,2012,targeted_hybrid,oligodendrocyte_precursor_cell,oligodendrocyte_progenitor_2
6,357,targeted_hybrid,astrocyte_1,astrocyte_2
6,386,targeted_hybrid,astrocyte_1,astrocyte_1
6,2752,targeted_hybrid,oligodendrocyte_progenitor_2,oligodendrocyte_progenitor_2
6,975,targeted_hybrid,endothelial,endothelial
6,651,targeted_hybrid,astrocyte_2,astrocyte_2
6,417,targeted_hybrid,astrocyte_1,astrocyte_1
6,1029,targeted_hybrid,endothelial,endothelial
6,1617,targeted_hybrid,oligodendrocyte_2,oligodendrocyte_2
6,2040,targeted_hybrid,oligodendrocyte_precursor_cell,oligodendrocyte_precursor_cell
6,175,targeted_hybrid,astrocyte_1,astrocyte_1
6,1210,targeted_hybrid,meninges_2,meninges_1
6,719,targeted_hybrid,astrocyte_2,astrocyte_2
6,2085,targeted_hybrid,oligodendrocyte_precursor_cell,astrocyte_1
6,773,targeted_hybrid,endothelial,endothelial
6,1654,targeted_hybrid,oligodendrocyte_2,oligodendrocyte_2
6,2411,targeted_hybrid,oligodendrocyte_progenitor_2,oligodendrocyte_progenitor_2
6,1741,targeted_hybrid,oligodendrocyte_2,oligodendrocyte_2
6,233,targeted_hybrid,astrocyte_1,astrocyte_1
6,1337,targeted_hybrid,oligodendrocyte_1,astrocyte_1
6,1482,targeted_hybrid,oligodendrocyte_1,oligodendrocyte_1
6,1024,targeted_hybrid,endothelial,endothelial
6,515,targeted_hybrid,astrocyte_1,pericyte
6,1557,targeted_hybrid,oligodendrocyte_1,oligodendrocyte_2
6,935,targeted_hybrid,endothelial,endothelial
6,1085,targeted_hybrid,endothelial,endothelial
6,2558,targeted_hybrid,oligodendrocyte_progenitor_2,oligodendrocyte_2
6,1356,targeted_hybrid,oligodendrocyte_1,oligodendrocyte_progenitor_2
6,1889,targeted_hybrid,oligodendrocyte_2,oligodendrocyte_2
6,1126,targeted_hybrid,meninges_1,pericyte
6,2865,targeted_hybrid,pericyte,endothelial
6,143,targeted_hybrid,astrocyte_1,astrocyte_1
6,105,targeted_hybrid,astrocyte_1,astrocyte_1
6,1954,targeted_hybrid,oligodendrocyte_2,oligodendrocyte_2
6,2467,targeted_hybrid,oligodendrocyte_progenitor_2,astrocyte_1
6,607,targeted_hybrid,astrocyte_2,astrocyte_2
6,236,targeted_hybrid,astrocyte_1,astrocyte_1
6,99,targeted_hybrid,astrocyte_1,astrocyte_1
6,794,targeted_hybrid,endothelial,endothelial
6,1811,targeted_hybrid,oligodendrocyte_2,oligodendrocyte_2
6,2630,targeted_hybrid,oligodendrocyte_progenitor_2,oligodendrocyte_progenitor_2
6,258,targeted_hybrid,astrocyte_1,astrocyte_1
6,563,targeted_hybrid,astrocyte_1,astrocyte_1
6,181,targeted_hybrid,astrocyte_1,astrocyte_2
6,126,targeted_hybrid,astrocyte_1,astrocyte_1
6,2224,targeted_hybrid,oligodendrocyte_progenitor_2,oligodendrocyte_progenitor_2
6,1877,targeted_hybrid,oligodendrocyte_2,oligodendrocyte_2
6,306,targeted_hybrid,astrocyte_1,astrocyte_1
6,2420,targeted_hybrid,oligodendrocyte_progenitor_2,oligodendrocyte_progenitor_2
6,893,targeted_hybrid,endothelial,endothelial
6,2921,targeted_hybrid,Schwann_cell,peripheral_glia
6,118,targeted_hybrid,astrocyte_1,astrocyte_1
6,1640,targeted_hybrid,oligodendrocyte_2,oligodendrocyte_2
6,471,targeted_hybrid,astrocyte_1,astrocyte_1
6,473,targeted_hybrid,astrocyte_1,astrocyte_1
6,776,targeted_hybrid,endothelial,endothelial
6,130,targeted_hybrid,astrocyte_1,endothelial
6,1328,targeted_hybrid,oligodendrocyte_1,oligodendrocyte_2
6,2308,targeted_hybrid,oligodendrocyte_progenitor_2,oligodendrocyte_progenitor_2
6,1295,targeted_hybrid,oligodendrocyte_1,oligodendrocyte_progenitor_2
6,2394,targeted_hybrid,oligodendrocyte_progenitor_2,oligodendrocyte_progenitor_2
6,761,targeted_hybrid,astrocyte_2,astrocyte_2
6,1787,targeted_hybrid,oligodendrocyte_2,oligodendrocyte_2
6,2626,targeted_hybrid,oligodendrocyte_progenitor_2,oligodendrocyte_progenitor_2
6,2422,targeted_hybrid,oligodendrocyte_progenitor_2,oligodendrocyte_progenitor_2
6,829,targeted_hybrid,endothelial,endothelial
6,33,targeted_hybrid,astrocyte_1,astrocyte_1
6,801,targeted_hybrid,endothelial,endothelial
7,1722,genes_volume,oligodendrocyte_2,oligodendrocyte_2
7,2889,genes_volume,peripheral_glia,endothelial
7,2415,genes_volume,oligodendrocyte_progenitor_2,oligodendrocyte_progenitor_2
7,2088,genes_volume,oligodendrocyte_precursor_cell,astrocyte_1
7,1809,genes_volume,oligodendrocyte_2,oligodendrocyte_2
7,2169,genes_volume,oligodendrocyte_progenitor_2,oligodendrocyte_2
7,1018,genes_volume,endothelial,endothelial
7,2937,genes_volume,Schwann_cell,Schwann_cell
7,324,genes_volume,astrocyte_1,astrocyte_1
7,2043,genes_volume,oligodendrocyte_precursor_cell,oligodendrocyte_precursor_cell
7,2283,genes_volume,oligodendrocyte_progenitor_2,oligodendrocyte_progenitor_2
7,1245,genes_volume,microglia,microglia
7,2152,genes_volume,oligodendrocyte_progenitor_2,astrocyte_1
7,2793,genes_volume,oligodendrocyte_progenitor_2,oligodendrocyte_progenitor_2
7,1758,genes_volume,oligodendrocyte_2,oligodendrocyte_2
7,697,genes_volume,astrocyte_2,astrocyte_2
7,2947,genes_volume,Schwann_cell,Schwann_cell
7,527,genes_volume,astrocyte_1,astrocyte_1
7,458,genes_volume,astrocyte_1,astrocyte_1
7,631,genes_volume,astrocyte_2,astrocyte_2
7,1020,genes_volume,endothelial,astrocyte_1
7,1187,genes_volume,meninges_2,meninges_1
7,2854,genes_volume,pericyte,pericyte
7,1035,genes_volume,endothelial,endothelial
7,7,genes_volume,astrocyte_1,astrocyte_1
7,2204,genes_volume,oligodendrocyte_progenitor_2,oligodendrocyte_progenitor_2
7,271,genes_volume,astrocyte_1,astrocyte_1
7,414,genes_volume,astrocyte_1,oligodendrocyte_progenitor_2
7,2042,genes_volume,oligodendrocyte_precursor_cell,oligodendrocyte_precursor_cell
7,757,genes_volume,astrocyte_2,astrocyte_2
7,17,genes_volume,astrocyte_1,oligodendrocyte_progenitor_2
7,998,genes_volume,endothelial,oligodendrocyte_2
7,1788,genes_volume,oligodendrocyte_2,oligodendrocyte_progenitor_2
7,311,genes_volume,astrocyte_1,oligodendrocyte_progenitor_2
7,807,genes_volume,endothelial,endothelial
7,1773,genes_volume,oligodendrocyte_2,oligodendrocyte_2
7,103,genes_volume,astrocyte_1,astrocyte_1
7,2505,genes_volume,oligodendrocyte_progenitor_2,oligodendrocyte_progenitor_2
7,2391,genes_volume,oligodendrocyte_progenitor_2,oligodendrocyte_progenitor_2
7,287,genes_volume,astrocyte_1,oligodendrocyte_progenitor_2
7,787,genes_volume,endothelial,endothelial
7,362,genes_volume,astrocyte_1,astrocyte_1
7,1783,genes_volume,oligodendrocyte_2,oligodendrocyte_2
7,2237,genes_volume,oligodendrocyte_progenitor_2,oligodendrocyte_2
7,461,genes_volume,astrocyte_1,astrocyte_1
7,1919,genes_volume,oligodendrocyte_2,oligodendrocyte_2
7,28,genes_volume,astrocyte_1,astrocyte_1
7,2840,genes_volume,oligodendrocyte_progenitor_2,oligodendrocyte_progenitor_2
7,2778,genes_volume,oligodendrocyte_progenitor_2,oligodendrocyte_progenitor_2
7,2939,genes_volume,Schwann_cell,Schwann_cell
7,1455,genes_volume,oligodendrocyte_1,oligodendrocyte_progenitor_2
7,1754,genes_volume,oligodendrocyte_2,oligodendrocyte_2
7,2637,genes_volume,oligodendrocyte_progenitor_2,oligodendrocyte_progenitor_2
7,1215,genes_volume,meninges_3,meninges_3
7,536,genes_volume,astrocyte_1,astrocyte_1
7,1094,genes_volume,ependymal,astrocyte_1
7,2446,genes_volume,oligodendrocyte_progenitor_2,oligodendrocyte_progenitor_2
7,2697,genes_volume,oligodendrocyte_progenitor_2,oligodendrocyte_progenitor_2
7,612,genes_volume,astrocyte_2,astrocyte_2
7,2165,genes_volume,oligodendrocyte_progenitor_2,oligodendrocyte_progenitor_2
7,2318,genes_volume,oligodendrocyte_progenitor_2,endothelial
7,2419,genes_volume,oligodendrocyte_progenitor_2,oligodendrocyte_progenitor_2
7,439,genes_volume,astrocyte_1,astrocyte_1
7,374,genes_volume,astrocyte_1,oligodendrocyte_progenitor_2
7,471,genes_volume,astrocyte_1,astrocyte_1
7,1333,genes_volume,oligodendrocyte_1,oligodendrocyte_progenitor_2
7,338,genes_volume,astrocyte_1,oligodendrocyte_progenitor_2
7,1652,genes_volume,oligodendrocyte_2,oligodendrocyte_2
7,1575,genes_volume,oligodendrocyte_2,oligodendrocyte_progenitor_2
7,210,genes_volume,astrocyte_1,astrocyte_1
7,53,genes_volume,astrocyte_1,astrocyte_1
7,2569,genes_volume,oligodendrocyte_progenitor_2,oligodendrocyte_progenitor_2
7,2546,genes_volume,oligodendrocyte_progenitor_2,oligodendrocyte_progenitor_2
7,122,genes_volume,astrocyte_1,oligodendrocyte_2
7,2883,genes_volume,pericyte,astrocyte_1
7,2207,genes_volume,oligodendrocyte_progenitor_2,oligodendrocyte_progenitor_2
7,2261,genes_volume,oligodendrocyte_progenitor_2,oligodendrocyte_2
7,2439,genes_volume,oligodendrocyte_progenitor_2,oligodendrocyte_2
7,1230,genes_volume,microglia,microglia
7,1202,genes_volume,meninges_2,meninges_2
7,2652,genes_volume,oligodendrocyte_progenitor_2,oligodendrocyte_progenitor_2
7,2490,genes_volume,oligodendrocyte_progenitor_2,oligodendrocyte_2
7,1511,genes_volume,oligodendrocyte_1,oligodendrocyte_progenitor_2
7,2323,genes_volume,oligodendrocyte_progenitor_2,oligodendrocyte_progenitor_2
7,2017,genes_volume,oligodendrocyte_precursor_cell,oligodendrocyte_progenitor_2
7,1574,genes_volume,oligodendrocyte_2,oligodendrocyte_2
7,1479,genes_volume,oligodendrocyte_1,oligodendrocyte_progenitor_2
7,962,genes_volume,endothelial,oligodendrocyte_progenitor_2
7,1087,genes_volume,endothelial,oligodendrocyte_progenitor_2
7,2262,genes_volume,oligodendrocyte_progenitor_2,oligodendrocyte_progenitor_2
7,649,genes_volume,astrocyte_2,astrocyte_2
7,594,genes_volume,astrocyte_2,astrocyte_1
7,2482,genes_volume,oligodendrocyte_progenitor_2,oligodendrocyte_progenitor_2
7,43,genes_volume,astrocyte_1,astrocyte_1
7,1895,genes_volume,oligodendrocyte_2,oligodendrocyte_2
7,361,genes_volume,astrocyte_1,oligodendrocyte_1
7,501,genes_volume,astrocyte_1,astrocyte_1
7,792,genes_volume,endothelial,astrocyte_1
7,1892,genes_volume,oligodendrocyte_2,oligodendrocyte_2
7,590,genes_volume,astrocyte_2,astrocyte_1
7,1972,genes_volume,oligodendrocyte_2,oligodendrocyte_2
7,2467,genes_volume,oligodendrocyte_progenitor_2,astrocyte_1
7,1407,genes_volume,oligodendrocyte_1,oligodendrocyte_progenitor_2
7,12,genes_volume,astrocyte_1,astrocyte_1
7,560,genes_volume,astrocyte_1,astrocyte_1
7,921,genes_volume,endothelial,oligodendrocyte_progenitor_2
7,2882,genes_volume,pericyte,pericyte
7,1898,genes_volume,oligodendrocyte_2,oligodendrocyte_2
7,1258,genes_volume,microglia,microglia
7,2759,genes_volume,oligodendrocyte_progenitor_2,oligodendrocyte_progenitor_2
7,2920,genes_volume,Schwann_cell,Schwann_cell
7,54,genes_volume,astrocyte_1,astrocyte_1
7,1460,genes_volume,oligodendrocyte_1,astrocyte_1
7,2107,genes_volume,oligodendrocyte_progenitor_1,oligodendrocyte_progenitor_2
7,1502,genes_volume,oligodendrocyte_1,astrocyte_1
7,1592,genes_volume,oligodendrocyte_2,oligodendrocyte_2
7,2133,genes_volume,oligodendrocyte_progenitor_1,oligodendrocyte_precursor_cell
7,724,genes_volume,astrocyte_2,oligodendrocyte_progenitor_2
7,1332,genes_volume,oligodendrocyte_1,oligodendrocyte_progenitor_2
7,2440,genes_volume,oligodendrocyte_progenitor_2,oligodendrocyte_progenitor_2
7,2711,genes_volume,oligodendrocyte_progenitor_2,oligodendrocyte_progenitor_2
7,778,genes_volume,endothelial,endothelial
7,1336,genes_volume,oligodendrocyte_1,astrocyte_1
7,371,genes_volume,astrocyte_1,astrocyte_1
7,2580,genes_volume,oligodendrocyte_progenitor_2,oligodendrocyte_progenitor_2
7,2343,genes_volume,oligodendrocyte_progenitor_2,oligodendrocyte_progenitor_2
7,1050,genes_volume,endothelial,endothelial
7,1072,genes_volume,endothelial,endothelial
7,2083,genes_volume,oligodendrocyte_precursor_cell,oligodendrocyte_precursor_cell
7,1531,genes_volume,oligodendrocyte_1,oligodendrocyte_progenitor_2
7,1700,genes_volume,oligodendrocyte_2,oligodendrocyte_2
7,852,genes_volume,endothelial,astrocyte_1
7,1992,genes_volume,oligodendrocyte_precursor_cell,astrocyte_1
7,1557,genes_volume,oligodendrocyte_1,oligodendrocyte_2
7,1568,genes_volume,oligodendrocyte_2,oligodendrocyte_2
7,2898,genes_volume,peripheral_glia,Schwann_cell
7,207,genes_volume,astrocyte_1,astrocyte_1
7,1564,genes_volume,oligodendrocyte_1,endothelial
7,2692,genes_volume,oligodendrocyte_progenitor_2,astrocyte_1
7,2330,genes_volume,oligodendrocyte_progenitor_2,oligodendrocyte_progenitor_2
7,2841,genes_volume,oligodendrocyte_progenitor_2,oligodendrocyte_progenitor_2
7,2,genes_volume,astrocyte_1,astrocyte_1
7,264,genes_volume,astrocyte_1,astrocyte_1
7,1276,genes_volume,microglia,oligodendrocyte_2
7,989,genes_volume,endothelial,endothelial
7,1200,genes_volume,meninges_2,meninges_3
7,1489,genes_volume,oligodendrocyte_1,oligodendrocyte_2
7,690,genes_volume,astrocyte_2,oligodendrocyte_progenitor_2
7,1413,genes_volume,oligodendrocyte_1,oligodendrocyte_progenitor_2
7,2303,genes_volume,oligodendrocyte_progenitor_2,oligodendrocyte_progenitor_2
7,2657,genes_volume,oligodendrocyte_progenitor_2,oligodendrocyte_progenitor_2
7,369,genes_volume,astrocyte_1,astrocyte_1
7,1418,genes_volume,oligodendrocyte_1,oligodendrocyte_1
7,309,genes_volume,astrocyte_1,astrocyte_1
7,684,genes_volume,astrocyte_2,astrocyte_1
7,2429,genes_volume,oligodendrocyte_progenitor_2,oligodendrocyte_progenitor_2
7,1654,genes_volume,oligodendrocyte_2,oligodendrocyte_2
7,1459,genes_volume,oligodendrocyte_1,astrocyte_1
7,2559,genes_volume,oligodendrocyte_progenitor_2,oligodendrocyte_progenitor_2
7,726,genes_volume,astrocyte_2,astrocyte_2
7,909,genes_volume,endothelial,endothelial
7,525,genes_volume,astrocyte_1,astrocyte_1
7,580,genes_volume,astrocyte_2,astrocyte_2
7,2791,genes_volume,oligodendrocyte_progenitor_2,oligodendrocyte_progenitor_2
7,345,genes_volume,astrocyte_1,astrocyte_1
7,1765,genes_volume,oligodendrocyte_2,oligodendrocyte_2
7,1277,genes_volume,microglia,oligodendrocyte_2
7,2053,genes_volume,oligodendrocyte_precursor_cell,oligodendrocyte_precursor_cell
7,621,genes_volume,astrocyte_2,astrocyte_1
7,1345,genes_volume,oligodendrocyte_1,oligodendrocyte_1
7,482,genes_volume,astrocyte_1,astrocyte_1
7,1787,genes_volume,oligodendrocyte_2,oligodendrocyte_2
7,2710,genes_volume,oligodendrocyte_progenitor_2,oligodendrocyte_progenitor_2
7,460,genes_volume,astrocyte_1,astrocyte_1
7,2369,genes_volume,oligodendrocyte_progenitor_2,oligodendrocyte_progenitor_2
7,2209,genes_volume,oligodendrocyte_progenitor_2,oligodendrocyte_progenitor_2
7,2623,genes_volume,oligodendrocyte_progenitor_2,oligodendrocyte_progenitor_2
7,817,genes_volume,endothelial,endothelial
7,614,genes_volume,astrocyte_2,astrocyte_1
7,2820,genes_volume,oligodendrocyte_progenitor_2,oligodendrocyte_progenitor_2
7,1323,genes_volume,oligodendrocyte_1,astrocyte_1
7,2129,genes_volume,oligodendrocyte_progenitor_1,oligodendrocyte_progenitor_1
7,261,genes_volume,astrocyte_1,astrocyte_1
7,40,genes_volume,astrocyte_1,astrocyte_1
7,2602,genes_volume,oligodendrocyte_progenitor_2,oligodendrocyte_progenitor_2
7,349,genes_volume,astrocyte_1,astrocyte_1
7,719,genes_volume,astrocyte_2,endothelial
7,1264,genes_volume,microglia,microglia
7,323,genes_volume,astrocyte_1,astrocyte_1
7,2873,genes_volume,pericyte,astrocyte_1
7,2106,genes_volume,oligodendrocyte_progenitor_1,endothelial
7,2074,genes_volume,oligodendrocyte_precursor_cell,oligodendrocyte_precursor_cell
7,2554,genes_volume,oligodendrocyte_progenitor_2,oligodendrocyte_2
7,1254,genes_volume,microglia,astrocyte_1
7,1227,genes_volume,meninges_3,meninges_2
7,718,genes_volume,astrocyte_2,astrocyte_2
7,171,genes_volume,astrocyte_1,astrocyte_1
7,2409,genes_volume,oligodendrocyte_progenitor_2,oligodendrocyte_2
7,2499,genes_volume,oligodendrocyte_progenitor_2,oligodendrocyte_progenitor_2
7,68,genes_volume,astrocyte_1,astrocyte_1
7,2728,genes_volume,oligodendrocyte_progenitor_2,oligodendrocyte_progenitor_2
7,2693,genes_volume,oligodendrocyte_progenitor_2,oligodendrocyte_progenitor_2
7,2059,genes_volume,oligodendrocyte_precursor_cell,endothelial
7,212,genes_volume,astrocyte_1,astrocyte_1
7,2357,genes_volume,oligodendrocyte_progenitor_2,oligodendrocyte_progenitor_2
7,1580,genes_volume,oligodendrocyte_2,oligodendrocyte_2
7,208,genes_volume,astrocyte_1,oligodendrocyte_progenitor_2
7,242,genes_volume,astrocyte_1,astrocyte_1
7,1911,genes_volume,oligodendrocyte_2,oligodendrocyte_2
7,730,genes_volume,astrocyte_2,oligodendrocyte_precursor_cell
7,770,genes_volume,endothelial,oligodendrocyte_progenitor_2
7,2128,genes_volume,oligodendrocyte_progenitor_1,oligodendrocyte_precursor_cell
7,958,genes_volume,endothelial,endothelial
7,879,genes_volume,endothelial,endothelial
7,2005,genes_volume,oligodendrocyte_precursor_cell,oligodendrocyte_progenitor_2
7,2944,genes_volume,Schwann_cell,Schwann_cell
7,2485,genes_volume,oligodendrocyte_progenitor_2,oligodendrocyte_progenitor_2
7,2871,genes_volume,pericyte,endothelial
7,1121,genes_volume,meninges_1,oligodendrocyte_progenitor_2
7,881,genes_volume,endothelial,endothelial
7,2555,genes_volume,oligodendrocyte_progenitor_2,oligodendrocyte_progenitor_2
7,97,genes_volume,astrocyte_1,astrocyte_1
7,1513,genes_volume,oligodendrocyte_1,oligodendrocyte_1
7,619,genes_volume,astrocyte_2,astrocyte_1
7,2360,genes_volume,oligodendrocyte_progenitor_2,oligodendrocyte_progenitor_2
7,2399,genes_volume,oligodendrocyte_progenitor_2,oligodendrocyte_2
7,1139,genes_volume,meninges_1,meninges_2
7,1832,genes_volume,oligodendrocyte_2,oligodendrocyte_2
7,1383,genes_volume,oligodendrocyte_1,astrocyte_1
7,1408,genes_volume,oligodendrocyte_1,astrocyte_1
7,1824,genes_volume,oligodendrocyte_2,oligodendrocyte_2
7,2578,genes_volume,oligodendrocyte_progenitor_2,oligodendrocyte_progenitor_2
7,459,genes_volume,astrocyte_1,astrocyte_1
7,91,genes_volume,astrocyte_1,astrocyte_1
7,2541,genes_volume,oligodendrocyte_progenitor_2,oligodendrocyte_progenitor_2
7,134,genes_volume,astrocyte_1,astrocyte_1
7,1193,genes_volume,meninges_2,meninges_1
7,37,genes_volume,astrocyte_1,astrocyte_1
7,224,genes_volume,astrocyte_1,astrocyte_1
7,1602,genes_volume,oligodendrocyte_2,oligodendrocyte_1
7,1015,genes_volume,endothelial,astrocyte_1
7,1631,genes_volume,oligodendrocyte_2,oligodendrocyte_2
7,702,genes_volume,astrocyte_2,astrocyte_1
7,2741,genes_volume,oligodendrocyte_progenitor_2,oligodendrocyte_progenitor_2
7,1518,genes_volume,oligodendrocyte_1,astrocyte_1
7,845,genes_volume,endothelial,endothelial
7,2193,genes_volume,oligodendrocyte_progenitor_2,oligodendrocyte_progenitor_2
7,1446,genes_volume,oligodendrocyte_1,astrocyte_1
7,308,genes_volume,astrocyte_1,astrocyte_1
7,1140,genes_volume,meninges_1,meninges_1
7,1794,genes_volume,oligodendrocyte_2,oligodendrocyte_2
7,1026,genes_volume,endothelial,oligodendrocyte_progenitor_2
7,2270,genes_volume,oligodendrocyte_progenitor_2,oligodendrocyte_progenitor_2
7,2218,genes_volume,oligodendrocyte_progenitor_2,oligodendrocyte_progenitor_2
7,1960,genes_volume,oligodendrocyte_2,oligodendrocyte_2
7,398,genes_volume,astrocyte_1,astrocyte_1
7,269,genes_volume,astrocyte_1,oligodendrocyte_progenitor_2
7,278,genes_volume,astrocyte_1,astrocyte_1
7,2877,genes_volume,pericyte,pericyte
7,2807,genes_volume,oligodendrocyte_progenitor_2,oligodendrocyte_2
7,1352,genes_volume,oligodendrocyte_1,oligodendrocyte_progenitor_2
7,351,genes_volume,astrocyte_1,astrocyte_1
7,2900,genes_volume,peripheral_glia,oligodendrocyte_2
7,2797,genes_volume,oligodendrocyte_progenitor_2,oligodendrocyte_progenitor_2
7,520,genes_volume,astrocyte_1,astrocyte_1
7,1251,genes_volume,microglia,microglia
7,218,genes_volume,astrocyte_1,astrocyte_1
7,860,genes_volume,endothelial,endothelial
7,2418,genes_volume,oligodendrocyte_progenitor_2,oligodendrocyte_progenitor_2
7,894,genes_volume,endothelial,endothelial
7,884,genes_volume,endothelial,endothelial
7,680,genes_volume,astrocyte_2,astrocyte_1
7,2401,genes_volume,oligodendrocyte_progenitor_2,endothelial
7,1578,genes_volume,oligodendrocyte_2,oligodendrocyte_2
7,781,genes_volume,endothelial,endothelial
7,2066,genes_volume,oligodendrocyte_precursor_cell,oligodendrocyte_progenitor_2
7,275,genes_volume,astrocyte_1,astrocyte_1
7,1844,genes_volume,oligodendrocyte_2,oligodendrocyte_2
7,440,genes_volume,astrocyte_1,astrocyte_1
7,1641,genes_volume,oligodendrocyte_2,astrocyte_1
7,2400,genes_volume,oligodendrocyte_progenitor_2,oligodendrocyte_progenitor_2
7,944,genes_volume,endothelial,endothelial
7,1144,genes_volume,meninges_1,meninges_1
7,2295,genes_volume,oligodendrocyte_progenitor_2,oligodendrocyte_2
7,1938,genes_volume,oligodendrocyte_2,oligodendrocyte_2
7,755,genes_volume,astrocyte_2,astrocyte_2
7,1674,genes_volume,oligodendrocyte_2,oligodendrocyte_2
7,1149,genes_volume,meninges_1,meninges_1
7,1823,genes_volume,oligodendrocyte_2,oligodendrocyte_2
7,2846,genes_volume,pericyte,astrocyte_1
7,767,genes_volume,astrocyte_2,astrocyte_2
7,595,genes_volume,astrocyte_2,oligodendrocyte_2
7,415,genes_volume,astrocyte_1,astrocyte_1
7,2566,genes_volume,oligodendrocyte_progenitor_2,oligodendrocyte_progenitor_2
7,2374,genes_volume,oligodendrocyte_progenitor_2,oligodendrocyte_progenitor_2
7,1522,genes_volume,oligodendrocyte_1,oligodendrocyte_progenitor_2
7,1544,genes_volume,oligodendrocyte_1,astrocyte_1
7,2845,genes_volume,oligodendrocyte_progenitor_2,oligodendrocyte_progenitor_2
7,1901,genes_volume,oligodendrocyte_2,oligodendrocyte_2
7,2651,genes_volume,oligodendrocyte_progenitor_2,oligodendrocyte_1
7,1281,genes_volume,microglia,endothelial
7,2662,genes_volume,oligodendrocyte_progenitor_2,oligodendrocyte_progenitor_2
7,5,genes_volume,astrocyte_1,oligodendrocyte_1
7,526,genes_volume,astrocyte_1,astrocyte_1
7,1096,genes_volume,ependymal,ependymal
7,1935,genes_volume,oligodendrocyte_2,oligodendrocyte_2
7,2093,genes_volume,oligodendrocyte_precursor_cell,oligodendrocyte_2
7,2254,genes_volume,oligodendrocyte_progenitor_2,oligodendrocyte_2
7,1328,genes_volume,oligodendrocyte_1,oligodendrocyte_2
7,514,genes_volume,astrocyte_1,astrocyte_1
7,1740,genes_volume,oligodendrocyte_2,oligodendrocyte_2
7,2491,genes_volume,oligodendrocyte_progenitor_2,oligodendrocyte_progenitor_2
7,2078,genes_volume,oligodendrocyte_precursor_cell,astrocyte_1
7,1188,genes_volume,meninges_2,meninges_1
7,1533,genes_volume,oligodendrocyte_1,oligodendrocyte_progenitor_2
7,1106,genes_volume,meninges_1,meninges_1
7,1527,genes_volume,oligodendrocyte_1,oligodendrocyte_progenitor_2
7,2784,genes_volume,oligodendrocyte_progenitor_2,oligodendrocyte_progenitor_2
7,2435,genes_volume,oligodendrocyte_progenitor_2,oligodendrocyte_progenitor_2
7,1932,genes_volume,oligodendrocyte_2,oligodendrocyte_progenitor_2
7,1813,genes_volume,oligodendrocyte_2,oligodendrocyte_2
7,821,genes_volume,endothelial,endothelial
7,1354,genes_volume,oligodendrocyte_1,oligodendrocyte_2
7,880,genes_volume,endothelial,endothelial
7,436,genes_volume,astrocyte_1,astrocyte_1
7,2384,genes_volume,oligodendrocyte_progenitor_2,oligodendrocyte_progenitor_2
7,2071,genes_volume,oligodendrocyte_precursor_cell,oligodendrocyte_precursor_cell
7,1720,genes_volume,oligodendrocyte_2,oligodendrocyte_2
7,2034,genes_volume,oligodendrocyte_precursor_cell,oligodendrocyte_precursor_cell
7,2800,genes_volume,oligodendrocyte_progenitor_2,oligodendrocyte_progenitor_2
7,847,genes_volume,endothelial,endothelial
7,1539,genes_volume,oligodendrocyte_1,oligodendrocyte_1
7,2285,genes_volume,oligodendrocyte_progenitor_2,oligodendrocyte_progenitor_2
7,2751,genes_volume,oligodendrocyte_progenitor_2,oligodendrocyte_progenitor_2
7,332,genes_volume,astrocyte_1,astrocyte_1
7,295,genes_volume,astrocyte_1,astrocyte_1
7,945,genes_volume,endothelial,astrocyte_1
7,82,genes_volume,astrocyte_1,astrocyte_1
7,1775,genes_volume,oligodendrocyte_2,oligodendrocyte_2
7,2744,genes_volume,oligodendrocyte_progenitor_2,oligodendrocyte_1
7,1375,genes_volume,oligodendrocyte_1,oligodendrocyte_1
7,2501,genes_volume,oligodendrocyte_progenitor_2,oligodendrocyte_2
7,2288,genes_volume,oligodendrocyte_progenitor_2,oligodendrocyte_progenitor_2
7,1176,genes_volume,meninges_2,meninges_1
7,1340,genes_volume,oligodendrocyte_1,oligodendrocyte_2
7,93,genes_volume,astrocyte_1,astrocyte_1
7,777,genes_volume,endothelial,endothelial
7,321,genes_volume,astrocyte_1,astrocyte_1
7,1629,genes_volume,oligodendrocyte_2,oligodendrocyte_2
7,1235,genes_volume,microglia,astrocyte_1
7,2233,genes_volume,oligodendrocyte_progenitor_2,oligodendrocyte_progenitor_2
7,1998,genes_volume,oligodendrocyte_precursor_cell,astrocyte_1
7,1953,genes_volume,oligodendrocyte_2,oligodendrocyte_progenitor_2
7,277,genes_volume,astrocyte_1,astrocyte_1
7,1226,genes_volume,meninges_3,meninges_3
7,1171,genes_volume,meninges_2,meninges_1
7,451,genes_volume,astrocyte_1,astrocyte_1
7,139,genes_volume,astrocyte_1,astrocyte_1
7,2933,genes_volume,Schwann_cell,Schwann_cell
7,1916,genes_volume,oligodendrocyte_2,oligodendrocyte_2
7,2613,genes_volume,oligodendrocyte_progenitor_2,oligodendrocyte_progenitor_2
7,985,genes_volume,endothelial,astrocyte_1
7,1934,genes_volume,oligodendrocyte_2,oligodendrocyte_progenitor_2
7,540,genes_volume,astrocyte_1,astrocyte_1
7,1562,genes_volume,oligodendrocyte_1,oligodendrocyte_progenitor_2
7,843,genes_volume,endothelial,meninges_1
7,1671,genes_volume,oligodendrocyte_2,oligodendrocyte_2
7,1320,genes_volume,oligodendrocyte_1,oligodendrocyte_progenitor_2
7,2766,genes_volume,oligodendrocyte_progenitor_2,oligodendrocyte_progenitor_2
7,370,genes_volume,astrocyte_1,astrocyte_1
7,151,genes_volume,astrocyte_1,oligodendrocyte_progenitor_2
7,2563,genes_volume,oligodendrocyte_progenitor_2,oligodendrocyte_progenitor_2
7,1437,genes_volume,oligodendrocyte_1,oligodendrocyte_1
7,2594,genes_volume,oligodendrocyte_progenitor_2,oligodendrocyte_progenitor_2
7,1105,genes_volume,meninges_1,meninges_1
7,2865,genes_volume,pericyte,endothelial
7,2407,genes_volume,oligodendrocyte_progenitor_2,oligodendrocyte_progenitor_2
7,1122,genes_volume,meninges_1,meninges_1
7,1515,genes_volume,oligodendrocyte_1,oligodendrocyte_1
7,444,genes_volume,astrocyte_1,astrocyte_1
7,2796,genes_volume,oligodendrocyte_progenitor_2,oligodendrocyte_1
7,296,genes_volume,astrocyte_1,astrocyte_1
7,407,genes_volume,astrocyte_1,pericyte
7,1321,genes_volume,oligodendrocyte_1,oligodendrocyte_progenitor_2
7,2880,genes_volume,pericyte,pericyte
7,1756,genes_volume,oligodendrocyte_2,oligodendrocyte_2
7,2667,genes_volume,oligodendrocyte_progenitor_2,oligodendrocyte_2
7,1444,genes_volume,oligodendrocyte_1,oligodendrocyte_progenitor_2
7,2494,genes_volume,oligodendrocyte_progenitor_2,oligodendrocyte_progenitor_2
7,2885,genes_volume,pericyte,pericyte
7,2716,genes_volume,oligodendrocyte_progenitor_2,oligodendrocyte_progenitor_2
7,55,genes_volume,astrocyte_1,astrocyte_1
7,2825,genes_volume,oligodendrocyte_progenitor_2,oligodendrocyte_progenitor_2
7,634,genes_volume,astrocyte_2,astrocyte_1
7,1269,genes_volume,microglia,microglia
7,2160,genes_volume,oligodendrocyte_progenitor_2,oligodendrocyte_1
7,2679,genes_volume,oligodendrocyte_progenitor_2,oligodendrocyte_progenitor_2
7,1683,genes_volume,oligodendrocyte_2,oligodendrocyte_2
7,1752,genes_volume,oligodendrocyte_2,oligodendrocyte_2
7,1010,genes_volume,endothelial,astrocyte_1
7,1967,genes_volume,oligodendrocyte_2,oligodendrocyte_2
7,2305,genes_volume,oligodendrocyte_progenitor_2,oligodendrocyte_progenitor_2
7,2535,genes_volume,oligodendrocyte_progenitor_2,oligodendrocyte_progenitor_2
7,784,genes_volume,endothelial,endothelial
7,2031,genes_volume,oligodendrocyte_precursor_cell,oligodendrocyte_progenitor_2
7,2367,genes_volume,oligodendrocyte_progenitor_2,oligodendrocyte_progenitor_2
7,1108,genes_volume,meninges_1,meninges_1
7,577,genes_volume,astrocyte_2,astrocyte_1
7,1406,genes_volume,oligodendrocyte_1,oligodendrocyte_progenitor_2
7,1899,genes_volume,oligodendrocyte_2,oligodendrocyte_2
7,1315,genes_volume,oligodendrocyte_1,oligodendrocyte_1
7,844,genes_volume,endothelial,endothelial
7,109,genes_volume,astrocyte_1,endothelial
7,818,genes_volume,endothelial,endothelial
7,917,genes_volume,endothelial,endothelial
7,1698,genes_volume,oligodendrocyte_2,oligodendrocyte_2
7,1642,genes_volume,oligodendrocyte_2,oligodendrocyte_2
7,1485,genes_volume,oligodendrocyte_1,oligodendrocyte_progenitor_2
7,749,genes_volume,astrocyte_2,endothelial
7,111,genes_volume,astrocyte_1,oligodendrocyte_progenitor_2
7,2547,genes_volume,oligodendrocyte_progenitor_2,oligodendrocyte_progenitor_2
7,463,genes_volume,astrocyte_1,astrocyte_1
7,538,genes_volume,astrocyte_1,astrocyte_1
7,1128,genes_volume,meninges_1,meninges_1
7,322,genes_volume,astrocyte_1,astrocyte_1
7,2065,genes_volume,oligodendrocyte_precursor_cell,oligodendrocyte_precursor_cell
7,1694,genes_volume,oligodendrocyte_2,oligodendrocyte_progenitor_2
7,358,genes_volume,astrocyte_1,astrocyte_1
7,64,genes_volume,astrocyte_1,astrocyte_1
7,2293,genes_volume,oligodendrocyte_progenitor_2,oligodendrocyte_progenitor_2
7,146,genes_volume,astrocyte_1,astrocyte_1
7,1112,genes_volume,meninges_1,meninges_1
7,2689,genes_volume,oligodendrocyte_progenitor_2,oligodendrocyte_progenitor_2
7,522,genes_volume,astrocyte_1,astrocyte_1
7,1981,genes_volume,oligodendrocyte_2,oligodendrocyte_2
7,537,genes_volume,astrocyte_1,astrocyte_1
7,654,genes_volume,astrocyte_2,astrocyte_2
7,592,genes_volume,astrocyte_2,astrocyte_1
7,2189,genes_volume,oligodendrocyte_progenitor_2,oligodendrocyte_2
7,1904,genes_volume,oligodendrocyte_2,oligodendrocyte_2
7,1404,genes_volume,oligodendrocyte_1,pericyte
7,1,genes_volume,astrocyte_1,astrocyte_1
7,982,genes_volume,endothelial,endothelial
7,2600,genes_volume,oligodendrocyte_progenitor_2,oligodendrocyte_progenitor_2
7,2609,genes_volume,oligodendrocyte_progenitor_2,oligodendrocyte_progenitor_2
7,2325,genes_volume,oligodendrocyte_progenitor_2,oligodendrocyte_progenitor_2
7,172,genes_volume,astrocyte_1,astrocyte_1
7,364,genes_volume,astrocyte_1,astrocyte_1
7,2402,genes_volume,oligodendrocyte_progenitor_2,oligodendrocyte_progenitor_2
7,861,genes_volume,endothelial,endothelial
7,494,genes_volume,astrocyte_1,astrocyte_1
7,450,genes_volume,astrocyte_1,astrocyte_1
7,2172,genes_volume,oligodendrocyte_progenitor_2,oligodendrocyte_progenitor_2
7,801,genes_volume,endothelial,endothelial
7,804,genes_volume,endothelial,endothelial
7,9,genes_volume,astrocyte_1,astrocyte_1
7,782,genes_volume,endothelial,endothelial
7,578,genes_volume,astrocyte_2,astrocyte_1
7,1881,genes_volume,oligodendrocyte_2,oligodendrocyte_2
7,1467,genes_volume,oligodendrocyte_1,oligodendrocyte_1
7,1791,genes_volume,oligodendrocyte_2,oligodendrocyte_2
7,1979,genes_volume,oligodendrocyte_2,oligodendrocyte_2
7,180,genes_volume,astrocyte_1,astrocyte_1
7,200,genes_volume,astrocyte_1,astrocyte_1
7,1319,genes_volume,oligodendrocyte_1,oligodendrocyte_1
7,1027,genes_volume,endothelial,astrocyte_1
7,2376,genes_volume,oligodendrocyte_progenitor_2,oligodendrocyte_progenitor_2
7,2452,genes_volume,oligodendrocyte_progenitor_2,oligodendrocyte_progenitor_2
7,1032,genes_volume,endothelial,astrocyte_1
7,2460,genes_volume,oligodendrocyte_progenitor_2,oligodendrocyte_progenitor_2
7,2174,genes_volume,oligodendrocyte_progenitor_2,oligodendrocyte_progenitor_2
7,1946,genes_volume,oligodendrocyte_2,oligodendrocyte_2
7,2897,genes_volume,peripheral_glia,Schwann_cell
7,140,genes_volume,astrocyte_1,astrocyte_1
7,923,genes_volume,endothelial,endothelial
7,1500,genes_volume,oligodendrocyte_1,endothelial
7,500,genes_volume,astrocyte_1,astrocyte_1
7,971,genes_volume,endothelial,endothelial
7,2575,genes_volume,oligodendrocyte_progenitor_2,oligodendrocyte_progenitor_2
7,2214,genes_volume,oligodendrocyte_progenitor_2,oligodendrocyte_progenitor_2
7,1595,genes_volume,oligodendrocyte_2,oligodendrocyte_2
7,599,genes_volume,astrocyte_2,astrocyte_2
7,2510,genes_volume,oligodendrocyte_progenitor_2,oligodendrocyte_progenitor_2
7,1337,genes_volume,oligodendrocyte_1,astrocyte_1
7,1132,genes_volume,meninges_1,meninges_1
7,2506,genes_volume,oligodendrocyte_progenitor_2,oligodendrocyte_progenitor_2
7,725,genes_volume,astrocyte_2,astrocyte_2
7,2309,genes_volume,oligodendrocyte_progenitor_2,oligodendrocyte_progenitor_2
7,164,genes_volume,astrocyte_1,astrocyte_1
7,1657,genes_volume,oligodendrocyte_2,oligodendrocyte_2
7,1616,genes_volume,oligodendrocyte_2,oligodendrocyte_progenitor_2
7,579,genes_volume,astrocyte_2,oligodendrocyte_progenitor_2
7,644,genes_volume,astrocyte_2,oligodendrocyte_progenitor_2
7,2813,genes_volume,oligodendrocyte_progenitor_2,astrocyte_1
7,1195,genes_volume,meninges_2,meninges_1
7,2426,genes_volume,oligodendrocyte_progenitor_2,oligodendrocyte_progenitor_2
7,2029,genes_volume,oligodendrocyte_precursor_cell,astrocyte_1
7,1172,genes_volume,meninges_2,meninges_3
7,2188,genes_volume,oligodendrocyte_progenitor_2,endothelial
7,1729,genes_volume,oligodendrocyte_2,oligodendrocyte_2
7,2705,genes_volume,oligodendrocyte_progenitor_2,oligodendrocyte_progenitor_2
7,993,genes_volume,endothelial,endothelial
7,2046,genes_volume,oligodendrocyte_precursor_cell,oligodendrocyte_precursor_cell
7,613,genes_volume,astrocyte_2,astrocyte_1
7,1198,genes_volume,meninges_2,oligodendrocyte_progenitor_2
7,1950,genes_volume,oligodendrocyte_2,oligodendrocyte_progenitor_2
7,1196,genes_volume,meninges_2,oligodendrocyte_progenitor_2
7,464,genes_volume,astrocyte_1,astrocyte_1
7,1889,genes_volume,oligodendrocyte_2,oligodendrocyte_2
7,2372,genes_volume,oligodendrocyte_progenitor_2,oligodendrocyte_2
7,769,genes_volume,endothelial,endothelial
7,2445,genes_volume,oligodendrocyte_progenitor_2,oligodendrocyte_2
7,820,genes_volume,endothelial,endothelial
7,2124,genes_volume,oligodendrocyte_progenitor_1,oligodendrocyte_precursor_cell
7,2627,genes_volume,oligodendrocyte_progenitor_2,oligodendrocyte_progenitor_2
7,1968,genes_volume,oligodendrocyte_2,oligodendrocyte_2
7,2206,genes_volume,oligodendrocyte_progenitor_2,oligodendrocyte_progenitor_2
7,1297,genes_volume,oligodendrocyte_1,oligodendrocyte_progenitor_2
7,1232,genes_volume,microglia,oligodendrocyte_1
7,1447,genes_volume,oligodendrocyte_1,oligodendrocyte_2
7,347,genes_volume,astrocyte_1,astrocyte_1
7,352,genes_volume,astrocyte_1,oligodendrocyte_1
7,2020,genes_volume,oligodendrocyte_precursor_cell,oligodendrocyte_1
7,1154,genes_volume,meninges_1,meninges_1
7,667,genes_volume,astrocyte_2,astrocyte_1
7,2259,genes_volume,oligodendrocyte_progenitor_2,oligodendrocyte_2
7,1002,genes_volume,endothelial,oligodendrocyte_progenitor_2
7,874,genes_volume,endothelial,endothelial
7,2908,genes_volume,peripheral_glia,peripheral_glia
7,1266,genes_volume,microglia,astrocyte_1
7,380,genes_volume,astrocyte_1,astrocyte_1
7,711,genes_volume,astrocyte_2,oligodendrocyte_progenitor_2
7,1535,genes_volume,oligodendrocyte_1,oligodendrocyte_progenitor_2
7,1570,genes_volume,oligodendrocyte_2,oligodendrocyte_2
7,1358,genes_volume,oligodendrocyte_1,oligodendrocyte_progenitor_2
7,1259,genes_volume,microglia,microglia
7,343,genes_volume,astrocyte_1,astrocyte_1
7,2696,genes_volume,oligodendrocyte_progenitor_2,oligodendrocyte_progenitor_2
7,1162,genes_volume,meninges_1,oligodendrocyte_progenitor_2
7,2260,genes_volume,oligodendrocyte_progenitor_2,oligodendrocyte_progenitor_2
7,2423,genes_volume,oligodendrocyte_progenitor_2,oligodendrocyte_progenitor_2
7,673,genes_volume,astrocyte_2,oligodendrocyte_progenitor_2
7,2195,genes_volume,oligodendrocyte_progenitor_2,oligodendrocyte_progenitor_2
7,2556,genes_volume,oligodendrocyte_progenitor_2,oligodendrocyte_progenitor_2
7,2333,genes_volume,oligodendrocyte_progenitor_2,oligodendrocyte_progenitor_2
7,1244,genes_volume,microglia,microglia
7,2273,genes_volume,oligodendrocyte_progenitor_2,oligodendrocyte_progenitor_2
7,335,genes_volume,astrocyte_1,endothelial
7,2909,genes_volume,Schwann_cell,Schwann_cell
7,2138,genes_volume,oligodendrocyte_progenitor_1,oligodendrocyte_precursor_cell
7,1216,genes_volume,meninges_3,meninges_3
7,1870,genes_volume,oligodendrocyte_2,oligodendrocyte_2
7,629,genes_volume,astrocyte_2,oligodendrocyte_progenitor_2
7,1051,genes_volume,endothelial,oligodendrocyte_progenitor_2
7,1291,genes_volume,microglia,microglia
7,2786,genes_volume,oligodendrocyte_progenitor_2,oligodendrocyte_precursor_cell
7,284,genes_volume,astrocyte_1,astrocyte_1
7,2680,genes_volume,oligodendrocyte_progenitor_2,oligodendrocyte_progenitor_2
7,1517,genes_volume,oligodendrocyte_1,astrocyte_1
7,1224,genes_volume,meninges_3,meninges_2
7,900,genes_volume,endothelial,oligodendrocyte_progenitor_2
7,2480,genes_volume,oligodendrocyte_progenitor_2,oligodendrocyte_progenitor_2
7,721,genes_volume,astrocyte_2,astrocyte_1
7,15,genes_volume,astrocyte_1,astrocyte_1
7,1371,genes_volume,oligodendrocyte_1,oligodendrocyte_progenitor_2
7,2489,genes_volume,oligodendrocyte_progenitor_2,oligodendrocyte_progenitor_2
7,1563,genes_volume,oligodendrocyte_1,astrocyte_1
7,479,genes_volume,astrocyte_1,astrocyte_1
7,2394,genes_volume,oligodendrocyte_progenitor_2,oligodendrocyte_progenitor_2
7,1869,genes_volume,oligodendrocyte_2,oligodendrocyte_2
7,808,genes_volume,endothelial,endothelial
7,783,genes_volume,endothelial,endothelial
7,859,genes_volume,endothelial,endothelial
7,1298,genes_volume,oligodendrocyte_1,oligodendrocyte_progenitor_2
7,752,genes_volume,astrocyte_2,astrocyte_2
7,1763,genes_volume,oligodendrocyte_2,oligodendrocyte_2
7,1142,genes_volume,meninges_1,oligodendrocyte_progenitor_2
7,1695,genes_volume,oligodendrocyte_2,oligodendrocyte_2
7,10,genes_volume,astrocyte_1,astrocyte_1
7,2039,genes_volume,oligodendrocyte_precursor_cell,oligodendrocyte_progenitor_2
7,2644,genes_volume,oligodendrocyte_progenitor_2,oligodendrocyte_progenitor_2
7,742,genes_volume,astrocyte_2,astrocyte_2
7,961,genes_volume,endothelial,endothelial
7,2633,genes_volume,oligodendrocyte_progenitor_2,oligodendrocyte_progenitor_2
7,956,genes_volume,endothelial,endothelial
7,1067,genes_volume,endothelial,endothelial
7,1965,genes_volume,oligodendrocyte_2,oligodendrocyte_2
7,2398,genes_volume,oligodendrocyte_progenitor_2,oligodendrocyte_2
7,1546,genes_volume,oligodendrocyte_1,oligodendrocyte_progenitor_2
7,2661,genes_volume,oligodendrocyte_progenitor_2,oligodendrocyte_progenitor_2
7,1052,genes_volume,endothelial,oligodendrocyte_1
7,1223,genes_volume,meninges_3,meninges_3
7,1722,targeted_hybrid,oligodendrocyte_2,oligodendrocyte_2
7,2889,targeted_hybrid,peripheral_glia,endothelial
7,2415,targeted_hybrid,oligodendrocyte_progenitor_2,oligodendrocyte_progenitor_2
7,2088,targeted_hybrid,oligodendrocyte_precursor_cell,astrocyte_1
7,1809,targeted_hybrid,oligodendrocyte_2,oligodendrocyte_2
7,2169,targeted_hybrid,oligodendrocyte_progenitor_2,oligodendrocyte_2
7,1018,targeted_hybrid,endothelial,endothelial
7,2937,targeted_hybrid,Schwann_cell,Schwann_cell
7,324,targeted_hybrid,astrocyte_1,astrocyte_1
7,2043,targeted_hybrid,oligodendrocyte_precursor_cell,oligodendrocyte_precursor_cell
7,2283,targeted_hybrid,oligodendrocyte_progenitor_2,oligodendrocyte_progenitor_2
7,1245,targeted_hybrid,microglia,microglia
7,2152,targeted_hybrid,oligodendrocyte_progenitor_2,astrocyte_1
7,2793,targeted_hybrid,oligodendrocyte_progenitor_2,oligodendrocyte_progenitor_2
7,1758,targeted_hybrid,oligodendrocyte_2,oligodendrocyte_2
7,697,targeted_hybrid,astrocyte_2,astrocyte_2
7,2947,targeted_hybrid,Schwann_cell,Schwann_cell
7,527,targeted_hybrid,astrocyte_1,astrocyte_1
7,458,targeted_hybrid,astrocyte_1,astrocyte_2
7,631,targeted_hybrid,astrocyte_2,astrocyte_2
7,1020,targeted_hybrid,endothelial,astrocyte_1
7,1187,targeted_hybrid,meninges_2,meninges_1
7,2854,targeted_hybrid,pericyte,pericyte
7,1035,targeted_hybrid,endothelial,endothelial
7,7,targeted_hybrid,astrocyte_1,astrocyte_1
7,2204,targeted_hybrid,oligodendrocyte_progenitor_2,oligodendrocyte_1
7,271,targeted_hybrid,astrocyte_1,astrocyte_2
7,414,targeted_hybrid,astrocyte_1,oligodendrocyte_progenitor_2
7,2042,targeted_hybrid,oligodendrocyte_precursor_cell,oligodendrocyte_precursor_cell
7,757,targeted_hybrid,astrocyte_2,astrocyte_2
7,17,targeted_hybrid,astrocyte_1,oligodendrocyte_progenitor_2
7,998,targeted_hybrid,endothelial,oligodendrocyte_2
7,1788,targeted_hybrid,oligodendrocyte_2,oligodendrocyte_progenitor_2
7,311,targeted_hybrid,astrocyte_1,oligodendrocyte_progenitor_2
7,807,targeted_hybrid,endothelial,endothelial
7,1773,targeted_hybrid,oligodendrocyte_2,oligodendrocyte_2
7,103,targeted_hybrid,astrocyte_1,astrocyte_1
7,2505,targeted_hybrid,oligodendrocyte_progenitor_2,oligodendrocyte_progenitor_2
7,2391,targeted_hybrid,oligodendrocyte_progenitor_2,oligodendrocyte_progenitor_2
7,287,targeted_hybrid,astrocyte_1,oligodendrocyte_progenitor_2
7,787,targeted_hybrid,endothelial,endothelial
7,362,targeted_hybrid,astrocyte_1,astrocyte_1
7,1783,targeted_hybrid,oligodendrocyte_2,oligodendrocyte_2
7,2237,targeted_hybrid,oligodendrocyte_progenitor_2,oligodendrocyte_2
7,461,targeted_hybrid,astrocyte_1,astrocyte_1
7,1919,targeted_hybrid,oligodendrocyte_2,oligodendrocyte_2
7,28,targeted_hybrid,astrocyte_1,astrocyte_1
7,2840,targeted_hybrid,oligodendrocyte_progenitor_2,oligodendrocyte_progenitor_2
7,2778,targeted_hybrid,oligodendrocyte_progenitor_2,oligodendrocyte_progenitor_2
7,2939,targeted_hybrid,Schwann_cell,Schwann_cell
7,1455,targeted_hybrid,oligodendrocyte_1,oligodendrocyte_1
7,1754,targeted_hybrid,oligodendrocyte_2,oligodendrocyte_2
7,2637,targeted_hybrid,oligodendrocyte_progenitor_2,oligodendrocyte_progenitor_2
7,1215,targeted_hybrid,meninges_3,meninges_3
7,536,targeted_hybrid,astrocyte_1,astrocyte_1
7,1094,targeted_hybrid,ependymal,astrocyte_2
7,2446,targeted_hybrid,oligodendrocyte_progenitor_2,oligodendrocyte_progenitor_2
7,2697,targeted_hybrid,oligodendrocyte_progenitor_2,oligodendrocyte_1
7,612,targeted_hybrid,astrocyte_2,astrocyte_2
7,2165,targeted_hybrid,oligodendrocyte_progenitor_2,oligodendrocyte_progenitor_2
7,2318,targeted_hybrid,oligodendrocyte_progenitor_2,endothelial
7,2419,targeted_hybrid,oligodendrocyte_progenitor_2,oligodendrocyte_progenitor_2
7,439,targeted_hybrid,astrocyte_1,astrocyte_1
7,374,targeted_hybrid,astrocyte_1,oligodendrocyte_1
7,471,targeted_hybrid,astrocyte_1,astrocyte_1
7,1333,targeted_hybrid,oligodendrocyte_1,oligodendrocyte_progenitor_2
7,338,targeted_hybrid,astrocyte_1,oligodendrocyte_1
7,1652,targeted_hybrid,oligodendrocyte_2,oligodendrocyte_2
7,1575,targeted_hybrid,oligodendrocyte_2,oligodendrocyte_progenitor_2
7,210,targeted_hybrid,astrocyte_1,astrocyte_1
7,53,targeted_hybrid,astrocyte_1,astrocyte_1
7,2569,targeted_hybrid,oligodendrocyte_progenitor_2,oligodendrocyte_progenitor_2
7,2546,targeted_hybrid,oligodendrocyte_progenitor_2,oligodendrocyte_progenitor_2
7,122,targeted_hybrid,astrocyte_1,oligodendrocyte_2
7,2883,targeted_hybrid,pericyte,astrocyte_1
7,2207,targeted_hybrid,oligodendrocyte_progenitor_2,oligodendrocyte_progenitor_2
7,2261,targeted_hybrid,oligodendrocyte_progenitor_2,oligodendrocyte_2
7,2439,targeted_hybrid,oligodendrocyte_progenitor_2,oligodendrocyte_progenitor_1
7,1230,targeted_hybrid,microglia,microglia
7,1202,targeted_hybrid,meninges_2,meninges_2
7,2652,targeted_hybrid,oligodendrocyte_progenitor_2,oligodendrocyte_progenitor_2
7,2490,targeted_hybrid,oligodendrocyte_progenitor_2,oligodendrocyte_2
7,1511,targeted_hybrid,oligodendrocyte_1,oligodendrocyte_progenitor_2
7,2323,targeted_hybrid,oligodendrocyte_progenitor_2,oligodendrocyte_progenitor_2
7,2017,targeted_hybrid,oligodendrocyte_precursor_cell,oligodendrocyte_progenitor_2
7,1574,targeted_hybrid,oligodendrocyte_2,oligodendrocyte_2
7,1479,targeted_hybrid,oligodendrocyte_1,oligodendrocyte_progenitor_2
7,962,targeted_hybrid,endothelial,oligodendrocyte_progenitor_2
7,1087,targeted_hybrid,endothelial,oligodendrocyte_1
7,2262,targeted_hybrid,oligodendrocyte_progenitor_2,oligodendrocyte_progenitor_2
7,649,targeted_hybrid,astrocyte_2,astrocyte_2
7,594,targeted_hybrid,astrocyte_2,astrocyte_1
7,2482,targeted_hybrid,oligodendrocyte_progenitor_2,oligodendrocyte_progenitor_2
7,43,targeted_hybrid,astrocyte_1,astrocyte_1
7,1895,targeted_hybrid,oligodendrocyte_2,oligodendrocyte_2
7,361,targeted_hybrid,astrocyte_1,oligodendrocyte_1
7,501,targeted_hybrid,astrocyte_1,astrocyte_1
7,792,targeted_hybrid,endothelial,astrocyte_2
7,1892,targeted_hybrid,oligodendrocyte_2,oligodendrocyte_2
7,590,targeted_hybrid,astrocyte_2,astrocyte_2
7,1972,targeted_hybrid,oligodendrocyte_2,oligodendrocyte_2
7,2467,targeted_hybrid,oligodendrocyte_progenitor_2,astrocyte_1
7,1407,targeted_hybrid,oligodendrocyte_1,oligodendrocyte_1
7,12,targeted_hybrid,astrocyte_1,astrocyte_1
7,560,targeted_hybrid,astrocyte_1,astrocyte_1
7,921,targeted_hybrid,endothelial,oligodendrocyte_1
7,2882,targeted_hybrid,pericyte,pericyte
7,1898,targeted_hybrid,oligodendrocyte_2,oligodendrocyte_2
7,1258,targeted_hybrid,microglia,microglia
7,2759,targeted_hybrid,oligodendrocyte_progenitor_2,oligodendrocyte_progenitor_2
7,2920,targeted_hybrid,Schwann_cell,Schwann_cell
7,54,targeted_hybrid,astrocyte_1,astrocyte_1
7,1460,targeted_hybrid,oligodendrocyte_1,astrocyte_2
7,2107,targeted_hybrid,oligodendrocyte_progenitor_1,oligodendrocyte_progenitor_1
7,1502,targeted_hybrid,oligodendrocyte_1,astrocyte_1
7,1592,targeted_hybrid,oligodendrocyte_2,oligodendrocyte_progenitor_1
7,2133,targeted_hybrid,oligodendrocyte_progenitor_1,oligodendrocyte_precursor_cell
7,724,targeted_hybrid,astrocyte_2,oligodendrocyte_progenitor_2
7,1332,targeted_hybrid,oligodendrocyte_1,oligodendrocyte_progenitor_2
7,2440,targeted_hybrid,oligodendrocyte_progenitor_2,oligodendrocyte_progenitor_2
7,2711,targeted_hybrid,oligodendrocyte_progenitor_2,oligodendrocyte_progenitor_2
7,778,targeted_hybrid,endothelial,endothelial
7,1336,targeted_hybrid,oligodendrocyte_1,astrocyte_1
7,371,targeted_hybrid,astrocyte_1,astrocyte_1
7,2580,targeted_hybrid,oligodendrocyte_progenitor_2,oligodendrocyte_1
7,2343,targeted_hybrid,oligodendrocyte_progenitor_2,oligodendrocyte_progenitor_2
7,1050,targeted_hybrid,endothelial,endothelial
7,1072,targeted_hybrid,endothelial,endothelial
7,2083,targeted_hybrid,oligodendrocyte_precursor_cell,oligodendrocyte_precursor_cell
7,1531,targeted_hybrid,oligodendrocyte_1,oligodendrocyte_progenitor_2
7,1700,targeted_hybrid,oligodendrocyte_2,oligodendrocyte_2
7,852,targeted_hybrid,endothelial,astrocyte_1
7,1992,targeted_hybrid,oligodendrocyte_precursor_cell,astrocyte_1
7,1557,targeted_hybrid,oligodendrocyte_1,oligodendrocyte_2
7,1568,targeted_hybrid,oligodendrocyte_2,oligodendrocyte_2
7,2898,targeted_hybrid,peripheral_glia,peripheral_glia
7,207,targeted_hybrid,astrocyte_1,astrocyte_1
7,1564,targeted_hybrid,oligodendrocyte_1,endothelial
7,2692,targeted_hybrid,oligodendrocyte_progenitor_2,astrocyte_1
7,2330,targeted_hybrid,oligodendrocyte_progenitor_2,oligodendrocyte_progenitor_2
7,2841,targeted_hybrid,oligodendrocyte_progenitor_2,oligodendrocyte_progenitor_2
7,2,targeted_hybrid,astrocyte_1,astrocyte_1
7,264,targeted_hybrid,astrocyte_1,astrocyte_1
7,1276,targeted_hybrid,microglia,oligodendrocyte_2
7,989,targeted_hybrid,endothelial,endothelial
7,1200,targeted_hybrid,meninges_2,meninges_3
7,1489,targeted_hybrid,oligodendrocyte_1,oligodendrocyte_2
7,690,targeted_hybrid,astrocyte_2,oligodendrocyte_progenitor_2
7,1413,targeted_hybrid,oligodendrocyte_1,oligodendrocyte_1
7,2303,targeted_hybrid,oligodendrocyte_progenitor_2,oligodendrocyte_progenitor_2
7,2657,targeted_hybrid,oligodendrocyte_progenitor_2,oligodendrocyte_progenitor_2
7,369,targeted_hybrid,astrocyte_1,astrocyte_1
7,1418,targeted_hybrid,oligodendrocyte_1,oligodendrocyte_1
7,309,targeted_hybrid,astrocyte_1,astrocyte_1
7,684,targeted_hybrid,astrocyte_2,astrocyte_1
7,2429,targeted_hybrid,oligodendrocyte_progenitor_2,oligodendrocyte_progenitor_2
7,1654,targeted_hybrid,oligodendrocyte_2,oligodendrocyte_2
7,1459,targeted_hybrid,oligodendrocyte_1,astrocyte_1
7,2559,targeted_hybrid,oligodendrocyte_progenitor_2,oligodendrocyte_progenitor_2
7,726,targeted_hybrid,astrocyte_2,astrocyte_2
7,909,targeted_hybrid,endothelial,endothelial
7,525,targeted_hybrid,astrocyte_1,astrocyte_1
7,580,targeted_hybrid,astrocyte_2,astrocyte_2
7,2791,targeted_hybrid,oligodendrocyte_progenitor_2,oligodendrocyte_progenitor_2
7,345,targeted_hybrid,astrocyte_1,astrocyte_1
7,1765,targeted_hybrid,oligodendrocyte_2,oligodendrocyte_2
7,1277,targeted_hybrid,microglia,oligodendrocyte_2
7,2053,targeted_hybrid,oligodendrocyte_precursor_cell,oligodendrocyte_precursor_cell
7,621,targeted_hybrid,astrocyte_2,astrocyte_2
7,1345,targeted_hybrid,oligodendrocyte_1,oligodendrocyte_1
7,482,targeted_hybrid,astrocyte_1,astrocyte_1
7,1787,targeted_hybrid,oligodendrocyte_2,oligodendrocyte_2
7,2710,targeted_hybrid,oligodendrocyte_progenitor_2,oligodendrocyte_progenitor_2
7,460,targeted_hybrid,astrocyte_1,astrocyte_1
7,2369,targeted_hybrid,oligodendrocyte_progenitor_2,oligodendrocyte_progenitor_2
7,2209,targeted_hybrid,oligodendrocyte_progenitor_2,oligodendrocyte_progenitor_2
7,2623,targeted_hybrid,oligodendrocyte_progenitor_2,oligodendrocyte_progenitor_2
7,817,targeted_hybrid,endothelial,endothelial
7,614,targeted_hybrid,astrocyte_2,astrocyte_2
7,2820,targeted_hybrid,oligodendrocyte_progenitor_2,oligodendrocyte_2
7,1323,targeted_hybrid,oligodendrocyte_1,astrocyte_1
7,2129,targeted_hybrid,oligodendrocyte_progenitor_1,oligodendrocyte_progenitor_1
7,261,targeted_hybrid,astrocyte_1,astrocyte_1
7,40,targeted_hybrid,astrocyte_1,astrocyte_1
7,2602,targeted_hybrid,oligodendrocyte_progenitor_2,oligodendrocyte_progenitor_2
7,349,targeted_hybrid,astrocyte_1,astrocyte_2
7,719,targeted_hybrid,astrocyte_2,endothelial
7,1264,targeted_hybrid,microglia,microglia
7,323,targeted_hybrid,astrocyte_1,astrocyte_1
7,2873,targeted_hybrid,pericyte,astrocyte_1
7,2106,targeted_hybrid,oligodendrocyte_progenitor_1,endothelial
7,2074,targeted_hybrid,oligodendrocyte_precursor_cell,oligodendrocyte_precursor_cell
7,2554,targeted_hybrid,oligodendrocyte_progenitor_2,oligodendrocyte_2
7,1254,targeted_hybrid,microglia,astrocyte_1
7,1227,targeted_hybrid,meninges_3,meninges_2
7,718,targeted_hybrid,astrocyte_2,astrocyte_2
7,171,targeted_hybrid,astrocyte_1,astrocyte_1
7,2409,targeted_hybrid,oligodendrocyte_progenitor_2,oligodendrocyte_2
7,2499,targeted_hybrid,oligodendrocyte_progenitor_2,oligodendrocyte_progenitor_2
7,68,targeted_hybrid,astrocyte_1,astrocyte_1
7,2728,targeted_hybrid,oligodendrocyte_progenitor_2,oligodendrocyte_progenitor_2
7,2693,targeted_hybrid,oligodendrocyte_progenitor_2,oligodendrocyte_progenitor_2
7,2059,targeted_hybrid,oligodendrocyte_precursor_cell,endothelial
7,212,targeted_hybrid,astrocyte_1,astrocyte_1
7,2357,targeted_hybrid,oligodendrocyte_progenitor_2,oligodendrocyte_progenitor_2
7,1580,targeted_hybrid,oligodendrocyte_2,oligodendrocyte_2
7,208,targeted_hybrid,astrocyte_1,oligodendrocyte_1
7,242,targeted_hybrid,astrocyte_1,astrocyte_2
7,1911,targeted_hybrid,oligodendrocyte_2,oligodendrocyte_2
7,730,targeted_hybrid,astrocyte_2,oligodendrocyte_precursor_cell
7,770,targeted_hybrid,endothelial,oligodendrocyte_precursor_cell
7,2128,targeted_hybrid,oligodendrocyte_progenitor_1,oligodendrocyte_precursor_cell
7,958,targeted_hybrid,endothelial,endothelial
7,879,targeted_hybrid,endothelial,endothelial
7,2005,targeted_hybrid,oligodendrocyte_precursor_cell,oligodendrocyte_progenitor_1
7,2944,targeted_hybrid,Schwann_cell,Schwann_cell
7,2485,targeted_hybrid,oligodendrocyte_progenitor_2,oligodendrocyte_progenitor_2
7,2871,targeted_hybrid,pericyte,endothelial
7,1121,targeted_hybrid,meninges_1,oligodendrocyte_progenitor_2
7,881,targeted_hybrid,endothelial,endothelial
7,2555,targeted_hybrid,oligodendrocyte_progenitor_2,oligodendrocyte_progenitor_2
7,97,targeted_hybrid,astrocyte_1,astrocyte_1
7,1513,targeted_hybrid,oligodendrocyte_1,oligodendrocyte_1
7,619,targeted_hybrid,astrocyte_2,astrocyte_2
7,2360,targeted_hybrid,oligodendrocyte_progenitor_2,oligodendrocyte_progenitor_2
7,2399,targeted_hybrid,oligodendrocyte_progenitor_2,oligodendrocyte_2
7,1139,targeted_hybrid,meninges_1,meninges_2
7,1832,targeted_hybrid,oligodendrocyte_2,oligodendrocyte_2
7,1383,targeted_hybrid,oligodendrocyte_1,astrocyte_1
7,1408,targeted_hybrid,oligodendrocyte_1,astrocyte_1
7,1824,targeted_hybrid,oligodendrocyte_2,oligodendrocyte_2
7,2578,targeted_hybrid,oligodendrocyte_progenitor_2,oligodendrocyte_progenitor_2
7,459,targeted_hybrid,astrocyte_1,astrocyte_1
7,91,targeted_hybrid,astrocyte_1,astrocyte_1
7,2541,targeted_hybrid,oligodendrocyte_progenitor_2,oligodendrocyte_progenitor_2
7,134,targeted_hybrid,astrocyte_1,astrocyte_1
7,1193,targeted_hybrid,meninges_2,meninges_1
7,37,targeted_hybrid,astrocyte_1,astrocyte_1
7,224,targeted_hybrid,astrocyte_1,astrocyte_1
7,1602,targeted_hybrid,oligodendrocyte_2,oligodendrocyte_1
7,1015,targeted_hybrid,endothelial,astrocyte_2
7,1631,targeted_hybrid,oligodendrocyte_2,oligodendrocyte_2
7,702,targeted_hybrid,astrocyte_2,astrocyte_2
7,2741,targeted_hybrid,oligodendrocyte_progenitor_2,oligodendrocyte_precursor_cell
7,1518,targeted_hybrid,oligodendrocyte_1,astrocyte_1
7,845,targeted_hybrid,endothelial,endothelial
7,2193,targeted_hybrid,oligodendrocyte_progenitor_2,oligodendrocyte_progenitor_2
7,1446,targeted_hybrid,oligodendrocyte_1,astrocyte_1
7,308,targeted_hybrid,astrocyte_1,astrocyte_1
7,1140,targeted_hybrid,meninges_1,meninges_1
7,1794,targeted_hybrid,oligodendrocyte_2,oligodendrocyte_2
7,1026,targeted_hybrid,endothelial,oligodendrocyte_1
7,2270,targeted_hybrid,oligodendrocyte_progenitor_2,oligodendrocyte_progenitor_2
7,2218,targeted_hybrid,oligodendrocyte_progenitor_2,oligodendrocyte_progenitor_2
7,1960,targeted_hybrid,oligodendrocyte_2,oligodendrocyte_2
7,398,targeted_hybrid,astrocyte_1,astrocyte_1
7,269,targeted_hybrid,astrocyte_1,oligodendrocyte_progenitor_2
7,278,targeted_hybrid,astrocyte_1,astrocyte_1
7,2877,targeted_hybrid,pericyte,pericyte
7,2807,targeted_hybrid,oligodendrocyte_progenitor_2,oligodendrocyte_2
7,1352,targeted_hybrid,oligodendrocyte_1,oligodendrocyte_progenitor_2
7,351,targeted_hybrid,astrocyte_1,astrocyte_1
7,2900,targeted_hybrid,peripheral_glia,oligodendrocyte_2
7,2797,targeted_hybrid,oligodendrocyte_progenitor_2,oligodendrocyte_progenitor_2
7,520,targeted_hybrid,astrocyte_1,astrocyte_1
7,1251,targeted_hybrid,microglia,microglia
7,218,targeted_hybrid,astrocyte_1,astrocyte_1
7,860,targeted_hybrid,endothelial,endothelial
7,2418,targeted_hybrid,oligodendrocyte_progenitor_2,oligodendrocyte_progenitor_2
7,894,targeted_hybrid,endothelial,endothelial
7,884,targeted_hybrid,endothelial,endothelial
7,680,targeted_hybrid,astrocyte_2,astrocyte_1
7,2401,targeted_hybrid,oligodendrocyte_progenitor_2,endothelial
7,1578,targeted_hybrid,oligodendrocyte_2,oligodendrocyte_2
7,781,targeted_hybrid,endothelial,endothelial
7,2066,targeted_hybrid,oligodendrocyte_precursor_cell,oligodendrocyte_precursor_cell
7,275,targeted_hybrid,astrocyte_1,astrocyte_1
7,1844,targeted_hybrid,oligodendrocyte_2,oligodendrocyte_2
7,440,targeted_hybrid,astrocyte_1,astrocyte_1
7,1641,targeted_hybrid,oligodendrocyte_2,astrocyte_1
7,2400,targeted_hybrid,oligodendrocyte_progenitor_2,oligodendrocyte_progenitor_2
7,944,targeted_hybrid,endothelial,endothelial
7,1144,targeted_hybrid,meninges_1,meninges_1
7,2295,targeted_hybrid,oligodendrocyte_progenitor_2,oligodendrocyte_2
7,1938,targeted_hybrid,oligodendrocyte_2,oligodendrocyte_2
7,755,targeted_hybrid,astrocyte_2,astrocyte_2
7,1674,targeted_hybrid,oligodendrocyte_2,oligodendrocyte_2
7,1149,targeted_hybrid,meninges_1,meninges_1
7,1823,targeted_hybrid,oligodendrocyte_2,oligodendrocyte_2
7,2846,targeted_hybrid,pericyte,astrocyte_2
7,767,targeted_hybrid,astrocyte_2,astrocyte_2
7,595,targeted_hybrid,astrocyte_2,oligodendrocyte_2
7,415,targeted_hybrid,astrocyte_1,astrocyte_1
7,2566,targeted_hybrid,oligodendrocyte_progenitor_2,oligodendrocyte_progenitor_2
7,2374,targeted_hybrid,oligodendrocyte_progenitor_2,oligodendrocyte_progenitor_2
7,1522,targeted_hybrid,oligodendrocyte_1,oligodendrocyte_1
7,1544,targeted_hybrid,oligodendrocyte_1,astrocyte_1
7,2845,targeted_hybrid,oligodendrocyte_progenitor_2,oligodendrocyte_progenitor_2
7,1901,targeted_hybrid,oligodendrocyte_2,oligodendrocyte_2
7,2651,targeted_hybrid,oligodendrocyte_progenitor_2,oligodendrocyte_1
7,1281,targeted_hybrid,microglia,endothelial
7,2662,targeted_hybrid,oligodendrocyte_progenitor_2,oligodendrocyte_progenitor_2
7,5,targeted_hybrid,astrocyte_1,oligodendrocyte_1
7,526,targeted_hybrid,astrocyte_1,astrocyte_1
7,1096,targeted_hybrid,ependymal,ependymal
7,1935,targeted_hybrid,oligodendrocyte_2,oligodendrocyte_2
7,2093,targeted_hybrid,oligodendrocyte_precursor_cell,oligodendrocyte_2
7,2254,targeted_hybrid,oligodendrocyte_progenitor_2,oligodendrocyte_2
7,1328,targeted_hybrid,oligodendrocyte_1,oligodendrocyte_2
7,514,targeted_hybrid,astrocyte_1,astrocyte_1
7,1740,targeted_hybrid,oligodendrocyte_2,oligodendrocyte_2
7,2491,targeted_hybrid,oligodendrocyte_progenitor_2,oligodendrocyte_progenitor_2
7,2078,targeted_hybrid,oligodendrocyte_precursor_cell,astrocyte_1
7,1188,targeted_hybrid,meninges_2,meninges_1
7,1533,targeted_hybrid,oligodendrocyte_1,oligodendrocyte_precursor_cell
7,1106,targeted_hybrid,meninges_1,meninges_1
7,1527,targeted_hybrid,oligodendrocyte_1,oligodendrocyte_precursor_cell
7,2784,targeted_hybrid,oligodendrocyte_progenitor_2,oligodendrocyte_progenitor_2
7,2435,targeted_hybrid,oligodendrocyte_progenitor_2,oligodendrocyte_progenitor_2
7,1932,targeted_hybrid,oligodendrocyte_2,oligodendrocyte_2
7,1813,targeted_hybrid,oligodendrocyte_2,oligodendrocyte_2
7,821,targeted_hybrid,endothelial,endothelial
7,1354,targeted_hybrid,oligodendrocyte_1,oligodendrocyte_2
7,880,targeted_hybrid,endothelial,endothelial
7,436,targeted_hybrid,astrocyte_1,astrocyte_1
7,2384,targeted_hybrid,oligodendrocyte_progenitor_2,oligodendrocyte_progenitor_2
7,2071,targeted_hybrid,oligodendrocyte_precursor_cell,oligodendrocyte_precursor_cell
7,1720,targeted_hybrid,oligodendrocyte_2,oligodendrocyte_2
7,2034,targeted_hybrid,oligodendrocyte_precursor_cell,oligodendrocyte_progenitor_1
7,2800,targeted_hybrid,oligodendrocyte_progenitor_2,oligodendrocyte_progenitor_2
7,847,targeted_hybrid,endothelial,endothelial
7,1539,targeted_hybrid,oligodendrocyte_1,oligodendrocyte_1
7,2285,targeted_hybrid,oligodendrocyte_progenitor_2,oligodendrocyte_progenitor_2
7,2751,targeted_hybrid,oligodendrocyte_progenitor_2,oligodendrocyte_progenitor_2
7,332,targeted_hybrid,astrocyte_1,astrocyte_1
7,295,targeted_hybrid,astrocyte_1,astrocyte_1
7,945,targeted_hybrid,endothelial,astrocyte_1
7,82,targeted_hybrid,astrocyte_1,astrocyte_1
7,1775,targeted_hybrid,oligodendrocyte_2,oligodendrocyte_2
7,2744,targeted_hybrid,oligodendrocyte_progenitor_2,oligodendrocyte_1
7,1375,targeted_hybrid,oligodendrocyte_1,oligodendrocyte_1
7,2501,targeted_hybrid,oligodendrocyte_progenitor_2,oligodendrocyte_2
7,2288,targeted_hybrid,oligodendrocyte_progenitor_2,oligodendrocyte_1
7,1176,targeted_hybrid,meninges_2,meninges_1
7,1340,targeted_hybrid,oligodendrocyte_1,oligodendrocyte_2
7,93,targeted_hybrid,astrocyte_1,astrocyte_1
7,777,targeted_hybrid,endothelial,endothelial
7,321,targeted_hybrid,astrocyte_1,astrocyte_1
7,1629,targeted_hybrid,oligodendrocyte_2,oligodendrocyte_2
7,1235,targeted_hybrid,microglia,astrocyte_1
7,2233,targeted_hybrid,oligodendrocyte_progenitor_2,oligodendrocyte_1
7,1998,targeted_hybrid,oligodendrocyte_precursor_cell,astrocyte_1
7,1953,targeted_hybrid,oligodendrocyte_2,oligodendrocyte_progenitor_2
7,277,targeted_hybrid,astrocyte_1,astrocyte_1
7,1226,targeted_hybrid,meninges_3,meninges_3
7,1171,targeted_hybrid,meninges_2,meninges_1
7,451,targeted_hybrid,astrocyte_1,astrocyte_1
7,139,targeted_hybrid,astrocyte_1,astrocyte_1
7,2933,targeted_hybrid,Schwann_cell,Schwann_cell
7,1916,targeted_hybrid,oligodendrocyte_2,oligodendrocyte_2
7,2613,targeted_hybrid,oligodendrocyte_progenitor_2,oligodendrocyte_progenitor_2
7,985,targeted_hybrid,endothelial,astrocyte_1
7,1934,targeted_hybrid,oligodendrocyte_2,oligodendrocyte_progenitor_2
7,540,targeted_hybrid,astrocyte_1,astrocyte_1
7,1562,targeted_hybrid,oligodendrocyte_1,oligodendrocyte_1
7,843,targeted_hybrid,endothelial,meninges_1
7,1671,targeted_hybrid,oligodendrocyte_2,oligodendrocyte_2
7,1320,targeted_hybrid,oligodendrocyte_1,oligodendrocyte_1
7,2766,targeted_hybrid,oligodendrocyte_progenitor_2,oligodendrocyte_progenitor_2
7,370,targeted_hybrid,astrocyte_1,astrocyte_1
7,151,targeted_hybrid,astrocyte_1,oligodendrocyte_progenitor_2
7,2563,targeted_hybrid,oligodendrocyte_progenitor_2,oligodendrocyte_progenitor_2
7,1437,targeted_hybrid,oligodendrocyte_1,oligodendrocyte_1
7,2594,targeted_hybrid,oligodendrocyte_progenitor_2,oligodendrocyte_progenitor_2
7,1105,targeted_hybrid,meninges_1,meninges_1
7,2865,targeted_hybrid,pericyte,endothelial
7,2407,targeted_hybrid,oligodendrocyte_progenitor_2,oligodendrocyte_progenitor_2
7,1122,targeted_hybrid,meninges_1,meninges_1
7,1515,targeted_hybrid,oligodendrocyte_1,oligodendrocyte_1
7,444,targeted_hybrid,astrocyte_1,astrocyte_1
7,2796,targeted_hybrid,oligodendrocyte_progenitor_2,oligodendrocyte_1
7,296,targeted_hybrid,astrocyte_1,astrocyte_1
7,407,targeted_hybrid,astrocyte_1,pericyte
7,1321,targeted_hybrid,oligodendrocyte_1,oligodendrocyte_1
7,2880,targeted_hybrid,pericyte,pericyte
7,1756,targeted_hybrid,oligodendrocyte_2,oligodendrocyte_2
7,2667,targeted_hybrid,oligodendrocyte_progenitor_2,oligodendrocyte_2
7,1444,targeted_hybrid,oligodendrocyte_1,oligodendrocyte_progenitor_2
7,2494,targeted_hybrid,oligodendrocyte_progenitor_2,oligodendrocyte_progenitor_2
7,2885,targeted_hybrid,pericyte,pericyte
7,2716,targeted_hybrid,oligodendrocyte_progenitor_2,oligodendrocyte_progenitor_2
7,55,targeted_hybrid,astrocyte_1,astrocyte_1
7,2825,targeted_hybrid,oligodendrocyte_progenitor_2,oligodendrocyte_progenitor_2
7,634,targeted_hybrid,astrocyte_2,astrocyte_1
7,1269,targeted_hybrid,microglia,microglia
7,2160,targeted_hybrid,oligodendrocyte_progenitor_2,oligodendrocyte_1
7,2679,targeted_hybrid,oligodendrocyte_progenitor_2,oligodendrocyte_progenitor_2
7,1683,targeted_hybrid,oligodendrocyte_2,oligodendrocyte_2
7,1752,targeted_hybrid,oligodendrocyte_2,oligodendrocyte_2
7,1010,targeted_hybrid,endothelial,astrocyte_1
7,1967,targeted_hybrid,oligodendrocyte_2,oligodendrocyte_2
7,2305,targeted_hybrid,oligodendrocyte_progenitor_2,oligodendrocyte_progenitor_2
7,2535,targeted_hybrid,oligodendrocyte_progenitor_2,oligodendrocyte_progenitor_2
7,784,targeted_hybrid,endothelial,endothelial
7,2031,targeted_hybrid,oligodendrocyte_precursor_cell,oligodendrocyte_progenitor_1
7,2367,targeted_hybrid,oligodendrocyte_progenitor_2,oligodendrocyte_1
7,1108,targeted_hybrid,meninges_1,meninges_1
7,577,targeted_hybrid,astrocyte_2,astrocyte_2
7,1406,targeted_hybrid,oligodendrocyte_1,oligodendrocyte_progenitor_2
7,1899,targeted_hybrid,oligodendrocyte_2,oligodendrocyte_2
7,1315,targeted_hybrid,oligodendrocyte_1,oligodendrocyte_1
7,844,targeted_hybrid,endothelial,endothelial
7,109,targeted_hybrid,astrocyte_1,endothelial
7,818,targeted_hybrid,endothelial,endothelial
7,917,targeted_hybrid,endothelial,endothelial
7,1698,targeted_hybrid,oligodendrocyte_2,oligodendrocyte_2
7,1642,targeted_hybrid,oligodendrocyte_2,oligodendrocyte_2
7,1485,targeted_hybrid,oligodendrocyte_1,oligodendrocyte_progenitor_2
7,749,targeted_hybrid,astrocyte_2,endothelial
7,111,targeted_hybrid,astrocyte_1,oligodendrocyte_progenitor_2
7,2547,targeted_hybrid,oligodendrocyte_progenitor_2,oligodendrocyte_1
7,463,targeted_hybrid,astrocyte_1,astrocyte_1
7,538,targeted_hybrid,astrocyte_1,astrocyte_1
7,1128,targeted_hybrid,meninges_1,meninges_1
7,322,targeted_hybrid,astrocyte_1,astrocyte_1
7,2065,targeted_hybrid,oligodendrocyte_precursor_cell,oligodendrocyte_precursor_cell
7,1694,targeted_hybrid,oligodendrocyte_2,oligodendrocyte_progenitor_2
7,358,targeted_hybrid,astrocyte_1,astrocyte_1
7,64,targeted_hybrid,astrocyte_1,astrocyte_1
7,2293,targeted_hybrid,oligodendrocyte_progenitor_2,oligodendrocyte_progenitor_2
7,146,targeted_hybrid,astrocyte_1,astrocyte_1
7,1112,targeted_hybrid,meninges_1,meninges_1
7,2689,targeted_hybrid,oligodendrocyte_progenitor_2,oligodendrocyte_1
7,522,targeted_hybrid,astrocyte_1,astrocyte_1
7,1981,targeted_hybrid,oligodendrocyte_2,oligodendrocyte_2
7,537,targeted_hybrid,astrocyte_1,astrocyte_1
7,654,targeted_hybrid,astrocyte_2,astrocyte_2
7,592,targeted_hybrid,astrocyte_2,astrocyte_1
7,2189,targeted_hybrid,oligodendrocyte_progenitor_2,oligodendrocyte_2
7,1904,targeted_hybrid,oligodendrocyte_2,oligodendrocyte_2
7,1404,targeted_hybrid,oligodendrocyte_1,pericyte
7,1,targeted_hybrid,astrocyte_1,astrocyte_1
7,982,targeted_hybrid,endothelial,endothelial
7,2600,targeted_hybrid,oligodendrocyte_progenitor_2,oligodendrocyte_progenitor_2
7,2609,targeted_hybrid,oligodendrocyte_progenitor_2,oligodendrocyte_progenitor_2
7,2325,targeted_hybrid,oligodendrocyte_progenitor_2,oligodendrocyte_progenitor_2
7,172,targeted_hybrid,astrocyte_1,astrocyte_1
7,364,targeted_hybrid,astrocyte_1,astrocyte_1
7,2402,targeted_hybrid,oligodendrocyte_progenitor_2,oligodendrocyte_progenitor_2
7,861,targeted_hybrid,endothelial,endothelial
7,494,targeted_hybrid,astrocyte_1,astrocyte_1
7,450,targeted_hybrid,astrocyte_1,astrocyte_1
7,2172,targeted_hybrid,oligodendrocyte_progenitor_2,oligodendrocyte_progenitor_2
7,801,targeted_hybrid,endothelial,endothelial
7,804,targeted_hybrid,endothelial,endothelial
7,9,targeted_hybrid,astrocyte_1,astrocyte_1
7,782,targeted_hybrid,endothelial,endothelial
7,578,targeted_hybrid,astrocyte_2,astrocyte_2
7,1881,targeted_hybrid,oligodendrocyte_2,oligodendrocyte_2
7,1467,targeted_hybrid,oligodendrocyte_1,oligodendrocyte_1
7,1791,targeted_hybrid,oligodendrocyte_2,oligodendrocyte_2
7,1979,targeted_hybrid,oligodendrocyte_2,oligodendrocyte_2
7,180,targeted_hybrid,astrocyte_1,astrocyte_1
7,200,targeted_hybrid,astrocyte_1,astrocyte_1
7,1319,targeted_hybrid,oligodendrocyte_1,oligodendrocyte_1
7,1027,targeted_hybrid,endothelial,astrocyte_1
7,2376,targeted_hybrid,oligodendrocyte_progenitor_2,oligodendrocyte_progenitor_2
7,2452,targeted_hybrid,oligodendrocyte_progenitor_2,oligodendrocyte_progenitor_2
7,1032,targeted_hybrid,endothelial,astrocyte_2
7,2460,targeted_hybrid,oligodendrocyte_progenitor_2,oligodendrocyte_progenitor_2
7,2174,targeted_hybrid,oligodendrocyte_progenitor_2,oligodendrocyte_progenitor_2
7,1946,targeted_hybrid,oligodendrocyte_2,oligodendrocyte_2
7,2897,targeted_hybrid,peripheral_glia,peripheral_glia
7,140,targeted_hybrid,astrocyte_1,astrocyte_1
7,923,targeted_hybrid,endothelial,endothelial
7,1500,targeted_hybrid,oligodendrocyte_1,endothelial
7,500,targeted_hybrid,astrocyte_1,astrocyte_2
7,971,targeted_hybrid,endothelial,endothelial
7,2575,targeted_hybrid,oligodendrocyte_progenitor_2,oligodendrocyte_progenitor_2
7,2214,targeted_hybrid,oligodendrocyte_progenitor_2,oligodendrocyte_progenitor_2
7,1595,targeted_hybrid,oligodendrocyte_2,oligodendrocyte_2
7,599,targeted_hybrid,astrocyte_2,astrocyte_2
7,2510,targeted_hybrid,oligodendrocyte_progenitor_2,oligodendrocyte_progenitor_1
7,1337,targeted_hybrid,oligodendrocyte_1,astrocyte_1
7,1132,targeted_hybrid,meninges_1,meninges_1
7,2506,targeted_hybrid,oligodendrocyte_progenitor_2,oligodendrocyte_progenitor_2
7,725,targeted_hybrid,astrocyte_2,astrocyte_2
7,2309,targeted_hybrid,oligodendrocyte_progenitor_2,oligodendrocyte_progenitor_2
7,164,targeted_hybrid,astrocyte_1,astrocyte_1
7,1657,targeted_hybrid,oligodendrocyte_2,oligodendrocyte_2
7,1616,targeted_hybrid,oligodendrocyte_2,oligodendrocyte_1
7,579,targeted_hybrid,astrocyte_2,oligodendrocyte_progenitor_2
7,644,targeted_hybrid,astrocyte_2,oligodendrocyte_progenitor_2
7,2813,targeted_hybrid,oligodendrocyte_progenitor_2,astrocyte_1
7,1195,targeted_hybrid,meninges_2,meninges_1
7,2426,targeted_hybrid,oligodendrocyte_progenitor_2,oligodendrocyte_progenitor_2
7,2029,targeted_hybrid,oligodendrocyte_precursor_cell,astrocyte_1
7,1172,targeted_hybrid,meninges_2,meninges_3
7,2188,targeted_hybrid,oligodendrocyte_progenitor_2,endothelial
7,1729,targeted_hybrid,oligodendrocyte_2,oligodendrocyte_2
7,2705,targeted_hybrid,oligodendrocyte_progenitor_2,oligodendrocyte_progenitor_2
7,993,targeted_hybrid,endothelial,endothelial
7,2046,targeted_hybrid,oligodendrocyte_precursor_cell,oligodendrocyte_progenitor_1
7,613,targeted_hybrid,astrocyte_2,astrocyte_2
7,1198,targeted_hybrid,meninges_2,oligodendrocyte_progenitor_2
7,1950,targeted_hybrid,oligodendrocyte_2,oligodendrocyte_2
7,1196,targeted_hybrid,meninges_2,oligodendrocyte_progenitor_2
7,464,targeted_hybrid,astrocyte_1,astrocyte_1
7,1889,targeted_hybrid,oligodendrocyte_2,oligodendrocyte_1
7,2372,targeted_hybrid,oligodendrocyte_progenitor_2,oligodendrocyte_2
7,769,targeted_hybrid,endothelial,endothelial
7,2445,targeted_hybrid,oligodendrocyte_progenitor_2,oligodendrocyte_2
7,820,targeted_hybrid,endothelial,endothelial
7,2124,targeted_hybrid,oligodendrocyte_progenitor_1,oligodendrocyte_precursor_cell
7,2627,targeted_hybrid,oligodendrocyte_progenitor_2,oligodendrocyte_progenitor_2
7,1968,targeted_hybrid,oligodendrocyte_2,oligodendrocyte_2
7,2206,targeted_hybrid,oligodendrocyte_progenitor_2,oligodendrocyte_progenitor_2
7,1297,targeted_hybrid,oligodendrocyte_1,oligodendrocyte_progenitor_2
7,1232,targeted_hybrid,microglia,oligodendrocyte_1
7,1447,targeted_hybrid,oligodendrocyte_1,oligodendrocyte_2
7,347,targeted_hybrid,astrocyte_1,astrocyte_1
7,352,targeted_hybrid,astrocyte_1,oligodendrocyte_1
7,2020,targeted_hybrid,oligodendrocyte_precursor_cell,oligodendrocyte_1
7,1154,targeted_hybrid,meninges_1,meninges_1
7,667,targeted_hybrid,astrocyte_2,astrocyte_2
7,2259,targeted_hybrid,oligodendrocyte_progenitor_2,oligodendrocyte_1
7,1002,targeted_hybrid,endothelial,oligodendrocyte_progenitor_2
7,874,targeted_hybrid,endothelial,endothelial
7,2908,targeted_hybrid,peripheral_glia,peripheral_glia
7,1266,targeted_hybrid,microglia,astrocyte_2
7,380,targeted_hybrid,astrocyte_1,astrocyte_1
7,711,targeted_hybrid,astrocyte_2,oligodendrocyte_progenitor_2
7,1535,targeted_hybrid,oligodendrocyte_1,oligodendrocyte_progenitor_2
7,1570,targeted_hybrid,oligodendrocyte_2,oligodendrocyte_2
7,1358,targeted_hybrid,oligodendrocyte_1,oligodendrocyte_progenitor_2
7,1259,targeted_hybrid,microglia,microglia
7,343,targeted_hybrid,astrocyte_1,astrocyte_1
7,2696,targeted_hybrid,oligodendrocyte_progenitor_2,oligodendrocyte_progenitor_2
7,1162,targeted_hybrid,meninges_1,oligodendrocyte_progenitor_2
7,2260,targeted_hybrid,oligodendrocyte_progenitor_2,oligodendrocyte_2
7,2423,targeted_hybrid,oligodendrocyte_progenitor_2,oligodendrocyte_progenitor_2
7,673,targeted_hybrid,astrocyte_2,oligodendrocyte_progenitor_2
7,2195,targeted_hybrid,oligodendrocyte_progenitor_2,oligodendrocyte_progenitor_2
7,2556,targeted_hybrid,oligodendrocyte_progenitor_2,oligodendrocyte_2
7,2333,targeted_hybrid,oligodendrocyte_progenitor_2,oligodendrocyte_progenitor_2
7,1244,targeted_hybrid,microglia,microglia
7,2273,targeted_hybrid,oligodendrocyte_progenitor_2,oligodendrocyte_progenitor_2
7,335,targeted_hybrid,astrocyte_1,endothelial
7,2909,targeted_hybrid,Schwann_cell,Schwann_cell
7,2138,targeted_hybrid,oligodendrocyte_progenitor_1,oligodendrocyte_precursor_cell
7,1216,targeted_hybrid,meninges_3,meninges_3
7,1870,targeted_hybrid,oligodendrocyte_2,oligodendrocyte_2
7,629,targeted_hybrid,astrocyte_2,oligodendrocyte_2
7,1051,targeted_hybrid,endothelial,oligodendrocyte_progenitor_2
7,1291,targeted_hybrid,microglia,microglia
7,2786,targeted_hybrid,oligodendrocyte_progenitor_2,oligodendrocyte_precursor_cell
7,284,targeted_hybrid,astrocyte_1,astrocyte_1
7,2680,targeted_hybrid,oligodendrocyte_progenitor_2,oligodendrocyte_1
7,1517,targeted_hybrid,oligodendrocyte_1,astrocyte_1
7,1224,targeted_hybrid,meninges_3,meninges_2
7,900,targeted_hybrid,endothelial,oligodendrocyte_progenitor_2
7,2480,targeted_hybrid,oligodendrocyte_progenitor_2,oligodendrocyte_progenitor_2
7,721,targeted_hybrid,astrocyte_2,astrocyte_2
7,15,targeted_hybrid,astrocyte_1,astrocyte_1
7,1371,targeted_hybrid,oligodendrocyte_1,oligodendrocyte_progenitor_2
7,2489,targeted_hybrid,oligodendrocyte_progenitor_2,oligodendrocyte_progenitor_2
7,1563,targeted_hybrid,oligodendrocyte_1,astrocyte_1
7,479,targeted_hybrid,astrocyte_1,astrocyte_1
7,2394,targeted_hybrid,oligodendrocyte_progenitor_2,oligodendrocyte_progenitor_2
7,1869,targeted_hybrid,oligodendrocyte_2,oligodendrocyte_2
7,808,targeted_hybrid,endothelial,endothelial
7,783,targeted_hybrid,endothelial,endothelial
7,859,targeted_hybrid,endothelial,endothelial
7,1298,targeted_hybrid,oligodendrocyte_1,oligodendrocyte_1
7,752,targeted_hybrid,astrocyte_2,astrocyte_2
7,1763,targeted_hybrid,oligodendrocyte_2,oligodendrocyte_2
7,1142,targeted_hybrid,meninges_1,oligodendrocyte_progenitor_2
7,1695,targeted_hybrid,oligodendrocyte_2,oligodendrocyte_2
7,10,targeted_hybrid,astrocyte_1,astrocyte_1
7,2039,targeted_hybrid,oligodendrocyte_precursor_cell,oligodendrocyte_precursor_cell
7,2644,targeted_hybrid,oligodendrocyte_progenitor_2,oligodendrocyte_progenitor_2
7,742,targeted_hybrid,astrocyte_2,astrocyte_2
7,961,targeted_hybrid,endothelial,endothelial
7,2633,targeted_hybrid,oligodendrocyte_progenitor_2,oligodendrocyte_progenitor_2
7,956,targeted_hybrid,endothelial,endothelial
7,1067,targeted_hybrid,endothelial,endothelial
7,1965,targeted_hybrid,oligodendrocyte_2,oligodendrocyte_2
7,2398,targeted_hybrid,oligodendrocyte_progenitor_2,oligodendrocyte_2
7,1546,targeted_hybrid,oligodendrocyte_1,oligodendrocyte_1
7,2661,targeted_hybrid,oligodendrocyte_progenitor_2,oligodendrocyte_progenitor_2
7,1052,targeted_hybrid,endothelial,oligodendrocyte_1
7,1223,targeted_hybrid,meninges_3,meninges_3
8,1256,genes_volume,microglia,oligodendrocyte_progenitor_2
8,1847,genes_volume,oligodendrocyte_2,oligodendrocyte_progenitor_2
8,1684,genes_volume,oligodendrocyte_2,oligodendrocyte_2
8,782,genes_volume,endothelial,endothelial
8,853,genes_volume,endothelial,endothelial
8,2450,genes_volume,oligodendrocyte_progenitor_2,oligodendrocyte_progenitor_2
8,893,genes_volume,endothelial,endothelial
8,1420,genes_volume,oligodendrocyte_1,oligodendrocyte_precursor_cell
8,2873,genes_volume,pericyte,astrocyte_1
8,210,genes_volume,astrocyte_1,astrocyte_1
8,2651,genes_volume,oligodendrocyte_progenitor_2,oligodendrocyte_1
8,755,genes_volume,astrocyte_2,astrocyte_2
8,244,genes_volume,astrocyte_1,astrocyte_1
8,812,genes_volume,endothelial,astrocyte_1
8,696,genes_volume,astrocyte_2,oligodendrocyte_2
8,87,genes_volume,astrocyte_1,astrocyte_1
8,1791,genes_volume,oligodendrocyte_2,oligodendrocyte_2
8,43,genes_volume,astrocyte_1,astrocyte_1
8,310,genes_volume,astrocyte_1,oligodendrocyte_1
8,2105,genes_volume,oligodendrocyte_progenitor_1,oligodendrocyte_precursor_cell
8,2274,genes_volume,oligodendrocyte_progenitor_2,oligodendrocyte_1
8,1491,genes_volume,oligodendrocyte_1,oligodendrocyte_progenitor_2
8,1620,genes_volume,oligodendrocyte_2,oligodendrocyte_precursor_cell
8,2614,genes_volume,oligodendrocyte_progenitor_2,oligodendrocyte_progenitor_2
8,2904,genes_volume,peripheral_glia,Schwann_cell
8,722,genes_volume,astrocyte_2,oligodendrocyte_progenitor_2
8,2484,genes_volume,oligodendrocyte_progenitor_2,oligodendrocyte_progenitor_2
8,1386,genes_volume,oligodendrocyte_1,endothelial
8,1639,genes_volume,oligodendrocyte_2,oligodendrocyte_2
8,1659,genes_volume,oligodendrocyte_2,oligodendrocyte_2
8,2903,genes_volume,peripheral_glia,Schwann_cell
8,1232,genes_volume,microglia,endothelial
8,1685,genes_volume,oligodendrocyte_2,oligodendrocyte_2
8,475,genes_volume,astrocyte_1,astrocyte_1
8,2140,genes_volume,oligodendrocyte_progenitor_1,astrocyte_1
8,612,genes_volume,astrocyte_2,astrocyte_1
8,2421,genes_volume,oligodendrocyte_progenitor_2,oligodendrocyte_progenitor_2
8,82,genes_volume,astrocyte_1,astrocyte_1
8,1895,genes_volume,oligodendrocyte_2,oligodendrocyte_2
8,2784,genes_volume,oligodendrocyte_progenitor_2,oligodendrocyte_progenitor_2
8,2147,genes_volume,oligodendrocyte_progenitor_2,oligodendrocyte_progenitor_2
8,94,genes_volume,astrocyte_1,astrocyte_1
8,2540,genes_volume,oligodendrocyte_progenitor_2,oligodendrocyte_progenitor_2
8,4,genes_volume,astrocyte_1,astrocyte_1
8,2141,genes_volume,oligodendrocyte_progenitor_1,oligodendrocyte_progenitor_1
8,867,genes_volume,endothelial,astrocyte_1
8,1481,genes_volume,oligodendrocyte_1,oligodendrocyte_progenitor_2
8,2902,genes_volume,peripheral_glia,Schwann_cell
8,1346,genes_volume,oligodendrocyte_1,oligodendrocyte_2
8,1656,genes_volume,oligodendrocyte_2,oligodendrocyte_progenitor_2
8,2899,genes_volume,peripheral_glia,Schwann_cell
8,2609,genes_volume,oligodendrocyte_progenitor_2,oligodendrocyte_progenitor_2
8,565,genes_volume,astrocyte_1,astrocyte_1
8,1708,genes_volume,oligodendrocyte_2,oligodendrocyte_2
8,349,genes_volume,astrocyte_1,astrocyte_1
8,1781,genes_volume,oligodendrocyte_2,oligodendrocyte_2
8,578,genes_volume,astrocyte_2,astrocyte_2
8,2717,genes_volume,oligodendrocyte_progenitor_2,oligodendrocyte_progenitor_2
8,2377,genes_volume,oligodendrocyte_progenitor_2,oligodendrocyte_progenitor_2
8,2602,genes_volume,oligodendrocyte_progenitor_2,oligodendrocyte_progenitor_2
8,1747,genes_volume,oligodendrocyte_2,oligodendrocyte_2
8,1395,genes_volume,oligodendrocyte_1,oligodendrocyte_progenitor_2
8,2514,genes_volume,oligodendrocyte_progenitor_2,oligodendrocyte_progenitor_2
8,1788,genes_volume,oligodendrocyte_2,oligodendrocyte_progenitor_2
8,2953,genes_volume,Schwann_cell,Schwann_cell
8,1416,genes_volume,oligodendrocyte_1,oligodendrocyte_progenitor_2
8,2229,genes_volume,oligodendrocyte_progenitor_2,oligodendrocyte_progenitor_2
8,2174,genes_volume,oligodendrocyte_progenitor_2,oligodendrocyte_progenitor_2
8,435,genes_volume,astrocyte_1,astrocyte_1
8,2067,genes_volume,oligodendrocyte_precursor_cell,oligodendrocyte_precursor_cell
8,704,genes_volume,astrocyte_2,astrocyte_1
8,1950,genes_volume,oligodendrocyte_2,oligodendrocyte_progenitor_2
8,1697,genes_volume,oligodendrocyte_2,oligodendrocyte_progenitor_2
8,1756,genes_volume,oligodendrocyte_2,oligodendrocyte_2
8,399,genes_volume,astrocyte_1,astrocyte_1
8,2705,genes_volume,oligodendrocyte_progenitor_2,oligodendrocyte_progenitor_2
8,2670,genes_volume,oligodendrocyte_progenitor_2,oligodendrocyte_1
8,2516,genes_volume,oligodendrocyte_progenitor_2,oligodendrocyte_progenitor_2
8,2202,genes_volume,oligodendrocyte_progenitor_2,oligodendrocyte_progenitor_2
8,2597,genes_volume,oligodendrocyte_progenitor_2,oligodendrocyte_progenitor_2
8,1042,genes_volume,endothelial,endothelial
8,12,genes_volume,astrocyte_1,astrocyte_1
8,2642,genes_volume,oligodendrocyte_progenitor_2,oligodendrocyte_progenitor_2
8,1486,genes_volume,oligodendrocyte_1,astrocyte_1
8,763,genes_volume,astrocyte_2,astrocyte_1
8,2715,genes_volume,oligodendrocyte_progenitor_2,oligodendrocyte_progenitor_2
8,2128,genes_volume,oligodendrocyte_progenitor_1,oligodendrocyte_precursor_cell
8,1483,genes_volume,oligodendrocyte_1,oligodendrocyte_progenitor_2
8,2001,genes_volume,oligodendrocyte_precursor_cell,astrocyte_1
8,1012,genes_volume,endothelial,astrocyte_1
8,2596,genes_volume,oligodendrocyte_progenitor_2,oligodendrocyte_1
8,869,genes_volume,endothelial,endothelial
8,2006,genes_volume,oligodendrocyte_precursor_cell,oligodendrocyte_precursor_cell
8,1649,genes_volume,oligodendrocyte_2,oligodendrocyte_2
8,119,genes_volume,astrocyte_1,astrocyte_1
8,614,genes_volume,astrocyte_2,astrocyte_2
8,1911,genes_volume,oligodendrocyte_2,oligodendrocyte_2
8,2253,genes_volume,oligodendrocyte_progenitor_2,oligodendrocyte_2
8,2569,genes_volume,oligodendrocyte_progenitor_2,oligodendrocyte_progenitor_2
8,431,genes_volume,astrocyte_1,astrocyte_1
8,2279,genes_volume,oligodendrocyte_progenitor_2,oligodendrocyte_progenitor_2
8,2661,genes_volume,oligodendrocyte_progenitor_2,oligodendrocyte_progenitor_2
8,1128,genes_volume,meninges_1,meninges_1
8,289,genes_volume,astrocyte_1,astrocyte_1
8,2085,genes_volume,oligodendrocyte_precursor_cell,astrocyte_1
8,1860,genes_volume,oligodendrocyte_2,oligodendrocyte_progenitor_2
8,2414,genes_volume,oligodendrocyte_progenitor_2,oligodendrocyte_progenitor_2
8,2113,genes_volume,oligodendrocyte_progenitor_1,oligodendrocyte_precursor_cell
8,2470,genes_volume,oligodendrocyte_progenitor_2,oligodendrocyte_progenitor_2
8,2917,genes_volume,Schwann_cell,Schwann_cell
8,1629,genes_volume,oligodendrocyte_2,oligodendrocyte_2
8,1878,genes_volume,oligodendrocyte_2,oligodendrocyte_2
8,2071,genes_volume,oligodendrocyte_precursor_cell,oligodendrocyte_precursor_cell
8,195,genes_volume,astrocyte_1,oligodendrocyte_progenitor_2
8,2156,genes_volume,oligodendrocyte_progenitor_2,oligodendrocyte_progenitor_2
8,1189,genes_volume,meninges_2,oligodendrocyte_progenitor_2
8,2621,genes_volume,oligodendrocyte_progenitor_2,oligodendrocyte_progenitor_2
8,2576,genes_volume,oligodendrocyte_progenitor_2,oligodendrocyte_progenitor_2
8,1277,genes_volume,microglia,oligodendrocyte_2
8,2236,genes_volume,oligodendrocyte_progenitor_2,oligodendrocyte_1
8,758,genes_volume,astrocyte_2,astrocyte_1
8,326,genes_volume,astrocyte_1,astrocyte_1
8,2564,genes_volume,oligodendrocyte_progenitor_2,oligodendrocyte_2
8,498,genes_volume,astrocyte_1,astrocyte_1
8,1802,genes_volume,oligodendrocyte_2,microglia
8,1924,genes_volume,oligodendrocyte_2,oligodendrocyte_2
8,1865,genes_volume,oligodendrocyte_2,oligodendrocyte_2
8,2326,genes_volume,oligodendrocyte_progenitor_2,astrocyte_1
8,2213,genes_volume,oligodendrocyte_progenitor_2,oligodendrocyte_progenitor_2
8,1524,genes_volume,oligodendrocyte_1,oligodendrocyte_1
8,590,genes_volume,astrocyte_2,astrocyte_1
8,1332,genes_volume,oligodendrocyte_1,oligodendrocyte_progenitor_2
8,2496,genes_volume,oligodendrocyte_progenitor_2,oligodendrocyte_progenitor_2
8,392,genes_volume,astrocyte_1,astrocyte_1
8,1677,genes_volume,oligodendrocyte_2,oligodendrocyte_2
8,685,genes_volume,astrocyte_2,oligodendrocyte_2
8,2876,genes_volume,pericyte,endothelial
8,1166,genes_volume,meninges_1,meninges_1
8,2145,genes_volume,oligodendrocyte_progenitor_2,oligodendrocyte_progenitor_2
8,2689,genes_volume,oligodendrocyte_progenitor_2,oligodendrocyte_progenitor_2
8,179,genes_volume,astrocyte_1,astrocyte_1
8,1488,genes_volume,oligodendrocyte_1,oligodendrocyte_progenitor_2
8,1054,genes_volume,endothelial,endothelial
8,646,genes_volume,astrocyte_2,astrocyte_1
8,1614,genes_volume,oligodendrocyte_2,oligodendrocyte_progenitor_2
8,572,genes_volume,astrocyte_1,astrocyte_1
8,230,genes_volume,astrocyte_1,endothelial
8,191,genes_volume,astrocyte_1,endothelial
8,511,genes_volume,astrocyte_1,oligodendrocyte_progenitor_2
8,2354,genes_volume,oligodendrocyte_progenitor_2,oligodendrocyte_2
8,1891,genes_volume,oligodendrocyte_2,oligodendrocyte_progenitor_2
8,1365,genes_volume,oligodendrocyte_1,oligodendrocyte_progenitor_2
8,228,genes_volume,astrocyte_1,astrocyte_1
8,1309,genes_volume,oligodendrocyte_1,oligodendrocyte_1
8,1964,genes_volume,oligodendrocyte_2,oligodendrocyte_2
8,747,genes_volume,astrocyte_2,astrocyte_2
8,1171,genes_volume,meninges_2,meninges_1
8,2562,genes_volume,oligodendrocyte_progenitor_2,oligodendrocyte_progenitor_2
8,1377,genes_volume,oligodendrocyte_1,oligodendrocyte_progenitor_2
8,2712,genes_volume,oligodendrocyte_progenitor_2,oligodendrocyte_progenitor_2
8,961,genes_volume,endothelial,endothelial
8,1804,genes_volume,oligodendrocyte_2,oligodendrocyte_2
8,2057,genes_volume,oligodendrocyte_precursor_cell,oligodendrocyte_precursor_cell
8,1303,genes_volume,oligodendrocyte_1,oligodendrocyte_progenitor_2
8,771,genes_volume,endothelial,endothelial
8,1693,genes_volume,oligodendrocyte_2,oligodendrocyte_2
8,603,genes_volume,astrocyte_2,astrocyte_1
8,1286,genes_volume,microglia,oligodendrocyte_progenitor_2
8,2720,genes_volume,oligodendrocyte_progenitor_2,oligodendrocyte_progenitor_2
8,1669,genes_volume,oligodendrocyte_2,oligodendrocyte_progenitor_2
8,2884,genes_volume,pericyte,microglia
8,290,genes_volume,astrocyte_1,astrocyte_1
8,2654,genes_volume,oligodendrocyte_progenitor_2,astrocyte_1
8,1926,genes_volume,oligodendrocyte_2,oligodendrocyte_2
8,249,genes_volume,astrocyte_1,astrocyte_1
8,1906,genes_volume,oligodendrocyte_2,oligodendrocyte_2
8,2547,genes_volume,oligodendrocyte_progenitor_2,oligodendrocyte_progenitor_2
8,617,genes_volume,astrocyte_2,oligodendrocyte_progenitor_2
8,2041,genes_volume,oligodendrocyte_precursor_cell,oligodendrocyte_precursor_cell
8,887,genes_volume,endothelial,astrocyte_1
8,2914,genes_volume,Schwann_cell,Schwann_cell
8,700,genes_volume,astrocyte_2,astrocyte_2
8,1759,genes_volume,oligodendrocyte_2,oligodendrocyte_2
8,668,genes_volume,astrocyte_2,oligodendrocyte_2
8,749,genes_volume,astrocyte_2,endothelial
8,2799,genes_volume,oligodendrocyte_progenitor_2,oligodendrocyte_progenitor_2
8,1217,genes_volume,meninges_3,meninges_2
8,2017,genes_volume,oligodendrocyte_precursor_cell,oligodendrocyte_progenitor_2
8,1204,genes_volume,meninges_2,meninges_1
8,942,genes_volume,endothelial,endothelial
8,2312,genes_volume,oligodendrocyte_progenitor_2,oligodendrocyte_progenitor_2
8,787,genes_volume,endothelial,endothelial
8,2281,genes_volume,oligodendrocyte_progenitor_2,oligodendrocyte_progenitor_2
8,1037,genes_volume,endothelial,astrocyte_1
8,2007,genes_volume,oligodendrocyte_precursor_cell,endothelial
8,1851,genes_volume,oligodendrocyte_2,oligodendrocyte_2
8,2559,genes_volume,oligodendrocyte_progenitor_2,oligodendrocyte_progenitor_2
8,1956,genes_volume,oligodendrocyte_2,oligodendrocyte_progenitor_2
8,1098,genes_volume,ependymal,ependymal
8,1602,genes_volume,oligodendrocyte_2,oligodendrocyte_1
8,2166,genes_volume,oligodendrocyte_progenitor_2,oligodendrocyte_progenitor_2
8,1115,genes_volume,meninges_1,oligodendrocyte_progenitor_2
8,71,genes_volume,astrocyte_1,astrocyte_1
8,1490,genes_volume,oligodendrocyte_1,oligodendrocyte_progenitor_2
8,6,genes_volume,astrocyte_1,astrocyte_1
8,314,genes_volume,astrocyte_1,astrocyte_1
8,1290,genes_volume,microglia,microglia
8,730,genes_volume,astrocyte_2,oligodendrocyte_precursor_cell
8,1036,genes_volume,endothelial,endothelial
8,2889,genes_volume,peripheral_glia,endothelial
8,1505,genes_volume,oligodendrocyte_1,oligodendrocyte_progenitor_2
8,2669,genes_volume,oligodendrocyte_progenitor_2,oligodendrocyte_progenitor_2
8,2573,genes_volume,oligodendrocyte_progenitor_2,astrocyte_1
8,1473,genes_volume,oligodendrocyte_1,oligodendrocyte_1
8,1288,genes_volume,microglia,microglia
8,807,genes_volume,endothelial,endothelial
8,1206,genes_volume,meninges_2,meninges_2
8,2168,genes_volume,oligodendrocyte_progenitor_2,oligodendrocyte_progenitor_2
8,2091,genes_volume,oligodendrocyte_precursor_cell,endothelial
8,1110,genes_volume,meninges_1,meninges_1
8,2415,genes_volume,oligodendrocyte_progenitor_2,oligodendrocyte_progenitor_2
8,2230,genes_volume,oligodendrocyte_progenitor_2,oligodendrocyte_progenitor_2
8,483,genes_volume,astrocyte_1,astrocyte_1
8,70,genes_volume,astrocyte_1,astrocyte_1
8,666,genes_volume,astrocyte_2,astrocyte_1
8,2730,genes_volume,oligodendrocyte_progenitor_2,oligodendrocyte_progenitor_2
8,762,genes_volume,astrocyte_2,astrocyte_2
8,1325,genes_volume,oligodendrocyte_1,oligodendrocyte_1
8,2643,genes_volume,oligodendrocyte_progenitor_2,oligodendrocyte_progenitor_2
8,2206,genes_volume,oligodendrocyte_progenitor_2,oligodendrocyte_progenitor_2
8,1210,genes_volume,meninges_2,meninges_1
8,1355,genes_volume,oligodendrocyte_1,astrocyte_1
8,2740,genes_volume,oligodendrocyte_progenitor_2,oligodendrocyte_progenitor_2
8,227,genes_volume,astrocyte_1,astrocyte_1
8,2752,genes_volume,oligodendrocyte_progenitor_2,oligodendrocyte_progenitor_2
8,1331,genes_volume,oligodendrocyte_1,oligodendrocyte_progenitor_2
8,1545,genes_volume,oligodendrocyte_1,oligodendrocyte_progenitor_2
8,2853,genes_volume,pericyte,pericyte
8,2357,genes_volume,oligodendrocyte_progenitor_2,oligodendrocyte_progenitor_2
8,939,genes_volume,endothelial,endothelial
8,582,genes_volume,astrocyte_2,endothelial
8,2945,genes_volume,Schwann_cell,Schwann_cell
8,2297,genes_volume,oligodendrocyte_progenitor_2,oligodendrocyte_progenitor_2
8,2797,genes_volume,oligodendrocyte_progenitor_2,oligodendrocyte_progenitor_2
8,1148,genes_volume,meninges_1,meninges_2
8,2473,genes_volume,oligodendrocyte_progenitor_2,oligodendrocyte_2
8,1083,genes_volume,endothelial,endothelial
8,2066,genes_volume,oligodendrocyte_precursor_cell,oligodendrocyte_progenitor_2
8,1448,genes_volume,oligodendrocyte_1,oligodendrocyte_2
8,1660,genes_volume,oligodendrocyte_2,oligodendrocyte_2
8,1975,genes_volume,oligodendrocyte_2,oligodendrocyte_2
8,1739,genes_volume,oligodendrocyte_2,oligodendrocyte_2
8,1800,genes_volume,oligodendrocyte_2,oligodendrocyte_2
8,189,genes_volume,astrocyte_1,oligodendrocyte_precursor_cell
8,2558,genes_volume,oligodendrocyte_progenitor_2,oligodendrocyte_2
8,1457,genes_volume,oligodendrocyte_1,oligodendrocyte_1
8,1173,genes_volume,meninges_2,meninges_2
8,197,genes_volume,astrocyte_1,astrocyte_1
8,2601,genes_volume,oligodendrocyte_progenitor_2,oligodendrocyte_progenitor_2
8,1741,genes_volume,oligodendrocyte_2,oligodendrocyte_2
8,1832,genes_volume,oligodendrocyte_2,oligodendrocyte_2
8,2937,genes_volume,Schwann_cell,Schwann_cell
8,1870,genes_volume,oligodendrocyte_2,oligodendrocyte_2
8,1074,genes_volume,endothelial,endothelial
8,534,genes_volume,astrocyte_1,astrocyte_1
8,1405,genes_volume,oligodendrocyte_1,oligodendrocyte_progenitor_2
8,1224,genes_volume,meninges_3,meninges_2
8,1559,genes_volume,oligodendrocyte_1,oligodendrocyte_progenitor_2
8,178,genes_volume,astrocyte_1,astrocyte_1
8,455,genes_volume,astrocyte_1,astrocyte_1
8,346,genes_volume,astrocyte_1,astrocyte_1
8,2759,genes_volume,oligodendrocyte_progenitor_2,oligodendrocyte_progenitor_2
8,1988,genes_volume,oligodendrocyte_precursor_cell,astrocyte_1
8,2109,genes_volume,oligodendrocyte_progenitor_1,oligodendrocyte_progenitor_1
8,1770,genes_volume,oligodendrocyte_2,oligodendrocyte_2
8,403,genes_volume,astrocyte_1,astrocyte_1
8,1726,genes_volume,oligodendrocyte_2,oligodendrocyte_2
8,1348,genes_volume,oligodendrocyte_1,oligodendrocyte_progenitor_2
8,110,genes_volume,astrocyte_1,astrocyte_1
8,1291,genes_volume,microglia,microglia
8,1812,genes_volume,oligodendrocyte_2,oligodendrocyte_2
8,1719,genes_volume,oligodendrocyte_2,oligodendrocyte_2
8,2445,genes_volume,oligodendrocyte_progenitor_2,oligodendrocyte_2
8,1285,genes_volume,microglia,microglia
8,2631,genes_volume,oligodendrocyte_progenitor_2,oligodendrocyte_progenitor_2
8,2629,genes_volume,oligodendrocyte_progenitor_2,oligodendrocyte_progenitor_2
8,2635,genes_volume,oligodendrocyte_progenitor_2,oligodendrocyte_progenitor_2
8,2132,genes_volume,oligodendrocyte_progenitor_1,oligodendrocyte_precursor_cell
8,2336,genes_volume,oligodendrocyte_progenitor_2,astrocyte_1
8,2074,genes_volume,oligodendrocyte_precursor_cell,oligodendrocyte_precursor_cell
8,1901,genes_volume,oligodendrocyte_2,oligodendrocyte_2
8,698,genes_volume,astrocyte_2,astrocyte_1
8,2069,genes_volume,oligodendrocyte_precursor_cell,oligodendrocyte_precursor_cell
8,1413,genes_volume,oligodendrocyte_1,oligodendrocyte_progenitor_2
8,1979,genes_volume,oligodendrocyte_2,oligodendrocyte_2
8,381,genes_volume,astrocyte_1,astrocyte_1
8,844,genes_volume,endothelial,endothelial
8,471,genes_volume,astrocyte_1,astrocyte_1
8,379,genes_volume,astrocyte_1,astrocyte_1
8,66,genes_volume,astrocyte_1,astrocyte_1
8,977,genes_volume,endothelial,oligodendrocyte_progenitor_2
8,1912,genes_volume,oligodendrocyte_2,oligodendrocyte_2
8,512,genes_volume,astrocyte_1,oligodendrocyte_progenitor_2
8,1058,genes_volume,endothelial,astrocyte_1
8,631,genes_volume,astrocyte_2,astrocyte_2
8,1308,genes_volume,oligodendrocyte_1,astrocyte_1
8,273,genes_volume,astrocyte_1,astrocyte_1
8,1425,genes_volume,oligodendrocyte_1,oligodendrocyte_progenitor_2
8,604,genes_volume,astrocyte_2,astrocyte_1
8,339,genes_volume,astrocyte_1,astrocyte_1
8,1184,genes_volume,meninges_2,meninges_1
8,2789,genes_volume,oligodendrocyte_progenitor_2,oligodendrocyte_progenitor_2
8,1752,genes_volume,oligodendrocyte_2,oligodendrocyte_2
8,2096,genes_volume,oligodendrocyte_progenitor_1,oligodendrocyte_progenitor_1
8,2406,genes_volume,oligodendrocyte_progenitor_2,oligodendrocyte_progenitor_2
8,1068,genes_volume,endothelial,astrocyte_1
8,2263,genes_volume,oligodendrocyte_progenitor_2,oligodendrocyte_progenitor_2
8,2221,genes_volume,oligodendrocyte_progenitor_2,oligodendrocyte_progenitor_2
8,1280,genes_volume,microglia,microglia
8,1706,genes_volume,oligodendrocyte_2,oligodendrocyte_progenitor_2
8,2653,genes_volume,oligodendrocyte_progenitor_2,oligodendrocyte_progenitor_2
8,2724,genes_volume,oligodendrocyte_progenitor_2,endothelial
8,2710,genes_volume,oligodendrocyte_progenitor_2,oligodendrocyte_progenitor_2
8,982,genes_volume,endothelial,oligodendrocyte_progenitor_2
8,2624,genes_volume,oligodendrocyte_progenitor_2,oligodendrocyte_progenitor_2
8,1077,genes_volume,endothelial,endothelial
8,1655,genes_volume,oligodendrocyte_2,oligodendrocyte_2
8,1371,genes_volume,oligodendrocyte_1,oligodendrocyte_progenitor_2
8,1856,genes_volume,oligodendrocyte_2,oligodendrocyte_2
8,848,genes_volume,endothelial,endothelial
8,1881,genes_volume,oligodendrocyte_2,oligodendrocyte_2
8,901,genes_volume,endothelial,oligodendrocyte_progenitor_2
8,1113,genes_volume,meninges_1,astrocyte_1
8,2420,genes_volume,oligodendrocyte_progenitor_2,oligodendrocyte_progenitor_2
8,1362,genes_volume,oligodendrocyte_1,oligodendrocyte_1
8,1304,genes_volume,oligodendrocyte_1,endothelial
8,458,genes_volume,astrocyte_1,astrocyte_2
8,1997,genes_volume,oligodendrocyte_precursor_cell,endothelial
8,547,genes_volume,astrocyte_1,ependymal
8,2872,genes_volume,pericyte,pericyte
8,2153,genes_volume,oligodendrocyte_progenitor_2,oligodendrocyte_progenitor_2
8,814,genes_volume,endothelial,endothelial
8,2257,genes_volume,oligodendrocyte_progenitor_2,astrocyte_1
8,1744,genes_volume,oligodendrocyte_2,oligodendrocyte_2
8,2512,genes_volume,oligodendrocyte_progenitor_2,oligodendrocyte_progenitor_2
8,2826,genes_volume,oligodendrocyte_progenitor_2,astrocyte_1
8,999,genes_volume,endothelial,astrocyte_2
8,2182,genes_volume,oligodendrocyte_progenitor_2,astrocyte_1
8,579,genes_volume,astrocyte_2,oligodendrocyte_progenitor_2
8,2934,genes_volume,Schwann_cell,Schwann_cell
8,1540,genes_volume,oligodendrocyte_1,oligodendrocyte_progenitor_2
8,2786,genes_volume,oligodendrocyte_progenitor_2,oligodendrocyte_precursor_cell
8,369,genes_volume,astrocyte_1,astrocyte_1
8,973,genes_volume,endothelial,endothelial
8,1984,genes_volume,oligodendrocyte_precursor_cell,astrocyte_1
8,2530,genes_volume,oligodendrocyte_progenitor_2,oligodendrocyte_2
8,26,genes_volume,astrocyte_1,astrocyte_1
8,1955,genes_volume,oligodendrocyte_2,oligodendrocyte_progenitor_2
8,268,genes_volume,astrocyte_1,oligodendrocyte_progenitor_2
8,51,genes_volume,astrocyte_1,astrocyte_1
8,37,genes_volume,astrocyte_1,astrocyte_1
8,2291,genes_volume,oligodendrocyte_progenitor_2,oligodendrocyte_progenitor_2
8,1885,genes_volume,oligodendrocyte_2,oligodendrocyte_2
8,2787,genes_volume,oligodendrocyte_progenitor_2,astrocyte_1
8,938,genes_volume,endothelial,endothelial
8,1451,genes_volume,oligodendrocyte_1,oligodendrocyte_progenitor_2
8,662,genes_volume,astrocyte_2,astrocyte_1
8,1384,genes_volume,oligodendrocyte_1,astrocyte_1
8,1314,genes_volume,oligodendrocyte_1,astrocyte_1
8,1078,genes_volume,endothelial,oligodendrocyte_2
8,517,genes_volume,astrocyte_1,astrocyte_1
8,644,genes_volume,astrocyte_2,oligodendrocyte_progenitor_2
8,292,genes_volume,astrocyte_1,astrocyte_1
8,994,genes_volume,endothelial,endothelial
8,1636,genes_volume,oligodendrocyte_2,oligodendrocyte_2
8,2366,genes_volume,oligodendrocyte_progenitor_2,oligodendrocyte_progenitor_2
8,1963,genes_volume,oligodendrocyte_2,oligodendrocyte_2
8,2079,genes_volume,oligodendrocyte_precursor_cell,oligodendrocyte_precursor_cell
8,1121,genes_volume,meninges_1,oligodendrocyte_progenitor_2
8,1783,genes_volume,oligodendrocyte_2,oligodendrocyte_2
8,1671,genes_volume,oligodendrocyte_2,oligodendrocyte_2
8,849,genes_volume,endothelial,endothelial
8,1765,genes_volume,oligodendrocyte_2,oligodendrocyte_2
8,718,genes_volume,astrocyte_2,astrocyte_2
8,2909,genes_volume,Schwann_cell,Schwann_cell
8,2238,genes_volume,oligodendrocyte_progenitor_2,oligodendrocyte_progenitor_2
8,493,genes_volume,astrocyte_1,oligodendrocyte_progenitor_2
8,2195,genes_volume,oligodendrocyte_progenitor_2,oligodendrocyte_progenitor_2
8,634,genes_volume,astrocyte_2,astrocyte_1
8,1269,genes_volume,microglia,microglia
8,1419,genes_volume,oligodendrocyte_1,oligodendrocyte_progenitor_2
8,2552,genes_volume,oligodendrocyte_progenitor_2,oligodendrocyte_progenitor_2
8,1090,genes_volume,endothelial,endothelial
8,2851,genes_volume,pericyte,pericyte
8,1787,genes_volume,oligodendrocyte_2,oligodendrocyte_2
8,2510,genes_volume,oligodendrocyte_progenitor_2,oligodendrocyte_progenitor_2
8,184,genes_volume,astrocyte_1,astrocyte_1
8,342,genes_volume,astrocyte_1,oligodendrocyte_progenitor_2
8,2431,genes_volume,oligodendrocyte_progenitor_2,oligodendrocyte_progenitor_2
8,2194,genes_volume,oligodendrocyte_progenitor_2,oligodendrocyte_progenitor_2
8,2827,genes_volume,oligodendrocyte_progenitor_2,oligodendrocyte_progenitor_2
8,2586,genes_volume,oligodendrocyte_progenitor_2,oligodendrocyte_2
8,2766,genes_volume,oligodendrocyte_progenitor_2,oligodendrocyte_progenitor_2
8,665,genes_volume,astrocyte_2,astrocyte_1
8,2004,genes_volume,oligodendrocyte_precursor_cell,oligodendrocyte_progenitor_2
8,2800,genes_volume,oligodendrocyte_progenitor_2,oligodendrocyte_progenitor_2
8,1100,genes_volume,ependymal,ependymal
8,440,genes_volume,astrocyte_1,astrocyte_1
8,2741,genes_volume,oligodendrocyte_progenitor_2,oligodendrocyte_progenitor_2
8,2942,genes_volume,Schwann_cell,Schwann_cell
8,2628,genes_volume,oligodendrocyte_progenitor_2,oligodendrocyte_progenitor_2
8,2447,genes_volume,oligodendrocyte_progenitor_2,oligodendrocyte_progenitor_2
8,223,genes_volume,astrocyte_1,astrocyte_1
8,2949,genes_volume,Schwann_cell,Schwann_cell
8,2897,genes_volume,peripheral_glia,peripheral_glia
8,1810,genes_volume,oligodendrocyte_2,oligodendrocyte_2
8,754,genes_volume,astrocyte_2,astrocyte_1
8,2271,genes_volume,oligodendrocyte_progenitor_2,astrocyte_1
8,2729,genes_volume,oligodendrocyte_progenitor_2,oligodendrocyte_progenitor_2
8,556,genes_volume,astrocyte_1,astrocyte_1
8,1455,genes_volume,oligodendrocyte_1,oligodendrocyte_1
8,1958,genes_volume,oligodendrocyte_2,oligodendrocyte_2
8,2925,genes_volume,Schwann_cell,Schwann_cell
8,428,genes_volume,astrocyte_1,astrocyte_1
8,168,genes_volume,astrocyte_1,astrocyte_1
8,2847,genes_volume,pericyte,astrocyte_1
8,2205,genes_volume,oligodendrocyte_progenitor_2,oligodendrocyte_progenitor_2
8,2038,genes_volume,oligodendrocyte_precursor_cell,oligodendrocyte_progenitor_2
8,2845,genes_volume,oligodendrocyte_progenitor_2,oligodendrocyte_progenitor_2
8,1974,genes_volume,oligodendrocyte_2,oligodendrocyte_2
8,538,genes_volume,astrocyte_1,astrocyte_1
8,1027,genes_volume,endothelial,astrocyte_1
8,975,genes_volume,endothelial,endothelial
8,2790,genes_volume,oligodendrocyte_progenitor_2,oligodendrocyte_progenitor_2
8,49,genes_volume,astrocyte_1,astrocyte_1
8,1238,genes_volume,microglia,microglia
8,1986,genes_volume,oligodendrocyte_precursor_cell,endothelial
8,2432,genes_volume,oligodendrocyte_progenitor_2,oligodendrocyte_progenitor_2
8,2487,genes_volume,oligodendrocyte_progenitor_2,oligodendrocyte_progenitor_2
8,2817,genes_volume,oligodendrocyte_progenitor_2,oligodendrocyte_progenitor_2
8,27,genes_volume,astrocyte_1,astrocyte_1
8,480,genes_volume,astrocyte_1,astrocyte_1
8,320,genes_volume,astrocyte_1,astrocyte_1
8,2468,genes_volume,oligodendrocyte_progenitor_2,astrocyte_1
8,454,genes_volume,astrocyte_1,astrocyte_1
8,865,genes_volume,endothelial,oligodendrocyte_progenitor_2
8,1750,genes_volume,oligodendrocyte_2,oligodendrocyte_2
8,2747,genes_volume,oligodendrocyte_progenitor_2,oligodendrocyte_progenitor_2
8,341,genes_volume,astrocyte_1,astrocyte_1
8,2672,genes_volume,oligodendrocyte_progenitor_2,astrocyte_1
8,1816,genes_volume,oligodendrocyte_2,oligodendrocyte_2
8,751,genes_volume,astrocyte_2,astrocyte_1
8,2395,genes_volume,oligodendrocyte_progenitor_2,oligodendrocyte_progenitor_2
8,917,genes_volume,endothelial,endothelial
8,689,genes_volume,astrocyte_2,astrocyte_2
8,1586,genes_volume,oligodendrocyte_2,oligodendrocyte_2
8,1289,genes_volume,microglia,microglia
8,2541,genes_volume,oligodendrocyte_progenitor_2,oligodendrocyte_progenitor_2
8,851,genes_volume,endothelial,endothelial
8,67,genes_volume,astrocyte_1,astrocyte_1
8,2644,genes_volume,oligodendrocyte_progenitor_2,oligodendrocyte_progenitor_2
8,1443,genes_volume,oligodendrocyte_1,oligodendrocyte_progenitor_2
8,2278,genes_volume,oligodendrocyte_progenitor_2,oligodendrocyte_progenitor_2
8,843,genes_volume,endothelial,oligodendrocyte_progenitor_2
8,793,genes_volume,endothelial,oligodendrocyte_precursor_cell
8,468,genes_volume,astrocyte_1,astrocyte_1
8,1170,genes_volume,meninges_2,meninges_2
8,1593,genes_volume,oligodendrocyte_2,oligodendrocyte_progenitor_2
8,552,genes_volume,astrocyte_1,astrocyte_1
8,1734,genes_volume,oligodendrocyte_2,oligodendrocyte_2
8,255,genes_volume,astrocyte_1,astrocyte_1
8,2043,genes_volume,oligodendrocyte_precursor_cell,oligodendrocyte_precursor_cell
8,1055,genes_volume,endothelial,oligodendrocyte_progenitor_2
8,2607,genes_volume,oligodendrocyte_progenitor_2,oligodendrocyte_progenitor_2
8,1723,genes_volume,oligodendrocyte_2,oligodendrocyte_2
8,2863,genes_volume,pericyte,astrocyte_1
8,1772,genes_volume,oligodendrocyte_2,oligodendrocyte_2
8,2372,genes_volume,oligodendrocyte_progenitor_2,oligodendrocyte_2
8,2490,genes_volume,oligodendrocyte_progenitor_2,oligodendrocyte_2
8,1843,genes_volume,oligodendrocyte_2,oligodendrocyte_2
8,1714,genes_volume,oligodendrocyte_2,oligodendrocyte_2
8,2369,genes_volume,oligodendrocyte_progenitor_2,oligodendrocyte_progenitor_2
8,1011,genes_volume,endothelial,astrocyte_1
8,2290,genes_volume,oligodendrocyte_progenitor_2,oligodendrocyte_progenitor_2
8,2171,genes_volume,oligodendrocyte_progenitor_2,oligodendrocyte_2
8,154,genes_volume,astrocyte_1,astrocyte_1
8,2180,genes_volume,oligodendrocyte_progenitor_2,oligodendrocyte_progenitor_2
8,2077,genes_volume,oligodendrocyte_precursor_cell,oligodendrocyte_precursor_cell
8,112,genes_volume,astrocyte_1,astrocyte_1
8,1724,genes_volume,oligodendrocyte_2,oligodendrocyte_2
8,2286,genes_volume,oligodendrocyte_progenitor_2,oligodendrocyte_progenitor_2
8,2212,genes_volume,oligodendrocyte_progenitor_2,oligodendrocyte_progenitor_2
8,2765,genes_volume,oligodendrocyte_progenitor_2,oligodendrocyte_progenitor_2
8,997,genes_volume,endothelial,endothelial
8,239,genes_volume,astrocyte_1,astrocyte_1
8,1761,genes_volume,oligodendrocyte_2,oligodendrocyte_2
8,1428,genes_volume,oligodendrocyte_1,astrocyte_1
8,1960,genes_volume,oligodendrocyte_2,oligodendrocyte_2
8,1396,genes_volume,oligodendrocyte_1,oligodendrocyte_progenitor_2
8,1041,genes_volume,endothelial,endothelial
8,2222,genes_volume,oligodendrocyte_progenitor_2,oligodendrocyte_progenitor_2
8,926,genes_volume,endothelial,endothelial
8,2590,genes_volume,oligodendrocyte_progenitor_2,oligodendrocyte_1
8,1376,genes_volume,oligodendrocyte_1,oligodendrocyte_progenitor_2
8,2862,genes_volume,pericyte,endothelial
8,2393,genes_volume,oligodendrocyte_progenitor_2,oligodendrocyte_progenitor_2
8,1146,genes_volume,meninges_1,meninges_1
8,801,genes_volume,endothelial,endothelial
8,2665,genes_volume,oligodendrocyte_progenitor_2,oligodendrocyte_progenitor_2
8,1358,genes_volume,oligodendrocyte_1,oligodendrocyte_progenitor_2
8,1729,genes_volume,oligodendrocyte_2,oligodendrocyte_2
8,785,genes_volume,endothelial,endothelial
8,2,genes_volume,astrocyte_1,astrocyte_1
8,1047,genes_volume,endothelial,endothelial
8,2867,genes_volume,pericyte,pericyte
8,1495,genes_volume,oligodendrocyte_1,oligodendrocyte_progenitor_2
8,1827,genes_volume,oligodendrocyte_2,oligodendrocyte_2
8,809,genes_volume,endothelial,endothelial
8,2502,genes_volume,oligodendrocyte_progenitor_2,oligodendrocyte_2
8,741,genes_volume,astrocyte_2,astrocyte_2
8,1873,genes_volume,oligodendrocyte_2,oligodendrocyte_2
8,481,genes_volume,astrocyte_1,astrocyte_1
8,225,genes_volume,astrocyte_1,astrocyte_1
8,2367,genes_volume,oligodendrocyte_progenitor_2,oligodendrocyte_progenitor_2
8,1792,genes_volume,oligodendrocyte_2,oligodendrocyte_2
8,661,genes_volume,astrocyte_2,endothelial
8,794,genes_volume,endothelial,endothelial
8,1372,genes_volume,oligodendrocyte_1,astrocyte_1
8,2832,genes_volume,oligodendrocyte_progenitor_2,oligodendrocyte_progenitor_2
8,1807,genes_volume,oligodendrocyte_2,oligodendrocyte_2
8,2697,genes_volume,oligodendrocyte_progenitor_2,oligodendrocyte_progenitor_2
8,1930,genes_volume,oligodendrocyte_2,oligodendrocyte_2
8,2810,genes_volume,oligodendrocyte_progenitor_2,oligodendrocyte_progenitor_2
8,792,genes_volume,endothelial,astrocyte_1
8,1006,genes_volume,endothelial,astrocyte_1
8,1328,genes_volume,oligodendrocyte_1,oligodendrocyte_2
8,875,genes_volume,endothelial,endothelial
8,229,genes_volume,astrocyte_1,astrocyte_1
8,765,genes_volume,astrocyte_2,astrocyte_1
8,52,genes_volume,astrocyte_1,astrocyte_1
8,1525,genes_volume,oligodendrocyte_1,oligodendrocyte_progenitor_2
8,470,genes_volume,astrocyte_1,astrocyte_1
8,1299,genes_volume,oligodendrocyte_1,oligodendrocyte_2
8,2248,genes_volume,oligodendrocyte_progenitor_2,oligodendrocyte_2
8,2358,genes_volume,oligodendrocyte_progenitor_2,oligodendrocyte_progenitor_2
8,2869,genes_volume,pericyte,astrocyte_1
8,1029,genes_volume,endothelial,endothelial
8,181,genes_volume,astrocyte_1,astrocyte_1
8,1892,genes_volume,oligodendrocyte_2,oligodendrocyte_2
8,1343,genes_volume,oligodendrocyte_1,oligodendrocyte_progenitor_2
8,499,genes_volume,astrocyte_1,endothelial
8,1333,genes_volume,oligodendrocyte_1,oligodendrocyte_progenitor_2
8,2086,genes_volume,oligodendrocyte_precursor_cell,oligodendrocyte_precursor_cell
8,2225,genes_volume,oligodendrocyte_progenitor_2,oligodendrocyte_progenitor_2
8,1124,genes_volume,meninges_1,meninges_1
8,1305,genes_volume,oligodendrocyte_1,oligodendrocyte_progenitor_2
8,2426,genes_volume,oligodendrocyte_progenitor_2,oligodendrocyte_progenitor_2
8,125,genes_volume,astrocyte_1,astrocyte_1
8,1617,genes_volume,oligodendrocyte_2,oligodendrocyte_2
8,2457,genes_volume,oligodendrocyte_progenitor_2,oligodendrocyte_progenitor_2
8,1296,genes_volume,oligodendrocyte_1,astrocyte_1
8,1101,genes_volume,ependymal,ependymal
8,548,genes_volume,astrocyte_1,astrocyte_1
8,1872,genes_volume,oligodendrocyte_2,oligodendrocyte_progenitor_2
8,258,genes_volume,astrocyte_1,astrocyte_1
8,448,genes_volume,astrocyte_1,astrocyte_1
8,1768,genes_volume,oligodendrocyte_2,oligodendrocyte_2
8,2400,genes_volume,oligodendrocyte_progenitor_2,oligodendrocyte_progenitor_2
8,1576,genes_volume,oligodendrocyte_2,oligodendrocyte_progenitor_2
8,948,genes_volume,endothelial,endothelial
8,2068,genes_volume,oligodendrocyte_precursor_cell,astrocyte_1
8,2382,genes_volume,oligodendrocyte_progenitor_2,oligodendrocyte_progenitor_2
8,633,genes_volume,astrocyte_2,astrocyte_2
8,1142,genes_volume,meninges_1,oligodendrocyte_progenitor_2
8,904,genes_volume,endothelial,endothelial
8,1715,genes_volume,oligodendrocyte_2,oligodendrocyte_2
8,577,genes_volume,astrocyte_2,astrocyte_1
8,2356,genes_volume,oligodendrocyte_progenitor_2,oligodendrocyte_progenitor_2
8,2770,genes_volume,oligodendrocyte_progenitor_2,oligodendrocyte_progenitor_2
8,1809,genes_volume,oligodendrocyte_2,oligodendrocyte_2
8,2124,genes_volume,oligodendrocyte_progenitor_1,oligodendrocyte_precursor_cell
8,1205,genes_volume,meninges_2,meninges_1
8,1813,genes_volume,oligodendrocyte_2,oligodendrocyte_2
8,714,genes_volume,astrocyte_2,astrocyte_2
8,175,genes_volume,astrocyte_1,astrocyte_1
8,1704,genes_volume,oligodendrocyte_2,oligodendrocyte_2
8,553,genes_volume,astrocyte_1,astrocyte_1
8,163,genes_volume,astrocyte_1,astrocyte_1
8,141,genes_volume,astrocyte_1,astrocyte_1
8,444,genes_volume,astrocyte_1,astrocyte_1
8,120,genes_volume,astrocyte_1,astrocyte_1
8,1941,genes_volume,oligodendrocyte_2,oligodendrocyte_2
8,1256,targeted_hybrid,microglia,oligodendrocyte_progenitor_2
8,1847,targeted_hybrid,oligodendrocyte_2,oligodendrocyte_progenitor_2
8,1684,targeted_hybrid,oligodendrocyte_2,oligodendrocyte_2
8,782,targeted_hybrid,endothelial,endothelial
8,853,targeted_hybrid,endothelial,endothelial
8,2450,targeted_hybrid,oligodendrocyte_progenitor_2,oligodendrocyte_progenitor_2
8,893,targeted_hybrid,endothelial,endothelial
8,1420,targeted_hybrid,oligodendrocyte_1,oligodendrocyte_precursor_cell
8,2873,targeted_hybrid,pericyte,astrocyte_1
8,210,targeted_hybrid,astrocyte_1,astrocyte_1
8,2651,targeted_hybrid,oligodendrocyte_progenitor_2,oligodendrocyte_1
8,755,targeted_hybrid,astrocyte_2,astrocyte_2
8,244,targeted_hybrid,astrocyte_1,astrocyte_1
8,812,targeted_hybrid,endothelial,astrocyte_2
8,696,targeted_hybrid,astrocyte_2,oligodendrocyte_2
8,87,targeted_hybrid,astrocyte_1,astrocyte_1
8,1791,targeted_hybrid,oligodendrocyte_2,oligodendrocyte_2
8,43,targeted_hybrid,astrocyte_1,astrocyte_1
8,310,targeted_hybrid,astrocyte_1,oligodendrocyte_1
8,2105,targeted_hybrid,oligodendrocyte_progenitor_1,oligodendrocyte_progenitor_1
8,2274,targeted_hybrid,oligodendrocyte_progenitor_2,oligodendrocyte_1
8,1491,targeted_hybrid,oligodendrocyte_1,oligodendrocyte_progenitor_2
8,1620,targeted_hybrid,oligodendrocyte_2,oligodendrocyte_precursor_cell
8,2614,targeted_hybrid,oligodendrocyte_progenitor_2,oligodendrocyte_progenitor_2
8,2904,targeted_hybrid,peripheral_glia,Schwann_cell
8,722,targeted_hybrid,astrocyte_2,oligodendrocyte_1
8,2484,targeted_hybrid,oligodendrocyte_progenitor_2,oligodendrocyte_progenitor_2
8,1386,targeted_hybrid,oligodendrocyte_1,endothelial
8,1639,targeted_hybrid,oligodendrocyte_2,oligodendrocyte_2
8,1659,targeted_hybrid,oligodendrocyte_2,oligodendrocyte_2
8,2903,targeted_hybrid,peripheral_glia,peripheral_glia
8,1232,targeted_hybrid,microglia,endothelial
8,1685,targeted_hybrid,oligodendrocyte_2,oligodendrocyte_2
8,475,targeted_hybrid,astrocyte_1,astrocyte_1
8,2140,targeted_hybrid,oligodendrocyte_progenitor_1,astrocyte_1
8,612,targeted_hybrid,astrocyte_2,astrocyte_2
8,2421,targeted_hybrid,oligodendrocyte_progenitor_2,oligodendrocyte_1
8,82,targeted_hybrid,astrocyte_1,astrocyte_1
8,1895,targeted_hybrid,oligodendrocyte_2,oligodendrocyte_2
8,2784,targeted_hybrid,oligodendrocyte_progenitor_2,oligodendrocyte_progenitor_2
8,2147,targeted_hybrid,oligodendrocyte_progenitor_2,oligodendrocyte_1
8,94,targeted_hybrid,astrocyte_1,astrocyte_1
8,2540,targeted_hybrid,oligodendrocyte_progenitor_2,oligodendrocyte_progenitor_2
8,4,targeted_hybrid,astrocyte_1,astrocyte_1
8,2141,targeted_hybrid,oligodendrocyte_progenitor_1,oligodendrocyte_progenitor_1
8,867,targeted_hybrid,endothelial,astrocyte_1
8,1481,targeted_hybrid,oligodendrocyte_1,oligodendrocyte_progenitor_2
8,2902,targeted_hybrid,peripheral_glia,peripheral_glia
8,1346,targeted_hybrid,oligodendrocyte_1,oligodendrocyte_1
8,1656,targeted_hybrid,oligodendrocyte_2,oligodendrocyte_1
8,2899,targeted_hybrid,peripheral_glia,peripheral_glia
8,2609,targeted_hybrid,oligodendrocyte_progenitor_2,oligodendrocyte_progenitor_2
8,565,targeted_hybrid,astrocyte_1,astrocyte_1
8,1708,targeted_hybrid,oligodendrocyte_2,oligodendrocyte_2
8,349,targeted_hybrid,astrocyte_1,astrocyte_1
8,1781,targeted_hybrid,oligodendrocyte_2,oligodendrocyte_2
8,578,targeted_hybrid,astrocyte_2,astrocyte_2
8,2717,targeted_hybrid,oligodendrocyte_progenitor_2,oligodendrocyte_progenitor_2
8,2377,targeted_hybrid,oligodendrocyte_progenitor_2,oligodendrocyte_progenitor_2
8,2602,targeted_hybrid,oligodendrocyte_progenitor_2,oligodendrocyte_progenitor_2
8,1747,targeted_hybrid,oligodendrocyte_2,oligodendrocyte_2
8,1395,targeted_hybrid,oligodendrocyte_1,oligodendrocyte_progenitor_2
8,2514,targeted_hybrid,oligodendrocyte_progenitor_2,oligodendrocyte_progenitor_2
8,1788,targeted_hybrid,oligodendrocyte_2,oligodendrocyte_2
8,2953,targeted_hybrid,Schwann_cell,Schwann_cell
8,1416,targeted_hybrid,oligodendrocyte_1,oligodendrocyte_progenitor_2
8,2229,targeted_hybrid,oligodendrocyte_progenitor_2,oligodendrocyte_progenitor_2
8,2174,targeted_hybrid,oligodendrocyte_progenitor_2,oligodendrocyte_progenitor_2
8,435,targeted_hybrid,astrocyte_1,astrocyte_1
8,2067,targeted_hybrid,oligodendrocyte_precursor_cell,oligodendrocyte_precursor_cell
8,704,targeted_hybrid,astrocyte_2,astrocyte_1
8,1950,targeted_hybrid,oligodendrocyte_2,oligodendrocyte_progenitor_2
8,1697,targeted_hybrid,oligodendrocyte_2,oligodendrocyte_progenitor_2
8,1756,targeted_hybrid,oligodendrocyte_2,oligodendrocyte_2
8,399,targeted_hybrid,astrocyte_1,astrocyte_1
8,2705,targeted_hybrid,oligodendrocyte_progenitor_2,oligodendrocyte_progenitor_2
8,2670,targeted_hybrid,oligodendrocyte_progenitor_2,oligodendrocyte_1
8,2516,targeted_hybrid,oligodendrocyte_progenitor_2,oligodendrocyte_progenitor_2
8,2202,targeted_hybrid,oligodendrocyte_progenitor_2,oligodendrocyte_progenitor_2
8,2597,targeted_hybrid,oligodendrocyte_progenitor_2,oligodendrocyte_progenitor_2
8,1042,targeted_hybrid,endothelial,endothelial
8,12,targeted_hybrid,astrocyte_1,astrocyte_1
8,2642,targeted_hybrid,oligodendrocyte_progenitor_2,oligodendrocyte_1
8,1486,targeted_hybrid,oligodendrocyte_1,astrocyte_1
8,763,targeted_hybrid,astrocyte_2,astrocyte_1
8,2715,targeted_hybrid,oligodendrocyte_progenitor_2,oligodendrocyte_1
8,2128,targeted_hybrid,oligodendrocyte_progenitor_1,oligodendrocyte_precursor_cell
8,1483,targeted_hybrid,oligodendrocyte_1,oligodendrocyte_progenitor_2
8,2001,targeted_hybrid,oligodendrocyte_precursor_cell,astrocyte_2
8,1012,targeted_hybrid,endothelial,astrocyte_1
8,2596,targeted_hybrid,oligodendrocyte_progenitor_2,oligodendrocyte_1
8,869,targeted_hybrid,endothelial,endothelial
8,2006,targeted_hybrid,oligodendrocyte_precursor_cell,oligodendrocyte_precursor_cell
8,1649,targeted_hybrid,oligodendrocyte_2,oligodendrocyte_2
8,119,targeted_hybrid,astrocyte_1,astrocyte_1
8,614,targeted_hybrid,astrocyte_2,astrocyte_2
8,1911,targeted_hybrid,oligodendrocyte_2,oligodendrocyte_2
8,2253,targeted_hybrid,oligodendrocyte_progenitor_2,oligodendrocyte_2
8,2569,targeted_hybrid,oligodendrocyte_progenitor_2,oligodendrocyte_progenitor_2
8,431,targeted_hybrid,astrocyte_1,astrocyte_1
8,2279,targeted_hybrid,oligodendrocyte_progenitor_2,oligodendrocyte_progenitor_2
8,2661,targeted_hybrid,oligodendrocyte_progenitor_2,oligodendrocyte_progenitor_2
8,1128,targeted_hybrid,meninges_1,meninges_1
8,289,targeted_hybrid,astrocyte_1,astrocyte_1
8,2085,targeted_hybrid,oligodendrocyte_precursor_cell,astrocyte_1
8,1860,targeted_hybrid,oligodendrocyte_2,oligodendrocyte_progenitor_2
8,2414,targeted_hybrid,oligodendrocyte_progenitor_2,oligodendrocyte_progenitor_2
8,2113,targeted_hybrid,oligodendrocyte_progenitor_1,oligodendrocyte_progenitor_1
8,2470,targeted_hybrid,oligodendrocyte_progenitor_2,oligodendrocyte_progenitor_2
8,2917,targeted_hybrid,Schwann_cell,Schwann_cell
8,1629,targeted_hybrid,oligodendrocyte_2,oligodendrocyte_2
8,1878,targeted_hybrid,oligodendrocyte_2,oligodendrocyte_2
8,2071,targeted_hybrid,oligodendrocyte_precursor_cell,oligodendrocyte_precursor_cell
8,195,targeted_hybrid,astrocyte_1,oligodendrocyte_progenitor_2
8,2156,targeted_hybrid,oligodendrocyte_progenitor_2,oligodendrocyte_progenitor_2
8,1189,targeted_hybrid,meninges_2,oligodendrocyte_progenitor_2
8,2621,targeted_hybrid,oligodendrocyte_progenitor_2,oligodendrocyte_progenitor_2
8,2576,targeted_hybrid,oligodendrocyte_progenitor_2,oligodendrocyte_progenitor_2
8,1277,targeted_hybrid,microglia,oligodendrocyte_2
8,2236,targeted_hybrid,oligodendrocyte_progenitor_2,oligodendrocyte_1
8,758,targeted_hybrid,astrocyte_2,astrocyte_2
8,326,targeted_hybrid,astrocyte_1,astrocyte_1
8,2564,targeted_hybrid,oligodendrocyte_progenitor_2,oligodendrocyte_2
8,498,targeted_hybrid,astrocyte_1,astrocyte_1
8,1802,targeted_hybrid,oligodendrocyte_2,microglia
8,1924,targeted_hybrid,oligodendrocyte_2,oligodendrocyte_2
8,1865,targeted_hybrid,oligodendrocyte_2,oligodendrocyte_2
8,2326,targeted_hybrid,oligodendrocyte_progenitor_2,astrocyte_1
8,2213,targeted_hybrid,oligodendrocyte_progenitor_2,oligodendrocyte_progenitor_2
8,1524,targeted_hybrid,oligodendrocyte_1,oligodendrocyte_1
8,590,targeted_hybrid,astrocyte_2,astrocyte_2
8,1332,targeted_hybrid,oligodendrocyte_1,oligodendrocyte_progenitor_2
8,2496,targeted_hybrid,oligodendrocyte_progenitor_2,oligodendrocyte_progenitor_2
8,392,targeted_hybrid,astrocyte_1,astrocyte_1
8,1677,targeted_hybrid,oligodendrocyte_2,oligodendrocyte_2
8,685,targeted_hybrid,astrocyte_2,oligodendrocyte_2
8,2876,targeted_hybrid,pericyte,endothelial
8,1166,targeted_hybrid,meninges_1,meninges_1
8,2145,targeted_hybrid,oligodendrocyte_progenitor_2,oligodendrocyte_progenitor_2
8,2689,targeted_hybrid,oligodendrocyte_progenitor_2,oligodendrocyte_progenitor_2
8,179,targeted_hybrid,astrocyte_1,astrocyte_1
8,1488,targeted_hybrid,oligodendrocyte_1,oligodendrocyte_progenitor_2
8,1054,targeted_hybrid,endothelial,endothelial
8,646,targeted_hybrid,astrocyte_2,astrocyte_1
8,1614,targeted_hybrid,oligodendrocyte_2,oligodendrocyte_progenitor_2
8,572,targeted_hybrid,astrocyte_1,astrocyte_1
8,230,targeted_hybrid,astrocyte_1,endothelial
8,191,targeted_hybrid,astrocyte_1,endothelial
8,511,targeted_hybrid,astrocyte_1,oligodendrocyte_progenitor_2
8,2354,targeted_hybrid,oligodendrocyte_progenitor_2,oligodendrocyte_2
8,1891,targeted_hybrid,oligodendrocyte_2,oligodendrocyte_progenitor_2
8,1365,targeted_hybrid,oligodendrocyte_1,oligodendrocyte_1
8,228,targeted_hybrid,astrocyte_1,astrocyte_1
8,1309,targeted_hybrid,oligodendrocyte_1,oligodendrocyte_1
8,1964,targeted_hybrid,oligodendrocyte_2,oligodendrocyte_2
8,747,targeted_hybrid,astrocyte_2,astrocyte_2
8,1171,targeted_hybrid,meninges_2,meninges_1
8,2562,targeted_hybrid,oligodendrocyte_progenitor_2,oligodendrocyte_progenitor_2
8,1377,targeted_hybrid,oligodendrocyte_1,oligodendrocyte_progenitor_2
8,2712,targeted_hybrid,oligodendrocyte_progenitor_2,oligodendrocyte_progenitor_2
8,961,targeted_hybrid,endothelial,endothelial
8,1804,targeted_hybrid,oligodendrocyte_2,oligodendrocyte_2
8,2057,targeted_hybrid,oligodendrocyte_precursor_cell,oligodendrocyte_progenitor_1
8,1303,targeted_hybrid,oligodendrocyte_1,oligodendrocyte_1
8,771,targeted_hybrid,endothelial,endothelial
8,1693,targeted_hybrid,oligodendrocyte_2,oligodendrocyte_2
8,603,targeted_hybrid,astrocyte_2,astrocyte_1
8,1286,targeted_hybrid,microglia,oligodendrocyte_progenitor_2
8,2720,targeted_hybrid,oligodendrocyte_progenitor_2,oligodendrocyte_progenitor_2
8,1669,targeted_hybrid,oligodendrocyte_2,oligodendrocyte_progenitor_2
8,2884,targeted_hybrid,pericyte,microglia
8,290,targeted_hybrid,astrocyte_1,astrocyte_2
8,2654,targeted_hybrid,oligodendrocyte_progenitor_2,astrocyte_2
8,1926,targeted_hybrid,oligodendrocyte_2,oligodendrocyte_2
8,249,targeted_hybrid,astrocyte_1,astrocyte_1
8,1906,targeted_hybrid,oligodendrocyte_2,oligodendrocyte_2
8,2547,targeted_hybrid,oligodendrocyte_progenitor_2,oligodendrocyte_progenitor_2
8,617,targeted_hybrid,astrocyte_2,oligodendrocyte_progenitor_2
8,2041,targeted_hybrid,oligodendrocyte_precursor_cell,oligodendrocyte_precursor_cell
8,887,targeted_hybrid,endothelial,astrocyte_1
8,2914,targeted_hybrid,Schwann_cell,Schwann_cell
8,700,targeted_hybrid,astrocyte_2,astrocyte_2
8,1759,targeted_hybrid,oligodendrocyte_2,oligodendrocyte_2
8,668,targeted_hybrid,astrocyte_2,oligodendrocyte_2
8,749,targeted_hybrid,astrocyte_2,endothelial
8,2799,targeted_hybrid,oligodendrocyte_progenitor_2,oligodendrocyte_progenitor_2
8,1217,targeted_hybrid,meninges_3,meninges_2
8,2017,targeted_hybrid,oligodendrocyte_precursor_cell,oligodendrocyte_progenitor_2
8,1204,targeted_hybrid,meninges_2,meninges_1
8,942,targeted_hybrid,endothelial,endothelial
8,2312,targeted_hybrid,oligodendrocyte_progenitor_2,oligodendrocyte_progenitor_2
8,787,targeted_hybrid,endothelial,endothelial
8,2281,targeted_hybrid,oligodendrocyte_progenitor_2,oligodendrocyte_progenitor_2
8,1037,targeted_hybrid,endothelial,astrocyte_1
8,2007,targeted_hybrid,oligodendrocyte_precursor_cell,endothelial
8,1851,targeted_hybrid,oligodendrocyte_2,oligodendrocyte_2
8,2559,targeted_hybrid,oligodendrocyte_progenitor_2,oligodendrocyte_progenitor_2
8,1956,targeted_hybrid,oligodendrocyte_2,oligodendrocyte_1
8,1098,targeted_hybrid,ependymal,ependymal
8,1602,targeted_hybrid,oligodendrocyte_2,oligodendrocyte_1
8,2166,targeted_hybrid,oligodendrocyte_progenitor_2,oligodendrocyte_progenitor_2
8,1115,targeted_hybrid,meninges_1,oligodendrocyte_progenitor_2
8,71,targeted_hybrid,astrocyte_1,astrocyte_1
8,1490,targeted_hybrid,oligodendrocyte_1,oligodendrocyte_progenitor_2
8,6,targeted_hybrid,astrocyte_1,astrocyte_1
8,314,targeted_hybrid,astrocyte_1,astrocyte_1
8,1290,targeted_hybrid,microglia,microglia
8,730,targeted_hybrid,astrocyte_2,oligodendrocyte_precursor_cell
8,1036,targeted_hybrid,endothelial,endothelial
8,2889,targeted_hybrid,peripheral_glia,endothelial
8,1505,targeted_hybrid,oligodendrocyte_1,oligodendrocyte_progenitor_2
8,2669,targeted_hybrid,oligodendrocyte_progenitor_2,oligodendrocyte_progenitor_2
8,2573,targeted_hybrid,oligodendrocyte_progenitor_2,astrocyte_1
8,1473,targeted_hybrid,oligodendrocyte_1,oligodendrocyte_1
8,1288,targeted_hybrid,microglia,microglia
8,807,targeted_hybrid,endothelial,endothelial
8,1206,targeted_hybrid,meninges_2,meninges_2
8,2168,targeted_hybrid,oligodendrocyte_progenitor_2,oligodendrocyte_progenitor_2
8,2091,targeted_hybrid,oligodendrocyte_precursor_cell,endothelial
8,1110,targeted_hybrid,meninges_1,meninges_1
8,2415,targeted_hybrid,oligodendrocyte_progenitor_2,oligodendrocyte_progenitor_2
8,2230,targeted_hybrid,oligodendrocyte_progenitor_2,oligodendrocyte_1
8,483,targeted_hybrid,astrocyte_1,astrocyte_1
8,70,targeted_hybrid,astrocyte_1,astrocyte_2
8,666,targeted_hybrid,astrocyte_2,astrocyte_2
8,2730,targeted_hybrid,oligodendrocyte_progenitor_2,oligodendrocyte_1
8,762,targeted_hybrid,astrocyte_2,astrocyte_2
8,1325,targeted_hybrid,oligodendrocyte_1,oligodendrocyte_1
8,2643,targeted_hybrid,oligodendrocyte_progenitor_2,oligodendrocyte_progenitor_2
8,2206,targeted_hybrid,oligodendrocyte_progenitor_2,oligodendrocyte_progenitor_2
8,1210,targeted_hybrid,meninges_2,meninges_1
8,1355,targeted_hybrid,oligodendrocyte_1,astrocyte_1
8,2740,targeted_hybrid,oligodendrocyte_progenitor_2,oligodendrocyte_1
8,227,targeted_hybrid,astrocyte_1,astrocyte_2
8,2752,targeted_hybrid,oligodendrocyte_progenitor_2,oligodendrocyte_progenitor_2
8,1331,targeted_hybrid,oligodendrocyte_1,oligodendrocyte_progenitor_2
8,1545,targeted_hybrid,oligodendrocyte_1,oligodendrocyte_1
8,2853,targeted_hybrid,pericyte,pericyte
8,2357,targeted_hybrid,oligodendrocyte_progenitor_2,oligodendrocyte_progenitor_2
8,939,targeted_hybrid,endothelial,endothelial
8,582,targeted_hybrid,astrocyte_2,endothelial
8,2945,targeted_hybrid,Schwann_cell,Schwann_cell
8,2297,targeted_hybrid,oligodendrocyte_progenitor_2,oligodendrocyte_progenitor_2
8,2797,targeted_hybrid,oligodendrocyte_progenitor_2,oligodendrocyte_progenitor_2
8,1148,targeted_hybrid,meninges_1,meninges_2
8,2473,targeted_hybrid,oligodendrocyte_progenitor_2,oligodendrocyte_2
8,1083,targeted_hybrid,endothelial,endothelial
8,2066,targeted_hybrid,oligodendrocyte_precursor_cell,oligodendrocyte_progenitor_1
8,1448,targeted_hybrid,oligodendrocyte_1,oligodendrocyte_2
8,1660,targeted_hybrid,oligodendrocyte_2,oligodendrocyte_2
8,1975,targeted_hybrid,oligodendrocyte_2,oligodendrocyte_2
8,1739,targeted_hybrid,oligodendrocyte_2,oligodendrocyte_2
8,1800,targeted_hybrid,oligodendrocyte_2,oligodendrocyte_2
8,189,targeted_hybrid,astrocyte_1,oligodendrocyte_precursor_cell
8,2558,targeted_hybrid,oligodendrocyte_progenitor_2,oligodendrocyte_2
8,1457,targeted_hybrid,oligodendrocyte_1,oligodendrocyte_precursor_cell
8,1173,targeted_hybrid,meninges_2,meninges_2
8,197,targeted_hybrid,astrocyte_1,astrocyte_1
8,2601,targeted_hybrid,oligodendrocyte_progenitor_2,oligodendrocyte_progenitor_2
8,1741,targeted_hybrid,oligodendrocyte_2,oligodendrocyte_2
8,1832,targeted_hybrid,oligodendrocyte_2,oligodendrocyte_2
8,2937,targeted_hybrid,Schwann_cell,Schwann_cell
8,1870,targeted_hybrid,oligodendrocyte_2,oligodendrocyte_2
8,1074,targeted_hybrid,endothelial,endothelial
8,534,targeted_hybrid,astrocyte_1,astrocyte_1
8,1405,targeted_hybrid,oligodendrocyte_1,oligodendrocyte_1
8,1224,targeted_hybrid,meninges_3,meninges_2
8,1559,targeted_hybrid,oligodendrocyte_1,oligodendrocyte_progenitor_2
8,178,targeted_hybrid,astrocyte_1,astrocyte_1
8,455,targeted_hybrid,astrocyte_1,astrocyte_1
8,346,targeted_hybrid,astrocyte_1,astrocyte_1
8,2759,targeted_hybrid,oligodendrocyte_progenitor_2,oligodendrocyte_progenitor_2
8,1988,targeted_hybrid,oligodendrocyte_precursor_cell,astrocyte_1
8,2109,targeted_hybrid,oligodendrocyte_progenitor_1,oligodendrocyte_progenitor_1
8,1770,targeted_hybrid,oligodendrocyte_2,oligodendrocyte_2
8,403,targeted_hybrid,astrocyte_1,astrocyte_1
8,1726,targeted_hybrid,oligodendrocyte_2,oligodendrocyte_2
8,1348,targeted_hybrid,oligodendrocyte_1,oligodendrocyte_progenitor_2
8,110,targeted_hybrid,astrocyte_1,astrocyte_1
8,1291,targeted_hybrid,microglia,microglia
8,1812,targeted_hybrid,oligodendrocyte_2,oligodendrocyte_2
8,1719,targeted_hybrid,oligodendrocyte_2,oligodendrocyte_2
8,2445,targeted_hybrid,oligodendrocyte_progenitor_2,oligodendrocyte_2
8,1285,targeted_hybrid,microglia,microglia
8,2631,targeted_hybrid,oligodendrocyte_progenitor_2,oligodendrocyte_progenitor_2
8,2629,targeted_hybrid,oligodendrocyte_progenitor_2,oligodendrocyte_1
8,2635,targeted_hybrid,oligodendrocyte_progenitor_2,oligodendrocyte_progenitor_2
8,2132,targeted_hybrid,oligodendrocyte_progenitor_1,oligodendrocyte_progenitor_1
8,2336,targeted_hybrid,oligodendrocyte_progenitor_2,astrocyte_1
8,2074,targeted_hybrid,oligodendrocyte_precursor_cell,oligodendrocyte_precursor_cell
8,1901,targeted_hybrid,oligodendrocyte_2,oligodendrocyte_2
8,698,targeted_hybrid,astrocyte_2,astrocyte_1
8,2069,targeted_hybrid,oligodendrocyte_precursor_cell,oligodendrocyte_precursor_cell
8,1413,targeted_hybrid,oligodendrocyte_1,oligodendrocyte_1
8,1979,targeted_hybrid,oligodendrocyte_2,oligodendrocyte_2
8,381,targeted_hybrid,astrocyte_1,astrocyte_1
8,844,targeted_hybrid,endothelial,endothelial
8,471,targeted_hybrid,astrocyte_1,astrocyte_1
8,379,targeted_hybrid,astrocyte_1,astrocyte_1
8,66,targeted_hybrid,astrocyte_1,astrocyte_1
8,977,targeted_hybrid,endothelial,oligodendrocyte_progenitor_2
8,1912,targeted_hybrid,oligodendrocyte_2,oligodendrocyte_2
8,512,targeted_hybrid,astrocyte_1,oligodendrocyte_progenitor_2
8,1058,targeted_hybrid,endothelial,astrocyte_1
8,631,targeted_hybrid,astrocyte_2,astrocyte_2
8,1308,targeted_hybrid,oligodendrocyte_1,astrocyte_1
8,273,targeted_hybrid,astrocyte_1,astrocyte_1
8,1425,targeted_hybrid,oligodendrocyte_1,oligodendrocyte_1
8,604,targeted_hybrid,astrocyte_2,astrocyte_2
8,339,targeted_hybrid,astrocyte_1,astrocyte_1
8,1184,targeted_hybrid,meninges_2,meninges_1
8,2789,targeted_hybrid,oligodendrocyte_progenitor_2,oligodendrocyte_1
8,1752,targeted_hybrid,oligodendrocyte_2,oligodendrocyte_2
8,2096,targeted_hybrid,oligodendrocyte_progenitor_1,oligodendrocyte_progenitor_1
8,2406,targeted_hybrid,oligodendrocyte_progenitor_2,oligodendrocyte_2
8,1068,targeted_hybrid,endothelial,astrocyte_1
8,2263,targeted_hybrid,oligodendrocyte_progenitor_2,oligodendrocyte_precursor_cell
8,2221,targeted_hybrid,oligodendrocyte_progenitor_2,oligodendrocyte_1
8,1280,targeted_hybrid,microglia,microglia
8,1706,targeted_hybrid,oligodendrocyte_2,oligodendrocyte_progenitor_2
8,2653,targeted_hybrid,oligodendrocyte_progenitor_2,oligodendrocyte_progenitor_2
8,2724,targeted_hybrid,oligodendrocyte_progenitor_2,endothelial
8,2710,targeted_hybrid,oligodendrocyte_progenitor_2,oligodendrocyte_progenitor_2
8,982,targeted_hybrid,endothelial,oligodendrocyte_1
8,2624,targeted_hybrid,oligodendrocyte_progenitor_2,oligodendrocyte_progenitor_2
8,1077,targeted_hybrid,endothelial,endothelial
8,1655,targeted_hybrid,oligodendrocyte_2,oligodendrocyte_2
8,1371,targeted_hybrid,oligodendrocyte_1,oligodendrocyte_progenitor_2
8,1856,targeted_hybrid,oligodendrocyte_2,oligodendrocyte_2
8,848,targeted_hybrid,endothelial,endothelial
8,1881,targeted_hybrid,oligodendrocyte_2,oligodendrocyte_2
8,901,targeted_hybrid,endothelial,oligodendrocyte_progenitor_2
8,1113,targeted_hybrid,meninges_1,astrocyte_1
8,2420,targeted_hybrid,oligodendrocyte_progenitor_2,oligodendrocyte_progenitor_2
8,1362,targeted_hybrid,oligodendrocyte_1,oligodendrocyte_1
8,1304,targeted_hybrid,oligodendrocyte_1,endothelial
8,458,targeted_hybrid,astrocyte_1,astrocyte_2
8,1997,targeted_hybrid,oligodendrocyte_precursor_cell,endothelial
8,547,targeted_hybrid,astrocyte_1,ependymal
8,2872,targeted_hybrid,pericyte,pericyte
8,2153,targeted_hybrid,oligodendrocyte_progenitor_2,oligodendrocyte_progenitor_2
8,814,targeted_hybrid,endothelial,endothelial
8,2257,targeted_hybrid,oligodendrocyte_progenitor_2,astrocyte_1
8,1744,targeted_hybrid,oligodendrocyte_2,oligodendrocyte_2
8,2512,targeted_hybrid,oligodendrocyte_progenitor_2,oligodendrocyte_1
8,2826,targeted_hybrid,oligodendrocyte_progenitor_2,astrocyte_1
8,999,targeted_hybrid,endothelial,astrocyte_2
8,2182,targeted_hybrid,oligodendrocyte_progenitor_2,astrocyte_1
8,579,targeted_hybrid,astrocyte_2,oligodendrocyte_1
8,2934,targeted_hybrid,Schwann_cell,Schwann_cell
8,1540,targeted_hybrid,oligodendrocyte_1,oligodendrocyte_progenitor_2
8,2786,targeted_hybrid,oligodendrocyte_progenitor_2,oligodendrocyte_progenitor_1
8,369,targeted_hybrid,astrocyte_1,astrocyte_1
8,973,targeted_hybrid,endothelial,endothelial
8,1984,targeted_hybrid,oligodendrocyte_precursor_cell,astrocyte_1
8,2530,targeted_hybrid,oligodendrocyte_progenitor_2,oligodendrocyte_2
8,26,targeted_hybrid,astrocyte_1,astrocyte_1
8,1955,targeted_hybrid,oligodendrocyte_2,oligodendrocyte_progenitor_2
8,268,targeted_hybrid,astrocyte_1,oligodendrocyte_1
8,51,targeted_hybrid,astrocyte_1,astrocyte_1
8,37,targeted_hybrid,astrocyte_1,astrocyte_1
8,2291,targeted_hybrid,oligodendrocyte_progenitor_2,oligodendrocyte_progenitor_2
8,1885,targeted_hybrid,oligodendrocyte_2,oligodendrocyte_2
8,2787,targeted_hybrid,oligodendrocyte_progenitor_2,astrocyte_1
8,938,targeted_hybrid,endothelial,endothelial
8,1451,targeted_hybrid,oligodendrocyte_1,oligodendrocyte_progenitor_2
8,662,targeted_hybrid,astrocyte_2,astrocyte_2
8,1384,targeted_hybrid,oligodendrocyte_1,astrocyte_1
8,1314,targeted_hybrid,oligodendrocyte_1,astrocyte_1
8,1078,targeted_hybrid,endothelial,oligodendrocyte_2
8,517,targeted_hybrid,astrocyte_1,astrocyte_1
8,644,targeted_hybrid,astrocyte_2,oligodendrocyte_progenitor_2
8,292,targeted_hybrid,astrocyte_1,astrocyte_1
8,994,targeted_hybrid,endothelial,endothelial
8,1636,targeted_hybrid,oligodendrocyte_2,oligodendrocyte_2
8,2366,targeted_hybrid,oligodendrocyte_progenitor_2,oligodendrocyte_progenitor_2
8,1963,targeted_hybrid,oligodendrocyte_2,oligodendrocyte_2
8,2079,targeted_hybrid,oligodendrocyte_precursor_cell,oligodendrocyte_precursor_cell
8,1121,targeted_hybrid,meninges_1,oligodendrocyte_progenitor_2
8,1783,targeted_hybrid,oligodendrocyte_2,oligodendrocyte_2
8,1671,targeted_hybrid,oligodendrocyte_2,oligodendrocyte_2
8,849,targeted_hybrid,endothelial,endothelial
8,1765,targeted_hybrid,oligodendrocyte_2,oligodendrocyte_2
8,718,targeted_hybrid,astrocyte_2,astrocyte_2
8,2909,targeted_hybrid,Schwann_cell,Schwann_cell
8,2238,targeted_hybrid,oligodendrocyte_progenitor_2,oligodendrocyte_progenitor_2
8,493,targeted_hybrid,astrocyte_1,oligodendrocyte_precursor_cell
8,2195,targeted_hybrid,oligodendrocyte_progenitor_2,oligodendrocyte_1
8,634,targeted_hybrid,astrocyte_2,astrocyte_1
8,1269,targeted_hybrid,microglia,microglia
8,1419,targeted_hybrid,oligodendrocyte_1,oligodendrocyte_2
8,2552,targeted_hybrid,oligodendrocyte_progenitor_2,oligodendrocyte_progenitor_2
8,1090,targeted_hybrid,endothelial,endothelial
8,2851,targeted_hybrid,pericyte,pericyte
8,1787,targeted_hybrid,oligodendrocyte_2,oligodendrocyte_2
8,2510,targeted_hybrid,oligodendrocyte_progenitor_2,oligodendrocyte_progenitor_2
8,184,targeted_hybrid,astrocyte_1,astrocyte_2
8,342,targeted_hybrid,astrocyte_1,oligodendrocyte_progenitor_2
8,2431,targeted_hybrid,oligodendrocyte_progenitor_2,oligodendrocyte_progenitor_2
8,2194,targeted_hybrid,oligodendrocyte_progenitor_2,oligodendrocyte_progenitor_2
8,2827,targeted_hybrid,oligodendrocyte_progenitor_2,oligodendrocyte_progenitor_2
8,2586,targeted_hybrid,oligodendrocyte_progenitor_2,oligodendrocyte_2
8,2766,targeted_hybrid,oligodendrocyte_progenitor_2,oligodendrocyte_progenitor_2
8,665,targeted_hybrid,astrocyte_2,astrocyte_1
8,2004,targeted_hybrid,oligodendrocyte_precursor_cell,oligodendrocyte_2
8,2800,targeted_hybrid,oligodendrocyte_progenitor_2,oligodendrocyte_progenitor_2
8,1100,targeted_hybrid,ependymal,ependymal
8,440,targeted_hybrid,astrocyte_1,astrocyte_1
8,2741,targeted_hybrid,oligodendrocyte_progenitor_2,oligodendrocyte_1
8,2942,targeted_hybrid,Schwann_cell,Schwann_cell
8,2628,targeted_hybrid,oligodendrocyte_progenitor_2,oligodendrocyte_progenitor_2
8,2447,targeted_hybrid,oligodendrocyte_progenitor_2,oligodendrocyte_progenitor_2
8,223,targeted_hybrid,astrocyte_1,astrocyte_1
8,2949,targeted_hybrid,Schwann_cell,Schwann_cell
8,2897,targeted_hybrid,peripheral_glia,peripheral_glia
8,1810,targeted_hybrid,oligodendrocyte_2,oligodendrocyte_2
8,754,targeted_hybrid,astrocyte_2,astrocyte_2
8,2271,targeted_hybrid,oligodendrocyte_progenitor_2,astrocyte_1
8,2729,targeted_hybrid,oligodendrocyte_progenitor_2,oligodendrocyte_progenitor_2
8,556,targeted_hybrid,astrocyte_1,astrocyte_1
8,1455,targeted_hybrid,oligodendrocyte_1,oligodendrocyte_1
8,1958,targeted_hybrid,oligodendrocyte_2,oligodendrocyte_2
8,2925,targeted_hybrid,Schwann_cell,peripheral_glia
8,428,targeted_hybrid,astrocyte_1,astrocyte_1
8,168,targeted_hybrid,astrocyte_1,astrocyte_1
8,2847,targeted_hybrid,pericyte,astrocyte_2
8,2205,targeted_hybrid,oligodendrocyte_progenitor_2,oligodendrocyte_progenitor_2
8,2038,targeted_hybrid,oligodendrocyte_precursor_cell,oligodendrocyte_progenitor_2
8,2845,targeted_hybrid,oligodendrocyte_progenitor_2,oligodendrocyte_progenitor_2
8,1974,targeted_hybrid,oligodendrocyte_2,oligodendrocyte_2
8,538,targeted_hybrid,astrocyte_1,astrocyte_1
8,1027,targeted_hybrid,endothelial,astrocyte_1
8,975,targeted_hybrid,endothelial,endothelial
8,2790,targeted_hybrid,oligodendrocyte_progenitor_2,oligodendrocyte_progenitor_2
8,49,targeted_hybrid,astrocyte_1,astrocyte_1
8,1238,targeted_hybrid,microglia,microglia
8,1986,targeted_hybrid,oligodendrocyte_precursor_cell,endothelial
8,2432,targeted_hybrid,oligodendrocyte_progenitor_2,oligodendrocyte_progenitor_2
8,2487,targeted_hybrid,oligodendrocyte_progenitor_2,oligodendrocyte_progenitor_2
8,2817,targeted_hybrid,oligodendrocyte_progenitor_2,oligodendrocyte_1
8,27,targeted_hybrid,astrocyte_1,astrocyte_1
8,480,targeted_hybrid,astrocyte_1,astrocyte_1
8,320,targeted_hybrid,astrocyte_1,astrocyte_1
8,2468,targeted_hybrid,oligodendrocyte_progenitor_2,astrocyte_1
8,454,targeted_hybrid,astrocyte_1,astrocyte_1
8,865,targeted_hybrid,endothelial,oligodendrocyte_progenitor_2
8,1750,targeted_hybrid,oligodendrocyte_2,oligodendrocyte_2
8,2747,targeted_hybrid,oligodendrocyte_progenitor_2,oligodendrocyte_progenitor_2
8,341,targeted_hybrid,astrocyte_1,astrocyte_2
8,2672,targeted_hybrid,oligodendrocyte_progenitor_2,astrocyte_1
8,1816,targeted_hybrid,oligodendrocyte_2,oligodendrocyte_2
8,751,targeted_hybrid,astrocyte_2,astrocyte_1
8,2395,targeted_hybrid,oligodendrocyte_progenitor_2,oligodendrocyte_progenitor_2
8,917,targeted_hybrid,endothelial,endothelial
8,689,targeted_hybrid,astrocyte_2,astrocyte_2
8,1586,targeted_hybrid,oligodendrocyte_2,oligodendrocyte_2
8,1289,targeted_hybrid,microglia,microglia
8,2541,targeted_hybrid,oligodendrocyte_progenitor_2,oligodendrocyte_progenitor_2
8,851,targeted_hybrid,endothelial,endothelial
8,67,targeted_hybrid,astrocyte_1,astrocyte_2
8,2644,targeted_hybrid,oligodendrocyte_progenitor_2,oligodendrocyte_progenitor_2
8,1443,targeted_hybrid,oligodendrocyte_1,oligodendrocyte_progenitor_2
8,2278,targeted_hybrid,oligodendrocyte_progenitor_2,oligodendrocyte_1
8,843,targeted_hybrid,endothelial,oligodendrocyte_1
8,793,targeted_hybrid,endothelial,oligodendrocyte_precursor_cell
8,468,targeted_hybrid,astrocyte_1,astrocyte_1
8,1170,targeted_hybrid,meninges_2,meninges_2
8,1593,targeted_hybrid,oligodendrocyte_2,oligodendrocyte_1
8,552,targeted_hybrid,astrocyte_1,astrocyte_1
8,1734,targeted_hybrid,oligodendrocyte_2,oligodendrocyte_2
8,255,targeted_hybrid,astrocyte_1,astrocyte_1
8,2043,targeted_hybrid,oligodendrocyte_precursor_cell,oligodendrocyte_precursor_cell
8,1055,targeted_hybrid,endothelial,oligodendrocyte_progenitor_2
8,2607,targeted_hybrid,oligodendrocyte_progenitor_2,oligodendrocyte_progenitor_2
8,1723,targeted_hybrid,oligodendrocyte_2,oligodendrocyte_2
8,2863,targeted_hybrid,pericyte,astrocyte_1
8,1772,targeted_hybrid,oligodendrocyte_2,oligodendrocyte_2
8,2372,targeted_hybrid,oligodendrocyte_progenitor_2,oligodendrocyte_2
8,2490,targeted_hybrid,oligodendrocyte_progenitor_2,oligodendrocyte_2
8,1843,targeted_hybrid,oligodendrocyte_2,oligodendrocyte_2
8,1714,targeted_hybrid,oligodendrocyte_2,oligodendrocyte_2
8,2369,targeted_hybrid,oligodendrocyte_progenitor_2,oligodendrocyte_2
8,1011,targeted_hybrid,endothelial,astrocyte_1
8,2290,targeted_hybrid,oligodendrocyte_progenitor_2,oligodendrocyte_progenitor_2
8,2171,targeted_hybrid,oligodendrocyte_progenitor_2,oligodendrocyte_2
8,154,targeted_hybrid,astrocyte_1,astrocyte_1
8,2180,targeted_hybrid,oligodendrocyte_progenitor_2,oligodendrocyte_1
8,2077,targeted_hybrid,oligodendrocyte_precursor_cell,oligodendrocyte_precursor_cell
8,112,targeted_hybrid,astrocyte_1,astrocyte_1
8,1724,targeted_hybrid,oligodendrocyte_2,oligodendrocyte_2
8,2286,targeted_hybrid,oligodendrocyte_progenitor_2,oligodendrocyte_progenitor_2
8,2212,targeted_hybrid,oligodendrocyte_progenitor_2,oligodendrocyte_progenitor_2
8,2765,targeted_hybrid,oligodendrocyte_progenitor_2,oligodendrocyte_progenitor_2
8,997,targeted_hybrid,endothelial,endothelial
8,239,targeted_hybrid,astrocyte_1,astrocyte_1
8,1761,targeted_hybrid,oligodendrocyte_2,oligodendrocyte_2
8,1428,targeted_hybrid,oligodendrocyte_1,astrocyte_1
8,1960,targeted_hybrid,oligodendrocyte_2,oligodendrocyte_2
8,1396,targeted_hybrid,oligodendrocyte_1,oligodendrocyte_1
8,1041,targeted_hybrid,endothelial,endothelial
8,2222,targeted_hybrid,oligodendrocyte_progenitor_2,oligodendrocyte_progenitor_2
8,926,targeted_hybrid,endothelial,endothelial
8,2590,targeted_hybrid,oligodendrocyte_progenitor_2,oligodendrocyte_1
8,1376,targeted_hybrid,oligodendrocyte_1,oligodendrocyte_1
8,2862,targeted_hybrid,pericyte,endothelial
8,2393,targeted_hybrid,oligodendrocyte_progenitor_2,oligodendrocyte_progenitor_2
8,1146,targeted_hybrid,meninges_1,meninges_1
8,801,targeted_hybrid,endothelial,endothelial
8,2665,targeted_hybrid,oligodendrocyte_progenitor_2,oligodendrocyte_progenitor_2
8,1358,targeted_hybrid,oligodendrocyte_1,oligodendrocyte_progenitor_2
8,1729,targeted_hybrid,oligodendrocyte_2,oligodendrocyte_2
8,785,targeted_hybrid,endothelial,endothelial
8,2,targeted_hybrid,astrocyte_1,astrocyte_1
8,1047,targeted_hybrid,endothelial,endothelial
8,2867,targeted_hybrid,pericyte,pericyte
8,1495,targeted_hybrid,oligodendrocyte_1,oligodendrocyte_1
8,1827,targeted_hybrid,oligodendrocyte_2,oligodendrocyte_2
8,809,targeted_hybrid,endothelial,endothelial
8,2502,targeted_hybrid,oligodendrocyte_progenitor_2,oligodendrocyte_2
8,741,targeted_hybrid,astrocyte_2,astrocyte_2
8,1873,targeted_hybrid,oligodendrocyte_2,oligodendrocyte_1
8,481,targeted_hybrid,astrocyte_1,astrocyte_1
8,225,targeted_hybrid,astrocyte_1,astrocyte_1
8,2367,targeted_hybrid,oligodendrocyte_progenitor_2,oligodendrocyte_progenitor_2
8,1792,targeted_hybrid,oligodendrocyte_2,oligodendrocyte_2
8,661,targeted_hybrid,astrocyte_2,endothelial
8,794,targeted_hybrid,endothelial,endothelial
8,1372,targeted_hybrid,oligodendrocyte_1,astrocyte_2
8,2832,targeted_hybrid,oligodendrocyte_progenitor_2,oligodendrocyte_progenitor_2
8,1807,targeted_hybrid,oligodendrocyte_2,oligodendrocyte_2
8,2697,targeted_hybrid,oligodendrocyte_progenitor_2,oligodendrocyte_1
8,1930,targeted_hybrid,oligodendrocyte_2,oligodendrocyte_2
8,2810,targeted_hybrid,oligodendrocyte_progenitor_2,oligodendrocyte_progenitor_2
8,792,targeted_hybrid,endothelial,astrocyte_1
8,1006,targeted_hybrid,endothelial,astrocyte_1
8,1328,targeted_hybrid,oligodendrocyte_1,oligodendrocyte_2
8,875,targeted_hybrid,endothelial,endothelial
8,229,targeted_hybrid,astrocyte_1,astrocyte_1
8,765,targeted_hybrid,astrocyte_2,astrocyte_2
8,52,targeted_hybrid,astrocyte_1,astrocyte_1
8,1525,targeted_hybrid,oligodendrocyte_1,oligodendrocyte_1
8,470,targeted_hybrid,astrocyte_1,astrocyte_1
8,1299,targeted_hybrid,oligodendrocyte_1,oligodendrocyte_2
8,2248,targeted_hybrid,oligodendrocyte_progenitor_2,oligodendrocyte_2
8,2358,targeted_hybrid,oligodendrocyte_progenitor_2,oligodendrocyte_progenitor_2
8,2869,targeted_hybrid,pericyte,astrocyte_1
8,1029,targeted_hybrid,endothelial,endothelial
8,181,targeted_hybrid,astrocyte_1,astrocyte_1
8,1892,targeted_hybrid,oligodendrocyte_2,oligodendrocyte_2
8,1343,targeted_hybrid,oligodendrocyte_1,oligodendrocyte_progenitor_2
8,499,targeted_hybrid,astrocyte_1,endothelial
8,1333,targeted_hybrid,oligodendrocyte_1,oligodendrocyte_progenitor_2
8,2086,targeted_hybrid,oligodendrocyte_precursor_cell,oligodendrocyte_precursor_cell
8,2225,targeted_hybrid,oligodendrocyte_progenitor_2,oligodendrocyte_progenitor_2
8,1124,targeted_hybrid,meninges_1,meninges_1
8,1305,targeted_hybrid,oligodendrocyte_1,oligodendrocyte_progenitor_2
8,2426,targeted_hybrid,oligodendrocyte_progenitor_2,oligodendrocyte_progenitor_2
8,125,targeted_hybrid,astrocyte_1,astrocyte_1
8,1617,targeted_hybrid,oligodendrocyte_2,oligodendrocyte_2
8,2457,targeted_hybrid,oligodendrocyte_progenitor_2,oligodendrocyte_progenitor_2
8,1296,targeted_hybrid,oligodendrocyte_1,astrocyte_1
8,1101,targeted_hybrid,ependymal,ependymal
8,548,targeted_hybrid,astrocyte_1,astrocyte_1
8,1872,targeted_hybrid,oligodendrocyte_2,oligodendrocyte_progenitor_2
8,258,targeted_hybrid,astrocyte_1,astrocyte_1
8,448,targeted_hybrid,astrocyte_1,astrocyte_1
8,1768,targeted_hybrid,oligodendrocyte_2,oligodendrocyte_2
8,2400,targeted_hybrid,oligodendrocyte_progenitor_2,oligodendrocyte_progenitor_2
8,1576,targeted_hybrid,oligodendrocyte_2,oligodendrocyte_progenitor_2
8,948,targeted_hybrid,endothelial,endothelial
8,2068,targeted_hybrid,oligodendrocyte_precursor_cell,astrocyte_1
8,2382,targeted_hybrid,oligodendrocyte_progenitor_2,oligodendrocyte_progenitor_2
8,633,targeted_hybrid,astrocyte_2,astrocyte_2
8,1142,targeted_hybrid,meninges_1,oligodendrocyte_progenitor_2
8,904,targeted_hybrid,endothelial,endothelial
8,1715,targeted_hybrid,oligodendrocyte_2,oligodendrocyte_2
8,577,targeted_hybrid,astrocyte_2,astrocyte_2
8,2356,targeted_hybrid,oligodendrocyte_progenitor_2,oligodendrocyte_progenitor_2
8,2770,targeted_hybrid,oligodendrocyte_progenitor_2,oligodendrocyte_progenitor_2
8,1809,targeted_hybrid,oligodendrocyte_2,oligodendrocyte_2
8,2124,targeted_hybrid,oligodendrocyte_progenitor_1,oligodendrocyte_precursor_cell
8,1205,targeted_hybrid,meninges_2,meninges_1
8,1813,targeted_hybrid,oligodendrocyte_2,oligodendrocyte_2
8,714,targeted_hybrid,astrocyte_2,astrocyte_2
8,175,targeted_hybrid,astrocyte_1,astrocyte_1
8,1704,targeted_hybrid,oligodendrocyte_2,oligodendrocyte_2
8,553,targeted_hybrid,astrocyte_1,astrocyte_1
8,163,targeted_hybrid,astrocyte_1,astrocyte_1
8,141,targeted_hybrid,astrocyte_1,astrocyte_1
8,444,targeted_hybrid,astrocyte_1,astrocyte_1
8,120,targeted_hybrid,astrocyte_1,astrocyte_1
8,1941,targeted_hybrid,oligodendrocyte_2,oligodendrocyte_2
9,2889,genes_volume,peripheral_glia,astrocyte_1
9,2387,genes_volume,oligodendrocyte_progenitor_2,oligodendrocyte_progenitor_2
9,12,genes_volume,astrocyte_1,astrocyte_1
9,349,genes_volume,astrocyte_1,astrocyte_1
9,431,genes_volume,astrocyte_1,astrocyte_1
9,690,genes_volume,astrocyte_2,oligodendrocyte_progenitor_2
9,2059,genes_volume,oligodendrocyte_precursor_cell,astrocyte_2
9,458,genes_volume,astrocyte_1,astrocyte_1
9,299,genes_volume,astrocyte_1,astrocyte_1
9,215,genes_volume,astrocyte_1,astrocyte_1
9,2868,genes_volume,pericyte,astrocyte_1
9,169,genes_volume,astrocyte_1,astrocyte_1
9,583,genes_volume,astrocyte_2,astrocyte_2
9,1520,genes_volume,oligodendrocyte_1,oligodendrocyte_1
9,437,genes_volume,astrocyte_1,astrocyte_1
9,1026,genes_volume,endothelial,oligodendrocyte_progenitor_2
9,2805,genes_volume,oligodendrocyte_progenitor_2,oligodendrocyte_1
9,1009,genes_volume,endothelial,oligodendrocyte_1
9,210,genes_volume,astrocyte_1,astrocyte_1
9,433,genes_volume,astrocyte_1,astrocyte_1
9,2093,genes_volume,oligodendrocyte_precursor_cell,oligodendrocyte_2
9,36,genes_volume,astrocyte_1,astrocyte_2
9,1181,genes_volume,meninges_2,meninges_1
9,2606,genes_volume,oligodendrocyte_progenitor_2,oligodendrocyte_progenitor_2
9,540,genes_volume,astrocyte_1,astrocyte_1
9,702,genes_volume,astrocyte_2,astrocyte_1
9,241,genes_volume,astrocyte_1,astrocyte_1
9,1420,genes_volume,oligodendrocyte_1,oligodendrocyte_1
9,1424,genes_volume,oligodendrocyte_1,oligodendrocyte_progenitor_2
9,1856,genes_volume,oligodendrocyte_2,oligodendrocyte_2
9,2754,genes_volume,oligodendrocyte_progenitor_2,oligodendrocyte_progenitor_2
9,2511,genes_volume,oligodendrocyte_progenitor_2,oligodendrocyte_progenitor_2
9,288,genes_volume,astrocyte_1,astrocyte_1
9,706,genes_volume,astrocyte_2,astrocyte_2
9,2013,genes_volume,oligodendrocyte_precursor_cell,oligodendrocyte_precursor_cell
9,2699,genes_volume,oligodendrocyte_progenitor_2,oligodendrocyte_progenitor_2
9,1235,genes_volume,microglia,astrocyte_1
9,1109,genes_volume,meninges_1,pericyte
9,2404,genes_volume,oligodendrocyte_progenitor_2,oligodendrocyte_progenitor_2
9,2121,genes_volume,oligodendrocyte_progenitor_1,oligodendrocyte_precursor_cell
9,2293,genes_volume,oligodendrocyte_progenitor_2,oligodendrocyte_progenitor_2
9,370,genes_volume,astrocyte_1,astrocyte_1
9,479,genes_volume,astrocyte_1,astrocyte_1
9,1441,genes_volume,oligodendrocyte_1,oligodendrocyte_progenitor_2
9,1544,genes_volume,oligodendrocyte_1,oligodendrocyte_1
9,1857,genes_volume,oligodendrocyte_2,oligodendrocyte_2
9,1549,genes_volume,oligodendrocyte_1,oligodendrocyte_progenitor_2
9,2334,genes_volume,oligodendrocyte_progenitor_2,oligodendrocyte_progenitor_2
9,1818,genes_volume,oligodendrocyte_2,oligodendrocyte_2
9,973,genes_volume,endothelial,endothelial
9,2793,genes_volume,oligodendrocyte_progenitor_2,oligodendrocyte_progenitor_2
9,406,genes_volume,astrocyte_1,oligodendrocyte_progenitor_2
9,162,genes_volume,astrocyte_1,astrocyte_1
9,192,genes_volume,astrocyte_1,astrocyte_1
9,2035,genes_volume,oligodendrocyte_precursor_cell,oligodendrocyte_precursor_cell
9,1464,genes_volume,oligodendrocyte_1,oligodendrocyte_1
9,2902,genes_volume,peripheral_glia,Schwann_cell
9,2662,genes_volume,oligodendrocyte_progenitor_2,oligodendrocyte_progenitor_2
9,2916,genes_volume,Schwann_cell,Schwann_cell
9,744,genes_volume,astrocyte_2,astrocyte_2
9,566,genes_volume,astrocyte_1,astrocyte_1
9,1038,genes_volume,endothelial,endothelial
9,2576,genes_volume,oligodendrocyte_progenitor_2,oligodendrocyte_progenitor_2
9,1453,genes_volume,oligodendrocyte_1,oligodendrocyte_1
9,222,genes_volume,astrocyte_1,astrocyte_1
9,1653,genes_volume,oligodendrocyte_2,oligodendrocyte_2
9,1380,genes_volume,oligodendrocyte_1,oligodendrocyte_progenitor_2
9,1265,genes_volume,microglia,microglia
9,600,genes_volume,astrocyte_2,astrocyte_1
9,2465,genes_volume,oligodendrocyte_progenitor_2,oligodendrocyte_progenitor_2
9,2865,genes_volume,pericyte,endothelial
9,652,genes_volume,astrocyte_2,oligodendrocyte_progenitor_2
9,2314,genes_volume,oligodendrocyte_progenitor_2,oligodendrocyte_2
9,1906,genes_volume,oligodendrocyte_2,oligodendrocyte_2
9,168,genes_volume,astrocyte_1,astrocyte_1
9,929,genes_volume,endothelial,endothelial
9,853,genes_volume,endothelial,endothelial
9,841,genes_volume,endothelial,endothelial
9,2092,genes_volume,oligodendrocyte_precursor_cell,oligodendrocyte_1
9,1682,genes_volume,oligodendrocyte_2,oligodendrocyte_2
9,2524,genes_volume,oligodendrocyte_progenitor_2,oligodendrocyte_2
9,1513,genes_volume,oligodendrocyte_1,oligodendrocyte_progenitor_2
9,1084,genes_volume,endothelial,endothelial
9,570,genes_volume,astrocyte_1,astrocyte_1
9,447,genes_volume,astrocyte_1,astrocyte_1
9,2019,genes_volume,oligodendrocyte_precursor_cell,oligodendrocyte_precursor_cell
9,2043,genes_volume,oligodendrocyte_precursor_cell,oligodendrocyte_precursor_cell
9,1586,genes_volume,oligodendrocyte_2,oligodendrocyte_2
9,466,genes_volume,astrocyte_1,astrocyte_1
9,2509,genes_volume,oligodendrocyte_progenitor_2,oligodendrocyte_2
9,1373,genes_volume,oligodendrocyte_1,oligodendrocyte_progenitor_2
9,1280,genes_volume,microglia,microglia
9,2625,genes_volume,oligodendrocyte_progenitor_2,oligodendrocyte_progenitor_2
9,2370,genes_volume,oligodendrocyte_progenitor_2,oligodendrocyte_progenitor_2
9,1733,genes_volume,oligodendrocyte_2,oligodendrocyte_2
9,1845,genes_volume,oligodendrocyte_2,oligodendrocyte_2
9,1813,genes_volume,oligodendrocyte_2,oligodendrocyte_2
9,67,genes_volume,astrocyte_1,astrocyte_1
9,705,genes_volume,astrocyte_2,astrocyte_2
9,2600,genes_volume,oligodendrocyte_progenitor_2,oligodendrocyte_progenitor_2
9,2767,genes_volume,oligodendrocyte_progenitor_2,oligodendrocyte_progenitor_2
9,383,genes_volume,astrocyte_1,astrocyte_1
9,2617,genes_volume,oligodendrocyte_progenitor_2,oligodendrocyte_progenitor_2
9,1123,genes_volume,meninges_1,meninges_1
9,638,genes_volume,astrocyte_2,astrocyte_1
9,509,genes_volume,astrocyte_1,oligodendrocyte_progenitor_2
9,1828,genes_volume,oligodendrocyte_2,oligodendrocyte_2
9,1076,genes_volume,endothelial,endothelial
9,216,genes_volume,astrocyte_1,oligodendrocyte_progenitor_2
9,2619,genes_volume,oligodendrocyte_progenitor_2,oligodendrocyte_progenitor_2
9,1887,genes_volume,oligodendrocyte_2,oligodendrocyte_2
9,2747,genes_volume,oligodendrocyte_progenitor_2,oligodendrocyte_progenitor_2
9,1426,genes_volume,oligodendrocyte_1,oligodendrocyte_progenitor_2
9,916,genes_volume,endothelial,endothelial
9,2629,genes_volume,oligodendrocyte_progenitor_2,oligodendrocyte_progenitor_2
9,1090,genes_volume,endothelial,endothelial
9,1421,genes_volume,oligodendrocyte_1,oligodendrocyte_progenitor_2
9,1910,genes_volume,oligodendrocyte_2,oligodendrocyte_2
9,2826,genes_volume,oligodendrocyte_progenitor_2,oligodendrocyte_progenitor_2
9,1487,genes_volume,oligodendrocyte_1,oligodendrocyte_progenitor_2
9,1698,genes_volume,oligodendrocyte_2,oligodendrocyte_2
9,163,genes_volume,astrocyte_1,astrocyte_1
9,1914,genes_volume,oligodendrocyte_2,oligodendrocyte_2
9,1909,genes_volume,oligodendrocyte_2,oligodendrocyte_2
9,2462,genes_volume,oligodendrocyte_progenitor_2,oligodendrocyte_progenitor_2
9,1111,genes_volume,meninges_1,meninges_2
9,91,genes_volume,astrocyte_1,astrocyte_1
9,1649,genes_volume,oligodendrocyte_2,oligodendrocyte_2
9,2885,genes_volume,pericyte,pericyte
9,720,genes_volume,astrocyte_2,oligodendrocyte_progenitor_2
9,2772,genes_volume,oligodendrocyte_progenitor_2,oligodendrocyte_progenitor_2
9,2663,genes_volume,oligodendrocyte_progenitor_2,astrocyte_1
9,745,genes_volume,astrocyte_2,oligodendrocyte_2
9,2499,genes_volume,oligodendrocyte_progenitor_2,oligodendrocyte_progenitor_2
9,1634,genes_volume,oligodendrocyte_2,oligodendrocyte_1
9,1192,genes_volume,meninges_2,meninges_3
9,1867,genes_volume,oligodendrocyte_2,oligodendrocyte_2
9,1529,genes_volume,oligodendrocyte_1,oligodendrocyte_progenitor_2
9,1284,genes_volume,microglia,microglia
9,786,genes_volume,endothelial,endothelial
9,619,genes_volume,astrocyte_2,astrocyte_2
9,1788,genes_volume,oligodendrocyte_2,oligodendrocyte_progenitor_2
9,2020,genes_volume,oligodendrocyte_precursor_cell,oligodendrocyte_1
9,2905,genes_volume,peripheral_glia,Schwann_cell
9,2519,genes_volume,oligodendrocyte_progenitor_2,oligodendrocyte_progenitor_2
9,495,genes_volume,astrocyte_1,oligodendrocyte_progenitor_2
9,2655,genes_volume,oligodendrocyte_progenitor_2,oligodendrocyte_progenitor_2
9,118,genes_volume,astrocyte_1,astrocyte_1
9,629,genes_volume,astrocyte_2,oligodendrocyte_progenitor_2
9,1116,genes_volume,meninges_1,meninges_3
9,1442,genes_volume,oligodendrocyte_1,oligodendrocyte_progenitor_2
9,178,genes_volume,astrocyte_1,astrocyte_1
9,16,genes_volume,astrocyte_1,astrocyte_1
9,307,genes_volume,astrocyte_1,astrocyte_1
9,176,genes_volume,astrocyte_1,astrocyte_1
9,1394,genes_volume,oligodendrocyte_1,oligodendrocyte_progenitor_2
9,941,genes_volume,endothelial,endothelial
9,1399,genes_volume,oligodendrocyte_1,endothelial
9,791,genes_volume,endothelial,astrocyte_1
9,2729,genes_volume,oligodendrocyte_progenitor_2,oligodendrocyte_progenitor_2
9,906,genes_volume,endothelial,oligodendrocyte_2
9,2051,genes_volume,oligodendrocyte_precursor_cell,oligodendrocyte_precursor_cell
9,1438,genes_volume,oligodendrocyte_1,oligodendrocyte_progenitor_2
9,374,genes_volume,astrocyte_1,astrocyte_1
9,1307,genes_volume,oligodendrocyte_1,oligodendrocyte_progenitor_2
9,2577,genes_volume,oligodendrocyte_progenitor_2,oligodendrocyte_2
9,2194,genes_volume,oligodendrocyte_progenitor_2,oligodendrocyte_progenitor_2
9,1555,genes_volume,oligodendrocyte_1,oligodendrocyte_1
9,2100,genes_volume,oligodendrocyte_progenitor_1,oligodendrocyte_precursor_cell
9,2197,genes_volume,oligodendrocyte_progenitor_2,oligodendrocyte_progenitor_2
9,621,genes_volume,astrocyte_2,astrocyte_2
9,464,genes_volume,astrocyte_1,astrocyte_1
9,2069,genes_volume,oligodendrocyte_precursor_cell,oligodendrocyte_precursor_cell
9,624,genes_volume,astrocyte_2,endothelial
9,1320,genes_volume,oligodendrocyte_1,oligodendrocyte_progenitor_2
9,1596,genes_volume,oligodendrocyte_2,oligodendrocyte_2
9,358,genes_volume,astrocyte_1,astrocyte_1
9,1642,genes_volume,oligodendrocyte_2,oligodendrocyte_2
9,423,genes_volume,astrocyte_1,astrocyte_1
9,2135,genes_volume,oligodendrocyte_progenitor_1,oligodendrocyte_precursor_cell
9,386,genes_volume,astrocyte_1,astrocyte_1
9,2490,genes_volume,oligodendrocyte_progenitor_2,oligodendrocyte_2
9,443,genes_volume,astrocyte_1,astrocyte_1
9,700,genes_volume,astrocyte_2,astrocyte_1
9,1166,genes_volume,meninges_1,meninges_1
9,420,genes_volume,astrocyte_1,astrocyte_1
9,2626,genes_volume,oligodendrocyte_progenitor_2,oligodendrocyte_progenitor_2
9,2058,genes_volume,oligodendrocyte_precursor_cell,oligodendrocyte_precursor_cell
9,1122,genes_volume,meninges_1,meninges_1
9,817,genes_volume,endothelial,endothelial
9,1992,genes_volume,oligodendrocyte_precursor_cell,astrocyte_1
9,1412,genes_volume,oligodendrocyte_1,oligodendrocyte_progenitor_2
9,1688,genes_volume,oligodendrocyte_2,oligodendrocyte_2
9,2897,genes_volume,peripheral_glia,peripheral_glia
9,2612,genes_volume,oligodendrocyte_progenitor_2,oligodendrocyte_progenitor_2
9,2396,genes_volume,oligodendrocyte_progenitor_2,oligodendrocyte_progenitor_2
9,2719,genes_volume,oligodendrocyte_progenitor_2,oligodendrocyte_progenitor_2
9,2737,genes_volume,oligodendrocyte_progenitor_2,astrocyte_1
9,9,genes_volume,astrocyte_1,astrocyte_1
9,965,genes_volume,endothelial,endothelial
9,1815,genes_volume,oligodendrocyte_2,oligodendrocyte_2
9,856,genes_volume,endothelial,endothelial
9,1389,genes_volume,oligodendrocyte_1,oligodendrocyte_1
9,519,genes_volume,astrocyte_1,astrocyte_1
9,1934,genes_volume,oligodendrocyte_2,oligodendrocyte_progenitor_2
9,1661,genes_volume,oligodendrocyte_2,astrocyte_1
9,1135,genes_volume,meninges_1,meninges_1
9,3,genes_volume,astrocyte_1,astrocyte_1
9,1259,genes_volume,microglia,microglia
9,1482,genes_volume,oligodendrocyte_1,oligodendrocyte_1
9,794,genes_volume,endothelial,endothelial
9,2442,genes_volume,oligodendrocyte_progenitor_2,oligodendrocyte_progenitor_2
9,8,genes_volume,astrocyte_1,oligodendrocyte_1
9,2695,genes_volume,oligodendrocyte_progenitor_2,oligodendrocyte_progenitor_2
9,2006,genes_volume,oligodendrocyte_precursor_cell,oligodendrocyte_precursor_cell
9,2875,genes_volume,pericyte,pericyte
9,2512,genes_volume,oligodendrocyte_progenitor_2,oligodendrocyte_progenitor_2
9,2879,genes_volume,pericyte,astrocyte_1
9,2128,genes_volume,oligodendrocyte_progenitor_1,oligodendrocyte_precursor_cell
9,912,genes_volume,endothelial,oligodendrocyte_progenitor_2
9,1581,genes_volume,oligodendrocyte_2,oligodendrocyte_2
9,1872,genes_volume,oligodendrocyte_2,oligodendrocyte_progenitor_2
9,115,genes_volume,astrocyte_1,astrocyte_1
9,2431,genes_volume,oligodendrocyte_progenitor_2,oligodendrocyte_progenitor_2
9,1466,genes_volume,oligodendrocyte_1,oligodendrocyte_progenitor_2
9,123,genes_volume,astrocyte_1,astrocyte_1
9,747,genes_volume,astrocyte_2,astrocyte_2
9,1824,genes_volume,oligodendrocyte_2,oligodendrocyte_2
9,410,genes_volume,astrocyte_1,oligodendrocyte_progenitor_2
9,2707,genes_volume,oligodendrocyte_progenitor_2,oligodendrocyte_progenitor_2
9,2605,genes_volume,oligodendrocyte_progenitor_2,oligodendrocyte_progenitor_2
9,1095,genes_volume,ependymal,ependymal
9,1013,genes_volume,endothelial,endothelial
9,2362,genes_volume,oligodendrocyte_progenitor_2,oligodendrocyte_progenitor_2
9,2085,genes_volume,oligodendrocyte_precursor_cell,astrocyte_1
9,1668,genes_volume,oligodendrocyte_2,oligodendrocyte_2
9,1641,genes_volume,oligodendrocyte_2,oligodendrocyte_2
9,209,genes_volume,astrocyte_1,oligodendrocyte_progenitor_2
9,1074,genes_volume,endothelial,endothelial
9,2580,genes_volume,oligodendrocyte_progenitor_2,oligodendrocyte_progenitor_2
9,858,genes_volume,endothelial,oligodendrocyte_2
9,560,genes_volume,astrocyte_1,astrocyte_1
9,381,genes_volume,astrocyte_1,astrocyte_1
9,2559,genes_volume,oligodendrocyte_progenitor_2,oligodendrocyte_progenitor_2
9,1285,genes_volume,microglia,microglia
9,1151,genes_volume,meninges_1,meninges_1
9,502,genes_volume,astrocyte_1,astrocyte_1
9,974,genes_volume,endothelial,oligodendrocyte_progenitor_2
9,186,genes_volume,astrocyte_1,oligodendrocyte_2
9,1664,genes_volume,oligodendrocyte_2,oligodendrocyte_progenitor_2
9,2250,genes_volume,oligodendrocyte_progenitor_2,oligodendrocyte_progenitor_2
9,1572,genes_volume,oligodendrocyte_2,oligodendrocyte_2
9,1395,genes_volume,oligodendrocyte_1,oligodendrocyte_progenitor_2
9,231,genes_volume,astrocyte_1,astrocyte_1
9,1017,genes_volume,endothelial,oligodendrocyte_1
9,2168,genes_volume,oligodendrocyte_progenitor_2,oligodendrocyte_progenitor_2
9,1885,genes_volume,oligodendrocyte_2,oligodendrocyte_2
9,2526,genes_volume,oligodendrocyte_progenitor_2,oligodendrocyte_2
9,868,genes_volume,endothelial,endothelial
9,2449,genes_volume,oligodendrocyte_progenitor_2,oligodendrocyte_progenitor_2
9,1221,genes_volume,meninges_3,meninges_3
9,2774,genes_volume,oligodendrocyte_progenitor_2,oligodendrocyte_progenitor_2
9,2131,genes_volume,oligodendrocyte_progenitor_1,oligodendrocyte_progenitor_1
9,2352,genes_volume,oligodendrocyte_progenitor_2,oligodendrocyte_progenitor_2
9,2410,genes_volume,oligodendrocyte_progenitor_2,oligodendrocyte_progenitor_2
9,725,genes_volume,astrocyte_2,astrocyte_2
9,2745,genes_volume,oligodendrocyte_progenitor_2,oligodendrocyte_progenitor_2
9,1683,genes_volume,oligodendrocyte_2,oligodendrocyte_2
9,2489,genes_volume,oligodendrocyte_progenitor_2,oligodendrocyte_progenitor_2
9,2855,genes_volume,pericyte,astrocyte_1
9,1895,genes_volume,oligodendrocyte_2,oligodendrocyte_2
9,1294,genes_volume,oligodendrocyte_1,oligodendrocyte_progenitor_2
9,1418,genes_volume,oligodendrocyte_1,oligodendrocyte_1
9,1277,genes_volume,microglia,oligodendrocyte_2
9,1268,genes_volume,microglia,microglia
9,75,genes_volume,astrocyte_1,astrocyte_1
9,1492,genes_volume,oligodendrocyte_1,oligodendrocyte_1
9,1868,genes_volume,oligodendrocyte_2,oligodendrocyte_2
9,2326,genes_volume,oligodendrocyte_progenitor_2,astrocyte_1
9,731,genes_volume,astrocyte_2,astrocyte_1
9,1253,genes_volume,microglia,microglia
9,1751,genes_volume,oligodendrocyte_2,oligodendrocyte_2
9,1517,genes_volume,oligodendrocyte_1,astrocyte_1
9,2812,genes_volume,oligodendrocyte_progenitor_2,oligodendrocyte_progenitor_2
9,1894,genes_volume,oligodendrocyte_2,oligodendrocyte_2
9,2434,genes_volume,oligodendrocyte_progenitor_2,oligodendrocyte_progenitor_2
9,353,genes_volume,astrocyte_1,astrocyte_1
9,1230,genes_volume,microglia,microglia
9,1303,genes_volume,oligodendrocyte_1,oligodendrocyte_progenitor_2
9,663,genes_volume,astrocyte_2,oligodendrocyte_progenitor_2
9,2904,genes_volume,peripheral_glia,Schwann_cell
9,246,genes_volume,astrocyte_1,astrocyte_1
9,1034,genes_volume,endothelial,oligodendrocyte_progenitor_2
9,772,genes_volume,endothelial,endothelial
9,1100,genes_volume,ependymal,ependymal
9,230,genes_volume,astrocyte_1,endothelial
9,2441,genes_volume,oligodendrocyte_progenitor_2,oligodendrocyte_progenitor_2
9,928,genes_volume,endothelial,endothelial
9,1348,genes_volume,oligodendrocyte_1,oligodendrocyte_progenitor_2
9,13,genes_volume,astrocyte_1,astrocyte_1
9,1980,genes_volume,oligodendrocyte_2,oligodendrocyte_2
9,2664,genes_volume,oligodendrocyte_progenitor_2,oligodendrocyte_progenitor_2
9,2321,genes_volume,oligodendrocyte_progenitor_2,oligodendrocyte_progenitor_2
9,2919,genes_volume,Schwann_cell,Schwann_cell
9,1410,genes_volume,oligodendrocyte_1,oligodendrocyte_progenitor_2
9,1847,genes_volume,oligodendrocyte_2,oligodendrocyte_progenitor_2
9,2675,genes_volume,oligodendrocyte_progenitor_2,oligodendrocyte_progenitor_2
9,2696,genes_volume,oligodendrocyte_progenitor_2,oligodendrocyte_progenitor_2
9,2130,genes_volume,oligodendrocyte_progenitor_1,oligodendrocyte_precursor_cell
9,1814,genes_volume,oligodendrocyte_2,oligodendrocyte_2
9,737,genes_volume,astrocyte_2,astrocyte_1
9,356,genes_volume,astrocyte_1,astrocyte_1
9,1191,genes_volume,meninges_2,meninges_1
9,2036,genes_volume,oligodendrocyte_precursor_cell,oligodendrocyte_precursor_cell
9,768,genes_volume,astrocyte_2,astrocyte_2
9,208,genes_volume,astrocyte_1,oligodendrocyte_progenitor_2
9,2057,genes_volume,oligodendrocyte_precursor_cell,oligodendrocyte_precursor_cell
9,671,genes_volume,astrocyte_2,astrocyte_2
9,166,genes_volume,astrocyte_1,astrocyte_1
9,2764,genes_volume,oligodendrocyte_progenitor_2,astrocyte_1
9,2659,genes_volume,oligodendrocyte_progenitor_2,oligodendrocyte_progenitor_2
9,762,genes_volume,astrocyte_2,astrocyte_2
9,1593,genes_volume,oligodendrocyte_2,oligodendrocyte_progenitor_2
9,1217,genes_volume,meninges_3,meninges_2
9,2864,genes_volume,pericyte,astrocyte_1
9,58,genes_volume,astrocyte_1,endothelial
9,2443,genes_volume,oligodendrocyte_progenitor_2,oligodendrocyte_progenitor_2
9,179,genes_volume,astrocyte_1,astrocyte_1
9,1695,genes_volume,oligodendrocyte_2,oligodendrocyte_2
9,1234,genes_volume,microglia,microglia
9,318,genes_volume,astrocyte_1,endothelial
9,639,genes_volume,astrocyte_2,astrocyte_1
9,987,genes_volume,endothelial,oligodendrocyte_progenitor_2
9,2797,genes_volume,oligodendrocyte_progenitor_2,oligodendrocyte_progenitor_2
9,1632,genes_volume,oligodendrocyte_2,oligodendrocyte_2
9,2493,genes_volume,oligodendrocyte_progenitor_2,oligodendrocyte_progenitor_2
9,2435,genes_volume,oligodendrocyte_progenitor_2,oligodendrocyte_progenitor_2
9,525,genes_volume,astrocyte_1,astrocyte_1
9,90,genes_volume,astrocyte_1,astrocyte_1
9,1183,genes_volume,meninges_2,meninges_1
9,783,genes_volume,endothelial,endothelial
9,655,genes_volume,astrocyte_2,astrocyte_1
9,309,genes_volume,astrocyte_1,astrocyte_1
9,2223,genes_volume,oligodendrocyte_progenitor_2,oligodendrocyte_progenitor_2
9,2265,genes_volume,oligodendrocyte_progenitor_2,oligodendrocyte_progenitor_2
9,25,genes_volume,astrocyte_1,astrocyte_1
9,114,genes_volume,astrocyte_1,astrocyte_1
9,500,genes_volume,astrocyte_1,astrocyte_1
9,1838,genes_volume,oligodendrocyte_2,oligodendrocyte_2
9,2385,genes_volume,oligodendrocyte_progenitor_2,oligodendrocyte_progenitor_2
9,1472,genes_volume,oligodendrocyte_1,oligodendrocyte_progenitor_2
9,2200,genes_volume,oligodendrocyte_progenitor_2,oligodendrocyte_progenitor_2
9,2160,genes_volume,oligodendrocyte_progenitor_2,oligodendrocyte_1
9,999,genes_volume,endothelial,endothelial
9,2308,genes_volume,oligodendrocyte_progenitor_2,oligodendrocyte_progenitor_2
9,784,genes_volume,endothelial,endothelial
9,1932,genes_volume,oligodendrocyte_2,oligodendrocyte_progenitor_2
9,695,genes_volume,astrocyte_2,astrocyte_2
9,2652,genes_volume,oligodendrocyte_progenitor_2,oligodendrocyte_progenitor_2
9,1156,genes_volume,meninges_1,meninges_3
9,32,genes_volume,astrocyte_1,astrocyte_1
9,453,genes_volume,astrocyte_1,astrocyte_1
9,2728,genes_volume,oligodendrocyte_progenitor_2,oligodendrocyte_progenitor_2
9,2213,genes_volume,oligodendrocyte_progenitor_2,oligodendrocyte_progenitor_2
9,2560,genes_volume,oligodendrocyte_progenitor_2,oligodendrocyte_progenitor_2
9,715,genes_volume,astrocyte_2,astrocyte_2
9,38,genes_volume,astrocyte_1,endothelial
9,2376,genes_volume,oligodendrocyte_progenitor_2,oligodendrocyte_progenitor_2
9,2840,genes_volume,oligodendrocyte_progenitor_2,oligodendrocyte_progenitor_2
9,1768,genes_volume,oligodendrocyte_2,oligodendrocyte_2
9,2920,genes_volume,Schwann_cell,Schwann_cell
9,2062,genes_volume,oligodendrocyte_precursor_cell,oligodendrocyte_precursor_cell
9,1194,genes_volume,meninges_2,pericyte
9,1819,genes_volume,oligodendrocyte_2,oligodendrocyte_2
9,1684,genes_volume,oligodendrocyte_2,oligodendrocyte_2
9,2798,genes_volume,oligodendrocyte_progenitor_2,oligodendrocyte_progenitor_2
9,2310,genes_volume,oligodendrocyte_progenitor_2,oligodendrocyte_2
9,2024,genes_volume,oligodendrocyte_precursor_cell,astrocyte_1
9,339,genes_volume,astrocyte_1,astrocyte_1
9,2856,genes_volume,pericyte,pericyte
9,1587,genes_volume,oligodendrocyte_2,oligodendrocyte_2
9,1164,genes_volume,meninges_1,meninges_3
9,116,genes_volume,astrocyte_1,astrocyte_1
9,2075,genes_volume,oligodendrocyte_precursor_cell,astrocyte_1
9,461,genes_volume,astrocyte_1,astrocyte_1
9,1071,genes_volume,endothelial,endothelial
9,1725,genes_volume,oligodendrocyte_2,oligodendrocyte_2
9,2288,genes_volume,oligodendrocyte_progenitor_2,oligodendrocyte_progenitor_2
9,1790,genes_volume,oligodendrocyte_2,oligodendrocyte_2
9,305,genes_volume,astrocyte_1,astrocyte_1
9,48,genes_volume,astrocyte_1,astrocyte_1
9,1922,genes_volume,oligodendrocyte_2,oligodendrocyte_2
9,336,genes_volume,astrocyte_1,astrocyte_1
9,1696,genes_volume,oligodendrocyte_2,oligodendrocyte_progenitor_2
9,1153,genes_volume,meninges_1,meninges_1
9,734,genes_volume,astrocyte_2,astrocyte_1
9,119,genes_volume,astrocyte_1,oligodendrocyte_progenitor_1
9,2924,genes_volume,Schwann_cell,Schwann_cell
9,2033,genes_volume,oligodendrocyte_precursor_cell,oligodendrocyte_precursor_cell
9,2457,genes_volume,oligodendrocyte_progenitor_2,oligodendrocyte_progenitor_2
9,648,genes_volume,astrocyte_2,oligodendrocyte_2
9,2097,genes_volume,oligodendrocyte_progenitor_1,oligodendrocyte_precursor_cell
9,2303,genes_volume,oligodendrocyte_progenitor_2,oligodendrocyte_progenitor_2
9,1996,genes_volume,oligodendrocyte_precursor_cell,oligodendrocyte_precursor_cell
9,1890,genes_volume,oligodendrocyte_2,oligodendrocyte_2
9,2726,genes_volume,oligodendrocyte_progenitor_2,oligodendrocyte_progenitor_2
9,2228,genes_volume,oligodendrocyte_progenitor_2,oligodendrocyte_progenitor_2
9,891,genes_volume,endothelial,endothelial
9,2273,genes_volume,oligodendrocyte_progenitor_2,oligodendrocyte_progenitor_2
9,1053,genes_volume,endothelial,endothelial
9,2725,genes_volume,oligodendrocyte_progenitor_2,oligodendrocyte_progenitor_2
9,387,genes_volume,astrocyte_1,astrocyte_1
9,2126,genes_volume,oligodendrocyte_progenitor_1,oligodendrocyte_progenitor_1
9,943,genes_volume,endothelial,endothelial
9,2755,genes_volume,oligodendrocyte_progenitor_2,oligodendrocyte_progenitor_2
9,455,genes_volume,astrocyte_1,astrocyte_1
9,2603,genes_volume,oligodendrocyte_progenitor_2,oligodendrocyte_progenitor_2
9,1379,genes_volume,oligodendrocyte_1,oligodendrocyte_progenitor_2
9,27,genes_volume,astrocyte_1,astrocyte_1
9,29,genes_volume,astrocyte_1,astrocyte_2
9,698,genes_volume,astrocyte_2,astrocyte_1
9,2162,genes_volume,oligodendrocyte_progenitor_2,oligodendrocyte_2
9,1170,genes_volume,meninges_2,meninges_1
9,2871,genes_volume,pericyte,endothelial
9,2300,genes_volume,oligodendrocyte_progenitor_2,oligodendrocyte_progenitor_2
9,1262,genes_volume,microglia,astrocyte_1
9,2363,genes_volume,oligodendrocyte_progenitor_2,oligodendrocyte_progenitor_2
9,452,genes_volume,astrocyte_1,astrocyte_1
9,2783,genes_volume,oligodendrocyte_progenitor_2,endothelial
9,679,genes_volume,astrocyte_2,astrocyte_1
9,1270,genes_volume,microglia,astrocyte_1
9,55,genes_volume,astrocyte_1,astrocyte_1
9,66,genes_volume,astrocyte_1,astrocyte_1
9,1797,genes_volume,oligodendrocyte_2,oligodendrocyte_2
9,2936,genes_volume,Schwann_cell,Schwann_cell
9,1382,genes_volume,oligodendrocyte_1,endothelial
9,860,genes_volume,endothelial,endothelial
9,426,genes_volume,astrocyte_1,astrocyte_1
9,861,genes_volume,endothelial,endothelial
9,1172,genes_volume,meninges_2,meninges_2
9,1837,genes_volume,oligodendrocyte_2,oligodendrocyte_2
9,864,genes_volume,endothelial,endothelial
9,513,genes_volume,astrocyte_1,astrocyte_1
9,1666,genes_volume,oligodendrocyte_2,oligodendrocyte_2
9,504,genes_volume,astrocyte_1,astrocyte_1
9,1875,genes_volume,oligodendrocyte_2,oligodendrocyte_2
9,2454,genes_volume,oligodendrocyte_progenitor_2,oligodendrocyte_progenitor_2
9,1465,genes_volume,oligodendrocyte_1,oligodendrocyte_progenitor_2
9,175,genes_volume,astrocyte_1,astrocyte_1
9,347,genes_volume,astrocyte_1,astrocyte_1
9,1681,genes_volume,oligodendrocyte_2,oligodendrocyte_1
9,1033,genes_volume,endothelial,endothelial
9,925,genes_volume,endothelial,endothelial
9,301,genes_volume,astrocyte_1,astrocyte_1
9,1276,genes_volume,microglia,oligodendrocyte_2
9,551,genes_volume,astrocyte_1,astrocyte_1
9,1311,genes_volume,oligodendrocyte_1,oligodendrocyte_progenitor_2
9,129,genes_volume,astrocyte_1,astrocyte_1
9,2205,genes_volume,oligodendrocyte_progenitor_2,oligodendrocyte_progenitor_2
9,2153,genes_volume,oligodendrocyte_progenitor_2,oligodendrocyte_progenitor_2
9,2903,genes_volume,peripheral_glia,Schwann_cell
9,944,genes_volume,endothelial,endothelial
9,592,genes_volume,astrocyte_2,astrocyte_1
9,2281,genes_volume,oligodendrocyte_progenitor_2,oligodendrocyte_progenitor_2
9,1003,genes_volume,endothelial,endothelial
9,1150,genes_volume,meninges_1,oligodendrocyte_progenitor_2
9,1693,genes_volume,oligodendrocyte_2,oligodendrocyte_2
9,1943,genes_volume,oligodendrocyte_2,oligodendrocyte_2
9,845,genes_volume,endothelial,endothelial
9,1215,genes_volume,meninges_3,meninges_3
9,2517,genes_volume,oligodendrocyte_progenitor_2,oligodendrocyte_progenitor_2
9,1046,genes_volume,endothelial,astrocyte_1
9,608,genes_volume,astrocyte_2,astrocyte_2
9,2551,genes_volume,oligodendrocyte_progenitor_2,oligodendrocyte_progenitor_2
9,1787,genes_volume,oligodendrocyte_2,oligodendrocyte_2
9,872,genes_volume,endothelial,endothelial
9,2244,genes_volume,oligodendrocyte_progenitor_2,oligodendrocyte_2
9,1112,genes_volume,meninges_1,meninges_1
9,2337,genes_volume,oligodendrocyte_progenitor_2,oligodendrocyte_progenitor_2
9,2008,genes_volume,oligodendrocyte_precursor_cell,oligodendrocyte_precursor_cell
9,1735,genes_volume,oligodendrocyte_2,oligodendrocyte_2
9,313,genes_volume,astrocyte_1,astrocyte_1
9,2002,genes_volume,oligodendrocyte_precursor_cell,endothelial
9,171,genes_volume,astrocyte_1,astrocyte_1
9,2942,genes_volume,Schwann_cell,Schwann_cell
9,275,genes_volume,astrocyte_1,astrocyte_1
9,23,genes_volume,astrocyte_1,astrocyte_1
9,2876,genes_volume,pericyte,endothelial
9,2608,genes_volume,oligodendrocyte_progenitor_2,oligodendrocyte_1
9,462,genes_volume,astrocyte_1,astrocyte_1
9,2207,genes_volume,oligodendrocyte_progenitor_2,oligodendrocyte_progenitor_2
9,528,genes_volume,astrocyte_1,astrocyte_1
9,1804,genes_volume,oligodendrocyte_2,oligodendrocyte_2
9,89,genes_volume,astrocyte_1,astrocyte_1
9,1709,genes_volume,oligodendrocyte_2,oligodendrocyte_2
9,2206,genes_volume,oligodendrocyte_progenitor_2,oligodendrocyte_progenitor_2
9,1446,genes_volume,oligodendrocyte_1,astrocyte_1
9,326,genes_volume,astrocyte_1,astrocyte_1
9,2319,genes_volume,oligodendrocyte_progenitor_2,oligodendrocyte_progenitor_2
9,2623,genes_volume,oligodendrocyte_progenitor_2,oligodendrocyte_progenitor_2
9,647,genes_volume,astrocyte_2,astrocyte_1
9,2393,genes_volume,oligodendrocyte_progenitor_2,oligodendrocyte_progenitor_2
9,248,genes_volume,astrocyte_1,astrocyte_1
9,379,genes_volume,astrocyte_1,astrocyte_1
9,2129,genes_volume,oligodendrocyte_progenitor_1,oligodendrocyte_progenitor_1
9,1369,genes_volume,oligodendrocyte_1,oligodendrocyte_progenitor_2
9,2861,genes_volume,pericyte,astrocyte_1
9,1792,genes_volume,oligodendrocyte_2,oligodendrocyte_2
9,2369,genes_volume,oligodendrocyte_progenitor_2,oligodendrocyte_progenitor_2
9,1148,genes_volume,meninges_1,meninges_2
9,2460,genes_volume,oligodendrocyte_progenitor_2,oligodendrocyte_progenitor_2
9,990,genes_volume,endothelial,oligodendrocyte_2
9,1584,genes_volume,oligodendrocyte_2,oligodendrocyte_2
9,10,genes_volume,astrocyte_1,astrocyte_1
9,952,genes_volume,endothelial,endothelial
9,2818,genes_volume,oligodendrocyte_progenitor_2,oligodendrocyte_progenitor_2
9,2259,genes_volume,oligodendrocyte_progenitor_2,oligodendrocyte_2
9,2590,genes_volume,oligodendrocyte_progenitor_2,oligodendrocyte_1
9,764,genes_volume,astrocyte_2,astrocyte_1
9,669,genes_volume,astrocyte_2,astrocyte_2
9,1756,genes_volume,oligodendrocyte_2,oligodendrocyte_2
9,801,genes_volume,endothelial,endothelial
9,1302,genes_volume,oligodendrocyte_1,astrocyte_1
9,634,genes_volume,astrocyte_2,astrocyte_1
9,2055,genes_volume,oligodendrocyte_precursor_cell,astrocyte_1
9,2072,genes_volume,oligodendrocyte_precursor_cell,endothelial
9,2806,genes_volume,oligodendrocyte_progenitor_2,oligodendrocyte_progenitor_2
9,2790,genes_volume,oligodendrocyte_progenitor_2,oligodendrocyte_progenitor_2
9,269,genes_volume,astrocyte_1,oligodendrocyte_progenitor_2
9,611,genes_volume,astrocyte_2,oligodendrocyte_progenitor_2
9,1145,genes_volume,meninges_1,meninges_1
9,2813,genes_volume,oligodendrocyte_progenitor_2,astrocyte_1
9,2609,genes_volume,oligodendrocyte_progenitor_2,oligodendrocyte_progenitor_2
9,2398,genes_volume,oligodendrocyte_progenitor_2,oligodendrocyte_2
9,2668,genes_volume,oligodendrocyte_progenitor_2,oligodendrocyte_progenitor_2
9,2613,genes_volume,oligodendrocyte_progenitor_2,oligodendrocyte_progenitor_2
9,2910,genes_volume,Schwann_cell,Schwann_cell
9,264,genes_volume,astrocyte_1,astrocyte_1
9,335,genes_volume,astrocyte_1,endothelial
9,1425,genes_volume,oligodendrocyte_1,oligodendrocyte_progenitor_2
9,1763,genes_volume,oligodendrocyte_2,oligodendrocyte_2
9,1805,genes_volume,oligodendrocyte_2,oligodendrocyte_2
9,532,genes_volume,astrocyte_1,astrocyte_1
9,1021,genes_volume,endothelial,astrocyte_1
9,2353,genes_volume,oligodendrocyte_progenitor_2,oligodendrocyte_progenitor_2
9,664,genes_volume,astrocyte_2,oligodendrocyte_progenitor_2
9,911,genes_volume,endothelial,oligodendrocyte_2
9,2693,genes_volume,oligodendrocyte_progenitor_2,oligodendrocyte_progenitor_2
9,1667,genes_volume,oligodendrocyte_2,oligodendrocyte_2
9,270,genes_volume,astrocyte_1,astrocyte_1
9,1091,genes_volume,endothelial,astrocyte_1
9,2716,genes_volume,oligodendrocyte_progenitor_2,oligodendrocyte_progenitor_2
9,1019,genes_volume,endothelial,endothelial
9,1729,genes_volume,oligodendrocyte_2,oligodendrocyte_2
9,1338,genes_volume,oligodendrocyte_1,oligodendrocyte_progenitor_2
9,2413,genes_volume,oligodendrocyte_progenitor_2,oligodendrocyte_2
9,2815,genes_volume,oligodendrocyte_progenitor_2,oligodendrocyte_progenitor_2
9,2427,genes_volume,oligodendrocyte_progenitor_2,oligodendrocyte_progenitor_2
9,2928,genes_volume,Schwann_cell,Schwann_cell
9,156,genes_volume,astrocyte_1,astrocyte_1
9,1208,genes_volume,meninges_2,oligodendrocyte_progenitor_2
9,2757,genes_volume,oligodendrocyte_progenitor_2,oligodendrocyte_progenitor_2
9,2083,genes_volume,oligodendrocyte_precursor_cell,oligodendrocyte_precursor_cell
9,2401,genes_volume,oligodendrocyte_progenitor_2,endothelial
9,2096,genes_volume,oligodendrocyte_progenitor_1,oligodendrocyte_progenitor_1
9,1510,genes_volume,oligodendrocyte_1,oligodendrocyte_progenitor_2
9,2756,genes_volume,oligodendrocyte_progenitor_2,oligodendrocyte_progenitor_2
9,1705,genes_volume,oligodendrocyte_2,oligodendrocyte_2
9,1973,genes_volume,oligodendrocyte_2,oligodendrocyte_2
9,2771,genes_volume,oligodendrocyte_progenitor_2,oligodendrocyte_progenitor_2
9,1955,genes_volume,oligodendrocyte_2,oligodendrocyte_2
9,893,genes_volume,endothelial,endothelial
9,7,genes_volume,astrocyte_1,astrocyte_1
9,633,genes_volume,astrocyte_2,astrocyte_1
9,1953,genes_volume,oligodendrocyte_2,oligodendrocyte_progenitor_2
9,2761,genes_volume,oligodendrocyte_progenitor_2,astrocyte_1
9,1747,genes_volume,oligodendrocyte_2,oligodendrocyte_2
9,2513,genes_volume,oligodendrocyte_progenitor_2,oligodendrocyte_progenitor_2
9,2287,genes_volume,oligodendrocyte_progenitor_2,oligodendrocyte_progenitor_2
9,153,genes_volume,astrocyte_1,astrocyte_1
9,514,genes_volume,astrocyte_1,astrocyte_1
9,99,genes_volume,astrocyte_1,astrocyte_1
9,2907,genes_volume,peripheral_glia,endothelial
9,1691,genes_volume,oligodendrocyte_2,oligodendrocyte_2
9,286,genes_volume,astrocyte_1,astrocyte_1
9,1477,genes_volume,oligodendrocyte_1,astrocyte_1
9,614,genes_volume,astrocyte_2,astrocyte_1
9,21,genes_volume,astrocyte_1,astrocyte_1
9,1296,genes_volume,oligodendrocyte_1,astrocyte_1
9,567,genes_volume,astrocyte_1,astrocyte_1
9,2684,genes_volume,oligodendrocyte_progenitor_2,astrocyte_2
9,2418,genes_volume,oligodendrocyte_progenitor_2,oligodendrocyte_progenitor_2
9,2889,targeted_hybrid,peripheral_glia,astrocyte_2
9,2387,targeted_hybrid,oligodendrocyte_progenitor_2,oligodendrocyte_progenitor_2
9,12,targeted_hybrid,astrocyte_1,astrocyte_1
9,349,targeted_hybrid,astrocyte_1,astrocyte_2
9,431,targeted_hybrid,astrocyte_1,astrocyte_1
9,690,targeted_hybrid,astrocyte_2,oligodendrocyte_progenitor_2
9,2059,targeted_hybrid,oligodendrocyte_precursor_cell,astrocyte_2
9,458,targeted_hybrid,astrocyte_1,astrocyte_2
9,299,targeted_hybrid,astrocyte_1,astrocyte_1
9,215,targeted_hybrid,astrocyte_1,astrocyte_1
9,2868,targeted_hybrid,pericyte,astrocyte_1
9,169,targeted_hybrid,astrocyte_1,astrocyte_1
9,583,targeted_hybrid,astrocyte_2,astrocyte_2
9,1520,targeted_hybrid,oligodendrocyte_1,oligodendrocyte_1
9,437,targeted_hybrid,astrocyte_1,astrocyte_1
9,1026,targeted_hybrid,endothelial,oligodendrocyte_1
9,2805,targeted_hybrid,oligodendrocyte_progenitor_2,oligodendrocyte_1
9,1009,targeted_hybrid,endothelial,oligodendrocyte_1
9,210,targeted_hybrid,astrocyte_1,astrocyte_1
9,433,targeted_hybrid,astrocyte_1,astrocyte_1
9,2093,targeted_hybrid,oligodendrocyte_precursor_cell,oligodendrocyte_2
9,36,targeted_hybrid,astrocyte_1,astrocyte_2
9,1181,targeted_hybrid,meninges_2,meninges_1
9,2606,targeted_hybrid,oligodendrocyte_progenitor_2,oligodendrocyte_progenitor_2
9,540,targeted_hybrid,astrocyte_1,astrocyte_1
9,702,targeted_hybrid,astrocyte_2,astrocyte_2
9,241,targeted_hybrid,astrocyte_1,astrocyte_1
9,1420,targeted_hybrid,oligodendrocyte_1,oligodendrocyte_1
9,1424,targeted_hybrid,oligodendrocyte_1,oligodendrocyte_progenitor_2
9,1856,targeted_hybrid,oligodendrocyte_2,oligodendrocyte_2
9,2754,targeted_hybrid,oligodendrocyte_progenitor_2,oligodendrocyte_progenitor_2
9,2511,targeted_hybrid,oligodendrocyte_progenitor_2,oligodendrocyte_progenitor_2
9,288,targeted_hybrid,astrocyte_1,astrocyte_1
9,706,targeted_hybrid,astrocyte_2,astrocyte_2
9,2013,targeted_hybrid,oligodendrocyte_precursor_cell,oligodendrocyte_precursor_cell
9,2699,targeted_hybrid,oligodendrocyte_progenitor_2,oligodendrocyte_1
9,1235,targeted_hybrid,microglia,astrocyte_1
9,1109,targeted_hybrid,meninges_1,pericyte
9,2404,targeted_hybrid,oligodendrocyte_progenitor_2,oligodendrocyte_progenitor_2
9,2121,targeted_hybrid,oligodendrocyte_progenitor_1,oligodendrocyte_precursor_cell
9,2293,targeted_hybrid,oligodendrocyte_progenitor_2,oligodendrocyte_progenitor_2
9,370,targeted_hybrid,astrocyte_1,astrocyte_1
9,479,targeted_hybrid,astrocyte_1,astrocyte_1
9,1441,targeted_hybrid,oligodendrocyte_1,oligodendrocyte_progenitor_2
9,1544,targeted_hybrid,oligodendrocyte_1,oligodendrocyte_1
9,1857,targeted_hybrid,oligodendrocyte_2,oligodendrocyte_2
9,1549,targeted_hybrid,oligodendrocyte_1,oligodendrocyte_1
9,2334,targeted_hybrid,oligodendrocyte_progenitor_2,oligodendrocyte_progenitor_2
9,1818,targeted_hybrid,oligodendrocyte_2,oligodendrocyte_2
9,973,targeted_hybrid,endothelial,endothelial
9,2793,targeted_hybrid,oligodendrocyte_progenitor_2,oligodendrocyte_progenitor_2
9,406,targeted_hybrid,astrocyte_1,oligodendrocyte_1
9,162,targeted_hybrid,astrocyte_1,astrocyte_1
9,192,targeted_hybrid,astrocyte_1,astrocyte_1
9,2035,targeted_hybrid,oligodendrocyte_precursor_cell,oligodendrocyte_precursor_cell
9,1464,targeted_hybrid,oligodendrocyte_1,oligodendrocyte_1
9,2902,targeted_hybrid,peripheral_glia,peripheral_glia
9,2662,targeted_hybrid,oligodendrocyte_progenitor_2,oligodendrocyte_progenitor_2
9,2916,targeted_hybrid,Schwann_cell,Schwann_cell
9,744,targeted_hybrid,astrocyte_2,astrocyte_2
9,566,targeted_hybrid,astrocyte_1,astrocyte_1
9,1038,targeted_hybrid,endothelial,endothelial
9,2576,targeted_hybrid,oligodendrocyte_progenitor_2,oligodendrocyte_progenitor_2
9,1453,targeted_hybrid,oligodendrocyte_1,oligodendrocyte_1
9,222,targeted_hybrid,astrocyte_1,astrocyte_1
9,1653,targeted_hybrid,oligodendrocyte_2,oligodendrocyte_2
9,1380,targeted_hybrid,oligodendrocyte_1,oligodendrocyte_progenitor_2
9,1265,targeted_hybrid,microglia,microglia
9,600,targeted_hybrid,astrocyte_2,astrocyte_1
9,2465,targeted_hybrid,oligodendrocyte_progenitor_2,oligodendrocyte_1
9,2865,targeted_hybrid,pericyte,endothelial
9,652,targeted_hybrid,astrocyte_2,oligodendrocyte_progenitor_2
9,2314,targeted_hybrid,oligodendrocyte_progenitor_2,oligodendrocyte_2
9,1906,targeted_hybrid,oligodendrocyte_2,oligodendrocyte_2
9,168,targeted_hybrid,astrocyte_1,astrocyte_1
9,929,targeted_hybrid,endothelial,endothelial
9,853,targeted_hybrid,endothelial,endothelial
9,841,targeted_hybrid,endothelial,endothelial
9,2092,targeted_hybrid,oligodendrocyte_precursor_cell,oligodendrocyte_1
9,1682,targeted_hybrid,oligodendrocyte_2,oligodendrocyte_2
9,2524,targeted_hybrid,oligodendrocyte_progenitor_2,oligodendrocyte_2
9,1513,targeted_hybrid,oligodendrocyte_1,oligodendrocyte_1
9,1084,targeted_hybrid,endothelial,endothelial
9,570,targeted_hybrid,astrocyte_1,astrocyte_1
9,447,targeted_hybrid,astrocyte_1,astrocyte_1
9,2019,targeted_hybrid,oligodendrocyte_precursor_cell,oligodendrocyte_precursor_cell
9,2043,targeted_hybrid,oligodendrocyte_precursor_cell,oligodendrocyte_precursor_cell
9,1586,targeted_hybrid,oligodendrocyte_2,oligodendrocyte_2
9,466,targeted_hybrid,astrocyte_1,astrocyte_1
9,2509,targeted_hybrid,oligodendrocyte_progenitor_2,oligodendrocyte_2
9,1373,targeted_hybrid,oligodendrocyte_1,oligodendrocyte_progenitor_2
9,1280,targeted_hybrid,microglia,microglia
9,2625,targeted_hybrid,oligodendrocyte_progenitor_2,oligodendrocyte_1
9,2370,targeted_hybrid,oligodendrocyte_progenitor_2,oligodendrocyte_progenitor_2
9,1733,targeted_hybrid,oligodendrocyte_2,oligodendrocyte_2
9,1845,targeted_hybrid,oligodendrocyte_2,oligodendrocyte_2
9,1813,targeted_hybrid,oligodendrocyte_2,oligodendrocyte_2
9,67,targeted_hybrid,astrocyte_1,astrocyte_2
9,705,targeted_hybrid,astrocyte_2,astrocyte_2
9,2600,targeted_hybrid,oligodendrocyte_progenitor_2,oligodendrocyte_progenitor_2
9,2767,targeted_hybrid,oligodendrocyte_progenitor_2,oligodendrocyte_progenitor_2
9,383,targeted_hybrid,astrocyte_1,astrocyte_1
9,2617,targeted_hybrid,oligodendrocyte_progenitor_2,oligodendrocyte_progenitor_2
9,1123,targeted_hybrid,meninges_1,meninges_1
9,638,targeted_hybrid,astrocyte_2,astrocyte_2
9,509,targeted_hybrid,astrocyte_1,oligodendrocyte_precursor_cell
9,1828,targeted_hybrid,oligodendrocyte_2,oligodendrocyte_2
9,1076,targeted_hybrid,endothelial,endothelial
9,216,targeted_hybrid,astrocyte_1,oligodendrocyte_progenitor_2
9,2619,targeted_hybrid,oligodendrocyte_progenitor_2,oligodendrocyte_progenitor_2
9,1887,targeted_hybrid,oligodendrocyte_2,oligodendrocyte_2
9,2747,targeted_hybrid,oligodendrocyte_progenitor_2,oligodendrocyte_progenitor_2
9,1426,targeted_hybrid,oligodendrocyte_1,oligodendrocyte_1
9,916,targeted_hybrid,endothelial,endothelial
9,2629,targeted_hybrid,oligodendrocyte_progenitor_2,oligodendrocyte_1
9,1090,targeted_hybrid,endothelial,endothelial
9,1421,targeted_hybrid,oligodendrocyte_1,oligodendrocyte_progenitor_2
9,1910,targeted_hybrid,oligodendrocyte_2,oligodendrocyte_2
9,2826,targeted_hybrid,oligodendrocyte_progenitor_2,oligodendrocyte_1
9,1487,targeted_hybrid,oligodendrocyte_1,oligodendrocyte_1
9,1698,targeted_hybrid,oligodendrocyte_2,oligodendrocyte_2
9,163,targeted_hybrid,astrocyte_1,astrocyte_1
9,1914,targeted_hybrid,oligodendrocyte_2,oligodendrocyte_2
9,1909,targeted_hybrid,oligodendrocyte_2,oligodendrocyte_2
9,2462,targeted_hybrid,oligodendrocyte_progenitor_2,oligodendrocyte_progenitor_2
9,1111,targeted_hybrid,meninges_1,meninges_2
9,91,targeted_hybrid,astrocyte_1,astrocyte_1
9,1649,targeted_hybrid,oligodendrocyte_2,oligodendrocyte_2
9,2885,targeted_hybrid,pericyte,pericyte
9,720,targeted_hybrid,astrocyte_2,oligodendrocyte_progenitor_2
9,2772,targeted_hybrid,oligodendrocyte_progenitor_2,oligodendrocyte_progenitor_2
9,2663,targeted_hybrid,oligodendrocyte_progenitor_2,astrocyte_1
9,745,targeted_hybrid,astrocyte_2,oligodendrocyte_2
9,2499,targeted_hybrid,oligodendrocyte_progenitor_2,oligodendrocyte_progenitor_2
9,1634,targeted_hybrid,oligodendrocyte_2,oligodendrocyte_1
9,1192,targeted_hybrid,meninges_2,meninges_3
9,1867,targeted_hybrid,oligodendrocyte_2,oligodendrocyte_2
9,1529,targeted_hybrid,oligodendrocyte_1,oligodendrocyte_1
9,1284,targeted_hybrid,microglia,microglia
9,786,targeted_hybrid,endothelial,endothelial
9,619,targeted_hybrid,astrocyte_2,astrocyte_2
9,1788,targeted_hybrid,oligodendrocyte_2,oligodendrocyte_2
9,2020,targeted_hybrid,oligodendrocyte_precursor_cell,oligodendrocyte_1
9,2905,targeted_hybrid,peripheral_glia,peripheral_glia
9,2519,targeted_hybrid,oligodendrocyte_progenitor_2,oligodendrocyte_progenitor_2
9,495,targeted_hybrid,astrocyte_1,oligodendrocyte_2
9,2655,targeted_hybrid,oligodendrocyte_progenitor_2,oligodendrocyte_progenitor_2
9,118,targeted_hybrid,astrocyte_1,astrocyte_1
9,629,targeted_hybrid,astrocyte_2,oligodendrocyte_2
9,1116,targeted_hybrid,meninges_1,meninges_3
9,1442,targeted_hybrid,oligodendrocyte_1,oligodendrocyte_progenitor_2
9,178,targeted_hybrid,astrocyte_1,astrocyte_1
9,16,targeted_hybrid,astrocyte_1,astrocyte_1
9,307,targeted_hybrid,astrocyte_1,astrocyte_1
9,176,targeted_hybrid,astrocyte_1,astrocyte_1
9,1394,targeted_hybrid,oligodendrocyte_1,oligodendrocyte_1
9,941,targeted_hybrid,endothelial,endothelial
9,1399,targeted_hybrid,oligodendrocyte_1,endothelial
9,791,targeted_hybrid,endothelial,astrocyte_1
9,2729,targeted_hybrid,oligodendrocyte_progenitor_2,oligodendrocyte_progenitor_2
9,906,targeted_hybrid,endothelial,oligodendrocyte_2
9,2051,targeted_hybrid,oligodendrocyte_precursor_cell,oligodendrocyte_precursor_cell
9,1438,targeted_hybrid,oligodendrocyte_1,oligodendrocyte_1
9,374,targeted_hybrid,astrocyte_1,astrocyte_1
9,1307,targeted_hybrid,oligodendrocyte_1,oligodendrocyte_progenitor_2
9,2577,targeted_hybrid,oligodendrocyte_progenitor_2,oligodendrocyte_2
9,2194,targeted_hybrid,oligodendrocyte_progenitor_2,oligodendrocyte_progenitor_2
9,1555,targeted_hybrid,oligodendrocyte_1,oligodendrocyte_1
9,2100,targeted_hybrid,oligodendrocyte_progenitor_1,oligodendrocyte_progenitor_1
9,2197,targeted_hybrid,oligodendrocyte_progenitor_2,oligodendrocyte_progenitor_2
9,621,targeted_hybrid,astrocyte_2,astrocyte_2
9,464,targeted_hybrid,astrocyte_1,astrocyte_1
9,2069,targeted_hybrid,oligodendrocyte_precursor_cell,oligodendrocyte_precursor_cell
9,624,targeted_hybrid,astrocyte_2,endothelial
9,1320,targeted_hybrid,oligodendrocyte_1,oligodendrocyte_1
9,1596,targeted_hybrid,oligodendrocyte_2,oligodendrocyte_2
9,358,targeted_hybrid,astrocyte_1,astrocyte_1
9,1642,targeted_hybrid,oligodendrocyte_2,oligodendrocyte_2
9,423,targeted_hybrid,astrocyte_1,astrocyte_1
9,2135,targeted_hybrid,oligodendrocyte_progenitor_1,oligodendrocyte_progenitor_1
9,386,targeted_hybrid,astrocyte_1,astrocyte_1
9,2490,targeted_hybrid,oligodendrocyte_progenitor_2,oligodendrocyte_2
9,443,targeted_hybrid,astrocyte_1,astrocyte_1
9,700,targeted_hybrid,astrocyte_2,astrocyte_2
9,1166,targeted_hybrid,meninges_1,meninges_1
9,420,targeted_hybrid,astrocyte_1,astrocyte_2
9,2626,targeted_hybrid,oligodendrocyte_progenitor_2,oligodendrocyte_progenitor_2
9,2058,targeted_hybrid,oligodendrocyte_precursor_cell,oligodendrocyte_precursor_cell
9,1122,targeted_hybrid,meninges_1,meninges_1
9,817,targeted_hybrid,endothelial,endothelial
9,1992,targeted_hybrid,oligodendrocyte_precursor_cell,astrocyte_1
9,1412,targeted_hybrid,oligodendrocyte_1,oligodendrocyte_progenitor_2
9,1688,targeted_hybrid,oligodendrocyte_2,oligodendrocyte_2
9,2897,targeted_hybrid,peripheral_glia,peripheral_glia
9,2612,targeted_hybrid,oligodendrocyte_progenitor_2,oligodendrocyte_progenitor_2
9,2396,targeted_hybrid,oligodendrocyte_progenitor_2,oligodendrocyte_progenitor_2
9,2719,targeted_hybrid,oligodendrocyte_progenitor_2,oligodendrocyte_progenitor_2
9,2737,targeted_hybrid,oligodendrocyte_progenitor_2,astrocyte_2
9,9,targeted_hybrid,astrocyte_1,astrocyte_1
9,965,targeted_hybrid,endothelial,endothelial
9,1815,targeted_hybrid,oligodendrocyte_2,oligodendrocyte_2
9,856,targeted_hybrid,endothelial,endothelial
9,1389,targeted_hybrid,oligodendrocyte_1,oligodendrocyte_1
9,519,targeted_hybrid,astrocyte_1,astrocyte_1
9,1934,targeted_hybrid,oligodendrocyte_2,oligodendrocyte_progenitor_2
9,1661,targeted_hybrid,oligodendrocyte_2,astrocyte_1
9,1135,targeted_hybrid,meninges_1,meninges_1
9,3,targeted_hybrid,astrocyte_1,astrocyte_1
9,1259,targeted_hybrid,microglia,microglia
9,1482,targeted_hybrid,oligodendrocyte_1,oligodendrocyte_1
9,794,targeted_hybrid,endothelial,endothelial
9,2442,targeted_hybrid,oligodendrocyte_progenitor_2,oligodendrocyte_progenitor_2
9,8,targeted_hybrid,astrocyte_1,oligodendrocyte_1
9,2695,targeted_hybrid,oligodendrocyte_progenitor_2,oligodendrocyte_progenitor_2
9,2006,targeted_hybrid,oligodendrocyte_precursor_cell,oligodendrocyte_precursor_cell
9,2875,targeted_hybrid,pericyte,pericyte
9,2512,targeted_hybrid,oligodendrocyte_progenitor_2,oligodendrocyte_progenitor_2
9,2879,targeted_hybrid,pericyte,astrocyte_1
9,2128,targeted_hybrid,oligodendrocyte_progenitor_1,oligodendrocyte_precursor_cell
9,912,targeted_hybrid,endothelial,oligodendrocyte_progenitor_2
9,1581,targeted_hybrid,oligodendrocyte_2,oligodendrocyte_2
9,1872,targeted_hybrid,oligodendrocyte_2,oligodendrocyte_progenitor_2
9,115,targeted_hybrid,astrocyte_1,astrocyte_1
9,2431,targeted_hybrid,oligodendrocyte_progenitor_2,oligodendrocyte_progenitor_2
9,1466,targeted_hybrid,oligodendrocyte_1,oligodendrocyte_progenitor_2
9,123,targeted_hybrid,astrocyte_1,astrocyte_1
9,747,targeted_hybrid,astrocyte_2,astrocyte_2
9,1824,targeted_hybrid,oligodendrocyte_2,oligodendrocyte_2
9,410,targeted_hybrid,astrocyte_1,oligodendrocyte_progenitor_2
9,2707,targeted_hybrid,oligodendrocyte_progenitor_2,oligodendrocyte_progenitor_2
9,2605,targeted_hybrid,oligodendrocyte_progenitor_2,oligodendrocyte_progenitor_2
9,1095,targeted_hybrid,ependymal,ependymal
9,1013,targeted_hybrid,endothelial,endothelial
9,2362,targeted_hybrid,oligodendrocyte_progenitor_2,oligodendrocyte_progenitor_2
9,2085,targeted_hybrid,oligodendrocyte_precursor_cell,astrocyte_1
9,1668,targeted_hybrid,oligodendrocyte_2,oligodendrocyte_2
9,1641,targeted_hybrid,oligodendrocyte_2,oligodendrocyte_2
9,209,targeted_hybrid,astrocyte_1,oligodendrocyte_progenitor_2
9,1074,targeted_hybrid,endothelial,endothelial
9,2580,targeted_hybrid,oligodendrocyte_progenitor_2,oligodendrocyte_progenitor_2
9,858,targeted_hybrid,endothelial,oligodendrocyte_2
9,560,targeted_hybrid,astrocyte_1,astrocyte_1
9,381,targeted_hybrid,astrocyte_1,astrocyte_1
9,2559,targeted_hybrid,oligodendrocyte_progenitor_2,oligodendrocyte_progenitor_2
9,1285,targeted_hybrid,microglia,microglia
9,1151,targeted_hybrid,meninges_1,meninges_1
9,502,targeted_hybrid,astrocyte_1,astrocyte_1
9,974,targeted_hybrid,endothelial,oligodendrocyte_progenitor_2
9,186,targeted_hybrid,astrocyte_1,oligodendrocyte_2
9,1664,targeted_hybrid,oligodendrocyte_2,oligodendrocyte_progenitor_2
9,2250,targeted_hybrid,oligodendrocyte_progenitor_2,oligodendrocyte_progenitor_2
9,1572,targeted_hybrid,oligodendrocyte_2,oligodendrocyte_2
9,1395,targeted_hybrid,oligodendrocyte_1,oligodendrocyte_progenitor_2
9,231,targeted_hybrid,astrocyte_1,astrocyte_1
9,1017,targeted_hybrid,endothelial,oligodendrocyte_1
9,2168,targeted_hybrid,oligodendrocyte_progenitor_2,oligodendrocyte_progenitor_2
9,1885,targeted_hybrid,oligodendrocyte_2,oligodendrocyte_2
9,2526,targeted_hybrid,oligodendrocyte_progenitor_2,oligodendrocyte_2
9,868,targeted_hybrid,endothelial,endothelial
9,2449,targeted_hybrid,oligodendrocyte_progenitor_2,oligodendrocyte_progenitor_2
9,1221,targeted_hybrid,meninges_3,meninges_3
9,2774,targeted_hybrid,oligodendrocyte_progenitor_2,oligodendrocyte_progenitor_2
9,2131,targeted_hybrid,oligodendrocyte_progenitor_1,oligodendrocyte_progenitor_1
9,2352,targeted_hybrid,oligodendrocyte_progenitor_2,oligodendrocyte_progenitor_2
9,2410,targeted_hybrid,oligodendrocyte_progenitor_2,oligodendrocyte_progenitor_2
9,725,targeted_hybrid,astrocyte_2,astrocyte_2
9,2745,targeted_hybrid,oligodendrocyte_progenitor_2,oligodendrocyte_1
9,1683,targeted_hybrid,oligodendrocyte_2,oligodendrocyte_2
9,2489,targeted_hybrid,oligodendrocyte_progenitor_2,oligodendrocyte_progenitor_2
9,2855,targeted_hybrid,pericyte,astrocyte_1
9,1895,targeted_hybrid,oligodendrocyte_2,oligodendrocyte_2
9,1294,targeted_hybrid,oligodendrocyte_1,oligodendrocyte_progenitor_2
9,1418,targeted_hybrid,oligodendrocyte_1,oligodendrocyte_1
9,1277,targeted_hybrid,microglia,oligodendrocyte_2
9,1268,targeted_hybrid,microglia,microglia
9,75,targeted_hybrid,astrocyte_1,astrocyte_1
9,1492,targeted_hybrid,oligodendrocyte_1,oligodendrocyte_1
9,1868,targeted_hybrid,oligodendrocyte_2,oligodendrocyte_2
9,2326,targeted_hybrid,oligodendrocyte_progenitor_2,astrocyte_1
9,731,targeted_hybrid,astrocyte_2,astrocyte_1
9,1253,targeted_hybrid,microglia,microglia
9,1751,targeted_hybrid,oligodendrocyte_2,oligodendrocyte_2
9,1517,targeted_hybrid,oligodendrocyte_1,astrocyte_1
9,2812,targeted_hybrid,oligodendrocyte_progenitor_2,oligodendrocyte_progenitor_2
9,1894,targeted_hybrid,oligodendrocyte_2,oligodendrocyte_2
9,2434,targeted_hybrid,oligodendrocyte_progenitor_2,oligodendrocyte_progenitor_2
9,353,targeted_hybrid,astrocyte_1,astrocyte_1
9,1230,targeted_hybrid,microglia,microglia
9,1303,targeted_hybrid,oligodendrocyte_1,oligodendrocyte_progenitor_2
9,663,targeted_hybrid,astrocyte_2,oligodendrocyte_progenitor_2
9,2904,targeted_hybrid,peripheral_glia,Schwann_cell
9,246,targeted_hybrid,astrocyte_1,astrocyte_1
9,1034,targeted_hybrid,endothelial,oligodendrocyte_2
9,772,targeted_hybrid,endothelial,endothelial
9,1100,targeted_hybrid,ependymal,ependymal
9,230,targeted_hybrid,astrocyte_1,endothelial
9,2441,targeted_hybrid,oligodendrocyte_progenitor_2,oligodendrocyte_progenitor_2
9,928,targeted_hybrid,endothelial,endothelial
9,1348,targeted_hybrid,oligodendrocyte_1,oligodendrocyte_progenitor_2
9,13,targeted_hybrid,astrocyte_1,astrocyte_1
9,1980,targeted_hybrid,oligodendrocyte_2,oligodendrocyte_2
9,2664,targeted_hybrid,oligodendrocyte_progenitor_2,oligodendrocyte_progenitor_2
9,2321,targeted_hybrid,oligodendrocyte_progenitor_2,oligodendrocyte_progenitor_2
9,2919,targeted_hybrid,Schwann_cell,Schwann_cell
9,1410,targeted_hybrid,oligodendrocyte_1,oligodendrocyte_progenitor_2
9,1847,targeted_hybrid,oligodendrocyte_2,oligodendrocyte_progenitor_2
9,2675,targeted_hybrid,oligodendrocyte_progenitor_2,oligodendrocyte_1
9,2696,targeted_hybrid,oligodendrocyte_progenitor_2,oligodendrocyte_1
9,2130,targeted_hybrid,oligodendrocyte_progenitor_1,oligodendrocyte_precursor_cell
9,1814,targeted_hybrid,oligodendrocyte_2,oligodendrocyte_2
9,737,targeted_hybrid,astrocyte_2,astrocyte_2
9,356,targeted_hybrid,astrocyte_1,astrocyte_1
9,1191,targeted_hybrid,meninges_2,meninges_1
9,2036,targeted_hybrid,oligodendrocyte_precursor_cell,oligodendrocyte_precursor_cell
9,768,targeted_hybrid,astrocyte_2,astrocyte_2
9,208,targeted_hybrid,astrocyte_1,oligodendrocyte_progenitor_2
9,2057,targeted_hybrid,oligodendrocyte_precursor_cell,oligodendrocyte_precursor_cell
9,671,targeted_hybrid,astrocyte_2,astrocyte_2
9,166,targeted_hybrid,astrocyte_1,astrocyte_1
9,2764,targeted_hybrid,oligodendrocyte_progenitor_2,astrocyte_1
9,2659,targeted_hybrid,oligodendrocyte_progenitor_2,oligodendrocyte_progenitor_2
9,762,targeted_hybrid,astrocyte_2,astrocyte_2
9,1593,targeted_hybrid,oligodendrocyte_2,oligodendrocyte_1
9,1217,targeted_hybrid,meninges_3,meninges_2
9,2864,targeted_hybrid,pericyte,astrocyte_1
9,58,targeted_hybrid,astrocyte_1,endothelial
9,2443,targeted_hybrid,oligodendrocyte_progenitor_2,oligodendrocyte_progenitor_2
9,179,targeted_hybrid,astrocyte_1,astrocyte_1
9,1695,targeted_hybrid,oligodendrocyte_2,oligodendrocyte_2
9,1234,targeted_hybrid,microglia,microglia
9,318,targeted_hybrid,astrocyte_1,endothelial
9,639,targeted_hybrid,astrocyte_2,astrocyte_2
9,987,targeted_hybrid,endothelial,oligodendrocyte_progenitor_2
9,2797,targeted_hybrid,oligodendrocyte_progenitor_2,oligodendrocyte_progenitor_2
9,1632,targeted_hybrid,oligodendrocyte_2,oligodendrocyte_2
9,2493,targeted_hybrid,oligodendrocyte_progenitor_2,oligodendrocyte_progenitor_2
9,2435,targeted_hybrid,oligodendrocyte_progenitor_2,oligodendrocyte_progenitor_2
9,525,targeted_hybrid,astrocyte_1,astrocyte_1
9,90,targeted_hybrid,astrocyte_1,astrocyte_1
9,1183,targeted_hybrid,meninges_2,meninges_1
9,783,targeted_hybrid,endothelial,endothelial
9,655,targeted_hybrid,astrocyte_2,astrocyte_2
9,309,targeted_hybrid,astrocyte_1,astrocyte_1
9,2223,targeted_hybrid,oligodendrocyte_progenitor_2,oligodendrocyte_progenitor_2
9,2265,targeted_hybrid,oligodendrocyte_progenitor_2,oligodendrocyte_progenitor_2
9,25,targeted_hybrid,astrocyte_1,astrocyte_1
9,114,targeted_hybrid,astrocyte_1,astrocyte_1
9,500,targeted_hybrid,astrocyte_1,astrocyte_2
9,1838,targeted_hybrid,oligodendrocyte_2,oligodendrocyte_2
9,2385,targeted_hybrid,oligodendrocyte_progenitor_2,oligodendrocyte_progenitor_2
9,1472,targeted_hybrid,oligodendrocyte_1,oligodendrocyte_1
9,2200,targeted_hybrid,oligodendrocyte_progenitor_2,oligodendrocyte_progenitor_2
9,2160,targeted_hybrid,oligodendrocyte_progenitor_2,oligodendrocyte_1
9,999,targeted_hybrid,endothelial,endothelial
9,2308,targeted_hybrid,oligodendrocyte_progenitor_2,oligodendrocyte_progenitor_2
9,784,targeted_hybrid,endothelial,endothelial
9,1932,targeted_hybrid,oligodendrocyte_2,oligodendrocyte_2
9,695,targeted_hybrid,astrocyte_2,astrocyte_2
9,2652,targeted_hybrid,oligodendrocyte_progenitor_2,oligodendrocyte_progenitor_2
9,1156,targeted_hybrid,meninges_1,meninges_3
9,32,targeted_hybrid,astrocyte_1,astrocyte_1
9,453,targeted_hybrid,astrocyte_1,astrocyte_1
9,2728,targeted_hybrid,oligodendrocyte_progenitor_2,oligodendrocyte_progenitor_2
9,2213,targeted_hybrid,oligodendrocyte_progenitor_2,oligodendrocyte_progenitor_2
9,2560,targeted_hybrid,oligodendrocyte_progenitor_2,oligodendrocyte_1
9,715,targeted_hybrid,astrocyte_2,astrocyte_2
9,38,targeted_hybrid,astrocyte_1,endothelial
9,2376,targeted_hybrid,oligodendrocyte_progenitor_2,oligodendrocyte_progenitor_2
9,2840,targeted_hybrid,oligodendrocyte_progenitor_2,oligodendrocyte_progenitor_2
9,1768,targeted_hybrid,oligodendrocyte_2,oligodendrocyte_2
9,2920,targeted_hybrid,Schwann_cell,peripheral_glia
9,2062,targeted_hybrid,oligodendrocyte_precursor_cell,oligodendrocyte_precursor_cell
9,1194,targeted_hybrid,meninges_2,pericyte
9,1819,targeted_hybrid,oligodendrocyte_2,oligodendrocyte_2
9,1684,targeted_hybrid,oligodendrocyte_2,oligodendrocyte_2
9,2798,targeted_hybrid,oligodendrocyte_progenitor_2,oligodendrocyte_1
9,2310,targeted_hybrid,oligodendrocyte_progenitor_2,oligodendrocyte_2
9,2024,targeted_hybrid,oligodendrocyte_precursor_cell,astrocyte_1
9,339,targeted_hybrid,astrocyte_1,astrocyte_1
9,2856,targeted_hybrid,pericyte,pericyte
9,1587,targeted_hybrid,oligodendrocyte_2,oligodendrocyte_2
9,1164,targeted_hybrid,meninges_1,meninges_3
9,116,targeted_hybrid,astrocyte_1,astrocyte_1
9,2075,targeted_hybrid,oligodendrocyte_precursor_cell,astrocyte_1
9,461,targeted_hybrid,astrocyte_1,astrocyte_1
9,1071,targeted_hybrid,endothelial,endothelial
9,1725,targeted_hybrid,oligodendrocyte_2,oligodendrocyte_2
9,2288,targeted_hybrid,oligodendrocyte_progenitor_2,oligodendrocyte_progenitor_2
9,1790,targeted_hybrid,oligodendrocyte_2,oligodendrocyte_2
9,305,targeted_hybrid,astrocyte_1,astrocyte_1
9,48,targeted_hybrid,astrocyte_1,astrocyte_1
9,1922,targeted_hybrid,oligodendrocyte_2,oligodendrocyte_2
9,336,targeted_hybrid,astrocyte_1,astrocyte_1
9,1696,targeted_hybrid,oligodendrocyte_2,oligodendrocyte_2
9,1153,targeted_hybrid,meninges_1,meninges_1
9,734,targeted_hybrid,astrocyte_2,astrocyte_2
9,119,targeted_hybrid,astrocyte_1,oligodendrocyte_progenitor_1
9,2924,targeted_hybrid,Schwann_cell,Schwann_cell
9,2033,targeted_hybrid,oligodendrocyte_precursor_cell,oligodendrocyte_progenitor_1
9,2457,targeted_hybrid,oligodendrocyte_progenitor_2,oligodendrocyte_progenitor_2
9,648,targeted_hybrid,astrocyte_2,oligodendrocyte_2
9,2097,targeted_hybrid,oligodendrocyte_progenitor_1,oligodendrocyte_precursor_cell
9,2303,targeted_hybrid,oligodendrocyte_progenitor_2,oligodendrocyte_progenitor_2
9,1996,targeted_hybrid,oligodendrocyte_precursor_cell,oligodendrocyte_precursor_cell
9,1890,targeted_hybrid,oligodendrocyte_2,oligodendrocyte_2
9,2726,targeted_hybrid,oligodendrocyte_progenitor_2,oligodendrocyte_progenitor_2
9,2228,targeted_hybrid,oligodendrocyte_progenitor_2,oligodendrocyte_progenitor_2
9,891,targeted_hybrid,endothelial,endothelial
9,2273,targeted_hybrid,oligodendrocyte_progenitor_2,oligodendrocyte_progenitor_2
9,1053,targeted_hybrid,endothelial,endothelial
9,2725,targeted_hybrid,oligodendrocyte_progenitor_2,oligodendrocyte_progenitor_2
9,387,targeted_hybrid,astrocyte_1,astrocyte_1
9,2126,targeted_hybrid,oligodendrocyte_progenitor_1,oligodendrocyte_progenitor_1
9,943,targeted_hybrid,endothelial,endothelial
9,2755,targeted_hybrid,oligodendrocyte_progenitor_2,oligodendrocyte_progenitor_2
9,455,targeted_hybrid,astrocyte_1,astrocyte_1
9,2603,targeted_hybrid,oligodendrocyte_progenitor_2,oligodendrocyte_progenitor_2
9,1379,targeted_hybrid,oligodendrocyte_1,oligodendrocyte_progenitor_2
9,27,targeted_hybrid,astrocyte_1,astrocyte_1
9,29,targeted_hybrid,astrocyte_1,astrocyte_2
9,698,targeted_hybrid,astrocyte_2,astrocyte_1
9,2162,targeted_hybrid,oligodendrocyte_progenitor_2,oligodendrocyte_2
9,1170,targeted_hybrid,meninges_2,meninges_1
9,2871,targeted_hybrid,pericyte,endothelial
9,2300,targeted_hybrid,oligodendrocyte_progenitor_2,oligodendrocyte_progenitor_2
9,1262,targeted_hybrid,microglia,astrocyte_1
9,2363,targeted_hybrid,oligodendrocyte_progenitor_2,oligodendrocyte_progenitor_2
9,452,targeted_hybrid,astrocyte_1,astrocyte_1
9,2783,targeted_hybrid,oligodendrocyte_progenitor_2,endothelial
9,679,targeted_hybrid,astrocyte_2,astrocyte_2
9,1270,targeted_hybrid,microglia,astrocyte_1
9,55,targeted_hybrid,astrocyte_1,astrocyte_1
9,66,targeted_hybrid,astrocyte_1,astrocyte_1
9,1797,targeted_hybrid,oligodendrocyte_2,oligodendrocyte_2
9,2936,targeted_hybrid,Schwann_cell,Schwann_cell
9,1382,targeted_hybrid,oligodendrocyte_1,endothelial
9,860,targeted_hybrid,endothelial,endothelial
9,426,targeted_hybrid,astrocyte_1,astrocyte_1
9,861,targeted_hybrid,endothelial,endothelial
9,1172,targeted_hybrid,meninges_2,meninges_2
9,1837,targeted_hybrid,oligodendrocyte_2,oligodendrocyte_2
9,864,targeted_hybrid,endothelial,endothelial
9,513,targeted_hybrid,astrocyte_1,astrocyte_1
9,1666,targeted_hybrid,oligodendrocyte_2,oligodendrocyte_2
9,504,targeted_hybrid,astrocyte_1,astrocyte_2
9,1875,targeted_hybrid,oligodendrocyte_2,oligodendrocyte_2
9,2454,targeted_hybrid,oligodendrocyte_progenitor_2,oligodendrocyte_progenitor_2
9,1465,targeted_hybrid,oligodendrocyte_1,oligodendrocyte_progenitor_2
9,175,targeted_hybrid,astrocyte_1,astrocyte_1
9,347,targeted_hybrid,astrocyte_1,astrocyte_1
9,1681,targeted_hybrid,oligodendrocyte_2,oligodendrocyte_1
9,1033,targeted_hybrid,endothelial,endothelial
9,925,targeted_hybrid,endothelial,endothelial
9,301,targeted_hybrid,astrocyte_1,astrocyte_1
9,1276,targeted_hybrid,microglia,oligodendrocyte_2
9,551,targeted_hybrid,astrocyte_1,astrocyte_1
9,1311,targeted_hybrid,oligodendrocyte_1,oligodendrocyte_progenitor_2
9,129,targeted_hybrid,astrocyte_1,astrocyte_1
9,2205,targeted_hybrid,oligodendrocyte_progenitor_2,oligodendrocyte_progenitor_2
9,2153,targeted_hybrid,oligodendrocyte_progenitor_2,oligodendrocyte_progenitor_2
9,2903,targeted_hybrid,peripheral_glia,Schwann_cell
9,944,targeted_hybrid,endothelial,endothelial
9,592,targeted_hybrid,astrocyte_2,astrocyte_1
9,2281,targeted_hybrid,oligodendrocyte_progenitor_2,oligodendrocyte_progenitor_2
9,1003,targeted_hybrid,endothelial,endothelial
9,1150,targeted_hybrid,meninges_1,oligodendrocyte_progenitor_2
9,1693,targeted_hybrid,oligodendrocyte_2,oligodendrocyte_2
9,1943,targeted_hybrid,oligodendrocyte_2,oligodendrocyte_2
9,845,targeted_hybrid,endothelial,endothelial
9,1215,targeted_hybrid,meninges_3,meninges_3
9,2517,targeted_hybrid,oligodendrocyte_progenitor_2,oligodendrocyte_progenitor_2
9,1046,targeted_hybrid,endothelial,astrocyte_1
9,608,targeted_hybrid,astrocyte_2,astrocyte_2
9,2551,targeted_hybrid,oligodendrocyte_progenitor_2,oligodendrocyte_2
9,1787,targeted_hybrid,oligodendrocyte_2,oligodendrocyte_2
9,872,targeted_hybrid,endothelial,endothelial
9,2244,targeted_hybrid,oligodendrocyte_progenitor_2,oligodendrocyte_2
9,1112,targeted_hybrid,meninges_1,meninges_1
9,2337,targeted_hybrid,oligodendrocyte_progenitor_2,oligodendrocyte_progenitor_2
9,2008,targeted_hybrid,oligodendrocyte_precursor_cell,oligodendrocyte_precursor_cell
9,1735,targeted_hybrid,oligodendrocyte_2,oligodendrocyte_2
9,313,targeted_hybrid,astrocyte_1,astrocyte_1
9,2002,targeted_hybrid,oligodendrocyte_precursor_cell,endothelial
9,171,targeted_hybrid,astrocyte_1,astrocyte_1
9,2942,targeted_hybrid,Schwann_cell,Schwann_cell
9,275,targeted_hybrid,astrocyte_1,astrocyte_1
9,23,targeted_hybrid,astrocyte_1,astrocyte_1
9,2876,targeted_hybrid,pericyte,endothelial
9,2608,targeted_hybrid,oligodendrocyte_progenitor_2,oligodendrocyte_1
9,462,targeted_hybrid,astrocyte_1,astrocyte_1
9,2207,targeted_hybrid,oligodendrocyte_progenitor_2,oligodendrocyte_progenitor_2
9,528,targeted_hybrid,astrocyte_1,astrocyte_1
9,1804,targeted_hybrid,oligodendrocyte_2,oligodendrocyte_2
9,89,targeted_hybrid,astrocyte_1,astrocyte_1
9,1709,targeted_hybrid,oligodendrocyte_2,oligodendrocyte_2
9,2206,targeted_hybrid,oligodendrocyte_progenitor_2,oligodendrocyte_progenitor_2
9,1446,targeted_hybrid,oligodendrocyte_1,astrocyte_2
9,326,targeted_hybrid,astrocyte_1,astrocyte_1
9,2319,targeted_hybrid,oligodendrocyte_progenitor_2,oligodendrocyte_progenitor_2
9,2623,targeted_hybrid,oligodendrocyte_progenitor_2,oligodendrocyte_progenitor_2
9,647,targeted_hybrid,astrocyte_2,astrocyte_1
9,2393,targeted_hybrid,oligodendrocyte_progenitor_2,oligodendrocyte_progenitor_2
9,248,targeted_hybrid,astrocyte_1,astrocyte_1
9,379,targeted_hybrid,astrocyte_1,astrocyte_1
9,2129,targeted_hybrid,oligodendrocyte_progenitor_1,oligodendrocyte_progenitor_1
9,1369,targeted_hybrid,oligodendrocyte_1,oligodendrocyte_1
9,2861,targeted_hybrid,pericyte,astrocyte_1
9,1792,targeted_hybrid,oligodendrocyte_2,oligodendrocyte_2
9,2369,targeted_hybrid,oligodendrocyte_progenitor_2,oligodendrocyte_2
9,1148,targeted_hybrid,meninges_1,meninges_2
9,2460,targeted_hybrid,oligodendrocyte_progenitor_2,oligodendrocyte_progenitor_2
9,990,targeted_hybrid,endothelial,oligodendrocyte_2
9,1584,targeted_hybrid,oligodendrocyte_2,oligodendrocyte_2
9,10,targeted_hybrid,astrocyte_1,astrocyte_1
9,952,targeted_hybrid,endothelial,endothelial
9,2818,targeted_hybrid,oligodendrocyte_progenitor_2,oligodendrocyte_1
9,2259,targeted_hybrid,oligodendrocyte_progenitor_2,oligodendrocyte_2
9,2590,targeted_hybrid,oligodendrocyte_progenitor_2,oligodendrocyte_1
9,764,targeted_hybrid,astrocyte_2,astrocyte_1
9,669,targeted_hybrid,astrocyte_2,astrocyte_2
9,1756,targeted_hybrid,oligodendrocyte_2,oligodendrocyte_2
9,801,targeted_hybrid,endothelial,endothelial
9,1302,targeted_hybrid,oligodendrocyte_1,astrocyte_1
9,634,targeted_hybrid,astrocyte_2,astrocyte_1
9,2055,targeted_hybrid,oligodendrocyte_precursor_cell,astrocyte_2
9,2072,targeted_hybrid,oligodendrocyte_precursor_cell,endothelial
9,2806,targeted_hybrid,oligodendrocyte_progenitor_2,oligodendrocyte_1
9,2790,targeted_hybrid,oligodendrocyte_progenitor_2,oligodendrocyte_progenitor_2
9,269,targeted_hybrid,astrocyte_1,oligodendrocyte_progenitor_2
9,611,targeted_hybrid,astrocyte_2,oligodendrocyte_progenitor_2
9,1145,targeted_hybrid,meninges_1,meninges_1
9,2813,targeted_hybrid,oligodendrocyte_progenitor_2,astrocyte_1
9,2609,targeted_hybrid,oligodendrocyte_progenitor_2,oligodendrocyte_progenitor_2
9,2398,targeted_hybrid,oligodendrocyte_progenitor_2,oligodendrocyte_2
9,2668,targeted_hybrid,oligodendrocyte_progenitor_2,oligodendrocyte_progenitor_2
9,2613,targeted_hybrid,oligodendrocyte_progenitor_2,oligodendrocyte_progenitor_2
9,2910,targeted_hybrid,Schwann_cell,Schwann_cell
9,264,targeted_hybrid,astrocyte_1,astrocyte_1
9,335,targeted_hybrid,astrocyte_1,endothelial
9,1425,targeted_hybrid,oligodendrocyte_1,oligodendrocyte_1
9,1763,targeted_hybrid,oligodendrocyte_2,oligodendrocyte_2
9,1805,targeted_hybrid,oligodendrocyte_2,oligodendrocyte_2
9,532,targeted_hybrid,astrocyte_1,astrocyte_1
9,1021,targeted_hybrid,endothelial,astrocyte_1
9,2353,targeted_hybrid,oligodendrocyte_progenitor_2,oligodendrocyte_progenitor_2
9,664,targeted_hybrid,astrocyte_2,oligodendrocyte_progenitor_2
9,911,targeted_hybrid,endothelial,oligodendrocyte_2
9,2693,targeted_hybrid,oligodendrocyte_progenitor_2,oligodendrocyte_progenitor_2
9,1667,targeted_hybrid,oligodendrocyte_2,oligodendrocyte_2
9,270,targeted_hybrid,astrocyte_1,astrocyte_1
9,1091,targeted_hybrid,endothelial,astrocyte_1
9,2716,targeted_hybrid,oligodendrocyte_progenitor_2,oligodendrocyte_progenitor_2
9,1019,targeted_hybrid,endothelial,endothelial
9,1729,targeted_hybrid,oligodendrocyte_2,oligodendrocyte_2
9,1338,targeted_hybrid,oligodendrocyte_1,oligodendrocyte_1
9,2413,targeted_hybrid,oligodendrocyte_progenitor_2,oligodendrocyte_2
9,2815,targeted_hybrid,oligodendrocyte_progenitor_2,oligodendrocyte_progenitor_2
9,2427,targeted_hybrid,oligodendrocyte_progenitor_2,oligodendrocyte_progenitor_2
9,2928,targeted_hybrid,Schwann_cell,Schwann_cell
9,156,targeted_hybrid,astrocyte_1,astrocyte_1
9,1208,targeted_hybrid,meninges_2,oligodendrocyte_progenitor_2
9,2757,targeted_hybrid,oligodendrocyte_progenitor_2,oligodendrocyte_progenitor_2
9,2083,targeted_hybrid,oligodendrocyte_precursor_cell,oligodendrocyte_precursor_cell
9,2401,targeted_hybrid,oligodendrocyte_progenitor_2,endothelial
9,2096,targeted_hybrid,oligodendrocyte_progenitor_1,oligodendrocyte_progenitor_1
9,1510,targeted_hybrid,oligodendrocyte_1,oligodendrocyte_progenitor_1
9,2756,targeted_hybrid,oligodendrocyte_progenitor_2,oligodendrocyte_progenitor_2
9,1705,targeted_hybrid,oligodendrocyte_2,oligodendrocyte_2
9,1973,targeted_hybrid,oligodendrocyte_2,oligodendrocyte_2
9,2771,targeted_hybrid,oligodendrocyte_progenitor_2,oligodendrocyte_1
9,1955,targeted_hybrid,oligodendrocyte_2,oligodendrocyte_2
9,893,targeted_hybrid,endothelial,endothelial
9,7,targeted_hybrid,astrocyte_1,astrocyte_1
9,633,targeted_hybrid,astrocyte_2,astrocyte_2
9,1953,targeted_hybrid,oligodendrocyte_2,oligodendrocyte_progenitor_2
9,2761,targeted_hybrid,oligodendrocyte_progenitor_2,astrocyte_1
9,1747,targeted_hybrid,oligodendrocyte_2,oligodendrocyte_2
9,2513,targeted_hybrid,oligodendrocyte_progenitor_2,oligodendrocyte_progenitor_2
9,2287,targeted_hybrid,oligodendrocyte_progenitor_2,oligodendrocyte_progenitor_2
9,153,targeted_hybrid,astrocyte_1,astrocyte_1
9,514,targeted_hybrid,astrocyte_1,astrocyte_1
9,99,targeted_hybrid,astrocyte_1,astrocyte_1
9,2907,targeted_hybrid,peripheral_glia,endothelial
9,1691,targeted_hybrid,oligodendrocyte_2,oligodendrocyte_2
9,286,targeted_hybrid,astrocyte_1,astrocyte_1
9,1477,targeted_hybrid,oligodendrocyte_1,astrocyte_1
9,614,targeted_hybrid,astrocyte_2,astrocyte_2
9,21,targeted_hybrid,astrocyte_1,astrocyte_2
9,1296,targeted_hybrid,oligodendrocyte_1,astrocyte_1
9,567,targeted_hybrid,astrocyte_1,astrocyte_1
9,2684,targeted_hybrid,oligodendrocyte_progenitor_2,astrocyte_2
9,2418,targeted_hybrid,oligodendrocyte_progenitor_2,oligodendrocyte_progenitor_2
10,885,genes_volume,endothelial,endothelial
10,2573,genes_volume,oligodendrocyte_progenitor_2,astrocyte_1
10,2591,genes_volume,oligodendrocyte_progenitor_2,oligodendrocyte_progenitor_2
10,2322,genes_volume,oligodendrocyte_progenitor_2,oligodendrocyte_progenitor_2
10,974,genes_volume,endothelial,oligodendrocyte_progenitor_2
10,2627,genes_volume,oligodendrocyte_progenitor_2,oligodendrocyte_progenitor_2
10,1488,genes_volume,oligodendrocyte_1,oligodendrocyte_progenitor_2
10,575,genes_volume,astrocyte_2,endothelial
10,1302,genes_volume,oligodendrocyte_1,astrocyte_1
10,2945,genes_volume,Schwann_cell,Schwann_cell
10,1424,genes_volume,oligodendrocyte_1,oligodendrocyte_progenitor_2
10,469,genes_volume,astrocyte_1,astrocyte_1
10,486,genes_volume,astrocyte_1,astrocyte_1
10,2849,genes_volume,pericyte,endothelial
10,436,genes_volume,astrocyte_1,astrocyte_1
10,1076,genes_volume,endothelial,endothelial
10,2249,genes_volume,oligodendrocyte_progenitor_2,oligodendrocyte_progenitor_2
10,2447,genes_volume,oligodendrocyte_progenitor_2,oligodendrocyte_progenitor_2
10,1796,genes_volume,oligodendrocyte_2,oligodendrocyte_progenitor_2
10,2278,genes_volume,oligodendrocyte_progenitor_2,oligodendrocyte_progenitor_2
10,1976,genes_volume,oligodendrocyte_2,oligodendrocyte_2
10,2773,genes_volume,oligodendrocyte_progenitor_2,oligodendrocyte_progenitor_2
10,2216,genes_volume,oligodendrocyte_progenitor_2,oligodendrocyte_progenitor_2
10,1810,genes_volume,oligodendrocyte_2,oligodendrocyte_2
10,153,genes_volume,astrocyte_1,astrocyte_1
10,1390,genes_volume,oligodendrocyte_1,astrocyte_1
10,2767,genes_volume,oligodendrocyte_progenitor_2,oligodendrocyte_progenitor_2
10,1762,genes_volume,oligodendrocyte_2,oligodendrocyte_progenitor_2
10,559,genes_volume,astrocyte_1,microglia
10,1383,genes_volume,oligodendrocyte_1,astrocyte_1
10,519,genes_volume,astrocyte_1,astrocyte_1
10,2856,genes_volume,pericyte,pericyte
10,1277,genes_volume,microglia,oligodendrocyte_2
10,545,genes_volume,astrocyte_1,astrocyte_1
10,88,genes_volume,astrocyte_1,astrocyte_1
10,1380,genes_volume,oligodendrocyte_1,oligodendrocyte_progenitor_2
10,184,genes_volume,astrocyte_1,astrocyte_2
10,939,genes_volume,endothelial,endothelial
10,34,genes_volume,astrocyte_1,astrocyte_1
10,2033,genes_volume,oligodendrocyte_precursor_cell,oligodendrocyte_precursor_cell
10,2570,genes_volume,oligodendrocyte_progenitor_2,oligodendrocyte_progenitor_2
10,705,genes_volume,astrocyte_2,astrocyte_2
10,2493,genes_volume,oligodendrocyte_progenitor_2,oligodendrocyte_progenitor_2
10,288,genes_volume,astrocyte_1,astrocyte_1
10,1534,genes_volume,oligodendrocyte_1,oligodendrocyte_progenitor_2
10,1318,genes_volume,oligodendrocyte_1,oligodendrocyte_progenitor_2
10,1584,genes_volume,oligodendrocyte_2,oligodendrocyte_2
10,2482,genes_volume,oligodendrocyte_progenitor_2,oligodendrocyte_progenitor_2
10,2027,genes_volume,oligodendrocyte_precursor_cell,oligodendrocyte_progenitor_1
10,2132,genes_volume,oligodendrocyte_progenitor_1,oligodendrocyte_precursor_cell
10,1565,genes_volume,oligodendrocyte_2,oligodendrocyte_2
10,151,genes_volume,astrocyte_1,oligodendrocyte_progenitor_2
10,1306,genes_volume,oligodendrocyte_1,oligodendrocyte_progenitor_2
10,2229,genes_volume,oligodendrocyte_progenitor_2,oligodendrocyte_progenitor_2
10,15,genes_volume,astrocyte_1,astrocyte_1
10,235,genes_volume,astrocyte_1,astrocyte_1
10,325,genes_volume,astrocyte_1,astrocyte_1
10,480,genes_volume,astrocyte_1,astrocyte_1
10,2644,genes_volume,oligodendrocyte_progenitor_2,oligodendrocyte_progenitor_2
10,2663,genes_volume,oligodendrocyte_progenitor_2,astrocyte_1
10,972,genes_volume,endothelial,endothelial
10,429,genes_volume,astrocyte_1,oligodendrocyte_progenitor_2
10,1313,genes_volume,oligodendrocyte_1,oligodendrocyte_progenitor_2
10,2612,genes_volume,oligodendrocyte_progenitor_2,oligodendrocyte_progenitor_2
10,286,genes_volume,astrocyte_1,astrocyte_1
10,2930,genes_volume,Schwann_cell,Schwann_cell
10,2953,genes_volume,Schwann_cell,Schwann_cell
10,2635,genes_volume,oligodendrocyte_progenitor_2,oligodendrocyte_progenitor_2
10,2161,genes_volume,oligodendrocyte_progenitor_2,oligodendrocyte_progenitor_2
10,1212,genes_volume,meninges_3,meninges_3
10,8,genes_volume,astrocyte_1,oligodendrocyte_progenitor_2
10,1673,genes_volume,oligodendrocyte_2,oligodendrocyte_2
10,2864,genes_volume,pericyte,astrocyte_1
10,1860,genes_volume,oligodendrocyte_2,oligodendrocyte_progenitor_2
10,2783,genes_volume,oligodendrocyte_progenitor_2,oligodendrocyte_progenitor_2
10,1620,genes_volume,oligodendrocyte_2,oligodendrocyte_precursor_cell
10,2603,genes_volume,oligodendrocyte_progenitor_2,oligodendrocyte_progenitor_2
10,753,genes_volume,astrocyte_2,astrocyte_1
10,126,genes_volume,astrocyte_1,astrocyte_1
10,409,genes_volume,astrocyte_1,astrocyte_1
10,180,genes_volume,astrocyte_1,astrocyte_1
10,1953,genes_volume,oligodendrocyte_2,oligodendrocyte_progenitor_2
10,1599,genes_volume,oligodendrocyte_2,oligodendrocyte_2
10,767,genes_volume,astrocyte_2,astrocyte_2
10,2893,genes_volume,peripheral_glia,peripheral_glia
10,846,genes_volume,endothelial,endothelial
10,1916,genes_volume,oligodendrocyte_2,oligodendrocyte_2
10,1795,genes_volume,oligodendrocyte_2,oligodendrocyte_2
10,842,genes_volume,endothelial,endothelial
10,1201,genes_volume,meninges_2,meninges_2
10,73,genes_volume,astrocyte_1,astrocyte_1
10,248,genes_volume,astrocyte_1,astrocyte_1
10,2949,genes_volume,Schwann_cell,Schwann_cell
10,2219,genes_volume,oligodendrocyte_progenitor_2,oligodendrocyte_progenitor_2
10,2873,genes_volume,pericyte,astrocyte_1
10,1626,genes_volume,oligodendrocyte_2,astrocyte_1
10,2653,genes_volume,oligodendrocyte_progenitor_2,oligodendrocyte_progenitor_2
10,209,genes_volume,astrocyte_1,oligodendrocyte_progenitor_2
10,1308,genes_volume,oligodendrocyte_1,oligodendrocyte_progenitor_2
10,2643,genes_volume,oligodendrocyte_progenitor_2,oligodendrocyte_progenitor_2
10,238,genes_volume,astrocyte_1,astrocyte_1
10,133,genes_volume,astrocyte_1,astrocyte_1
10,966,genes_volume,endothelial,endothelial
10,344,genes_volume,astrocyte_1,astrocyte_1
10,700,genes_volume,astrocyte_2,astrocyte_1
10,488,genes_volume,astrocyte_1,astrocyte_1
10,350,genes_volume,astrocyte_1,astrocyte_1
10,2737,genes_volume,oligodendrocyte_progenitor_2,astrocyte_1
10,2177,genes_volume,oligodendrocyte_progenitor_2,oligodendrocyte_progenitor_2
10,2754,genes_volume,oligodendrocyte_progenitor_2,oligodendrocyte_progenitor_2
10,1321,genes_volume,oligodendrocyte_1,oligodendrocyte_progenitor_2
10,362,genes_volume,astrocyte_1,astrocyte_1
10,449,genes_volume,astrocyte_1,astrocyte_1
10,1778,genes_volume,oligodendrocyte_2,oligodendrocyte_2
10,694,genes_volume,astrocyte_2,astrocyte_2
10,2617,genes_volume,oligodendrocyte_progenitor_2,oligodendrocyte_progenitor_2
10,1030,genes_volume,endothelial,endothelial
10,728,genes_volume,astrocyte_2,oligodendrocyte_1
10,18,genes_volume,astrocyte_1,astrocyte_1
10,1032,genes_volume,endothelial,astrocyte_1
10,1777,genes_volume,oligodendrocyte_2,oligodendrocyte_progenitor_2
10,1298,genes_volume,oligodendrocyte_1,oligodendrocyte_progenitor_2
10,2407,genes_volume,oligodendrocyte_progenitor_2,oligodendrocyte_progenitor_2
10,324,genes_volume,astrocyte_1,astrocyte_1
10,1925,genes_volume,oligodendrocyte_2,oligodendrocyte_2
10,970,genes_volume,endothelial,endothelial
10,2072,genes_volume,oligodendrocyte_precursor_cell,oligodendrocyte_precursor_cell
10,2489,genes_volume,oligodendrocyte_progenitor_2,oligodendrocyte_progenitor_2
10,2511,genes_volume,oligodendrocyte_progenitor_2,oligodendrocyte_progenitor_2
10,1388,genes_volume,oligodendrocyte_1,oligodendrocyte_progenitor_2
10,226,genes_volume,astrocyte_1,astrocyte_1
10,416,genes_volume,astrocyte_1,astrocyte_1
10,1968,genes_volume,oligodendrocyte_2,oligodendrocyte_2
10,582,genes_volume,astrocyte_2,endothelial
10,2118,genes_volume,oligodendrocyte_progenitor_1,pericyte
10,2053,genes_volume,oligodendrocyte_precursor_cell,oligodendrocyte_precursor_cell
10,1629,genes_volume,oligodendrocyte_2,oligodendrocyte_2
10,1743,genes_volume,oligodendrocyte_2,oligodendrocyte_2
10,413,genes_volume,astrocyte_1,astrocyte_1
10,127,genes_volume,astrocyte_1,astrocyte_1
10,2688,genes_volume,oligodendrocyte_progenitor_2,oligodendrocyte_progenitor_2
10,656,genes_volume,astrocyte_2,astrocyte_2
10,2908,genes_volume,peripheral_glia,peripheral_glia
10,2220,genes_volume,oligodendrocyte_progenitor_2,oligodendrocyte_progenitor_2
10,2074,genes_volume,oligodendrocyte_precursor_cell,oligodendrocyte_precursor_cell
10,2641,genes_volume,oligodendrocyte_progenitor_2,oligodendrocyte_progenitor_2
10,307,genes_volume,astrocyte_1,astrocyte_1
10,1504,genes_volume,oligodendrocyte_1,oligodendrocyte_1
10,2454,genes_volume,oligodendrocyte_progenitor_2,oligodendrocyte_progenitor_2
10,2142,genes_volume,oligodendrocyte_progenitor_1,oligodendrocyte_progenitor_1
10,434,genes_volume,astrocyte_1,astrocyte_1
10,1719,genes_volume,oligodendrocyte_2,oligodendrocyte_2
10,1635,genes_volume,oligodendrocyte_2,oligodendrocyte_progenitor_2
10,2413,genes_volume,oligodendrocyte_progenitor_2,oligodendrocyte_2
10,635,genes_volume,astrocyte_2,oligodendrocyte_progenitor_2
10,1491,genes_volume,oligodendrocyte_1,oligodendrocyte_progenitor_2
10,2886,genes_volume,peripheral_glia,Schwann_cell
10,2787,genes_volume,oligodendrocyte_progenitor_2,astrocyte_1
10,1252,genes_volume,microglia,oligodendrocyte_2
10,703,genes_volume,astrocyte_2,astrocyte_1
10,213,genes_volume,astrocyte_1,astrocyte_1
10,376,genes_volume,astrocyte_1,astrocyte_1
10,193,genes_volume,astrocyte_1,oligodendrocyte_1
10,1941,genes_volume,oligodendrocyte_2,oligodendrocyte_2
10,1685,genes_volume,oligodendrocyte_2,oligodendrocyte_2
10,305,genes_volume,astrocyte_1,astrocyte_1
10,2909,genes_volume,Schwann_cell,Schwann_cell
10,881,genes_volume,endothelial,endothelial
10,2820,genes_volume,oligodendrocyte_progenitor_2,oligodendrocyte_progenitor_2
10,2024,genes_volume,oligodendrocyte_precursor_cell,oligodendrocyte_precursor_cell
10,782,genes_volume,endothelial,endothelial
10,661,genes_volume,astrocyte_2,endothelial
10,2779,genes_volume,oligodendrocyte_progenitor_2,oligodendrocyte_progenitor_2
10,1234,genes_volume,microglia,microglia
10,1063,genes_volume,endothelial,endothelial
10,1107,genes_volume,meninges_1,endothelial
10,2883,genes_volume,pericyte,astrocyte_1
10,1970,genes_volume,oligodendrocyte_2,oligodendrocyte_2
10,1831,genes_volume,oligodendrocyte_2,oligodendrocyte_2
10,561,genes_volume,astrocyte_1,astrocyte_1
10,1041,genes_volume,endothelial,endothelial
10,1967,genes_volume,oligodendrocyte_2,oligodendrocyte_2
10,405,genes_volume,astrocyte_1,astrocyte_1
10,1001,genes_volume,endothelial,endothelial
10,852,genes_volume,endothelial,astrocyte_1
10,261,genes_volume,astrocyte_1,astrocyte_1
10,1150,genes_volume,meninges_1,oligodendrocyte_progenitor_2
10,2178,genes_volume,oligodendrocyte_progenitor_2,oligodendrocyte_progenitor_2
10,1437,genes_volume,oligodendrocyte_1,astrocyte_1
10,2393,genes_volume,oligodendrocyte_progenitor_2,oligodendrocyte_progenitor_2
10,2082,genes_volume,oligodendrocyte_precursor_cell,oligodendrocyte_precursor_cell
10,2270,genes_volume,oligodendrocyte_progenitor_2,oligodendrocyte_progenitor_2
10,189,genes_volume,astrocyte_1,oligodendrocyte_precursor_cell
10,336,genes_volume,astrocyte_1,astrocyte_1
10,907,genes_volume,endothelial,endothelial
10,358,genes_volume,astrocyte_1,astrocyte_1
10,762,genes_volume,astrocyte_2,astrocyte_1
10,2157,genes_volume,oligodendrocyte_progenitor_2,oligodendrocyte_progenitor_2
10,1399,genes_volume,oligodendrocyte_1,endothelial
10,1543,genes_volume,oligodendrocyte_1,oligodendrocyte_progenitor_2
10,925,genes_volume,endothelial,endothelial
10,812,genes_volume,endothelial,astrocyte_1
10,2527,genes_volume,oligodendrocyte_progenitor_2,astrocyte_2
10,1451,genes_volume,oligodendrocyte_1,oligodendrocyte_progenitor_2
10,1144,genes_volume,meninges_1,meninges_1
10,1863,genes_volume,oligodendrocyte_2,oligodendrocyte_2
10,843,genes_volume,endothelial,oligodendrocyte_progenitor_2
10,1840,genes_volume,oligodendrocyte_2,oligodendrocyte_2
10,685,genes_volume,astrocyte_2,oligodendrocyte_progenitor_2
10,14,genes_volume,astrocyte_1,astrocyte_1
10,1022,genes_volume,endothelial,oligodendrocyte_1
10,2645,genes_volume,oligodendrocyte_progenitor_2,oligodendrocyte_progenitor_2
10,2821,genes_volume,oligodendrocyte_progenitor_2,oligodendrocyte_progenitor_2
10,2947,genes_volume,Schwann_cell,Schwann_cell
10,1002,genes_volume,endothelial,oligodendrocyte_progenitor_2
10,1523,genes_volume,oligodendrocyte_1,oligodendrocyte_progenitor_2
10,1692,genes_volume,oligodendrocyte_2,oligodendrocyte_2
10,1542,genes_volume,oligodendrocyte_1,oligodendrocyte_progenitor_2
10,2015,genes_volume,oligodendrocyte_precursor_cell,oligodendrocyte_precursor_cell
10,629,genes_volume,astrocyte_2,oligodendrocyte_progenitor_2
10,328,genes_volume,astrocyte_1,astrocyte_1
10,121,genes_volume,astrocyte_1,astrocyte_1
10,2442,genes_volume,oligodendrocyte_progenitor_2,oligodendrocyte_progenitor_2
10,820,genes_volume,endothelial,endothelial
10,951,genes_volume,endothelial,oligodendrocyte_progenitor_2
10,672,genes_volume,astrocyte_2,oligodendrocyte_progenitor_2
10,2042,genes_volume,oligodendrocyte_precursor_cell,oligodendrocyte_precursor_cell
10,2847,genes_volume,pericyte,oligodendrocyte_progenitor_2
10,905,genes_volume,endothelial,endothelial
10,1772,genes_volume,oligodendrocyte_2,oligodendrocyte_2
10,1676,genes_volume,oligodendrocyte_2,oligodendrocyte_2
10,2195,genes_volume,oligodendrocyte_progenitor_2,oligodendrocyte_progenitor_2
10,563,genes_volume,astrocyte_1,astrocyte_1
10,965,genes_volume,endothelial,endothelial
10,574,genes_volume,astrocyte_2,astrocyte_1
10,2339,genes_volume,oligodendrocyte_progenitor_2,oligodendrocyte_progenitor_2
10,2656,genes_volume,oligodendrocyte_progenitor_2,oligodendrocyte_progenitor_2
10,2687,genes_volume,oligodendrocyte_progenitor_2,oligodendrocyte_progenitor_2
10,713,genes_volume,astrocyte_2,oligodendrocyte_progenitor_2
10,2236,genes_volume,oligodendrocyte_progenitor_2,oligodendrocyte_progenitor_2
10,2064,genes_volume,oligodendrocyte_precursor_cell,oligodendrocyte_precursor_cell
10,1600,genes_volume,oligodendrocyte_2,oligodendrocyte_2
10,1751,genes_volume,oligodendrocyte_2,oligodendrocyte_2
10,739,genes_volume,astrocyte_2,astrocyte_1
10,1129,genes_volume,meninges_1,meninges_2
10,2280,genes_volume,oligodendrocyte_progenitor_2,oligodendrocyte_progenitor_2
10,426,genes_volume,astrocyte_1,astrocyte_1
10,16,genes_volume,astrocyte_1,astrocyte_1
10,760,genes_volume,astrocyte_2,astrocyte_2
10,1668,genes_volume,oligodendrocyte_2,oligodendrocyte_2
10,887,genes_volume,endothelial,astrocyte_1
10,1348,genes_volume,oligodendrocyte_1,oligodendrocyte_progenitor_2
10,2227,genes_volume,oligodendrocyte_progenitor_2,oligodendrocyte_progenitor_2
10,2192,genes_volume,oligodendrocyte_progenitor_2,oligodendrocyte_progenitor_2
10,203,genes_volume,astrocyte_1,astrocyte_1
10,456,genes_volume,astrocyte_1,oligodendrocyte_progenitor_2
10,125,genes_volume,astrocyte_1,astrocyte_1
10,931,genes_volume,endothelial,endothelial
10,889,genes_volume,endothelial,astrocyte_1
10,825,genes_volume,endothelial,endothelial
10,63,genes_volume,astrocyte_1,astrocyte_1
10,1127,genes_volume,meninges_1,meninges_1
10,617,genes_volume,astrocyte_2,oligodendrocyte_progenitor_2
10,1757,genes_volume,oligodendrocyte_2,oligodendrocyte_2
10,1585,genes_volume,oligodendrocyte_2,oligodendrocyte_2
10,1119,genes_volume,meninges_1,meninges_1
10,298,genes_volume,astrocyte_1,astrocyte_1
10,551,genes_volume,astrocyte_1,astrocyte_1
10,145,genes_volume,astrocyte_1,astrocyte_1
10,1100,genes_volume,ependymal,ependymal
10,2732,genes_volume,oligodendrocyte_progenitor_2,astrocyte_1
10,822,genes_volume,endothelial,endothelial
10,1358,genes_volume,oligodendrocyte_1,oligodendrocyte_progenitor_2
10,1124,genes_volume,meninges_1,meninges_1
10,2561,genes_volume,oligodendrocyte_progenitor_2,oligodendrocyte_progenitor_2
10,2954,genes_volume,Schwann_cell,Schwann_cell
10,2724,genes_volume,oligodendrocyte_progenitor_2,endothelial
10,2260,genes_volume,oligodendrocyte_progenitor_2,oligodendrocyte_progenitor_2
10,1838,genes_volume,oligodendrocyte_2,oligodendrocyte_2
10,962,genes_volume,endothelial,oligodendrocyte_progenitor_2
10,242,genes_volume,astrocyte_1,astrocyte_1
10,1464,genes_volume,oligodendrocyte_1,oligodendrocyte_1
10,683,genes_volume,astrocyte_2,astrocyte_1
10,1506,genes_volume,oligodendrocyte_1,oligodendrocyte_1
10,1605,genes_volume,oligodendrocyte_2,oligodendrocyte_2
10,864,genes_volume,endothelial,endothelial
10,710,genes_volume,astrocyte_2,astrocyte_2
10,553,genes_volume,astrocyte_1,astrocyte_1
10,1462,genes_volume,oligodendrocyte_1,oligodendrocyte_2
10,348,genes_volume,astrocyte_1,astrocyte_1
10,674,genes_volume,astrocyte_2,astrocyte_1
10,1849,genes_volume,oligodendrocyte_2,oligodendrocyte_2
10,2252,genes_volume,oligodendrocyte_progenitor_2,oligodendrocyte_2
10,942,genes_volume,endothelial,endothelial
10,855,genes_volume,endothelial,endothelial
10,1081,genes_volume,endothelial,endothelial
10,334,genes_volume,astrocyte_1,oligodendrocyte_progenitor_2
10,2099,genes_volume,oligodendrocyte_progenitor_1,oligodendrocyte_progenitor_1
10,463,genes_volume,astrocyte_1,astrocyte_1
10,1911,genes_volume,oligodendrocyte_2,oligodendrocyte_progenitor_2
10,587,genes_volume,astrocyte_2,astrocyte_1
10,2646,genes_volume,oligodendrocyte_progenitor_2,oligodendrocyte_progenitor_2
10,2112,genes_volume,oligodendrocyte_progenitor_1,oligodendrocyte_precursor_cell
10,2000,genes_volume,oligodendrocyte_precursor_cell,astrocyte_1
10,1684,genes_volume,oligodendrocyte_2,oligodendrocyte_2
10,511,genes_volume,astrocyte_1,oligodendrocyte_progenitor_2
10,2154,genes_volume,oligodendrocyte_progenitor_2,oligodendrocyte_progenitor_2
10,506,genes_volume,astrocyte_1,astrocyte_1
10,197,genes_volume,astrocyte_1,astrocyte_1
10,2231,genes_volume,oligodendrocyte_progenitor_2,oligodendrocyte_progenitor_2
10,2117,genes_volume,oligodendrocyte_progenitor_1,oligodendrocyte_precursor_cell
10,3,genes_volume,astrocyte_1,astrocyte_1
10,392,genes_volume,astrocyte_1,astrocyte_1
10,1142,genes_volume,meninges_1,oligodendrocyte_progenitor_2
10,315,genes_volume,astrocyte_1,oligodendrocyte_1
10,1019,genes_volume,endothelial,endothelial
10,473,genes_volume,astrocyte_1,astrocyte_1
10,2293,genes_volume,oligodendrocyte_progenitor_2,oligodendrocyte_progenitor_2
10,2397,genes_volume,oligodendrocyte_progenitor_2,oligodendrocyte_progenitor_2
10,2772,genes_volume,oligodendrocyte_progenitor_2,oligodendrocyte_progenitor_2
10,2332,genes_volume,oligodendrocyte_progenitor_2,oligodendrocyte_2
10,1355,genes_volume,oligodendrocyte_1,astrocyte_1
10,1517,genes_volume,oligodendrocyte_1,astrocyte_1
10,2868,genes_volume,pericyte,astrocyte_1
10,2815,genes_volume,oligodendrocyte_progenitor_2,oligodendrocyte_progenitor_2
10,2518,genes_volume,oligodendrocyte_progenitor_2,oligodendrocyte_progenitor_2
10,1295,genes_volume,oligodendrocyte_1,oligodendrocyte_progenitor_2
10,627,genes_volume,astrocyte_2,astrocyte_1
10,2153,genes_volume,oligodendrocyte_progenitor_2,oligodendrocyte_progenitor_2
10,2143,genes_volume,oligodendrocyte_progenitor_2,oligodendrocyte_progenitor_2
10,1472,genes_volume,oligodendrocyte_1,oligodendrocyte_progenitor_2
10,2833,genes_volume,oligodendrocyte_progenitor_2,oligodendrocyte_progenitor_2
10,944,genes_volume,endothelial,endothelial
10,1293,genes_volume,microglia,microglia
10,1662,genes_volume,oligodendrocyte_2,oligodendrocyte_progenitor_2
10,2119,genes_volume,oligodendrocyte_progenitor_1,oligodendrocyte_precursor_cell
10,516,genes_volume,astrocyte_1,astrocyte_1
10,2702,genes_volume,oligodendrocyte_progenitor_2,oligodendrocyte_progenitor_2
10,1855,genes_volume,oligodendrocyte_2,oligodendrocyte_2
10,1660,genes_volume,oligodendrocyte_2,oligodendrocyte_2
10,2769,genes_volume,oligodendrocyte_progenitor_2,oligodendrocyte_progenitor_2
10,31,genes_volume,astrocyte_1,astrocyte_1
10,1609,genes_volume,oligodendrocyte_2,oligodendrocyte_2
10,619,genes_volume,astrocyte_2,astrocyte_1
10,27,genes_volume,astrocyte_1,astrocyte_1
10,633,genes_volume,astrocyte_2,astrocyte_2
10,1468,genes_volume,oligodendrocyte_1,oligodendrocyte_1
10,1926,genes_volume,oligodendrocyte_2,oligodendrocyte_2
10,112,genes_volume,astrocyte_1,astrocyte_1
10,2126,genes_volume,oligodendrocyte_progenitor_1,oligodendrocyte_precursor_cell
10,1414,genes_volume,oligodendrocyte_1,oligodendrocyte_progenitor_2
10,2455,genes_volume,oligodendrocyte_progenitor_2,oligodendrocyte_progenitor_2
10,1344,genes_volume,oligodendrocyte_1,oligodendrocyte_2
10,1816,genes_volume,oligodendrocyte_2,oligodendrocyte_2
10,727,genes_volume,astrocyte_2,astrocyte_1
10,1334,genes_volume,oligodendrocyte_1,oligodendrocyte_progenitor_2
10,2501,genes_volume,oligodendrocyte_progenitor_2,oligodendrocyte_2
10,363,genes_volume,astrocyte_1,astrocyte_1
10,1248,genes_volume,microglia,astrocyte_1
10,1824,genes_volume,oligodendrocyte_2,oligodendrocyte_2
10,1503,genes_volume,oligodendrocyte_1,oligodendrocyte_1
10,1140,genes_volume,meninges_1,meninges_2
10,1409,genes_volume,oligodendrocyte_1,oligodendrocyte_progenitor_2
10,2951,genes_volume,Schwann_cell,Schwann_cell
10,611,genes_volume,astrocyte_2,oligodendrocyte_progenitor_2
10,2609,genes_volume,oligodendrocyte_progenitor_2,oligodendrocyte_progenitor_2
10,2912,genes_volume,Schwann_cell,Schwann_cell
10,2952,genes_volume,Schwann_cell,Schwann_cell
10,2652,genes_volume,oligodendrocyte_progenitor_2,oligodendrocyte_progenitor_2
10,959,genes_volume,endothelial,endothelial
10,2778,genes_volume,oligodendrocyte_progenitor_2,oligodendrocyte_progenitor_2
10,2312,genes_volume,oligodendrocyte_progenitor_2,oligodendrocyte_progenitor_2
10,573,genes_volume,astrocyte_2,astrocyte_1
10,597,genes_volume,astrocyte_2,oligodendrocyte_progenitor_2
10,164,genes_volume,astrocyte_1,astrocyte_1
10,527,genes_volume,astrocyte_1,astrocyte_1
10,850,genes_volume,endothelial,endothelial
10,1509,genes_volume,oligodendrocyte_1,oligodendrocyte_progenitor_2
10,1590,genes_volume,oligodendrocyte_2,oligodendrocyte_2
10,2296,genes_volume,oligodendrocyte_progenitor_2,oligodendrocyte_progenitor_2
10,2254,genes_volume,oligodendrocyte_progenitor_2,oligodendrocyte_2
10,796,genes_volume,endothelial,endothelial
10,512,genes_volume,astrocyte_1,oligodendrocyte_progenitor_2
10,2544,genes_volume,oligodendrocyte_progenitor_2,oligodendrocyte_progenitor_2
10,2700,genes_volume,oligodendrocyte_progenitor_2,oligodendrocyte_1
10,2183,genes_volume,oligodendrocyte_progenitor_2,oligodendrocyte_2
10,1519,genes_volume,oligodendrocyte_1,oligodendrocyte_progenitor_2
10,778,genes_volume,endothelial,endothelial
10,241,genes_volume,astrocyte_1,astrocyte_1
10,2594,genes_volume,oligodendrocyte_progenitor_2,oligodendrocyte_progenitor_2
10,2505,genes_volume,oligodendrocyte_progenitor_2,oligodendrocyte_progenitor_2
10,68,genes_volume,astrocyte_1,astrocyte_1
10,2760,genes_volume,oligodendrocyte_progenitor_2,oligodendrocyte_progenitor_2
10,606,genes_volume,astrocyte_2,astrocyte_1
10,375,genes_volume,astrocyte_1,oligodendrocyte_progenitor_2
10,1246,genes_volume,microglia,microglia
10,1771,genes_volume,oligodendrocyte_2,oligodendrocyte_2
10,2492,genes_volume,oligodendrocyte_progenitor_2,oligodendrocyte_progenitor_2
10,251,genes_volume,astrocyte_1,astrocyte_1
10,1145,genes_volume,meninges_1,meninges_1
10,1995,genes_volume,oligodendrocyte_precursor_cell,oligodendrocyte_progenitor_2
10,723,genes_volume,astrocyte_2,astrocyte_2
10,372,genes_volume,astrocyte_1,astrocyte_1
10,294,genes_volume,astrocyte_1,oligodendrocyte_progenitor_2
10,2279,genes_volume,oligodendrocyte_progenitor_2,oligodendrocyte_progenitor_2
10,2757,genes_volume,oligodendrocyte_progenitor_2,oligodendrocyte_progenitor_2
10,1264,genes_volume,microglia,microglia
10,387,genes_volume,astrocyte_1,astrocyte_1
10,826,genes_volume,endothelial,endothelial
10,1642,genes_volume,oligodendrocyte_2,oligodendrocyte_2
10,2881,genes_volume,pericyte,oligodendrocyte_precursor_cell
10,1290,genes_volume,microglia,microglia
10,424,genes_volume,astrocyte_1,astrocyte_1
10,1042,genes_volume,endothelial,endothelial
10,2703,genes_volume,oligodendrocyte_progenitor_2,oligodendrocyte_progenitor_2
10,2286,genes_volume,oligodendrocyte_progenitor_2,oligodendrocyte_progenitor_2
10,2456,genes_volume,oligodendrocyte_progenitor_2,oligodendrocyte_progenitor_2
10,1556,genes_volume,oligodendrocyte_1,oligodendrocyte_progenitor_2
10,1663,genes_volume,oligodendrocyte_2,oligodendrocyte_2
10,1828,genes_volume,oligodendrocyte_2,oligodendrocyte_2
10,2461,genes_volume,oligodendrocyte_progenitor_2,oligodendrocyte_progenitor_2
10,1700,genes_volume,oligodendrocyte_2,oligodendrocyte_2
10,1431,genes_volume,oligodendrocyte_1,oligodendrocyte_2
10,492,genes_volume,astrocyte_1,astrocyte_1
10,1515,genes_volume,oligodendrocyte_1,oligodendrocyte_progenitor_2
10,80,genes_volume,astrocyte_1,astrocyte_1
10,687,genes_volume,astrocyte_2,astrocyte_1
10,1764,genes_volume,oligodendrocyte_2,oligodendrocyte_2
10,1415,genes_volume,oligodendrocyte_1,oligodendrocyte_progenitor_2
10,2096,genes_volume,oligodendrocyte_progenitor_1,oligodendrocyte_progenitor_1
10,880,genes_volume,endothelial,endothelial
10,759,genes_volume,astrocyte_2,microglia
10,1353,genes_volume,oligodendrocyte_1,oligodendrocyte_progenitor_2
10,1088,genes_volume,endothelial,astrocyte_1
10,1570,genes_volume,oligodendrocyte_2,oligodendrocyte_2
10,287,genes_volume,astrocyte_1,oligodendrocyte_progenitor_2
10,1078,genes_volume,endothelial,oligodendrocyte_2
10,684,genes_volume,astrocyte_2,astrocyte_1
10,2756,genes_volume,oligodendrocyte_progenitor_2,oligodendrocyte_progenitor_2
10,771,genes_volume,endothelial,endothelial
10,910,genes_volume,endothelial,oligodendrocyte_progenitor_2
10,1634,genes_volume,oligodendrocyte_2,oligodendrocyte_1
10,2467,genes_volume,oligodendrocyte_progenitor_2,astrocyte_1
10,217,genes_volume,astrocyte_1,astrocyte_1
10,678,genes_volume,astrocyte_2,astrocyte_2
10,2701,genes_volume,oligodendrocyte_progenitor_2,oligodendrocyte_progenitor_2
10,2526,genes_volume,oligodendrocyte_progenitor_2,oligodendrocyte_2
10,977,genes_volume,endothelial,oligodendrocyte_progenitor_2
10,2619,genes_volume,oligodendrocyte_progenitor_2,oligodendrocyte_progenitor_2
10,385,genes_volume,astrocyte_1,astrocyte_1
10,2065,genes_volume,oligodendrocyte_precursor_cell,oligodendrocyte_precursor_cell
10,1645,genes_volume,oligodendrocyte_2,oligodendrocyte_2
10,501,genes_volume,astrocyte_1,astrocyte_1
10,2863,genes_volume,pericyte,astrocyte_1
10,2866,genes_volume,pericyte,pericyte
10,354,genes_volume,astrocyte_1,astrocyte_1
10,1132,genes_volume,meninges_1,meninges_1
10,2253,genes_volume,oligodendrocyte_progenitor_2,oligodendrocyte_2
10,291,genes_volume,astrocyte_1,astrocyte_1
10,1115,genes_volume,meninges_1,oligodendrocyte_progenitor_2
10,1381,genes_volume,oligodendrocyte_1,oligodendrocyte_progenitor_2
10,1090,genes_volume,endothelial,endothelial
10,1511,genes_volume,oligodendrocyte_1,oligodendrocyte_progenitor_2
10,2563,genes_volume,oligodendrocyte_progenitor_2,oligodendrocyte_progenitor_2
10,808,genes_volume,endothelial,endothelial
10,2936,genes_volume,Schwann_cell,Schwann_cell
10,2386,genes_volume,oligodendrocyte_progenitor_2,oligodendrocyte_progenitor_2
10,361,genes_volume,astrocyte_1,oligodendrocyte_progenitor_2
10,1287,genes_volume,microglia,microglia
10,1919,genes_volume,oligodendrocyte_2,oligodendrocyte_2
10,2463,genes_volume,oligodendrocyte_progenitor_2,oligodendrocyte_2
10,2705,genes_volume,oligodendrocyte_progenitor_2,oligodendrocyte_progenitor_2
10,981,genes_volume,endothelial,endothelial
10,1881,genes_volume,oligodendrocyte_2,oligodendrocyte_2
10,1512,genes_volume,oligodendrocyte_1,oligodendrocyte_progenitor_2
10,222,genes_volume,astrocyte_1,astrocyte_1
10,442,genes_volume,astrocyte_1,oligodendrocyte_progenitor_2
10,2555,genes_volume,oligodendrocyte_progenitor_2,oligodendrocyte_progenitor_2
10,2318,genes_volume,oligodendrocyte_progenitor_2,endothelial
10,2582,genes_volume,oligodendrocyte_progenitor_2,oligodendrocyte_progenitor_2
10,1196,genes_volume,meninges_2,oligodendrocyte_progenitor_2
10,397,genes_volume,astrocyte_1,astrocyte_1
10,390,genes_volume,astrocyte_1,astrocyte_1
10,2730,genes_volume,oligodendrocyte_progenitor_2,oligodendrocyte_progenitor_2
10,1666,genes_volume,oligodendrocyte_2,oligodendrocyte_2
10,2186,genes_volume,oligodendrocyte_progenitor_2,oligodendrocyte_progenitor_2
10,2106,genes_volume,oligodendrocyte_progenitor_1,oligodendrocyte_precursor_cell
10,1711,genes_volume,oligodendrocyte_2,oligodendrocyte_2
10,2414,genes_volume,oligodendrocyte_progenitor_2,oligodendrocyte_progenitor_2
10,2939,genes_volume,Schwann_cell,Schwann_cell
10,539,genes_volume,astrocyte_1,astrocyte_1
10,2919,genes_volume,Schwann_cell,Schwann_cell
10,2344,genes_volume,oligodendrocyte_progenitor_2,oligodendrocyte_progenitor_2
10,2632,genes_volume,oligodendrocyte_progenitor_2,oligodendrocyte_progenitor_2
10,2541,genes_volume,oligodendrocyte_progenitor_2,oligodendrocyte_progenitor_2
10,867,genes_volume,endothelial,astrocyte_1
10,71,genes_volume,astrocyte_1,astrocyte_1
10,1376,genes_volume,oligodendrocyte_1,oligodendrocyte_progenitor_2
10,883,genes_volume,endothelial,endothelial
10,2831,genes_volume,oligodendrocyte_progenitor_2,oligodendrocyte_progenitor_2
10,1683,genes_volume,oligodendrocyte_2,oligodendrocyte_2
10,1099,genes_volume,ependymal,astrocyte_1
10,1481,genes_volume,oligodendrocyte_1,oligodendrocyte_progenitor_2
10,1980,genes_volume,oligodendrocyte_2,oligodendrocyte_2
10,2070,genes_volume,oligodendrocyte_precursor_cell,oligodendrocyte_progenitor_2
10,1961,genes_volume,oligodendrocyte_2,oligodendrocyte_2
10,1854,genes_volume,oligodendrocyte_2,oligodendrocyte_2
10,2136,genes_volume,oligodendrocyte_progenitor_1,oligodendrocyte_precursor_cell
10,1278,genes_volume,microglia,oligodendrocyte_progenitor_2
10,2846,genes_volume,pericyte,astrocyte_1
10,2929,genes_volume,Schwann_cell,Schwann_cell
10,819,genes_volume,endothelial,endothelial
10,1197,genes_volume,meninges_2,meninges_3
10,1238,genes_volume,microglia,microglia
10,2615,genes_volume,oligodendrocyte_progenitor_2,oligodendrocyte_progenitor_2
10,1698,genes_volume,oligodendrocyte_2,oligodendrocyte_2
10,1131,genes_volume,meninges_1,meninges_1
10,1869,genes_volume,oligodendrocyte_2,oligodendrocyte_2
10,2709,genes_volume,oligodendrocyte_progenitor_2,oligodendrocyte_progenitor_2
10,2190,genes_volume,oligodendrocyte_progenitor_2,oligodendrocyte_progenitor_2
10,2729,genes_volume,oligodendrocyte_progenitor_2,oligodendrocyte_progenitor_2
10,2547,genes_volume,oligodendrocyte_progenitor_2,oligodendrocyte_progenitor_2
10,2217,genes_volume,oligodendrocyte_progenitor_2,oligodendrocyte_progenitor_2
10,838,genes_volume,endothelial,endothelial
10,57,genes_volume,astrocyte_1,astrocyte_1
10,526,genes_volume,astrocyte_1,astrocyte_1
10,1709,genes_volume,oligodendrocyte_2,oligodendrocyte_2
10,383,genes_volume,astrocyte_1,astrocyte_1
10,2777,genes_volume,oligodendrocyte_progenitor_2,oligodendrocyte_progenitor_2
10,1710,genes_volume,oligodendrocyte_2,oligodendrocyte_progenitor_2
10,2522,genes_volume,oligodendrocyte_progenitor_2,astrocyte_2
10,163,genes_volume,astrocyte_1,astrocyte_1
10,2762,genes_volume,oligodendrocyte_progenitor_2,oligodendrocyte_progenitor_2
10,223,genes_volume,astrocyte_1,astrocyte_1
10,556,genes_volume,astrocyte_1,astrocyte_1
10,861,genes_volume,endothelial,endothelial
10,1909,genes_volume,oligodendrocyte_2,oligodendrocyte_2
10,1864,genes_volume,oligodendrocyte_2,oligodendrocyte_2
10,160,genes_volume,astrocyte_1,oligodendrocyte_progenitor_2
10,2475,genes_volume,oligodendrocyte_progenitor_2,oligodendrocyte_progenitor_2
10,568,genes_volume,astrocyte_1,astrocyte_1
10,1122,genes_volume,meninges_1,meninges_1
10,915,genes_volume,endothelial,oligodendrocyte_2
10,1776,genes_volume,oligodendrocyte_2,oligodendrocyte_2
10,1092,genes_volume,ependymal,astrocyte_1
10,576,genes_volume,astrocyte_2,astrocyte_1
10,337,genes_volume,astrocyte_1,astrocyte_1
10,373,genes_volume,astrocyte_1,oligodendrocyte_progenitor_2
10,2749,genes_volume,oligodendrocyte_progenitor_2,oligodendrocyte_progenitor_2
10,1935,genes_volume,oligodendrocyte_2,oligodendrocyte_2
10,1802,genes_volume,oligodendrocyte_2,oligodendrocyte_2
10,1366,genes_volume,oligodendrocyte_1,astrocyte_1
10,1994,genes_volume,oligodendrocyte_precursor_cell,oligodendrocyte_precursor_cell
10,2680,genes_volume,oligodendrocyte_progenitor_2,oligodendrocyte_progenitor_2
10,478,genes_volume,astrocyte_1,astrocyte_2
10,1413,genes_volume,oligodendrocyte_1,oligodendrocyte_progenitor_2
10,2858,genes_volume,pericyte,pericyte
10,2429,genes_volume,oligodendrocyte_progenitor_2,oligodendrocyte_progenitor_2
10,799,genes_volume,endothelial,endothelial
10,1551,genes_volume,oligodendrocyte_1,oligodendrocyte_1
10,152,genes_volume,astrocyte_1,astrocyte_1
10,2533,genes_volume,oligodendrocyte_progenitor_2,oligodendrocyte_2
10,76,genes_volume,astrocyte_1,astrocyte_1
10,2587,genes_volume,oligodendrocyte_progenitor_2,oligodendrocyte_progenitor_2
10,1052,genes_volume,endothelial,oligodendrocyte_1
10,1876,genes_volume,oligodendrocyte_2,oligodendrocyte_2
10,2434,genes_volume,oligodendrocyte_progenitor_2,oligodendrocyte_progenitor_2
10,1251,genes_volume,microglia,microglia
10,183,genes_volume,astrocyte_1,astrocyte_1
10,90,genes_volume,astrocyte_1,astrocyte_1
10,945,genes_volume,endothelial,endothelial
10,2371,genes_volume,oligodendrocyte_progenitor_2,oligodendrocyte_progenitor_2
10,1285,genes_volume,microglia,microglia
10,1016,genes_volume,endothelial,oligodendrocyte_progenitor_2
10,2334,genes_volume,oligodendrocyte_progenitor_2,oligodendrocyte_progenitor_2
10,370,genes_volume,astrocyte_1,astrocyte_1
10,1965,genes_volume,oligodendrocyte_2,oligodendrocyte_2
10,646,genes_volume,astrocyte_2,astrocyte_1
10,1283,genes_volume,microglia,oligodendrocyte_progenitor_2
10,1421,genes_volume,oligodendrocyte_1,oligodendrocyte_progenitor_2
10,616,genes_volume,astrocyte_2,astrocyte_1
10,1365,genes_volume,oligodendrocyte_1,oligodendrocyte_1
10,810,genes_volume,endothelial,oligodendrocyte_progenitor_2
10,1540,genes_volume,oligodendrocyte_1,oligodendrocyte_progenitor_2
10,1230,genes_volume,microglia,microglia
10,2530,genes_volume,oligodendrocyte_progenitor_2,oligodendrocyte_2
10,1648,genes_volume,oligodendrocyte_2,oligodendrocyte_2
10,2618,genes_volume,oligodendrocyte_progenitor_2,oligodendrocyte_progenitor_2
10,2558,genes_volume,oligodendrocyte_progenitor_2,oligodendrocyte_2
10,2363,genes_volume,oligodendrocyte_progenitor_2,oligodendrocyte_progenitor_2
10,625,genes_volume,astrocyte_2,astrocyte_2
10,30,genes_volume,astrocyte_1,astrocyte_1
10,885,targeted_hybrid,endothelial,endothelial
10,2573,targeted_hybrid,oligodendrocyte_progenitor_2,astrocyte_1
10,2591,targeted_hybrid,oligodendrocyte_progenitor_2,oligodendrocyte_progenitor_2
10,2322,targeted_hybrid,oligodendrocyte_progenitor_2,oligodendrocyte_progenitor_2
10,974,targeted_hybrid,endothelial,oligodendrocyte_progenitor_2
10,2627,targeted_hybrid,oligodendrocyte_progenitor_2,oligodendrocyte_progenitor_2
10,1488,targeted_hybrid,oligodendrocyte_1,oligodendrocyte_progenitor_2
10,575,targeted_hybrid,astrocyte_2,endothelial
10,1302,targeted_hybrid,oligodendrocyte_1,astrocyte_1
10,2945,targeted_hybrid,Schwann_cell,Schwann_cell
10,1424,targeted_hybrid,oligodendrocyte_1,oligodendrocyte_2
10,469,targeted_hybrid,astrocyte_1,astrocyte_1
10,486,targeted_hybrid,astrocyte_1,astrocyte_1
10,2849,targeted_hybrid,pericyte,endothelial
10,436,targeted_hybrid,astrocyte_1,astrocyte_1
10,1076,targeted_hybrid,endothelial,endothelial
10,2249,targeted_hybrid,oligodendrocyte_progenitor_2,oligodendrocyte_progenitor_2
10,2447,targeted_hybrid,oligodendrocyte_progenitor_2,oligodendrocyte_2
10,1796,targeted_hybrid,oligodendrocyte_2,oligodendrocyte_2
10,2278,targeted_hybrid,oligodendrocyte_progenitor_2,oligodendrocyte_progenitor_2
10,1976,targeted_hybrid,oligodendrocyte_2,oligodendrocyte_2
10,2773,targeted_hybrid,oligodendrocyte_progenitor_2,oligodendrocyte_1
10,2216,targeted_hybrid,oligodendrocyte_progenitor_2,oligodendrocyte_1
10,1810,targeted_hybrid,oligodendrocyte_2,oligodendrocyte_2
10,153,targeted_hybrid,astrocyte_1,astrocyte_1
10,1390,targeted_hybrid,oligodendrocyte_1,astrocyte_1
10,2767,targeted_hybrid,oligodendrocyte_progenitor_2,oligodendrocyte_progenitor_2
10,1762,targeted_hybrid,oligodendrocyte_2,oligodendrocyte_progenitor_2
10,559,targeted_hybrid,astrocyte_1,microglia
10,1383,targeted_hybrid,oligodendrocyte_1,astrocyte_1
10,519,targeted_hybrid,astrocyte_1,astrocyte_1
10,2856,targeted_hybrid,pericyte,pericyte
10,1277,targeted_hybrid,microglia,oligodendrocyte_2
10,545,targeted_hybrid,astrocyte_1,astrocyte_1
10,88,targeted_hybrid,astrocyte_1,astrocyte_1
10,1380,targeted_hybrid,oligodendrocyte_1,oligodendrocyte_progenitor_2
10,184,targeted_hybrid,astrocyte_1,astrocyte_2
10,939,targeted_hybrid,endothelial,endothelial
10,34,targeted_hybrid,astrocyte_1,astrocyte_1
10,2033,targeted_hybrid,oligodendrocyte_precursor_cell,oligodendrocyte_precursor_cell
10,2570,targeted_hybrid,oligodendrocyte_progenitor_2,oligodendrocyte_progenitor_2
10,705,targeted_hybrid,astrocyte_2,astrocyte_2
10,2493,targeted_hybrid,oligodendrocyte_progenitor_2,oligodendrocyte_progenitor_2
10,288,targeted_hybrid,astrocyte_1,astrocyte_1
10,1534,targeted_hybrid,oligodendrocyte_1,oligodendrocyte_1
10,1318,targeted_hybrid,oligodendrocyte_1,oligodendrocyte_progenitor_2
10,1584,targeted_hybrid,oligodendrocyte_2,oligodendrocyte_2
10,2482,targeted_hybrid,oligodendrocyte_progenitor_2,oligodendrocyte_progenitor_2
10,2027,targeted_hybrid,oligodendrocyte_precursor_cell,oligodendrocyte_progenitor_1
10,2132,targeted_hybrid,oligodendrocyte_progenitor_1,oligodendrocyte_precursor_cell
10,1565,targeted_hybrid,oligodendrocyte_2,oligodendrocyte_2
10,151,targeted_hybrid,astrocyte_1,oligodendrocyte_progenitor_2
10,1306,targeted_hybrid,oligodendrocyte_1,oligodendrocyte_1
10,2229,targeted_hybrid,oligodendrocyte_progenitor_2,oligodendrocyte_progenitor_2
10,15,targeted_hybrid,astrocyte_1,astrocyte_1
10,235,targeted_hybrid,astrocyte_1,astrocyte_1
10,325,targeted_hybrid,astrocyte_1,astrocyte_1
10,480,targeted_hybrid,astrocyte_1,astrocyte_1
10,2644,targeted_hybrid,oligodendrocyte_progenitor_2,oligodendrocyte_progenitor_2
10,2663,targeted_hybrid,oligodendrocyte_progenitor_2,astrocyte_1
10,972,targeted_hybrid,endothelial,endothelial
10,429,targeted_hybrid,astrocyte_1,oligodendrocyte_progenitor_2
10,1313,targeted_hybrid,oligodendrocyte_1,oligodendrocyte_progenitor_2
10,2612,targeted_hybrid,oligodendrocyte_progenitor_2,oligodendrocyte_progenitor_2
10,286,targeted_hybrid,astrocyte_1,astrocyte_1
10,2930,targeted_hybrid,Schwann_cell,Schwann_cell
10,2953,targeted_hybrid,Schwann_cell,Schwann_cell
10,2635,targeted_hybrid,oligodendrocyte_progenitor_2,oligodendrocyte_progenitor_2
10,2161,targeted_hybrid,oligodendrocyte_progenitor_2,oligodendrocyte_progenitor_2
10,1212,targeted_hybrid,meninges_3,meninges_3
10,8,targeted_hybrid,astrocyte_1,oligodendrocyte_1
10,1673,targeted_hybrid,oligodendrocyte_2,oligodendrocyte_2
10,2864,targeted_hybrid,pericyte,astrocyte_1
10,1860,targeted_hybrid,oligodendrocyte_2,oligodendrocyte_progenitor_2
10,2783,targeted_hybrid,oligodendrocyte_progenitor_2,oligodendrocyte_progenitor_2
10,1620,targeted_hybrid,oligodendrocyte_2,oligodendrocyte_precursor_cell
10,2603,targeted_hybrid,oligodendrocyte_progenitor_2,oligodendrocyte_progenitor_2
10,753,targeted_hybrid,astrocyte_2,astrocyte_2
10,126,targeted_hybrid,astrocyte_1,astrocyte_1
10,409,targeted_hybrid,astrocyte_1,astrocyte_1
10,180,targeted_hybrid,astrocyte_1,astrocyte_2
10,1953,targeted_hybrid,oligodendrocyte_2,oligodendrocyte_2
10,1599,targeted_hybrid,oligodendrocyte_2,oligodendrocyte_2
10,767,targeted_hybrid,astrocyte_2,astrocyte_2
10,2893,targeted_hybrid,peripheral_glia,peripheral_glia
10,846,targeted_hybrid,endothelial,endothelial
10,1916,targeted_hybrid,oligodendrocyte_2,oligodendrocyte_2
10,1795,targeted_hybrid,oligodendrocyte_2,oligodendrocyte_2
10,842,targeted_hybrid,endothelial,endothelial
10,1201,targeted_hybrid,meninges_2,meninges_2
10,73,targeted_hybrid,astrocyte_1,astrocyte_1
10,248,targeted_hybrid,astrocyte_1,astrocyte_1
10,2949,targeted_hybrid,Schwann_cell,Schwann_cell
10,2219,targeted_hybrid,oligodendrocyte_progenitor_2,oligodendrocyte_progenitor_2
10,2873,targeted_hybrid,pericyte,astrocyte_1
10,1626,targeted_hybrid,oligodendrocyte_2,astrocyte_1
10,2653,targeted_hybrid,oligodendrocyte_progenitor_2,oligodendrocyte_progenitor_2
10,209,targeted_hybrid,astrocyte_1,oligodendrocyte_progenitor_2
10,1308,targeted_hybrid,oligodendrocyte_1,oligodendrocyte_progenitor_2
10,2643,targeted_hybrid,oligodendrocyte_progenitor_2,oligodendrocyte_progenitor_2
10,238,targeted_hybrid,astrocyte_1,astrocyte_1
10,133,targeted_hybrid,astrocyte_1,astrocyte_1
10,966,targeted_hybrid,endothelial,endothelial
10,344,targeted_hybrid,astrocyte_1,astrocyte_2
10,700,targeted_hybrid,astrocyte_2,astrocyte_2
10,488,targeted_hybrid,astrocyte_1,astrocyte_1
10,350,targeted_hybrid,astrocyte_1,astrocyte_2
10,2737,targeted_hybrid,oligodendrocyte_progenitor_2,astrocyte_2
10,2177,targeted_hybrid,oligodendrocyte_progenitor_2,oligodendrocyte_progenitor_2
10,2754,targeted_hybrid,oligodendrocyte_progenitor_2,oligodendrocyte_progenitor_2
10,1321,targeted_hybrid,oligodendrocyte_1,oligodendrocyte_1
10,362,targeted_hybrid,astrocyte_1,astrocyte_1
10,449,targeted_hybrid,astrocyte_1,astrocyte_1
10,1778,targeted_hybrid,oligodendrocyte_2,oligodendrocyte_2
10,694,targeted_hybrid,astrocyte_2,astrocyte_2
10,2617,targeted_hybrid,oligodendrocyte_progenitor_2,oligodendrocyte_progenitor_2
10,1030,targeted_hybrid,endothelial,endothelial
10,728,targeted_hybrid,astrocyte_2,oligodendrocyte_1
10,18,targeted_hybrid,astrocyte_1,astrocyte_1
10,1032,targeted_hybrid,endothelial,astrocyte_2
10,1777,targeted_hybrid,oligodendrocyte_2,oligodendrocyte_progenitor_2
10,1298,targeted_hybrid,oligodendrocyte_1,oligodendrocyte_1
10,2407,targeted_hybrid,oligodendrocyte_progenitor_2,oligodendrocyte_progenitor_2
10,324,targeted_hybrid,astrocyte_1,astrocyte_1
10,1925,targeted_hybrid,oligodendrocyte_2,oligodendrocyte_2
10,970,targeted_hybrid,endothelial,endothelial
10,2072,targeted_hybrid,oligodendrocyte_precursor_cell,oligodendrocyte_precursor_cell
10,2489,targeted_hybrid,oligodendrocyte_progenitor_2,oligodendrocyte_progenitor_2
10,2511,targeted_hybrid,oligodendrocyte_progenitor_2,oligodendrocyte_progenitor_2
10,1388,targeted_hybrid,oligodendrocyte_1,oligodendrocyte_1
10,226,targeted_hybrid,astrocyte_1,astrocyte_1
10,416,targeted_hybrid,astrocyte_1,astrocyte_1
10,1968,targeted_hybrid,oligodendrocyte_2,oligodendrocyte_2
10,582,targeted_hybrid,astrocyte_2,endothelial
10,2118,targeted_hybrid,oligodendrocyte_progenitor_1,pericyte
10,2053,targeted_hybrid,oligodendrocyte_precursor_cell,oligodendrocyte_precursor_cell
10,1629,targeted_hybrid,oligodendrocyte_2,oligodendrocyte_2
10,1743,targeted_hybrid,oligodendrocyte_2,oligodendrocyte_2
10,413,targeted_hybrid,astrocyte_1,astrocyte_1
10,127,targeted_hybrid,astrocyte_1,astrocyte_1
10,2688,targeted_hybrid,oligodendrocyte_progenitor_2,oligodendrocyte_progenitor_2
10,656,targeted_hybrid,astrocyte_2,astrocyte_2
10,2908,targeted_hybrid,peripheral_glia,peripheral_glia
10,2220,targeted_hybrid,oligodendrocyte_progenitor_2,oligodendrocyte_progenitor_2
10,2074,targeted_hybrid,oligodendrocyte_precursor_cell,oligodendrocyte_precursor_cell
10,2641,targeted_hybrid,oligodendrocyte_progenitor_2,oligodendrocyte_progenitor_2
10,307,targeted_hybrid,astrocyte_1,astrocyte_1
10,1504,targeted_hybrid,oligodendrocyte_1,oligodendrocyte_1
10,2454,targeted_hybrid,oligodendrocyte_progenitor_2,oligodendrocyte_progenitor_2
10,2142,targeted_hybrid,oligodendrocyte_progenitor_1,oligodendrocyte_progenitor_1
10,434,targeted_hybrid,astrocyte_1,astrocyte_2
10,1719,targeted_hybrid,oligodendrocyte_2,oligodendrocyte_2
10,1635,targeted_hybrid,oligodendrocyte_2,oligodendrocyte_progenitor_2
10,2413,targeted_hybrid,oligodendrocyte_progenitor_2,oligodendrocyte_2
10,635,targeted_hybrid,astrocyte_2,oligodendrocyte_progenitor_2
10,1491,targeted_hybrid,oligodendrocyte_1,oligodendrocyte_progenitor_2
10,2886,targeted_hybrid,peripheral_glia,Schwann_cell
10,2787,targeted_hybrid,oligodendrocyte_progenitor_2,astrocyte_1
10,1252,targeted_hybrid,microglia,oligodendrocyte_2
10,703,targeted_hybrid,astrocyte_2,astrocyte_2
10,213,targeted_hybrid,astrocyte_1,astrocyte_1
10,376,targeted_hybrid,astrocyte_1,astrocyte_1
10,193,targeted_hybrid,astrocyte_1,oligodendrocyte_1
10,1941,targeted_hybrid,oligodendrocyte_2,oligodendrocyte_2
10,1685,targeted_hybrid,oligodendrocyte_2,oligodendrocyte_2
10,305,targeted_hybrid,astrocyte_1,astrocyte_1
10,2909,targeted_hybrid,Schwann_cell,Schwann_cell
10,881,targeted_hybrid,endothelial,endothelial
10,2820,targeted_hybrid,oligodendrocyte_progenitor_2,oligodendrocyte_progenitor_2
10,2024,targeted_hybrid,oligodendrocyte_precursor_cell,oligodendrocyte_precursor_cell
10,782,targeted_hybrid,endothelial,endothelial
10,661,targeted_hybrid,astrocyte_2,endothelial
10,2779,targeted_hybrid,oligodendrocyte_progenitor_2,oligodendrocyte_progenitor_2
10,1234,targeted_hybrid,microglia,microglia
10,1063,targeted_hybrid,endothelial,endothelial
10,1107,targeted_hybrid,meninges_1,endothelial
10,2883,targeted_hybrid,pericyte,astrocyte_1
10,1970,targeted_hybrid,oligodendrocyte_2,oligodendrocyte_2
10,1831,targeted_hybrid,oligodendrocyte_2,oligodendrocyte_2
10,561,targeted_hybrid,astrocyte_1,astrocyte_1
10,1041,targeted_hybrid,endothelial,endothelial
10,1967,targeted_hybrid,oligodendrocyte_2,oligodendrocyte_2
10,405,targeted_hybrid,astrocyte_1,astrocyte_1
10,1001,targeted_hybrid,endothelial,endothelial
10,852,targeted_hybrid,endothelial,astrocyte_1
10,261,targeted_hybrid,astrocyte_1,astrocyte_1
10,1150,targeted_hybrid,meninges_1,oligodendrocyte_progenitor_2
10,2178,targeted_hybrid,oligodendrocyte_progenitor_2,oligodendrocyte_progenitor_2
10,1437,targeted_hybrid,oligodendrocyte_1,astrocyte_1
10,2393,targeted_hybrid,oligodendrocyte_progenitor_2,oligodendrocyte_progenitor_2
10,2082,targeted_hybrid,oligodendrocyte_precursor_cell,oligodendrocyte_precursor_cell
10,2270,targeted_hybrid,oligodendrocyte_progenitor_2,oligodendrocyte_2
10,189,targeted_hybrid,astrocyte_1,oligodendrocyte_precursor_cell
10,336,targeted_hybrid,astrocyte_1,astrocyte_1
10,907,targeted_hybrid,endothelial,endothelial
10,358,targeted_hybrid,astrocyte_1,astrocyte_1
10,762,targeted_hybrid,astrocyte_2,astrocyte_2
10,2157,targeted_hybrid,oligodendrocyte_progenitor_2,oligodendrocyte_progenitor_2
10,1399,targeted_hybrid,oligodendrocyte_1,endothelial
10,1543,targeted_hybrid,oligodendrocyte_1,oligodendrocyte_1
10,925,targeted_hybrid,endothelial,endothelial
10,812,targeted_hybrid,endothelial,astrocyte_1
10,2527,targeted_hybrid,oligodendrocyte_progenitor_2,astrocyte_2
10,1451,targeted_hybrid,oligodendrocyte_1,oligodendrocyte_progenitor_2
10,1144,targeted_hybrid,meninges_1,meninges_1
10,1863,targeted_hybrid,oligodendrocyte_2,oligodendrocyte_2
10,843,targeted_hybrid,endothelial,oligodendrocyte_1
10,1840,targeted_hybrid,oligodendrocyte_2,oligodendrocyte_2
10,685,targeted_hybrid,astrocyte_2,oligodendrocyte_2
10,14,targeted_hybrid,astrocyte_1,astrocyte_1
10,1022,targeted_hybrid,endothelial,oligodendrocyte_1
10,2645,targeted_hybrid,oligodendrocyte_progenitor_2,oligodendrocyte_progenitor_2
10,2821,targeted_hybrid,oligodendrocyte_progenitor_2,oligodendrocyte_progenitor_2
10,2947,targeted_hybrid,Schwann_cell,Schwann_cell
10,1002,targeted_hybrid,endothelial,oligodendrocyte_progenitor_2
10,1523,targeted_hybrid,oligodendrocyte_1,oligodendrocyte_1
10,1692,targeted_hybrid,oligodendrocyte_2,oligodendrocyte_2
10,1542,targeted_hybrid,oligodendrocyte_1,oligodendrocyte_1
10,2015,targeted_hybrid,oligodendrocyte_precursor_cell,oligodendrocyte_precursor_cell
10,629,targeted_hybrid,astrocyte_2,oligodendrocyte_progenitor_2
10,328,targeted_hybrid,astrocyte_1,astrocyte_1
10,121,targeted_hybrid,astrocyte_1,astrocyte_1
10,2442,targeted_hybrid,oligodendrocyte_progenitor_2,oligodendrocyte_progenitor_2
10,820,targeted_hybrid,endothelial,endothelial
10,951,targeted_hybrid,endothelial,oligodendrocyte_progenitor_2
10,672,targeted_hybrid,astrocyte_2,oligodendrocyte_1
10,2042,targeted_hybrid,oligodendrocyte_precursor_cell,oligodendrocyte_precursor_cell
10,2847,targeted_hybrid,pericyte,oligodendrocyte_progenitor_2
10,905,targeted_hybrid,endothelial,endothelial
10,1772,targeted_hybrid,oligodendrocyte_2,oligodendrocyte_2
10,1676,targeted_hybrid,oligodendrocyte_2,oligodendrocyte_2
10,2195,targeted_hybrid,oligodendrocyte_progenitor_2,oligodendrocyte_1
10,563,targeted_hybrid,astrocyte_1,astrocyte_1
10,965,targeted_hybrid,endothelial,endothelial
10,574,targeted_hybrid,astrocyte_2,astrocyte_1
10,2339,targeted_hybrid,oligodendrocyte_progenitor_2,oligodendrocyte_progenitor_2
10,2656,targeted_hybrid,oligodendrocyte_progenitor_2,oligodendrocyte_1
10,2687,targeted_hybrid,oligodendrocyte_progenitor_2,oligodendrocyte_progenitor_2
10,713,targeted_hybrid,astrocyte_2,oligodendrocyte_progenitor_2
10,2236,targeted_hybrid,oligodendrocyte_progenitor_2,oligodendrocyte_1
10,2064,targeted_hybrid,oligodendrocyte_precursor_cell,oligodendrocyte_progenitor_1
10,1600,targeted_hybrid,oligodendrocyte_2,oligodendrocyte_2
10,1751,targeted_hybrid,oligodendrocyte_2,oligodendrocyte_2
10,739,targeted_hybrid,astrocyte_2,astrocyte_2
10,1129,targeted_hybrid,meninges_1,meninges_2
10,2280,targeted_hybrid,oligodendrocyte_progenitor_2,oligodendrocyte_progenitor_2
10,426,targeted_hybrid,astrocyte_1,astrocyte_1
10,16,targeted_hybrid,astrocyte_1,astrocyte_1
10,760,targeted_hybrid,astrocyte_2,astrocyte_2
10,1668,targeted_hybrid,oligodendrocyte_2,oligodendrocyte_2
10,887,targeted_hybrid,endothelial,astrocyte_1
10,1348,targeted_hybrid,oligodendrocyte_1,oligodendrocyte_2
10,2227,targeted_hybrid,oligodendrocyte_progenitor_2,oligodendrocyte_progenitor_2
10,2192,targeted_hybrid,oligodendrocyte_progenitor_2,oligodendrocyte_1
10,203,targeted_hybrid,astrocyte_1,astrocyte_1
10,456,targeted_hybrid,astrocyte_1,oligodendrocyte_progenitor_2
10,125,targeted_hybrid,astrocyte_1,astrocyte_1
10,931,targeted_hybrid,endothelial,endothelial
10,889,targeted_hybrid,endothelial,astrocyte_1
10,825,targeted_hybrid,endothelial,endothelial
10,63,targeted_hybrid,astrocyte_1,astrocyte_2
10,1127,targeted_hybrid,meninges_1,meninges_1
10,617,targeted_hybrid,astrocyte_2,oligodendrocyte_progenitor_2
10,1757,targeted_hybrid,oligodendrocyte_2,oligodendrocyte_2
10,1585,targeted_hybrid,oligodendrocyte_2,oligodendrocyte_2
10,1119,targeted_hybrid,meninges_1,meninges_1
10,298,targeted_hybrid,astrocyte_1,astrocyte_1
10,551,targeted_hybrid,astrocyte_1,astrocyte_1
10,145,targeted_hybrid,astrocyte_1,astrocyte_1
10,1100,targeted_hybrid,ependymal,ependymal
10,2732,targeted_hybrid,oligodendrocyte_progenitor_2,astrocyte_1
10,822,targeted_hybrid,endothelial,endothelial
10,1358,targeted_hybrid,oligodendrocyte_1,oligodendrocyte_progenitor_2
10,1124,targeted_hybrid,meninges_1,meninges_1
10,2561,targeted_hybrid,oligodendrocyte_progenitor_2,oligodendrocyte_2
10,2954,targeted_hybrid,Schwann_cell,Schwann_cell
10,2724,targeted_hybrid,oligodendrocyte_progenitor_2,endothelial
10,2260,targeted_hybrid,oligodendrocyte_progenitor_2,oligodendrocyte_progenitor_2
10,1838,targeted_hybrid,oligodendrocyte_2,oligodendrocyte_2
10,962,targeted_hybrid,endothelial,oligodendrocyte_progenitor_2
10,242,targeted_hybrid,astrocyte_1,astrocyte_2
10,1464,targeted_hybrid,oligodendrocyte_1,oligodendrocyte_1
10,683,targeted_hybrid,astrocyte_2,astrocyte_2
10,1506,targeted_hybrid,oligodendrocyte_1,oligodendrocyte_1
10,1605,targeted_hybrid,oligodendrocyte_2,oligodendrocyte_2
10,864,targeted_hybrid,endothelial,endothelial
10,710,targeted_hybrid,astrocyte_2,astrocyte_2
10,553,targeted_hybrid,astrocyte_1,astrocyte_1
10,1462,targeted_hybrid,oligodendrocyte_1,oligodendrocyte_2
10,348,targeted_hybrid,astrocyte_1,astrocyte_1
10,674,targeted_hybrid,astrocyte_2,astrocyte_2
10,1849,targeted_hybrid,oligodendrocyte_2,oligodendrocyte_2
10,2252,targeted_hybrid,oligodendrocyte_progenitor_2,oligodendrocyte_2
10,942,targeted_hybrid,endothelial,endothelial
10,855,targeted_hybrid,endothelial,endothelial
10,1081,targeted_hybrid,endothelial,endothelial
10,334,targeted_hybrid,astrocyte_1,oligodendrocyte_progenitor_2
10,2099,targeted_hybrid,oligodendrocyte_progenitor_1,oligodendrocyte_progenitor_1
10,463,targeted_hybrid,astrocyte_1,astrocyte_1
10,1911,targeted_hybrid,oligodendrocyte_2,oligodendrocyte_2
10,587,targeted_hybrid,astrocyte_2,astrocyte_1
10,2646,targeted_hybrid,oligodendrocyte_progenitor_2,oligodendrocyte_progenitor_2
10,2112,targeted_hybrid,oligodendrocyte_progenitor_1,oligodendrocyte_progenitor_1
10,2000,targeted_hybrid,oligodendrocyte_precursor_cell,astrocyte_1
10,1684,targeted_hybrid,oligodendrocyte_2,oligodendrocyte_2
10,511,targeted_hybrid,astrocyte_1,oligodendrocyte_progenitor_2
10,2154,targeted_hybrid,oligodendrocyte_progenitor_2,oligodendrocyte_progenitor_2
10,506,targeted_hybrid,astrocyte_1,astrocyte_1
10,197,targeted_hybrid,astrocyte_1,astrocyte_1
10,2231,targeted_hybrid,oligodendrocyte_progenitor_2,oligodendrocyte_progenitor_2
10,2117,targeted_hybrid,oligodendrocyte_progenitor_1,oligodendrocyte_precursor_cell
10,3,targeted_hybrid,astrocyte_1,astrocyte_1
10,392,targeted_hybrid,astrocyte_1,astrocyte_1
10,1142,targeted_hybrid,meninges_1,oligodendrocyte_progenitor_2
10,315,targeted_hybrid,astrocyte_1,oligodendrocyte_1
10,1019,targeted_hybrid,endothelial,endothelial
10,473,targeted_hybrid,astrocyte_1,astrocyte_1
10,2293,targeted_hybrid,oligodendrocyte_progenitor_2,oligodendrocyte_progenitor_2
10,2397,targeted_hybrid,oligodendrocyte_progenitor_2,oligodendrocyte_progenitor_2
10,2772,targeted_hybrid,oligodendrocyte_progenitor_2,oligodendrocyte_progenitor_2
10,2332,targeted_hybrid,oligodendrocyte_progenitor_2,oligodendrocyte_2
10,1355,targeted_hybrid,oligodendrocyte_1,astrocyte_1
10,1517,targeted_hybrid,oligodendrocyte_1,astrocyte_1
10,2868,targeted_hybrid,pericyte,astrocyte_1
10,2815,targeted_hybrid,oligodendrocyte_progenitor_2,oligodendrocyte_progenitor_2
10,2518,targeted_hybrid,oligodendrocyte_progenitor_2,oligodendrocyte_progenitor_2
10,1295,targeted_hybrid,oligodendrocyte_1,oligodendrocyte_progenitor_2
10,627,targeted_hybrid,astrocyte_2,astrocyte_2
10,2153,targeted_hybrid,oligodendrocyte_progenitor_2,oligodendrocyte_progenitor_2
10,2143,targeted_hybrid,oligodendrocyte_progenitor_2,oligodendrocyte_progenitor_2
10,1472,targeted_hybrid,oligodendrocyte_1,oligodendrocyte_1
10,2833,targeted_hybrid,oligodendrocyte_progenitor_2,oligodendrocyte_progenitor_2
10,944,targeted_hybrid,endothelial,endothelial
10,1293,targeted_hybrid,microglia,microglia
10,1662,targeted_hybrid,oligodendrocyte_2,oligodendrocyte_progenitor_2
10,2119,targeted_hybrid,oligodendrocyte_progenitor_1,oligodendrocyte_precursor_cell
10,516,targeted_hybrid,astrocyte_1,astrocyte_1
10,2702,targeted_hybrid,oligodendrocyte_progenitor_2,oligodendrocyte_progenitor_2
10,1855,targeted_hybrid,oligodendrocyte_2,oligodendrocyte_2
10,1660,targeted_hybrid,oligodendrocyte_2,oligodendrocyte_2
10,2769,targeted_hybrid,oligodendrocyte_progenitor_2,oligodendrocyte_progenitor_2
10,31,targeted_hybrid,astrocyte_1,astrocyte_1
10,1609,targeted_hybrid,oligodendrocyte_2,oligodendrocyte_2
10,619,targeted_hybrid,astrocyte_2,astrocyte_2
10,27,targeted_hybrid,astrocyte_1,astrocyte_1
10,633,targeted_hybrid,astrocyte_2,astrocyte_2
10,1468,targeted_hybrid,oligodendrocyte_1,oligodendrocyte_1
10,1926,targeted_hybrid,oligodendrocyte_2,oligodendrocyte_2
10,112,targeted_hybrid,astrocyte_1,astrocyte_1
10,2126,targeted_hybrid,oligodendrocyte_progenitor_1,oligodendrocyte_progenitor_1
10,1414,targeted_hybrid,oligodendrocyte_1,oligodendrocyte_1
10,2455,targeted_hybrid,oligodendrocyte_progenitor_2,oligodendrocyte_progenitor_2
10,1344,targeted_hybrid,oligodendrocyte_1,oligodendrocyte_2
10,1816,targeted_hybrid,oligodendrocyte_2,oligodendrocyte_2
10,727,targeted_hybrid,astrocyte_2,astrocyte_2
10,1334,targeted_hybrid,oligodendrocyte_1,oligodendrocyte_2
10,2501,targeted_hybrid,oligodendrocyte_progenitor_2,oligodendrocyte_2
10,363,targeted_hybrid,astrocyte_1,astrocyte_1
10,1248,targeted_hybrid,microglia,astrocyte_1
10,1824,targeted_hybrid,oligodendrocyte_2,oligodendrocyte_2
10,1503,targeted_hybrid,oligodendrocyte_1,oligodendrocyte_1
10,1140,targeted_hybrid,meninges_1,meninges_2
10,1409,targeted_hybrid,oligodendrocyte_1,oligodendrocyte_2
10,2951,targeted_hybrid,Schwann_cell,peripheral_glia
10,611,targeted_hybrid,astrocyte_2,oligodendrocyte_progenitor_2
10,2609,targeted_hybrid,oligodendrocyte_progenitor_2,oligodendrocyte_progenitor_2
10,2912,targeted_hybrid,Schwann_cell,peripheral_glia
10,2952,targeted_hybrid,Schwann_cell,Schwann_cell
10,2652,targeted_hybrid,oligodendrocyte_progenitor_2,oligodendrocyte_progenitor_2
10,959,targeted_hybrid,endothelial,endothelial
10,2778,targeted_hybrid,oligodendrocyte_progenitor_2,oligodendrocyte_progenitor_2
10,2312,targeted_hybrid,oligodendrocyte_progenitor_2,oligodendrocyte_progenitor_2
10,573,targeted_hybrid,astrocyte_2,astrocyte_1
10,597,targeted_hybrid,astrocyte_2,oligodendrocyte_precursor_cell
10,164,targeted_hybrid,astrocyte_1,astrocyte_1
10,527,targeted_hybrid,astrocyte_1,astrocyte_1
10,850,targeted_hybrid,endothelial,endothelial
10,1509,targeted_hybrid,oligodendrocyte_1,oligodendrocyte_progenitor_2
10,1590,targeted_hybrid,oligodendrocyte_2,oligodendrocyte_2
10,2296,targeted_hybrid,oligodendrocyte_progenitor_2,oligodendrocyte_progenitor_2
10,2254,targeted_hybrid,oligodendrocyte_progenitor_2,oligodendrocyte_2
10,796,targeted_hybrid,endothelial,endothelial
10,512,targeted_hybrid,astrocyte_1,oligodendrocyte_progenitor_2
10,2544,targeted_hybrid,oligodendrocyte_progenitor_2,oligodendrocyte_progenitor_2
10,2700,targeted_hybrid,oligodendrocyte_progenitor_2,oligodendrocyte_1
10,2183,targeted_hybrid,oligodendrocyte_progenitor_2,oligodendrocyte_2
10,1519,targeted_hybrid,oligodendrocyte_1,oligodendrocyte_1
10,778,targeted_hybrid,endothelial,endothelial
10,241,targeted_hybrid,astrocyte_1,astrocyte_1
10,2594,targeted_hybrid,oligodendrocyte_progenitor_2,oligodendrocyte_1
10,2505,targeted_hybrid,oligodendrocyte_progenitor_2,oligodendrocyte_progenitor_2
10,68,targeted_hybrid,astrocyte_1,astrocyte_1
10,2760,targeted_hybrid,oligodendrocyte_progenitor_2,oligodendrocyte_2
10,606,targeted_hybrid,astrocyte_2,astrocyte_2
10,375,targeted_hybrid,astrocyte_1,oligodendrocyte_progenitor_2
10,1246,targeted_hybrid,microglia,microglia
10,1771,targeted_hybrid,oligodendrocyte_2,oligodendrocyte_2
10,2492,targeted_hybrid,oligodendrocyte_progenitor_2,oligodendrocyte_progenitor_2
10,251,targeted_hybrid,astrocyte_1,astrocyte_1
10,1145,targeted_hybrid,meninges_1,meninges_1
10,1995,targeted_hybrid,oligodendrocyte_precursor_cell,oligodendrocyte_precursor_cell
10,723,targeted_hybrid,astrocyte_2,astrocyte_2
10,372,targeted_hybrid,astrocyte_1,astrocyte_1
10,294,targeted_hybrid,astrocyte_1,oligodendrocyte_progenitor_2
10,2279,targeted_hybrid,oligodendrocyte_progenitor_2,oligodendrocyte_progenitor_2
10,2757,targeted_hybrid,oligodendrocyte_progenitor_2,oligodendrocyte_progenitor_2
10,1264,targeted_hybrid,microglia,microglia
10,387,targeted_hybrid,astrocyte_1,astrocyte_2
10,826,targeted_hybrid,endothelial,endothelial
10,1642,targeted_hybrid,oligodendrocyte_2,oligodendrocyte_2
10,2881,targeted_hybrid,pericyte,oligodendrocyte_precursor_cell
10,1290,targeted_hybrid,microglia,microglia
10,424,targeted_hybrid,astrocyte_1,astrocyte_1
10,1042,targeted_hybrid,endothelial,endothelial
10,2703,targeted_hybrid,oligodendrocyte_progenitor_2,oligodendrocyte_progenitor_2
10,2286,targeted_hybrid,oligodendrocyte_progenitor_2,oligodendrocyte_progenitor_2
10,2456,targeted_hybrid,oligodendrocyte_progenitor_2,oligodendrocyte_progenitor_2
10,1556,targeted_hybrid,oligodendrocyte_1,oligodendrocyte_progenitor_2
10,1663,targeted_hybrid,oligodendrocyte_2,oligodendrocyte_2
10,1828,targeted_hybrid,oligodendrocyte_2,oligodendrocyte_2
10,2461,targeted_hybrid,oligodendrocyte_progenitor_2,oligodendrocyte_2
10,1700,targeted_hybrid,oligodendrocyte_2,oligodendrocyte_2
10,1431,targeted_hybrid,oligodendrocyte_1,oligodendrocyte_2
10,492,targeted_hybrid,astrocyte_1,astrocyte_1
10,1515,targeted_hybrid,oligodendrocyte_1,oligodendrocyte_1
10,80,targeted_hybrid,astrocyte_1,astrocyte_1
10,687,targeted_hybrid,astrocyte_2,astrocyte_2
10,1764,targeted_hybrid,oligodendrocyte_2,oligodendrocyte_2
10,1415,targeted_hybrid,oligodendrocyte_1,oligodendrocyte_progenitor_2
10,2096,targeted_hybrid,oligodendrocyte_progenitor_1,oligodendrocyte_progenitor_1
10,880,targeted_hybrid,endothelial,endothelial
10,759,targeted_hybrid,astrocyte_2,microglia
10,1353,targeted_hybrid,oligodendrocyte_1,oligodendrocyte_1
10,1088,targeted_hybrid,endothelial,astrocyte_1
10,1570,targeted_hybrid,oligodendrocyte_2,oligodendrocyte_2
10,287,targeted_hybrid,astrocyte_1,oligodendrocyte_progenitor_2
10,1078,targeted_hybrid,endothelial,oligodendrocyte_2
10,684,targeted_hybrid,astrocyte_2,astrocyte_1
10,2756,targeted_hybrid,oligodendrocyte_progenitor_2,oligodendrocyte_progenitor_2
10,771,targeted_hybrid,endothelial,endothelial
10,910,targeted_hybrid,endothelial,oligodendrocyte_progenitor_2
10,1634,targeted_hybrid,oligodendrocyte_2,oligodendrocyte_1
10,2467,targeted_hybrid,oligodendrocyte_progenitor_2,astrocyte_1
10,217,targeted_hybrid,astrocyte_1,astrocyte_2
10,678,targeted_hybrid,astrocyte_2,astrocyte_2
10,2701,targeted_hybrid,oligodendrocyte_progenitor_2,oligodendrocyte_progenitor_2
10,2526,targeted_hybrid,oligodendrocyte_progenitor_2,oligodendrocyte_2
10,977,targeted_hybrid,endothelial,oligodendrocyte_progenitor_2
10,2619,targeted_hybrid,oligodendrocyte_progenitor_2,oligodendrocyte_progenitor_2
10,385,targeted_hybrid,astrocyte_1,astrocyte_1
10,2065,targeted_hybrid,oligodendrocyte_precursor_cell,oligodendrocyte_precursor_cell
10,1645,targeted_hybrid,oligodendrocyte_2,oligodendrocyte_2
10,501,targeted_hybrid,astrocyte_1,astrocyte_1
10,2863,targeted_hybrid,pericyte,astrocyte_1
10,2866,targeted_hybrid,pericyte,pericyte
10,354,targeted_hybrid,astrocyte_1,astrocyte_1
10,1132,targeted_hybrid,meninges_1,meninges_1
10,2253,targeted_hybrid,oligodendrocyte_progenitor_2,oligodendrocyte_2
10,291,targeted_hybrid,astrocyte_1,astrocyte_1
10,1115,targeted_hybrid,meninges_1,oligodendrocyte_progenitor_2
10,1381,targeted_hybrid,oligodendrocyte_1,oligodendrocyte_1
10,1090,targeted_hybrid,endothelial,endothelial
10,1511,targeted_hybrid,oligodendrocyte_1,oligodendrocyte_progenitor_2
10,2563,targeted_hybrid,oligodendrocyte_progenitor_2,oligodendrocyte_1
10,808,targeted_hybrid,endothelial,endothelial
10,2936,targeted_hybrid,Schwann_cell,peripheral_glia
10,2386,targeted_hybrid,oligodendrocyte_progenitor_2,oligodendrocyte_progenitor_2
10,361,targeted_hybrid,astrocyte_1,oligodendrocyte_1
10,1287,targeted_hybrid,microglia,microglia
10,1919,targeted_hybrid,oligodendrocyte_2,oligodendrocyte_2
10,2463,targeted_hybrid,oligodendrocyte_progenitor_2,oligodendrocyte_2
10,2705,targeted_hybrid,oligodendrocyte_progenitor_2,oligodendrocyte_progenitor_2
10,981,targeted_hybrid,endothelial,endothelial
10,1881,targeted_hybrid,oligodendrocyte_2,oligodendrocyte_2
10,1512,targeted_hybrid,oligodendrocyte_1,oligodendrocyte_progenitor_2
10,222,targeted_hybrid,astrocyte_1,astrocyte_1
10,442,targeted_hybrid,astrocyte_1,oligodendrocyte_1
10,2555,targeted_hybrid,oligodendrocyte_progenitor_2,oligodendrocyte_progenitor_2
10,2318,targeted_hybrid,oligodendrocyte_progenitor_2,endothelial
10,2582,targeted_hybrid,oligodendrocyte_progenitor_2,oligodendrocyte_progenitor_2
10,1196,targeted_hybrid,meninges_2,oligodendrocyte_progenitor_2
10,397,targeted_hybrid,astrocyte_1,astrocyte_1
10,390,targeted_hybrid,astrocyte_1,astrocyte_1
10,2730,targeted_hybrid,oligodendrocyte_progenitor_2,oligodendrocyte_progenitor_2
10,1666,targeted_hybrid,oligodendrocyte_2,oligodendrocyte_2
10,2186,targeted_hybrid,oligodendrocyte_progenitor_2,oligodendrocyte_progenitor_2
10,2106,targeted_hybrid,oligodendrocyte_progenitor_1,oligodendrocyte_precursor_cell
10,1711,targeted_hybrid,oligodendrocyte_2,oligodendrocyte_2
10,2414,targeted_hybrid,oligodendrocyte_progenitor_2,oligodendrocyte_progenitor_2
10,2939,targeted_hybrid,Schwann_cell,Schwann_cell
10,539,targeted_hybrid,astrocyte_1,astrocyte_1
10,2919,targeted_hybrid,Schwann_cell,peripheral_glia
10,2344,targeted_hybrid,oligodendrocyte_progenitor_2,oligodendrocyte_1
10,2632,targeted_hybrid,oligodendrocyte_progenitor_2,oligodendrocyte_progenitor_2
10,2541,targeted_hybrid,oligodendrocyte_progenitor_2,oligodendrocyte_progenitor_2
10,867,targeted_hybrid,endothelial,astrocyte_1
10,71,targeted_hybrid,astrocyte_1,astrocyte_2
10,1376,targeted_hybrid,oligodendrocyte_1,oligodendrocyte_precursor_cell
10,883,targeted_hybrid,endothelial,endothelial
10,2831,targeted_hybrid,oligodendrocyte_progenitor_2,oligodendrocyte_progenitor_2
10,1683,targeted_hybrid,oligodendrocyte_2,oligodendrocyte_2
10,1099,targeted_hybrid,ependymal,astrocyte_1
10,1481,targeted_hybrid,oligodendrocyte_1,oligodendrocyte_progenitor_2
10,1980,targeted_hybrid,oligodendrocyte_2,oligodendrocyte_2
10,2070,targeted_hybrid,oligodendrocyte_precursor_cell,oligodendrocyte_precursor_cell
10,1961,targeted_hybrid,oligodendrocyte_2,oligodendrocyte_2
10,1854,targeted_hybrid,oligodendrocyte_2,oligodendrocyte_2
10,2136,targeted_hybrid,oligodendrocyte_progenitor_1,oligodendrocyte_progenitor_1
10,1278,targeted_hybrid,microglia,oligodendrocyte_1
10,2846,targeted_hybrid,pericyte,astrocyte_1
10,2929,targeted_hybrid,Schwann_cell,Schwann_cell
10,819,targeted_hybrid,endothelial,endothelial
10,1197,targeted_hybrid,meninges_2,meninges_3
10,1238,targeted_hybrid,microglia,microglia
10,2615,targeted_hybrid,oligodendrocyte_progenitor_2,oligodendrocyte_progenitor_2
10,1698,targeted_hybrid,oligodendrocyte_2,oligodendrocyte_2
10,1131,targeted_hybrid,meninges_1,meninges_1
10,1869,targeted_hybrid,oligodendrocyte_2,oligodendrocyte_2
10,2709,targeted_hybrid,oligodendrocyte_progenitor_2,oligodendrocyte_progenitor_2
10,2190,targeted_hybrid,oligodendrocyte_progenitor_2,oligodendrocyte_progenitor_2
10,2729,targeted_hybrid,oligodendrocyte_progenitor_2,oligodendrocyte_progenitor_2
10,2547,targeted_hybrid,oligodendrocyte_progenitor_2,oligodendrocyte_1
10,2217,targeted_hybrid,oligodendrocyte_progenitor_2,oligodendrocyte_progenitor_2
10,838,targeted_hybrid,endothelial,endothelial
10,57,targeted_hybrid,astrocyte_1,astrocyte_1
10,526,targeted_hybrid,astrocyte_1,astrocyte_1
10,1709,targeted_hybrid,oligodendrocyte_2,oligodendrocyte_2
10,383,targeted_hybrid,astrocyte_1,astrocyte_1
10,2777,targeted_hybrid,oligodendrocyte_progenitor_2,oligodendrocyte_progenitor_2
10,1710,targeted_hybrid,oligodendrocyte_2,oligodendrocyte_progenitor_2
10,2522,targeted_hybrid,oligodendrocyte_progenitor_2,astrocyte_2
10,163,targeted_hybrid,astrocyte_1,astrocyte_1
10,2762,targeted_hybrid,oligodendrocyte_progenitor_2,oligodendrocyte_progenitor_2
10,223,targeted_hybrid,astrocyte_1,astrocyte_1
10,556,targeted_hybrid,astrocyte_1,astrocyte_1
10,861,targeted_hybrid,endothelial,endothelial
10,1909,targeted_hybrid,oligodendrocyte_2,oligodendrocyte_2
10,1864,targeted_hybrid,oligodendrocyte_2,oligodendrocyte_2
10,160,targeted_hybrid,astrocyte_1,oligodendrocyte_1
10,2475,targeted_hybrid,oligodendrocyte_progenitor_2,oligodendrocyte_progenitor_2
10,568,targeted_hybrid,astrocyte_1,astrocyte_1
10,1122,targeted_hybrid,meninges_1,meninges_1
10,915,targeted_hybrid,endothelial,oligodendrocyte_2
10,1776,targeted_hybrid,oligodendrocyte_2,oligodendrocyte_2
10,1092,targeted_hybrid,ependymal,astrocyte_1
10,576,targeted_hybrid,astrocyte_2,astrocyte_1
10,337,targeted_hybrid,astrocyte_1,astrocyte_1
10,373,targeted_hybrid,astrocyte_1,oligodendrocyte_progenitor_2
10,2749,targeted_hybrid,oligodendrocyte_progenitor_2,oligodendrocyte_progenitor_2
10,1935,targeted_hybrid,oligodendrocyte_2,oligodendrocyte_2
10,1802,targeted_hybrid,oligodendrocyte_2,oligodendrocyte_2
10,1366,targeted_hybrid,oligodendrocyte_1,astrocyte_1
10,1994,targeted_hybrid,oligodendrocyte_precursor_cell,oligodendrocyte_precursor_cell
10,2680,targeted_hybrid,oligodendrocyte_progenitor_2,oligodendrocyte_1
10,478,targeted_hybrid,astrocyte_1,astrocyte_2
10,1413,targeted_hybrid,oligodendrocyte_1,oligodendrocyte_1
10,2858,targeted_hybrid,pericyte,pericyte
10,2429,targeted_hybrid,oligodendrocyte_progenitor_2,oligodendrocyte_progenitor_2
10,799,targeted_hybrid,endothelial,endothelial
10,1551,targeted_hybrid,oligodendrocyte_1,oligodendrocyte_1
10,152,targeted_hybrid,astrocyte_1,astrocyte_1
10,2533,targeted_hybrid,oligodendrocyte_progenitor_2,oligodendrocyte_2
10,76,targeted_hybrid,astrocyte_1,astrocyte_1
10,2587,targeted_hybrid,oligodendrocyte_progenitor_2,oligodendrocyte_progenitor_2
10,1052,targeted_hybrid,endothelial,oligodendrocyte_1
10,1876,targeted_hybrid,oligodendrocyte_2,oligodendrocyte_2
10,2434,targeted_hybrid,oligodendrocyte_progenitor_2,oligodendrocyte_2
10,1251,targeted_hybrid,microglia,microglia
10,183,targeted_hybrid,astrocyte_1,astrocyte_1
10,90,targeted_hybrid,astrocyte_1,astrocyte_1
10,945,targeted_hybrid,endothelial,endothelial
10,2371,targeted_hybrid,oligodendrocyte_progenitor_2,oligodendrocyte_progenitor_2
10,1285,targeted_hybrid,microglia,microglia
10,1016,targeted_hybrid,endothelial,oligodendrocyte_progenitor_2
10,2334,targeted_hybrid,oligodendrocyte_progenitor_2,oligodendrocyte_progenitor_2
10,370,targeted_hybrid,astrocyte_1,astrocyte_1
10,1965,targeted_hybrid,oligodendrocyte_2,oligodendrocyte_2
10,646,targeted_hybrid,astrocyte_2,astrocyte_1
10,1283,targeted_hybrid,microglia,oligodendrocyte_progenitor_2
10,1421,targeted_hybrid,oligodendrocyte_1,oligodendrocyte_progenitor_2
10,616,targeted_hybrid,astrocyte_2,astrocyte_1
10,1365,targeted_hybrid,oligodendrocyte_1,oligodendrocyte_1
10,810,targeted_hybrid,endothelial,oligodendrocyte_1
10,1540,targeted_hybrid,oligodendrocyte_1,oligodendrocyte_1
10,1230,targeted_hybrid,microglia,microglia
10,2530,targeted_hybrid,oligodendrocyte_progenitor_2,oligodendrocyte_2
10,1648,targeted_hybrid,oligodendrocyte_2,oligodendrocyte_2
10,2618,targeted_hybrid,oligodendrocyte_progenitor_2,oligodendrocyte_progenitor_2
10,2558,targeted_hybrid,oligodendrocyte_progenitor_2,oligodendrocyte_2
10,2363,targeted_hybrid,oligodendrocyte_progenitor_2,oligodendrocyte_progenitor_2
10,625,targeted_hybrid,astrocyte_2,astrocyte_2
10,30,targeted_hybrid,astrocyte_1,astrocyte_1
